loan_id,month_index,prob_3m_delinquency,prob_6m_delinquency,prob_12m_default,prob_12m_prepayment,next_state,exception_type,anomaly_score,top_drivers,action,confidence
LN000001,19,0.591,0.5341,0.1657,0.4745,Current,none,0.3648,current_status_Current (+1.21); state_FL (-0.28),WATCH_LIST,0.834
LN000002,13,0.7413,0.7451,0.4415,0.4578,Default,none,0.158,current_status_Current (+1.56); interest_rate (-0.67),ESCALATE,0.558
LN000002,14,0.749,0.7528,0.4647,0.4408,Default,none,0.2258,current_status_Current (+1.63); interest_rate (-0.68),ESCALATE,0.535
LN000002,15,0.7058,0.7276,0.382,0.4659,90DPD,none,0.19,current_status_Current (+1.42); interest_rate (-0.77),ESCALATE,0.618
LN000002,16,0.7441,0.7347,0.349,0.4756,60DPD,none,0.2299,current_status_Current (+1.48); interest_rate (-0.61),WATCH_LIST,0.651
LN000002,17,0.7397,0.7392,0.4425,0.4569,Current,none,0.412,current_status_Current (+1.67); interest_rate (-0.68),ESCALATE,0.558
LN000015,23,0.1369,0.2345,0.1012,0.4625,Prepaid,none,0.3654,original_balance (-0.46); combined_risk_index (-0.36),APPROVE,0.899
LN000015,24,0.1302,0.2352,0.0889,0.4746,Prepaid,none,0.263,original_balance (-0.50); month_index (-0.42),APPROVE,0.911
LN000015,25,0.1302,0.2352,0.0889,0.4746,Prepaid,none,0.2721,original_balance (-0.50); month_index (-0.42),APPROVE,0.911
LN000015,26,0.1242,0.2288,0.0889,0.4746,Prepaid,none,0.2843,original_balance (-0.49); month_index (-0.42),APPROVE,0.911
LN000015,27,0.1208,0.2341,0.099,0.4686,Prepaid,none,0.2925,original_balance (-0.48); month_index (-0.41),APPROVE,0.901
LN000016,6,0.1452,0.2616,0.0854,0.5306,Prepaid,none,0.0188,interest_rate (-0.61); combined_risk_index (-0.55),APPROVE,0.915
LN000016,7,0.1437,0.2531,0.0839,0.5333,Prepaid,none,0.0193,interest_rate (-0.62); combined_risk_index (-0.55),APPROVE,0.916
LN000016,8,0.1341,0.2454,0.0833,0.5406,Prepaid,none,0.0255,interest_rate (-0.63); combined_risk_index (-0.56),APPROVE,0.917
LN000016,9,0.6451,0.6085,0.169,0.5101,60DPD,none,0.0758,current_status_Current (+1.37); interest_rate (-0.54),WATCH_LIST,0.831
LN000016,10,0.6535,0.6062,0.1775,0.5122,60DPD,none,0.0835,current_status_Current (+1.38); interest_rate (-0.54),WATCH_LIST,0.823
LN000016,11,0.7241,0.7056,0.2446,0.4953,60DPD,none,0.1464,current_status_Current (+1.63); interest_rate (-0.55),WATCH_LIST,0.755
LN000016,12,0.7145,0.6909,0.2381,0.4996,60DPD,none,0.1521,current_status_Current (+1.62); interest_rate (-0.54),WATCH_LIST,0.762
LN000016,13,0.6264,0.5582,0.1873,0.5101,60DPD,stale_record,0.1532,current_status_Current (+1.38); interest_rate (-0.57),WATCH_LIST,0.813
LN000016,14,0.1172,0.1975,0.0829,0.5498,Prepaid,none,0.0631,interest_rate (-0.62); combined_risk_index (-0.57),APPROVE,0.917
LN000016,15,0.11,0.1826,0.0828,0.5499,Prepaid,none,0.0767,interest_rate (-0.62); combined_risk_index (-0.57),APPROVE,0.917
LN000016,16,0.107,0.1738,0.0801,0.5492,Prepaid,none,0.0889,interest_rate (-0.64); combined_risk_index (-0.57),APPROVE,0.92
LN000016,17,0.1005,0.1544,0.0795,0.5469,Prepaid,none,0.1066,interest_rate (-0.64); combined_risk_index (-0.55),APPROVE,0.921
LN000016,18,0.0921,0.147,0.0794,0.548,Prepaid,none,0.1231,interest_rate (-0.64); combined_risk_index (-0.55),APPROVE,0.921
LN000016,19,0.0774,0.1347,0.0741,0.5479,Prepaid,none,0.1416,interest_rate (-0.64); combined_risk_index (-0.54),APPROVE,0.926
LN000016,20,0.0765,0.1322,0.071,0.5479,Current,none,0.1662,interest_rate (-0.67); combined_risk_index (-0.54),APPROVE,0.929
LN000016,21,0.0765,0.1349,0.071,0.5476,Current,none,0.1902,interest_rate (-0.67); combined_risk_index (-0.54),APPROVE,0.929
LN000016,22,0.0751,0.139,0.071,0.5476,Current,source_conflict,0.353,interest_rate (-0.67); combined_risk_index (-0.54),APPROVE,0.929
LN000016,23,0.0749,0.1374,0.0722,0.5476,Current,none,0.2473,interest_rate (-0.68); combined_risk_index (-0.53),APPROVE,0.928
LN000016,24,0.074,0.1374,0.0722,0.5493,Current,none,0.2589,interest_rate (-0.68); combined_risk_index (-0.53),APPROVE,0.928
LN000016,25,0.0737,0.1374,0.0722,0.5493,Current,none,0.2669,interest_rate (-0.68); combined_risk_index (-0.53),APPROVE,0.928
LN000016,26,0.0913,0.1538,0.0722,0.5492,Current,suspicious_transition,0.4166,interest_rate (-0.68); combined_risk_index (-0.53),ESCALATE,0.928
LN000016,27,0.0744,0.1365,0.0721,0.5499,Current,none,0.2861,interest_rate (-0.68); combined_risk_index (-0.53),APPROVE,0.928
LN000016,28,0.0752,0.1345,0.0723,0.5499,Current,none,0.2861,interest_rate (-0.68); combined_risk_index (-0.53),APPROVE,0.928
LN000016,29,0.0752,0.1345,0.0723,0.5497,Current,none,0.2861,interest_rate (-0.67); combined_risk_index (-0.53),APPROVE,0.928
LN000016,30,0.0753,0.1345,0.0723,0.5497,Current,none,0.2868,interest_rate (-0.67); combined_risk_index (-0.53),APPROVE,0.928
LN000016,31,0.0753,0.1345,0.0723,0.5478,Current,stale_record,0.3308,interest_rate (-0.67); combined_risk_index (-0.53),APPROVE,0.928
LN000016,32,0.0767,0.1386,0.0723,0.5478,Current,source_conflict,0.4208,interest_rate (-0.67); combined_risk_index (-0.53),ESCALATE,0.928
LN000016,33,0.0759,0.1393,0.0723,0.5478,Current,none,0.2858,interest_rate (-0.67); combined_risk_index (-0.53),APPROVE,0.928
LN000016,34,0.0759,0.1393,0.0723,0.5478,Current,stale_record,0.3308,interest_rate (-0.67); combined_risk_index (-0.53),APPROVE,0.928
LN000017,6,0.3061,0.4348,0.1531,0.5362,Prepaid,none,0.0573,state_CA (-0.52); interest_rate (-0.28),WATCH_LIST,0.847
LN000017,7,0.3012,0.415,0.1538,0.5387,Prepaid,none,0.0556,state_CA (-0.52); interest_rate (-0.27),WATCH_LIST,0.846
LN000017,8,0.274,0.4091,0.1542,0.5418,Prepaid,none,0.0559,state_CA (-0.52); interest_rate (-0.27),WATCH_LIST,0.846
LN000017,9,0.2773,0.4038,0.1514,0.5428,Prepaid,none,0.063,state_CA (-0.52); current_balance (-0.28),WATCH_LIST,0.849
LN000017,10,0.2768,0.3965,0.1533,0.543,Prepaid,none,0.0738,state_CA (-0.52); current_balance (-0.27),WATCH_LIST,0.847
LN000017,11,0.2687,0.4036,0.1555,0.5439,Prepaid,none,0.0864,state_CA (-0.52); current_balance (-0.27),WATCH_LIST,0.845
LN000017,12,0.227,0.3621,0.1527,0.5559,Prepaid,none,0.0945,state_CA (-0.30); current_status_Current (-0.26),WATCH_LIST,0.847
LN000017,13,0.2337,0.3933,0.1507,0.5475,Prepaid,none,0.1001,state_CA (-0.52); current_balance (-0.27),WATCH_LIST,0.849
LN000017,14,0.2312,0.3812,0.1424,0.5475,Prepaid,stale_record,0.1553,state_CA (-0.52); current_balance (-0.27),APPROVE,0.858
LN000017,15,0.2998,0.3711,0.1458,0.5426,Current,suspicious_transition,0.3851,current_status_Current (-0.37); current_balance (-0.27),APPROVE,0.854
LN000017,16,0.6135,0.6123,0.2271,0.5153,60DPD,none,0.2017,current_status_Current (+1.03); state_CA (-0.32),WATCH_LIST,0.773
LN000017,17,0.5709,0.5811,0.2073,0.5145,Current,none,0.4014,current_status_Current (+1.09); state_CA (-0.32),ESCALATE,0.793
LN000020,7,0.1202,0.2132,0.0808,0.5687,Current,none,0.0269,ltv_risk_tier (-0.40); current_status_Current (-0.29),APPROVE,0.919
LN000020,8,0.1207,0.2174,0.0808,0.5686,Current,none,0.0315,ltv_risk_tier (-0.40); current_status_Current (-0.29),APPROVE,0.919
LN000020,9,0.1198,0.2169,0.0835,0.5689,Current,none,0.0364,ltv_risk_tier (-0.39); current_status_Current (-0.29),APPROVE,0.917
LN000020,10,0.1229,0.2286,0.0839,0.5692,Current,none,0.0425,ltv_risk_tier (-0.39); current_status_Current (-0.29),APPROVE,0.916
LN000020,11,0.1319,0.23,0.0813,0.5676,Current,none,0.0551,ltv_risk_tier (-0.41); current_status_Current (-0.28),APPROVE,0.919
LN000020,12,0.1314,0.2337,0.0756,0.5696,Current,none,0.0587,ltv_risk_tier (-0.37); combined_risk_index (-0.33),APPROVE,0.924
LN000020,13,0.16,0.2543,0.0843,0.5747,Current,none,0.0635,ltv_risk_tier (-0.39); current_status_Current (-0.27),APPROVE,0.916
LN000020,14,0.1422,0.2161,0.0747,0.5691,Current,none,0.0747,ltv_risk_tier (-0.41); current_status_Current (-0.28),APPROVE,0.925
LN000020,15,0.1326,0.192,0.074,0.5683,Current,none,0.0902,ltv_risk_tier (-0.41); current_status_Current (-0.28),APPROVE,0.926
LN000020,16,0.4896,0.4765,0.125,0.5388,Current,none,0.3553,current_status_Current (+1.15); ltv_risk_tier (-0.44),APPROVE,0.875
LN000023,10,0.2431,0.3286,0.1569,0.5206,30DPD,none,0.0713,combined_risk_index (+0.31); current_status_Current (-0.27),WATCH_LIST,0.843
LN000023,11,0.2348,0.3324,0.1523,0.5188,Current,none,0.0813,combined_risk_index (+0.30); current_status_Current (-0.27),WATCH_LIST,0.848
LN000023,12,0.746,0.7231,0.4398,0.45,Default,none,0.2327,current_status_Current (+1.47); current_status_90DPD (+0.43),ESCALATE,0.56
LN000023,13,0.7504,0.7246,0.4399,0.4497,Default,none,0.245,current_status_Current (+1.46); current_status_90DPD (+0.44),ESCALATE,0.56
LN000023,14,0.7354,0.7108,0.3607,0.4743,90DPD,none,0.2134,current_status_Current (+1.36); remaining_term_months (-0.21),ESCALATE,0.639
LN000023,15,0.1948,0.2869,0.1344,0.5202,Current,none,0.1224,combined_risk_index (+0.31); current_status_Current (-0.26),APPROVE,0.866
LN000023,16,0.6587,0.6241,0.2999,0.4857,Current,none,0.378,current_status_Current (+1.11); combined_risk_index (+0.21),WATCH_LIST,0.7
LN000025,7,0.1496,0.2687,0.1125,0.5062,Current,none,0.0037,combined_risk_index (-0.45); current_status_Current (-0.30),APPROVE,0.888
LN000025,8,0.1438,0.2666,0.113,0.4966,Current,none,0.0073,combined_risk_index (-0.46); current_status_Current (-0.30),APPROVE,0.887
LN000025,9,0.6065,0.6462,0.243,0.4868,Current,none,0.2642,current_status_Current (+1.26); ltv_risk_tier (-0.31),WATCH_LIST,0.757
LN000026,10,0.7051,0.6677,0.3402,0.4615,90DPD,none,0.1138,current_status_Current (+1.42); state_MI (-0.21),WATCH_LIST,0.66
LN000026,11,0.2382,0.3288,0.1246,0.513,Current,stale_record,0.2362,combined_risk_index (+0.29); current_status_Current (-0.27),APPROVE,0.875
LN000026,12,0.2017,0.3127,0.1202,0.5282,Prepaid,stale_record,0.0813,combined_risk_index (+0.30); current_status_Current (-0.27),APPROVE,0.88
LN000026,13,0.2004,0.2988,0.119,0.5172,Current,none,0.0409,combined_risk_index (+0.28); current_status_Current (-0.26),APPROVE,0.881
LN000026,14,0.2048,0.2803,0.1154,0.5172,Current,none,0.0519,combined_risk_index (+0.30); original_balance (-0.27),APPROVE,0.885
LN000026,15,0.2045,0.2697,0.1149,0.5163,Prepaid,none,0.0696,combined_risk_index (+0.30); original_balance (-0.27),APPROVE,0.885
LN000026,16,0.1968,0.2523,0.1165,0.5126,Prepaid,none,0.0826,combined_risk_index (+0.31); original_balance (-0.27),APPROVE,0.884
LN000026,17,0.17,0.23,0.113,0.5093,Current,none,0.0998,combined_risk_index (+0.31); current_status_Current (-0.28),APPROVE,0.887
LN000026,18,0.1746,0.2255,0.1181,0.505,Current,suspicious_transition,0.3287,current_status_Current (-0.37); combined_risk_index (+0.32),APPROVE,0.882
LN000026,19,0.1156,0.1818,0.0982,0.5082,Current,none,0.1361,combined_risk_index (+0.32); current_status_Current (-0.28),APPROVE,0.902
LN000026,20,0.1135,0.1762,0.0898,0.5082,Current,none,0.1624,month_index (-0.48); combined_risk_index (+0.32),APPROVE,0.91
LN000026,21,0.6936,0.6455,0.2798,0.4534,Current,none,0.4357,current_status_Current (+1.55); month_index (-0.51),ESCALATE,0.72
LN000027,28,0.0656,0.1318,0.0612,0.4792,Prepaid,none,0.2846,month_index (-0.49); ltv_risk_tier (-0.38),APPROVE,0.939
LN000027,29,0.0656,0.1318,0.061,0.4791,Prepaid,none,0.2842,month_index (-0.49); seasoning_pct (-0.43),APPROVE,0.939
LN000027,30,0.0657,0.1318,0.061,0.4791,Prepaid,none,0.2825,month_index (-0.49); seasoning_pct (-0.43),APPROVE,0.939
LN000027,31,0.0657,0.1318,0.061,0.4791,Prepaid,stale_record,0.3283,month_index (-0.49); seasoning_pct (-0.43),APPROVE,0.939
LN000029,14,0.1541,0.2386,0.0993,0.5399,Current,none,0.1989,original_balance (-0.63); interest_rate (-0.35),APPROVE,0.901
LN000029,15,0.1152,0.2835,0.0934,0.5368,Current,none,0.1946,interest_rate (-0.52); original_balance (-0.47),APPROVE,0.907
LN000029,16,0.1442,0.2927,0.1496,0.5085,Current,none,0.3054,original_balance (+0.33); current_status_Current (-0.24),APPROVE,0.85
LN000029,17,0.107,0.2427,0.0907,0.5335,Current,none,0.2199,interest_rate (-0.52); original_balance (-0.47),APPROVE,0.909
LN000029,18,0.1046,0.2215,0.0907,0.5315,Current,stale_record,0.2986,interest_rate (-0.52); original_balance (-0.45),APPROVE,0.909
LN000029,19,0.4757,0.5559,0.2139,0.4732,Current,none,0.5138,current_status_Current (+1.06); state_TN (-0.19),ESCALATE,0.786
LN000030,10,0.1833,0.482,0.0668,0.5021,30DPD,none,0.1615,combined_risk_index (-0.74); state_CT (-0.66),APPROVE,0.933
LN000030,11,0.1813,0.4847,0.066,0.5021,Current,none,0.173,combined_risk_index (-0.73); state_CT (-0.66),APPROVE,0.934
LN000030,12,0.5742,0.6414,0.09,0.4813,Current,none,0.4251,current_status_Current (+1.31); state_CT (-0.65),ESCALATE,0.91
LN000032,6,0.1507,0.26,0.0808,0.5121,Current,none,0.057,interest_rate (-0.69); original_balance (-0.39),APPROVE,0.919
LN000032,7,0.1536,0.2546,0.0803,0.5164,Current,none,0.0591,interest_rate (-0.69); original_balance (-0.39),APPROVE,0.92
LN000032,8,0.598,0.5982,0.1369,0.4943,Current,none,0.3149,current_status_Current (+1.37); interest_rate (-0.69),APPROVE,0.863
LN000034,11,0.6524,0.609,0.2653,0.4675,60DPD,none,0.2528,current_status_Current (+1.07); days_past_due (-0.22),WATCH_LIST,0.735
LN000034,12,0.6533,0.6142,0.2552,0.4685,60DPD,none,0.1148,current_status_Current (+1.05); days_past_due (-0.23),WATCH_LIST,0.745
LN000034,13,0.1708,0.2826,0.1332,0.4938,30DPD,none,0.0677,combined_risk_index (+0.28); current_status_Current (-0.25),APPROVE,0.867
LN000034,14,0.1489,0.2506,0.1278,0.4957,Current,none,0.0824,combined_risk_index (+0.27); current_status_Current (-0.25),APPROVE,0.872
LN000034,15,0.1383,0.2344,0.1253,0.4957,Current,none,0.0985,combined_risk_index (+0.27); current_status_Current (-0.25),APPROVE,0.875
LN000034,16,0.1346,0.2261,0.1209,0.4965,Prepaid,none,0.1154,combined_risk_index (+0.27); current_status_Current (-0.26),APPROVE,0.879
LN000034,17,0.1257,0.2038,0.1186,0.4954,Prepaid,stale_record,0.1733,combined_risk_index (+0.26); current_status_Current (-0.26),APPROVE,0.881
LN000034,18,0.1163,0.1938,0.1161,0.4942,Current,none,0.1429,combined_risk_index (+0.26); current_status_Current (-0.26),APPROVE,0.884
LN000034,19,0.0896,0.1751,0.1059,0.4942,Prepaid,none,0.1622,combined_risk_index (+0.28); property_type_Townhouse (+0.26),APPROVE,0.894
LN000034,20,0.088,0.1686,0.0922,0.4942,Prepaid,none,0.1905,month_index (-0.46); seasoning_pct (-0.33),APPROVE,0.908
LN000034,21,0.0896,0.1946,0.0922,0.4936,Current,none,0.2153,month_index (-0.46); seasoning_pct (-0.34),APPROVE,0.908
LN000037,15,0.2142,0.4891,0.0745,0.5319,30DPD,none,0.1935,interest_rate (-0.75); original_balance (-0.41),APPROVE,0.926
LN000037,16,0.2334,0.5114,0.0751,0.5315,30DPD,none,0.2085,interest_rate (-0.75); original_balance (-0.41),APPROVE,0.925
LN000037,17,0.2439,0.5202,0.0754,0.5286,30DPD,none,0.2281,interest_rate (-0.75); original_balance (-0.41),APPROVE,0.925
LN000037,18,0.2606,0.5107,0.0754,0.5276,30DPD,none,0.2393,interest_rate (-0.75); original_balance (-0.41),APPROVE,0.925
LN000037,19,0.3783,0.5716,0.0936,0.5031,30DPD,none,0.2982,current_status_Current (+0.98); interest_rate (-0.61),APPROVE,0.906
LN000037,20,0.3791,0.566,0.0863,0.5046,30DPD,none,0.314,current_status_Current (+0.97); interest_rate (-0.61),APPROVE,0.914
LN000037,21,0.6955,0.7049,0.1267,0.4861,60DPD,stale_record,0.4037,current_status_Current (+1.24); interest_rate (-0.59),ESCALATE,0.873
LN000037,22,0.7111,0.6978,0.1223,0.4651,60DPD,none,0.3698,current_status_Current (+1.30); interest_rate (-0.66),APPROVE,0.878
LN000037,23,0.6883,0.7015,0.1267,0.4861,60DPD,none,0.3777,current_status_Current (+1.24); interest_rate (-0.59),APPROVE,0.873
LN000037,24,0.7063,0.7147,0.1894,0.4735,Default,none,0.4049,current_status_Current (+1.30); interest_rate (-0.56),ESCALATE,0.811
LN000037,25,0.6863,0.6905,0.2213,0.4701,Default,data_entry_error,0.5081,current_status_Current (+1.27); month_index (-0.47),ESCALATE,0.779
LN000037,26,0.7057,0.7143,0.1894,0.4738,Default,none,0.4102,current_status_Current (+1.30); interest_rate (-0.56),ESCALATE,0.811
LN000037,27,0.7131,0.6978,0.1198,0.4609,60DPD,none,0.3896,current_status_Current (+1.30); interest_rate (-0.68),APPROVE,0.88
LN000037,28,0.6983,0.7112,0.1758,0.4799,Current,none,0.4919,current_status_Current (+1.29); interest_rate (-0.57),ESCALATE,0.824
LN000041,27,0.0675,0.1325,0.0724,0.4904,Current,none,0.3023,interest_rate (-0.54); month_index (-0.43),APPROVE,0.928
LN000041,28,0.2982,0.4168,0.0847,0.4699,Current,none,0.4048,current_status_Current (+1.03); interest_rate (-0.57),ESCALATE,0.915
LN000049,9,0.2069,0.2849,0.1563,0.5455,Prepaid,none,0.0153,monthly_interest_accrual (-0.54); current_status_Current (-0.27),WATCH_LIST,0.844
LN000049,10,0.2066,0.2942,0.1566,0.5474,Prepaid,none,0.0226,monthly_interest_accrual (-0.53); current_status_Current (-0.27),WATCH_LIST,0.843
LN000049,11,0.2076,0.2973,0.1558,0.5484,Prepaid,none,0.0386,monthly_interest_accrual (-0.53); current_status_Current (-0.27),WATCH_LIST,0.844
LN000049,12,0.2073,0.3078,0.1554,0.5481,Prepaid,none,0.0408,monthly_interest_accrual (-0.53); current_status_Current (-0.27),WATCH_LIST,0.845
LN000049,13,0.1906,0.3143,0.1587,0.5502,Prepaid,none,0.0455,monthly_interest_accrual (-0.51); current_status_Current (-0.27),WATCH_LIST,0.841
LN000049,14,0.1877,0.3018,0.1481,0.5486,Prepaid,none,0.0531,monthly_interest_accrual (-0.51); current_status_Current (-0.27),APPROVE,0.852
LN000049,15,0.1811,0.2931,0.1371,0.5482,Prepaid,none,0.0687,monthly_interest_accrual (-0.50); current_status_Current (-0.26),APPROVE,0.863
LN000049,16,0.1936,0.2778,0.134,0.546,Prepaid,none,0.0809,monthly_interest_accrual (-0.50); current_status_Current (-0.26),APPROVE,0.866
LN000049,17,0.1678,0.2483,0.1265,0.5421,Prepaid,source_conflict,0.2343,monthly_interest_accrual (-0.50); current_status_Current (-0.27),APPROVE,0.873
LN000049,18,0.1631,0.2405,0.1265,0.5412,Prepaid,none,0.1159,monthly_interest_accrual (-0.50); current_status_Current (-0.27),APPROVE,0.873
LN000049,19,0.1269,0.2115,0.1188,0.5412,Prepaid,none,0.1347,monthly_interest_accrual (-0.51); current_status_Current (-0.27),APPROVE,0.881
LN000049,20,0.1256,0.2013,0.1095,0.5412,Prepaid,none,0.1613,monthly_interest_accrual (-0.50); month_index (-0.41),APPROVE,0.89
LN000049,21,0.1254,0.2063,0.1095,0.5407,Prepaid,stale_record,0.255,monthly_interest_accrual (-0.50); month_index (-0.41),APPROVE,0.89
LN000049,22,0.1208,0.2121,0.1095,0.5407,Prepaid,none,0.2124,monthly_interest_accrual (-0.50); month_index (-0.41),APPROVE,0.89
LN000049,23,0.1188,0.2113,0.1102,0.5374,Prepaid,stale_record,0.2848,monthly_interest_accrual (-0.50); month_index (-0.41),APPROVE,0.89
LN000049,24,0.1142,0.2113,0.1102,0.5365,Prepaid,none,0.2505,monthly_interest_accrual (-0.50); month_index (-0.41),APPROVE,0.89
LN000049,25,0.1117,0.2113,0.1102,0.5365,Prepaid,none,0.2584,monthly_interest_accrual (-0.50); month_index (-0.41),APPROVE,0.89
LN000049,26,0.1085,0.2159,0.1095,0.5365,Current,stale_record,0.3145,monthly_interest_accrual (-0.50); month_index (-0.41),APPROVE,0.891
LN000049,27,0.1085,0.2127,0.1095,0.5365,Current,none,0.2764,monthly_interest_accrual (-0.50); month_index (-0.41),APPROVE,0.891
LN000049,28,0.1074,0.2145,0.1095,0.5365,Prepaid,none,0.2764,monthly_interest_accrual (-0.50); month_index (-0.41),APPROVE,0.891
LN000049,29,0.6283,0.5956,0.2099,0.502,60DPD,none,0.3057,current_status_Current (+1.16); monthly_interest_accrual (-0.48),WATCH_LIST,0.79
LN000049,30,0.5877,0.574,0.2074,0.5025,Current,none,0.4567,current_status_Current (+1.16); monthly_interest_accrual (-0.48),ESCALATE,0.793
LN000050,11,0.0795,0.1471,0.0604,0.5031,Current,none,0.0405,ltv_risk_tier (-1.03); combined_risk_index (-0.93),APPROVE,0.94
LN000050,12,0.0795,0.1469,0.0603,0.5074,Current,none,0.047,ltv_risk_tier (-1.03); combined_risk_index (-0.93),APPROVE,0.94
LN000050,13,0.1091,0.2116,0.1159,0.5212,Prepaid,none,0.0522,state_VA (-0.60); current_status_Current (-0.29),APPROVE,0.884
LN000050,14,0.0814,0.1427,0.0598,0.5138,Current,none,0.0635,ltv_risk_tier (-1.02); combined_risk_index (-0.93),APPROVE,0.94
LN000050,15,0.1022,0.1763,0.0815,0.5195,Current,stale_record,0.1244,ltv_risk_tier (-0.65); state_VA (-0.56),APPROVE,0.918
LN000050,16,0.0774,0.1309,0.0597,0.5114,Current,none,0.0945,ltv_risk_tier (-1.01); combined_risk_index (-0.93),APPROVE,0.94
LN000050,17,0.0751,0.1214,0.0592,0.5052,Current,none,0.1112,ltv_risk_tier (-1.00); combined_risk_index (-0.92),APPROVE,0.941
LN000050,18,0.069,0.1175,0.0596,0.5044,Current,none,0.1262,ltv_risk_tier (-1.00); combined_risk_index (-0.92),APPROVE,0.94
LN000050,19,0.0617,0.1106,0.059,0.5044,Current,source_conflict,0.3242,ltv_risk_tier (-1.00); combined_risk_index (-0.90),APPROVE,0.941
LN000050,20,0.0733,0.1217,0.0733,0.5116,Current,none,0.1739,ltv_risk_tier (-0.64); state_VA (-0.56),APPROVE,0.927
LN000051,16,0.3168,0.2981,0.0601,0.5305,Prepaid,none,0.2072,combined_risk_index (-1.25); interest_rate (-0.77),APPROVE,0.94
LN000051,17,0.3138,0.2876,0.0597,0.5277,30DPD,none,0.2215,combined_risk_index (-1.25); interest_rate (-0.77),APPROVE,0.94
LN000051,18,0.2839,0.2585,0.0597,0.5274,30DPD,none,0.2341,combined_risk_index (-1.23); interest_rate (-0.77),APPROVE,0.94
LN000051,19,0.226,0.239,0.059,0.5279,30DPD,none,0.2531,combined_risk_index (-1.23); interest_rate (-0.76),APPROVE,0.941
LN000051,20,0.1982,0.2176,0.0597,0.5221,Current,stale_record,0.3273,combined_risk_index (-1.20); interest_rate (-0.65),APPROVE,0.94
LN000051,21,0.2131,0.2411,0.0588,0.5279,30DPD,stale_record,0.3422,combined_risk_index (-1.23); interest_rate (-0.76),APPROVE,0.941
LN000051,22,0.2004,0.2559,0.0588,0.5279,Prepaid,none,0.314,combined_risk_index (-1.23); interest_rate (-0.76),APPROVE,0.941
LN000051,23,0.2008,0.2587,0.0592,0.5279,Prepaid,none,0.3368,combined_risk_index (-1.23); interest_rate (-0.76),APPROVE,0.941
LN000051,24,0.2008,0.257,0.0592,0.5279,Prepaid,none,0.3444,combined_risk_index (-1.23); interest_rate (-0.76),APPROVE,0.941
LN000051,25,0.2007,0.257,0.0592,0.5279,Prepaid,none,0.3496,combined_risk_index (-1.23); interest_rate (-0.76),APPROVE,0.941
LN000051,26,0.2015,0.2458,0.0592,0.5292,Prepaid,none,0.3522,combined_risk_index (-1.23); interest_rate (-0.76),APPROVE,0.941
LN000051,27,0.2015,0.2473,0.0592,0.5281,Prepaid,none,0.3541,combined_risk_index (-1.23); interest_rate (-0.76),APPROVE,0.941
LN000051,28,0.2015,0.2473,0.0592,0.5281,Prepaid,none,0.3541,combined_risk_index (-1.23); interest_rate (-0.76),APPROVE,0.941
LN000051,29,0.2015,0.2473,0.0592,0.5281,Prepaid,none,0.3541,combined_risk_index (-1.23); interest_rate (-0.76),APPROVE,0.941
LN000051,30,0.5486,0.4417,0.0723,0.5198,Current,stale_record,0.575,combined_risk_index (-1.16); current_status_Current (+0.99),ESCALATE,0.928
LN000053,9,0.1902,0.2915,0.1246,0.4845,Prepaid,none,0.0205,state_SC (-0.36); combined_risk_index (+0.32),APPROVE,0.875
LN000053,10,0.1758,0.2987,0.1248,0.4818,Prepaid,none,0.0278,state_SC (-0.36); combined_risk_index (+0.32),APPROVE,0.875
LN000053,11,0.1746,0.3004,0.1229,0.4828,Prepaid,none,0.043,state_SC (-0.36); combined_risk_index (+0.33),APPROVE,0.877
LN000053,12,0.1671,0.2601,0.1249,0.4763,Current,stale_record,0.12,state_SC (-0.36); combined_risk_index (+0.31),APPROVE,0.875
LN000053,13,0.1904,0.2935,0.1183,0.4741,Prepaid,none,0.0512,state_SC (-0.36); combined_risk_index (+0.32),APPROVE,0.882
LN000053,14,0.1888,0.2805,0.1063,0.4741,Prepaid,stale_record,0.106,state_SC (-0.36); combined_risk_index (+0.32),APPROVE,0.894
LN000053,15,0.1867,0.2677,0.1037,0.4742,Prepaid,none,0.0767,state_SC (-0.36); combined_risk_index (+0.32),APPROVE,0.896
LN000053,16,0.1829,0.2499,0.1009,0.4731,Prepaid,none,0.0898,state_SC (-0.36); combined_risk_index (+0.32),APPROVE,0.899
LN000053,17,0.171,0.2315,0.1005,0.472,Prepaid,none,0.108,state_SC (-0.32); combined_risk_index (+0.32),APPROVE,0.9
LN000053,18,0.1163,0.1921,0.0837,0.497,Current,none,0.1252,current_status_Current (-0.33); state_SC (-0.29),APPROVE,0.916
LN000053,19,0.6327,0.5817,0.1749,0.4488,Current,none,0.3695,current_status_Current (+1.16); state_SC (-0.30),WATCH_LIST,0.825
LN000054,13,0.7522,0.735,0.4512,0.4436,Default,none,0.2183,current_status_Current (+1.28); days_past_due (+0.39),ESCALATE,0.549
LN000054,14,0.7483,0.7369,0.4197,0.4592,Current,stale_record,0.4337,current_status_Current (+1.28); days_past_due (+0.39),ESCALATE,0.58
LN000057,6,0.1881,0.2934,0.0637,0.4702,Current,none,0.0279,combined_risk_index (-0.80); interest_rate (-0.62),APPROVE,0.936
LN000057,7,0.1749,0.2826,0.0632,0.4739,Current,none,0.0311,combined_risk_index (-0.79); interest_rate (-0.65),APPROVE,0.937
LN000057,8,0.1625,0.2634,0.063,0.4826,Current,none,0.0361,combined_risk_index (-0.80); interest_rate (-0.66),APPROVE,0.937
LN000057,9,0.1565,0.2521,0.0645,0.4845,Current,none,0.0411,combined_risk_index (-0.79); interest_rate (-0.66),APPROVE,0.936
LN000057,10,0.1517,0.2298,0.0652,0.4862,Current,none,0.0504,combined_risk_index (-0.80); interest_rate (-0.65),APPROVE,0.935
LN000057,11,0.1518,0.23,0.065,0.4856,Current,source_conflict,0.2456,combined_risk_index (-0.77); interest_rate (-0.64),APPROVE,0.935
LN000057,12,0.146,0.2271,0.0647,0.4923,Current,none,0.0691,combined_risk_index (-0.77); interest_rate (-0.63),APPROVE,0.935
LN000057,13,0.1742,0.2536,0.0652,0.4928,Current,suspicious_transition,0.2387,combined_risk_index (-0.78); interest_rate (-0.64),APPROVE,0.935
LN000057,14,0.1886,0.2485,0.068,0.4954,Current,suspicious_transition,0.3553,combined_risk_index (-0.75); interest_rate (-0.61),APPROVE,0.932
LN000057,15,0.1391,0.2029,0.0646,0.5075,Current,none,0.0965,combined_risk_index (-0.76); interest_rate (-0.62),APPROVE,0.935
LN000057,16,0.1321,0.1895,0.0654,0.5077,Current,none,0.1101,combined_risk_index (-0.74); interest_rate (-0.63),APPROVE,0.935
LN000057,17,0.1198,0.1689,0.0647,0.5083,Current,none,0.1263,combined_risk_index (-0.72); interest_rate (-0.63),APPROVE,0.935
LN000057,18,0.1054,0.1669,0.0647,0.5082,Current,none,0.1409,combined_risk_index (-0.72); interest_rate (-0.63),APPROVE,0.935
LN000057,19,0.0866,0.1516,0.0631,0.5082,Current,none,0.1569,combined_risk_index (-0.71); interest_rate (-0.62),APPROVE,0.937
LN000057,20,0.0872,0.1414,0.0621,0.5083,Current,none,0.1824,combined_risk_index (-0.71); interest_rate (-0.64),APPROVE,0.938
LN000057,21,0.0872,0.1443,0.0621,0.5083,Current,none,0.2074,combined_risk_index (-0.71); interest_rate (-0.64),APPROVE,0.938
LN000057,22,0.591,0.4951,0.0713,0.4794,60DPD,none,0.2681,current_status_Current (+0.97); interest_rate (-0.79),APPROVE,0.929
LN000057,23,0.6153,0.5645,0.0835,0.4756,60DPD,none,0.3902,current_status_Current (+1.16); state_CT (-0.69),APPROVE,0.916
LN000057,24,0.0835,0.1455,0.0622,0.4978,Current,none,0.2707,combined_risk_index (-0.70); interest_rate (-0.65),APPROVE,0.938
LN000057,25,0.0834,0.145,0.0622,0.4978,Current,stale_record,0.3226,combined_risk_index (-0.70); interest_rate (-0.65),APPROVE,0.938
LN000057,26,0.0835,0.1444,0.0622,0.4986,Current,none,0.2899,combined_risk_index (-0.70); interest_rate (-0.65),APPROVE,0.938
LN000057,27,0.0848,0.145,0.0622,0.4986,Current,none,0.2969,combined_risk_index (-0.70); interest_rate (-0.65),APPROVE,0.938
LN000057,28,0.0914,0.1508,0.0699,0.5124,Current,stale_record,0.3419,interest_rate (-0.68); state_CT (-0.65),APPROVE,0.93
LN000058,6,0.1292,0.2327,0.0981,0.5438,Current,none,0.0072,combined_risk_index (-0.51); ltv_risk_tier (-0.30),APPROVE,0.902
LN000058,7,0.1291,0.2413,0.0973,0.5443,Current,none,0.0068,combined_risk_index (-0.51); ltv_risk_tier (-0.30),APPROVE,0.903
LN000058,8,0.7017,0.6818,0.2794,0.5096,60DPD,none,0.1057,current_status_Current (+1.41); ltv_risk_tier (-0.40),WATCH_LIST,0.721
LN000058,9,0.7235,0.7101,0.2762,0.4909,Default,none,0.2927,current_status_Current (+1.44); ltv_risk_tier (-0.46),WATCH_LIST,0.724
LN000058,10,0.7158,0.7056,0.2626,0.5046,Current,none,0.3412,current_status_Current (+1.46); ltv_risk_tier (-0.43),WATCH_LIST,0.737
LN000060,11,0.2499,0.4037,0.1407,0.5111,Current,none,0.0332,state_MN (-0.43); interest_rate (+0.24),APPROVE,0.859
LN000060,12,0.2504,0.4037,0.1377,0.5093,Prepaid,none,0.0386,state_MN (-0.43); interest_rate (+0.24),APPROVE,0.862
LN000060,13,0.2519,0.3996,0.1368,0.5095,Prepaid,none,0.0454,state_MN (-0.43); interest_rate (+0.24),APPROVE,0.863
LN000060,14,0.2533,0.384,0.1272,0.5095,Prepaid,none,0.052,state_MN (-0.43); interest_rate (+0.24),APPROVE,0.873
LN000060,15,0.2552,0.3624,0.1212,0.5091,Prepaid,none,0.0693,state_MN (-0.41); interest_rate (+0.25),APPROVE,0.879
LN000060,16,0.2516,0.3348,0.1168,0.5064,Prepaid,stale_record,0.1274,state_MN (-0.41); interest_rate (+0.25),APPROVE,0.883
LN000060,17,0.2084,0.291,0.109,0.5036,Prepaid,none,0.0969,state_MN (-0.41); interest_rate (+0.25),APPROVE,0.891
LN000060,18,0.1894,0.2767,0.1063,0.5028,Prepaid,none,0.1153,state_MN (-0.41); interest_rate (+0.25),APPROVE,0.894
LN000060,19,0.1447,0.2295,0.0963,0.5028,Prepaid,none,0.1328,state_MN (-0.39); interest_rate (+0.26),APPROVE,0.904
LN000060,20,0.5583,0.5671,0.1365,0.4743,Current,none,0.379,current_status_Current (+0.99); state_MN (-0.41),APPROVE,0.864
LN000063,6,0.0817,0.149,0.0815,0.5421,Current,none,0.0653,ltv_risk_tier (-0.27); current_status_Current (-0.25),APPROVE,0.918
LN000063,7,0.0954,0.1453,0.0843,0.5437,Current,suspicious_transition,0.2303,ltv_risk_tier (-0.28); current_status_Current (-0.25),APPROVE,0.916
LN000063,8,0.0784,0.1356,0.0795,0.544,Current,none,0.0667,ltv_risk_tier (-0.26); current_status_Current (-0.25),APPROVE,0.92
LN000063,9,0.0706,0.1299,0.0778,0.544,Current,none,0.0763,current_status_Current (-0.26); ltv_risk_tier (-0.25),APPROVE,0.922
LN000063,10,0.0627,0.1293,0.0745,0.5437,Current,none,0.0867,current_status_Current (-0.26); ltv_risk_tier (-0.26),APPROVE,0.926
LN000063,11,0.075,0.1358,0.0745,0.5416,Current,stale_record,0.1416,ltv_risk_tier (-0.26); seasoning_pct (-0.26),APPROVE,0.926
LN000063,12,0.0728,0.1331,0.0802,0.5446,Current,none,0.098,seasoning_pct (-0.27); ltv_risk_tier (-0.25),APPROVE,0.92
LN000063,13,0.3654,0.4053,0.1371,0.5018,Current,none,0.3423,current_status_Current (+1.02); ltv_risk_tier (-0.39),APPROVE,0.863
LN000067,13,0.2073,0.332,0.0788,0.544,Current,none,0.1818,combined_risk_index (-0.42); seasoning_pct (-0.41),APPROVE,0.921
LN000067,14,0.2058,0.3091,0.0777,0.5445,Prepaid,stale_record,0.2362,combined_risk_index (-0.42); seasoning_pct (-0.41),APPROVE,0.922
LN000067,15,0.2205,0.2844,0.0757,0.5439,Prepaid,none,0.2081,seasoning_pct (-0.49); combined_risk_index (-0.42),APPROVE,0.924
LN000067,16,0.1968,0.2712,0.0673,0.5202,Prepaid,none,0.229,combined_risk_index (-0.79); seasoning_pct (-0.37),APPROVE,0.933
LN000067,17,0.192,0.2575,0.0742,0.5404,Prepaid,none,0.2462,seasoning_pct (-0.49); combined_risk_index (-0.42),APPROVE,0.926
LN000067,18,0.1774,0.3003,0.0872,0.5319,Prepaid,none,0.2559,seasoning_pct (-0.51); combined_risk_index (+0.31),APPROVE,0.913
LN000067,19,0.5573,0.5254,0.1109,0.5236,Current,none,0.4767,current_status_Current (+1.16); seasoning_pct (-0.42),ESCALATE,0.889
LN000068,7,0.1809,0.2553,0.0837,0.5275,Prepaid,none,0.0173,ltv_risk_tier (-0.88); combined_risk_index (-0.40),APPROVE,0.916
LN000068,8,0.1627,0.2541,0.0797,0.5325,Prepaid,none,0.0225,ltv_risk_tier (-0.87); combined_risk_index (-0.46),APPROVE,0.92
LN000068,9,0.7359,0.7202,0.1567,0.4971,Default,none,0.1662,current_status_Current (+1.47); ltv_risk_tier (-1.13),WATCH_LIST,0.843
LN000068,10,0.7226,0.7101,0.1608,0.5053,Current,none,0.347,current_status_Current (+1.46); ltv_risk_tier (-1.04),WATCH_LIST,0.839
LN000071,18,0.1261,0.2443,0.0873,0.5229,Current,none,0.1287,combined_risk_index (+0.39); current_status_Current (-0.29),APPROVE,0.913
LN000071,19,0.1074,0.2259,0.0803,0.5229,Current,none,0.1471,combined_risk_index (+0.40); current_status_Current (-0.29),APPROVE,0.92
LN000071,20,0.1079,0.2203,0.0756,0.5229,Current,none,0.1747,month_index (-0.43); combined_risk_index (+0.40),APPROVE,0.924
LN000073,29,0.079,0.1922,0.0681,0.4935,Current,none,0.2716,month_index (-0.48); seasoning_pct (-0.39),APPROVE,0.932
LN000073,30,0.0804,0.1922,0.0681,0.4935,Current,none,0.2723,month_index (-0.48); seasoning_pct (-0.39),APPROVE,0.932
LN000073,31,0.0811,0.1952,0.0681,0.4935,Current,none,0.2716,month_index (-0.48); seasoning_pct (-0.39),APPROVE,0.932
LN000073,32,0.0872,0.2059,0.0681,0.4935,Current,none,0.2716,month_index (-0.48); seasoning_pct (-0.39),APPROVE,0.932
LN000077,8,0.622,0.6286,0.289,0.4908,60DPD,none,0.1062,current_status_Current (+1.51); interest_rate (-0.34),WATCH_LIST,0.711
LN000077,9,0.6507,0.639,0.2876,0.4895,Prepaid,stale_record,0.3023,current_status_Current (+1.53); interest_rate (-0.34),WATCH_LIST,0.712
LN000077,10,0.7341,0.7309,0.3991,0.4589,Default,none,0.1582,current_status_Current (+1.86); days_past_due (+0.29),ESCALATE,0.601
LN000077,11,0.7466,0.7421,0.4343,0.4448,Default,none,0.2154,current_status_Current (+1.93); days_past_due (+0.37),ESCALATE,0.566
LN000077,12,0.7427,0.7373,0.4318,0.4453,Default,none,0.2219,current_status_Current (+1.93); days_past_due (+0.37),ESCALATE,0.568
LN000077,13,0.7348,0.735,0.4289,0.4446,Default,none,0.2327,current_status_Current (+1.93); days_past_due (+0.36),ESCALATE,0.571
LN000077,14,0.7228,0.7251,0.3782,0.4626,Default,none,0.2037,current_status_Current (+1.87); days_past_due (+0.32),ESCALATE,0.622
LN000077,15,0.7444,0.7398,0.4219,0.4476,Default,stale_record,0.3078,current_status_Current (+1.91); days_past_due (+0.40),ESCALATE,0.578
LN000077,16,0.7356,0.7321,0.3933,0.4609,Current,none,0.4238,current_status_Current (+1.87); days_past_due (+0.40),ESCALATE,0.607
LN000078,9,0.6546,0.5981,0.2871,0.4738,60DPD,none,0.0617,current_status_Current (+1.06); days_past_due (-0.22),WATCH_LIST,0.713
LN000078,10,0.1669,0.245,0.1418,0.4825,Current,none,0.0207,combined_risk_index (+0.33); current_status_Current (-0.25),APPROVE,0.858
LN000078,11,0.1657,0.2507,0.1415,0.4863,Current,none,0.0367,combined_risk_index (+0.34); current_status_Current (-0.25),APPROVE,0.858
LN000078,12,0.1703,0.2507,0.1395,0.4857,Current,stale_record,0.0878,combined_risk_index (+0.34); current_status_Current (-0.24),APPROVE,0.86
LN000078,13,0.1656,0.2442,0.1388,0.4866,Current,none,0.0486,combined_risk_index (+0.34); current_status_Current (-0.24),APPROVE,0.861
LN000078,14,0.1978,0.3165,0.1263,0.4721,Current,none,0.248,interest_rate (-0.35); combined_risk_index (+0.27),APPROVE,0.874
LN000078,15,0.167,0.2315,0.1311,0.4849,Current,none,0.0767,combined_risk_index (+0.33); current_status_Current (-0.25),APPROVE,0.869
LN000078,16,0.1648,0.2207,0.1297,0.4821,Current,none,0.0896,combined_risk_index (+0.33); current_status_Current (-0.25),APPROVE,0.87
LN000078,17,0.1493,0.2011,0.1343,0.4807,Current,stale_record,0.1495,combined_risk_index (+0.33); current_status_Current (-0.25),APPROVE,0.866
LN000078,18,0.1372,0.2007,0.1318,0.4796,Current,none,0.1188,combined_risk_index (+0.33); current_status_Current (-0.25),APPROVE,0.868
LN000078,19,0.1009,0.1802,0.1247,0.4796,Current,none,0.1377,combined_risk_index (+0.37); current_status_Current (-0.25),APPROVE,0.875
LN000078,20,0.1154,0.1937,0.1045,0.4831,Current,stale_record,0.2526,month_index (-0.41); combined_risk_index (+0.33),APPROVE,0.896
LN000078,21,0.0978,0.1873,0.106,0.4802,Current,none,0.1885,month_index (-0.47); combined_risk_index (+0.37),APPROVE,0.894
LN000078,22,0.0973,0.192,0.106,0.4802,Current,none,0.2094,month_index (-0.47); combined_risk_index (+0.37),APPROVE,0.894
LN000078,23,0.0973,0.1928,0.1069,0.4809,Current,none,0.2345,month_index (-0.47); combined_risk_index (+0.37),APPROVE,0.893
LN000078,24,0.0953,0.1928,0.1069,0.4797,Current,source_conflict,0.3811,month_index (-0.47); combined_risk_index (+0.37),APPROVE,0.893
LN000079,6,0.126,0.1883,0.0724,0.5068,Prepaid,none,0.0677,ltv_risk_tier (-0.73); monthly_interest_accrual (-0.40),APPROVE,0.928
LN000079,7,0.1261,0.1841,0.0707,0.5075,Prepaid,none,0.0668,ltv_risk_tier (-0.73); monthly_interest_accrual (-0.40),APPROVE,0.929
LN000079,8,0.1309,0.1834,0.0696,0.5106,Prepaid,none,0.0714,ltv_risk_tier (-0.72); monthly_interest_accrual (-0.38),APPROVE,0.93
LN000079,9,0.1093,0.1703,0.0708,0.5114,Current,none,0.258,ltv_risk_tier (-0.58); state_CT (-0.50),APPROVE,0.929
LN000079,10,0.1055,0.1711,0.0671,0.4983,Current,data_entry_error,0.2045,ltv_risk_tier (-0.70); state_CT (-0.32),APPROVE,0.933
LN000079,11,0.1213,0.187,0.0673,0.5095,Prepaid,none,0.1011,ltv_risk_tier (-0.67); state_CT (-0.49),APPROVE,0.933
LN000079,12,0.1256,0.1937,0.0675,0.5179,Current,none,0.1032,ltv_risk_tier (-0.67); state_CT (-0.49),APPROVE,0.933
LN000079,13,0.13,0.2024,0.0664,0.5158,Current,none,0.1139,ltv_risk_tier (-0.64); monthly_interest_accrual (-0.53),APPROVE,0.934
LN000079,14,0.1282,0.2116,0.066,0.516,Prepaid,none,0.1252,ltv_risk_tier (-0.63); monthly_interest_accrual (-0.52),APPROVE,0.934
LN000079,15,0.1526,0.2104,0.065,0.5137,Current,none,0.1469,ltv_risk_tier (-0.63); monthly_interest_accrual (-0.52),APPROVE,0.935
LN000079,16,0.18,0.2395,0.0648,0.5118,Current,none,0.167,ltv_risk_tier (-0.63); monthly_interest_accrual (-0.52),APPROVE,0.935
LN000079,17,0.1875,0.2485,0.0643,0.5127,Prepaid,none,0.1913,ltv_risk_tier (-0.63); monthly_interest_accrual (-0.52),APPROVE,0.936
LN000079,18,0.2071,0.242,0.0643,0.5118,Prepaid,none,0.2054,ltv_risk_tier (-0.63); monthly_interest_accrual (-0.52),APPROVE,0.936
LN000083,16,0.6237,0.6415,0.2149,0.4949,60DPD,none,0.1382,current_status_Current (+1.11); days_past_due (-0.21),WATCH_LIST,0.785
LN000083,17,0.6211,0.6155,0.1916,0.4844,60DPD,stale_record,0.1995,current_status_Current (+1.19); days_past_due (-0.21),WATCH_LIST,0.808
LN000083,18,0.5974,0.5989,0.1858,0.4866,Current,none,0.3502,current_status_Current (+1.19); days_past_due (-0.20),WATCH_LIST,0.814
LN000086,11,0.1833,0.3691,0.1324,0.468,Current,none,0.056,interest_rate (-0.64); ltv_risk_tier (+0.30),APPROVE,0.868
LN000086,12,0.1822,0.3651,0.1298,0.4671,Current,none,0.0595,interest_rate (-0.64); ltv_risk_tier (+0.30),APPROVE,0.87
LN000086,13,0.1737,0.3478,0.1284,0.4671,30DPD,none,0.0697,interest_rate (-0.64); ltv_risk_tier (+0.30),APPROVE,0.872
LN000086,14,0.1678,0.3336,0.1218,0.4675,Current,none,0.0755,interest_rate (-0.65); combined_risk_index (+0.30),APPROVE,0.878
LN000086,15,0.1654,0.2976,0.119,0.4684,Current,none,0.0876,interest_rate (-0.64); combined_risk_index (+0.30),APPROVE,0.881
LN000086,16,0.1953,0.3087,0.1253,0.4722,Current,stale_record,0.1883,interest_rate (-0.58); ltv_risk_tier (+0.33),APPROVE,0.875
LN000086,17,0.1542,0.2592,0.1086,0.4642,30DPD,none,0.1145,interest_rate (-0.64); combined_risk_index (+0.32),APPROVE,0.891
LN000086,18,0.1391,0.2514,0.1037,0.4633,30DPD,none,0.1313,interest_rate (-0.65); combined_risk_index (+0.32),APPROVE,0.896
LN000087,9,0.1244,0.2262,0.1107,0.5162,Current,none,0.0414,state_VA (-0.66); combined_risk_index (-0.41),APPROVE,0.889
LN000087,10,0.1254,0.2307,0.1104,0.5174,Current,none,0.0521,state_VA (-0.67); combined_risk_index (-0.42),APPROVE,0.89
LN000087,11,0.1736,0.2574,0.108,0.5146,Current,none,0.0629,state_VA (-0.60); current_status_Current (-0.30),APPROVE,0.892
LN000087,12,0.1252,0.2247,0.1052,0.5205,Current,none,0.0683,state_VA (-0.67); combined_risk_index (-0.43),APPROVE,0.895
LN000087,13,0.1202,0.2234,0.1038,0.5208,Current,none,0.0763,state_VA (-0.67); combined_risk_index (-0.43),APPROVE,0.896
LN000087,14,0.1176,0.2126,0.0987,0.5208,Current,none,0.0845,state_VA (-0.67); combined_risk_index (-0.43),APPROVE,0.901
LN000087,15,0.1081,0.1937,0.097,0.5202,Current,stale_record,0.1482,state_VA (-0.67); combined_risk_index (-0.43),APPROVE,0.903
LN000087,16,0.0996,0.1786,0.0955,0.5197,Current,none,0.1176,state_VA (-0.67); combined_risk_index (-0.43),APPROVE,0.904
LN000087,17,0.0903,0.1648,0.0935,0.5173,Prepaid,none,0.1326,state_VA (-0.67); combined_risk_index (-0.41),APPROVE,0.906
LN000087,18,0.0824,0.158,0.0939,0.5163,Current,stale_record,0.1927,state_VA (-0.67); combined_risk_index (-0.41),APPROVE,0.906
LN000087,19,0.0704,0.1441,0.0875,0.5163,Prepaid,stale_record,0.2098,state_VA (-0.67); combined_risk_index (-0.40),APPROVE,0.913
LN000087,20,0.0706,0.143,0.0833,0.5163,Prepaid,none,0.1912,state_VA (-0.65); combined_risk_index (-0.40),APPROVE,0.917
LN000087,21,0.0712,0.1506,0.0833,0.5166,Prepaid,stale_record,0.2798,state_VA (-0.65); combined_risk_index (-0.40),APPROVE,0.917
LN000087,22,0.0712,0.149,0.0832,0.5166,Prepaid,none,0.2342,state_VA (-0.65); month_index (-0.40),APPROVE,0.917
LN000087,23,0.071,0.148,0.0841,0.5155,Prepaid,none,0.2605,state_VA (-0.65); month_index (-0.39),APPROVE,0.916
LN000087,24,0.0692,0.1471,0.084,0.5151,Prepaid,none,0.2732,state_VA (-0.65); month_index (-0.39),APPROVE,0.916
LN000087,25,0.0692,0.1471,0.0827,0.5163,Prepaid,stale_record,0.3263,state_VA (-0.65); month_index (-0.39),APPROVE,0.917
LN000087,26,0.0683,0.1427,0.0826,0.5143,Prepaid,none,0.293,state_VA (-0.65); month_index (-0.39),APPROVE,0.917
LN000087,27,0.0711,0.1451,0.0976,0.5133,Prepaid,none,0.2969,state_VA (-0.65); month_index (-0.39),APPROVE,0.902
LN000087,28,0.0663,0.134,0.0826,0.5143,Prepaid,none,0.2969,state_VA (-0.65); month_index (-0.39),APPROVE,0.917
LN000087,29,0.0663,0.134,0.0824,0.514,Prepaid,none,0.2969,state_VA (-0.65); month_index (-0.39),APPROVE,0.918
LN000087,30,0.0664,0.134,0.0824,0.514,Prepaid,none,0.2977,state_VA (-0.65); month_index (-0.39),APPROVE,0.918
LN000087,31,0.0742,0.156,0.077,0.5211,Prepaid,data_entry_error,0.4523,state_VA (-0.63); month_index (-0.40),ESCALATE,0.923
LN000093,7,0.342,0.4456,0.1991,0.487,Prepaid,none,0.0604,combined_risk_index (+0.36); current_status_Current (-0.27),WATCH_LIST,0.801
LN000093,8,0.6414,0.6659,0.37,0.4481,Current,none,0.3195,current_status_Current (+1.16); combined_risk_index (+0.22),ESCALATE,0.63
LN000094,11,0.6554,0.6585,0.1478,0.5695,60DPD,stale_record,0.1502,current_status_Current (+1.25); combined_risk_index (-1.04),APPROVE,0.852
LN000094,12,0.1533,0.2838,0.1082,0.5797,Current,none,0.0364,state_CA (-0.33); current_status_Current (-0.29),APPROVE,0.892
LN000094,13,0.6049,0.621,0.1371,0.571,Current,none,0.2997,current_status_Current (+1.25); combined_risk_index (-1.03),APPROVE,0.863
LN000095,7,0.1439,0.2267,0.0826,0.5056,Current,none,0.0173,interest_rate (-0.70); original_balance (-0.53),APPROVE,0.917
LN000095,8,0.741,0.7375,0.2703,0.4536,Current,none,0.3563,current_status_Current (+1.55); interest_rate (-0.67),WATCH_LIST,0.73
LN000096,15,0.2146,0.2526,0.1325,0.5005,Current,none,0.0666,combined_risk_index (+0.33); current_balance (-0.27),APPROVE,0.867
LN000096,16,0.1973,0.2401,0.1301,0.5019,Current,stale_record,0.1246,combined_risk_index (+0.33); current_balance (-0.27),APPROVE,0.87
LN000096,17,0.1779,0.2031,0.1273,0.5003,Current,none,0.0966,combined_risk_index (+0.33); current_status_Current (-0.27),APPROVE,0.873
LN000096,18,0.1634,0.2023,0.1232,0.4984,Current,none,0.1146,combined_risk_index (+0.33); current_status_Current (-0.27),APPROVE,0.877
LN000096,19,0.0909,0.1525,0.0816,0.5085,Current,none,0.1336,current_status_Current (-0.32); property_type_Multi_Family (-0.28),APPROVE,0.918
LN000096,20,0.1187,0.1794,0.1042,0.4984,Current,none,0.1587,month_index (-0.48); combined_risk_index (+0.35),APPROVE,0.896
LN000096,21,0.1187,0.1924,0.1124,0.4981,Current,stale_record,0.2301,month_index (-0.48); combined_risk_index (+0.33),APPROVE,0.888
LN000096,22,0.1171,0.2074,0.1124,0.4981,Current,none,0.2049,month_index (-0.48); combined_risk_index (+0.33),APPROVE,0.888
LN000096,23,0.1185,0.2068,0.1128,0.4957,Current,none,0.2335,month_index (-0.48); combined_risk_index (+0.33),APPROVE,0.887
LN000099,9,0.6387,0.5833,0.141,0.4806,60DPD,none,0.0679,current_status_Current (+1.22); combined_risk_index (-0.60),APPROVE,0.859
LN000099,10,0.6406,0.5965,0.1428,0.4777,60DPD,none,0.0767,current_status_Current (+1.23); combined_risk_index (-0.59),APPROVE,0.857
LN000099,11,0.1082,0.2019,0.0712,0.5048,Current,none,0.0381,combined_risk_index (-0.77); ltv_risk_tier (-0.31),APPROVE,0.929
LN000099,12,0.1052,0.2013,0.0712,0.5058,Current,stale_record,0.088,combined_risk_index (-0.78); ltv_risk_tier (-0.31),APPROVE,0.929
LN000099,13,0.106,0.2034,0.071,0.5063,Current,stale_record,0.0939,combined_risk_index (-0.77); ltv_risk_tier (-0.31),APPROVE,0.929
LN000099,14,0.106,0.2062,0.0703,0.5058,Current,none,0.0568,combined_risk_index (-0.76); ltv_risk_tier (-0.31),APPROVE,0.93
LN000099,15,0.1048,0.2024,0.0705,0.5052,Current,none,0.0742,combined_risk_index (-0.76); ltv_risk_tier (-0.31),APPROVE,0.93
LN000099,16,0.5981,0.5855,0.1144,0.4751,Current,stale_record,0.3958,current_status_Current (+1.23); combined_risk_index (-0.60),APPROVE,0.886
LN000108,7,0.1825,0.2716,0.1117,0.5109,Current,none,0.0029,current_status_Current (-0.29); combined_risk_index (+0.24),APPROVE,0.888
LN000108,8,0.6502,0.6404,0.2589,0.4707,30DPD,none,0.0524,current_status_Current (+1.26); combined_risk_index (+0.18),WATCH_LIST,0.741
LN000108,9,0.6342,0.621,0.2404,0.4725,Current,none,0.2568,current_status_Current (+1.26); days_past_due (-0.17),WATCH_LIST,0.76
LN000111,17,0.1088,0.208,0.1084,0.5252,Current,none,0.0962,interest_rate (+0.47); state_CT (-0.27),APPROVE,0.892
LN000111,18,0.5968,0.6119,0.1916,0.4947,Current,none,0.4597,current_status_Current (+1.32); state_CT (-0.27),ESCALATE,0.808
LN000121,15,0.2058,0.3322,0.135,0.5118,Current,none,0.1002,current_balance (+0.26); original_balance (+0.25),APPROVE,0.865
LN000121,16,0.1871,0.3124,0.1329,0.5105,Current,none,0.1123,original_balance (+0.27); current_balance (+0.26),APPROVE,0.867
LN000121,17,0.1582,0.2852,0.1298,0.5059,Prepaid,none,0.1332,original_balance (+0.27); current_balance (+0.26),APPROVE,0.87
LN000121,18,0.1558,0.2448,0.1361,0.505,Current,none,0.1464,original_balance (+0.27); current_balance (+0.26),APPROVE,0.864
LN000121,19,0.1267,0.2212,0.1276,0.5052,Prepaid,none,0.1664,original_balance (+0.27); current_balance (+0.26),APPROVE,0.872
LN000121,20,0.1558,0.2419,0.106,0.5044,Current,suspicious_transition,0.3489,month_index (-0.31); current_balance (+0.28),APPROVE,0.894
LN000121,21,0.1317,0.2175,0.1062,0.5049,Current,stale_record,0.2679,month_index (-0.31); current_balance (+0.28),APPROVE,0.894
LN000121,22,0.561,0.5822,0.1499,0.4749,Current,none,0.4329,current_status_Current (+0.93); month_index (-0.32),ESCALATE,0.85
LN000127,18,0.0808,0.1499,0.0705,0.5391,Current,none,0.1493,combined_risk_index (-0.61); interest_rate (-0.49),APPROVE,0.93
LN000127,19,0.5297,0.5054,0.1072,0.5106,60DPD,stale_record,0.2557,current_status_Current (+1.21); interest_rate (-0.61),APPROVE,0.893
LN000127,20,0.0735,0.1285,0.0648,0.5391,Current,none,0.1863,combined_risk_index (-0.60); interest_rate (-0.47),APPROVE,0.935
LN000127,21,0.0713,0.1255,0.067,0.5455,Current,none,0.2142,interest_rate (-0.57); month_index (-0.47),APPROVE,0.933
LN000127,22,0.0703,0.129,0.0646,0.5389,Current,none,0.2347,combined_risk_index (-0.60); month_index (-0.47),APPROVE,0.935
LN000127,23,0.5255,0.5048,0.0897,0.5111,60DPD,none,0.3009,current_status_Current (+1.14); interest_rate (-0.62),APPROVE,0.91
LN000127,24,0.0692,0.1299,0.0646,0.5382,Current,none,0.2752,combined_risk_index (-0.60); interest_rate (-0.47),APPROVE,0.935
LN000127,25,0.0692,0.1299,0.0646,0.5382,Current,none,0.2823,combined_risk_index (-0.60); interest_rate (-0.47),APPROVE,0.935
LN000127,26,0.0695,0.1276,0.0644,0.5382,Current,none,0.2947,combined_risk_index (-0.60); interest_rate (-0.47),APPROVE,0.936
LN000127,27,0.0742,0.1364,0.069,0.5263,Current,none,0.3296,combined_risk_index (-0.51); month_index (-0.43),APPROVE,0.931
LN000127,28,0.0694,0.1258,0.0644,0.5382,Current,stale_record,0.3685,combined_risk_index (-0.60); interest_rate (-0.47),APPROVE,0.936
LN000127,29,0.0694,0.1258,0.0643,0.5379,Current,source_conflict,0.5035,combined_risk_index (-0.60); month_index (-0.47),ESCALATE,0.936
LN000127,30,0.0682,0.1279,0.0643,0.5381,Current,none,0.3017,combined_risk_index (-0.60); month_index (-0.47),APPROVE,0.936
LN000127,31,0.0682,0.1279,0.0643,0.5381,Current,none,0.301,combined_risk_index (-0.60); month_index (-0.47),APPROVE,0.936
LN000127,32,0.4362,0.436,0.108,0.4986,60DPD,none,0.3562,current_status_Current (+1.11); interest_rate (-0.59),APPROVE,0.892
LN000127,33,0.4979,0.5014,0.0889,0.5115,60DPD,none,0.3301,current_status_Current (+1.17); interest_rate (-0.61),APPROVE,0.911
LN000127,34,0.4979,0.5022,0.0889,0.5115,60DPD,none,0.3301,current_status_Current (+1.17); interest_rate (-0.61),APPROVE,0.911
LN000127,35,0.0689,0.132,0.0643,0.5382,Current,stale_record,0.3454,combined_risk_index (-0.60); month_index (-0.47),APPROVE,0.936
LN000127,36,0.0689,0.132,0.0643,0.5382,Current,none,0.3001,combined_risk_index (-0.60); month_index (-0.47),APPROVE,0.936
LN000131,6,0.1351,0.2453,0.1586,0.5073,Current,none,0.0466,current_status_Current (-0.31); monthly_interest_accrual (-0.28),WATCH_LIST,0.841
LN000131,7,0.1443,0.2465,0.159,0.5057,Current,none,0.046,current_status_Current (-0.31); monthly_interest_accrual (-0.28),WATCH_LIST,0.841
LN000131,8,0.1494,0.2475,0.1571,0.5059,Current,none,0.0476,current_status_Current (-0.31); monthly_interest_accrual (-0.28),WATCH_LIST,0.843
LN000131,9,0.1613,0.2522,0.146,0.5056,Current,none,0.0514,current_status_Current (-0.31); monthly_interest_accrual (-0.28),APPROVE,0.854
LN000131,10,0.1553,0.2498,0.1479,0.5107,Current,source_conflict,0.1973,current_status_Current (-0.32); monthly_interest_accrual (-0.29),APPROVE,0.852
LN000131,11,0.1497,0.2515,0.1427,0.5124,Current,none,0.0747,current_status_Current (-0.31); monthly_interest_accrual (-0.28),APPROVE,0.857
LN000131,12,0.1464,0.2568,0.1448,0.5137,Current,none,0.0803,current_status_Current (-0.31); monthly_interest_accrual (-0.29),APPROVE,0.855
LN000131,13,0.1361,0.2659,0.1347,0.5196,Current,none,0.0932,current_status_Current (-0.31); monthly_interest_accrual (-0.29),APPROVE,0.865
LN000131,14,0.1306,0.2581,0.1371,0.5195,Current,none,0.1034,current_status_Current (-0.29); seasoning_pct (-0.24),APPROVE,0.863
LN000131,15,0.125,0.248,0.1365,0.5193,Current,source_conflict,0.2528,current_status_Current (-0.27); seasoning_pct (-0.25),APPROVE,0.863
LN000131,16,0.1385,0.2279,0.1457,0.5108,Current,suspicious_transition,0.3511,current_status_Current (-0.40); seasoning_pct (-0.25),APPROVE,0.854
LN000131,17,0.1147,0.2112,0.1305,0.5117,Current,none,0.1579,current_status_Current (-0.27); seasoning_pct (-0.25),APPROVE,0.87
LN000131,18,0.0966,0.2041,0.1305,0.507,Current,none,0.1703,current_status_Current (-0.27); seasoning_pct (-0.27),APPROVE,0.87
LN000131,19,0.0972,0.1841,0.0961,0.5101,Current,none,0.223,seasoning_pct (-0.32); current_status_Current (-0.27),APPROVE,0.904
LN000131,20,0.0834,0.1837,0.1122,0.5067,Current,none,0.2127,month_index (-0.45); seasoning_pct (-0.35),APPROVE,0.888
LN000131,21,0.0834,0.1837,0.1133,0.5067,Current,none,0.2423,month_index (-0.45); seasoning_pct (-0.35),APPROVE,0.887
LN000131,22,0.0839,0.1951,0.1133,0.5067,Current,source_conflict,0.3983,month_index (-0.45); seasoning_pct (-0.35),APPROVE,0.887
LN000131,23,0.579,0.6423,0.2134,0.4721,Current,none,0.4723,current_status_Current (+1.17); month_index (-0.47),ESCALATE,0.787
LN000132,12,0.7607,0.757,0.3544,0.5184,Current,none,0.3874,current_status_Current (+1.33); interest_rate (-0.85),ESCALATE,0.646
LN000137,17,0.6118,0.6383,0.1465,0.511,Current,none,0.4,current_status_Current (+1.10); current_balance (-0.28),ESCALATE,0.854
LN000142,7,0.573,0.5966,0.2105,0.4756,Current,none,0.4429,current_status_Current (+1.13); combined_risk_index (+0.18),ESCALATE,0.79
LN000148,17,0.0818,0.2086,0.0582,0.4928,Prepaid,source_conflict,0.3239,combined_risk_index (-1.20); ltv_risk_tier (-0.90),APPROVE,0.942
LN000148,18,0.0759,0.1995,0.0582,0.4917,Prepaid,none,0.2016,combined_risk_index (-1.20); ltv_risk_tier (-0.90),APPROVE,0.942
LN000148,19,0.4414,0.5705,0.0654,0.4612,Current,none,0.4337,current_status_Current (+1.17); combined_risk_index (-1.13),ESCALATE,0.935
LN000151,9,0.7568,0.7442,0.3603,0.4386,Default,none,0.2018,current_status_Current (+1.02); ltv_risk_tier (-0.77),ESCALATE,0.64
LN000151,10,0.7498,0.7419,0.3601,0.437,Default,source_conflict,0.3474,current_status_Current (+1.03); ltv_risk_tier (-0.77),ESCALATE,0.64
LN000151,11,0.7343,0.73,0.3547,0.4502,Current,stale_record,0.4227,current_status_Current (+1.05); ltv_risk_tier (-0.63),ESCALATE,0.645
LN000157,9,0.733,0.7317,0.3247,0.4259,90DPD,stale_record,0.3146,current_status_Current (+0.84); ltv_risk_tier (-0.65),WATCH_LIST,0.675
LN000157,10,0.7376,0.7329,0.3216,0.4294,Current,none,0.4041,current_status_Current (+0.87); ltv_risk_tier (-0.60),ESCALATE,0.678
LN000160,10,0.1226,0.2024,0.0609,0.5195,Current,stale_record,0.0733,combined_risk_index (-0.88); interest_rate (-0.71),APPROVE,0.939
LN000160,11,0.5815,0.5688,0.0731,0.4828,Current,none,0.2891,current_status_Current (+1.00); interest_rate (-0.95),APPROVE,0.927
LN000161,12,0.1462,0.2864,0.0693,0.5496,Current,none,0.0879,state_OH (-0.85); interest_rate (+0.49),APPROVE,0.931
LN000161,13,0.138,0.2844,0.0689,0.5523,Current,none,0.0932,state_OH (-0.88); interest_rate (+0.51),APPROVE,0.931
LN000161,14,0.1367,0.2584,0.0678,0.5523,Current,none,0.1025,state_OH (-0.88); interest_rate (+0.51),APPROVE,0.932
LN000161,15,0.1276,0.2334,0.067,0.5522,Prepaid,none,0.125,state_OH (-0.88); interest_rate (+0.52),APPROVE,0.933
LN000161,16,0.1216,0.2095,0.0659,0.5508,Prepaid,none,0.1412,state_OH (-0.88); interest_rate (+0.51),APPROVE,0.934
LN000161,17,0.1131,0.1956,0.0656,0.5476,Current,none,0.1571,state_OH (-0.88); interest_rate (+0.51),APPROVE,0.934
LN000161,18,0.5328,0.559,0.0788,0.5247,30DPD,stale_record,0.2659,state_OH (-1.14); current_status_Current (+0.83),APPROVE,0.921
LN000161,19,0.0898,0.1666,0.0639,0.5467,Current,none,0.1894,state_OH (-0.88); interest_rate (+0.51),APPROVE,0.936
LN000161,20,0.0905,0.1617,0.0625,0.5467,Current,none,0.2161,state_OH (-0.84); interest_rate (+0.50),APPROVE,0.938
LN000161,21,0.0887,0.1703,0.0625,0.5464,Current,none,0.2336,state_OH (-0.84); interest_rate (+0.50),APPROVE,0.938
LN000161,22,0.0872,0.1807,0.0625,0.5464,Current,none,0.2546,state_OH (-0.84); interest_rate (+0.50),APPROVE,0.938
LN000161,23,0.0872,0.1992,0.063,0.5456,Current,none,0.2819,state_OH (-0.84); interest_rate (+0.50),APPROVE,0.937
LN000161,24,0.0867,0.1992,0.063,0.5445,Current,none,0.2922,state_OH (-0.84); interest_rate (+0.50),APPROVE,0.937
LN000162,15,0.5331,0.5254,0.1622,0.4997,60DPD,none,0.2126,current_status_Current (+0.81); interest_rate (-0.57),WATCH_LIST,0.838
LN000162,16,0.7246,0.6921,0.2614,0.4855,30DPD,none,0.2703,current_status_Current (+1.08); interest_rate (-0.45),WATCH_LIST,0.739
LN000162,17,0.7232,0.7035,0.3218,0.4774,Default,none,0.3174,current_status_Current (+1.17); interest_rate (-0.46),WATCH_LIST,0.678
LN000162,18,0.7267,0.7036,0.3218,0.4771,60DPD,none,0.3247,current_status_Current (+1.17); interest_rate (-0.46),WATCH_LIST,0.678
LN000162,19,0.7284,0.7064,0.3073,0.4771,60DPD,none,0.3372,current_status_Current (+1.21); interest_rate (-0.46),WATCH_LIST,0.693
LN000162,20,0.7262,0.6982,0.2567,0.4816,Current,none,0.4662,current_status_Current (+1.18); interest_rate (-0.46),ESCALATE,0.743
LN000166,9,0.1271,0.2433,0.0919,0.5452,Current,none,0.0744,loan_purpose_Refinance_NoCashout (-0.48); current_status_Current (-0.30),APPROVE,0.908
LN000166,10,0.1142,0.2354,0.0855,0.546,Prepaid,none,0.0838,loan_purpose_Refinance_NoCashout (-0.48); current_status_Current (-0.30),APPROVE,0.914
LN000166,11,0.5088,0.5743,0.2199,0.5041,Current,none,0.3272,current_status_Current (+1.27); loan_purpose_Refinance_NoCashout (-0.31),WATCH_LIST,0.78
LN000167,24,0.1084,0.2183,0.0705,0.4761,Current,none,0.2572,ltv_risk_tier (-0.66); month_index (-0.52),APPROVE,0.929
LN000169,26,0.1042,0.2176,0.0704,0.4767,Current,none,0.2761,month_index (-0.47); interest_rate (-0.45),APPROVE,0.93
LN000169,27,0.1042,0.2137,0.0704,0.4767,Current,none,0.283,month_index (-0.47); interest_rate (-0.45),APPROVE,0.93
LN000169,28,0.1042,0.2137,0.0704,0.4767,Current,none,0.283,month_index (-0.47); interest_rate (-0.45),APPROVE,0.93
LN000169,29,0.1044,0.2137,0.07,0.4765,Current,source_conflict,0.418,month_index (-0.47); interest_rate (-0.46),ESCALATE,0.93
LN000169,30,0.1036,0.2188,0.07,0.4765,Current,none,0.2846,month_index (-0.47); interest_rate (-0.46),APPROVE,0.93
LN000169,31,0.6599,0.6503,0.1227,0.453,60DPD,none,0.3102,current_status_Current (+1.30); interest_rate (-0.48),APPROVE,0.877
LN000169,32,0.7147,0.7152,0.1569,0.4376,60DPD,source_conflict,0.4725,current_status_Current (+1.66); month_index (-0.45),ESCALATE,0.843
LN000169,33,0.7162,0.7155,0.1552,0.4374,60DPD,none,0.3375,current_status_Current (+1.66); month_index (-0.45),WATCH_LIST,0.845
LN000169,34,0.7036,0.707,0.2184,0.4374,Current,none,0.4639,current_status_Current (+1.73); month_index (-0.45),ESCALATE,0.782
LN000180,7,0.74,0.7312,0.4013,0.4691,Current,none,0.3715,current_status_Current (+1.35); state_MO (-0.65),ESCALATE,0.599
LN000186,17,0.092,0.1449,0.0631,0.5024,Current,none,0.1632,interest_rate (-0.69); state_IL (-0.44),APPROVE,0.937
LN000186,18,0.0912,0.1383,0.0576,0.494,Current,stale_record,0.2245,interest_rate (-0.75); combined_risk_index (-0.70),APPROVE,0.942
LN000186,19,0.0787,0.137,0.0583,0.5074,Current,none,0.2133,combined_risk_index (-0.72); interest_rate (-0.65),APPROVE,0.942
LN000186,20,0.0712,0.1256,0.057,0.4949,Current,none,0.2192,interest_rate (-0.75); combined_risk_index (-0.68),APPROVE,0.943
LN000186,21,0.0805,0.1374,0.0578,0.5072,Current,none,0.2601,combined_risk_index (-0.72); interest_rate (-0.65),APPROVE,0.942
LN000186,22,0.0746,0.1309,0.0571,0.4947,Current,none,0.2625,interest_rate (-0.75); combined_risk_index (-0.68),APPROVE,0.943
LN000186,23,0.0749,0.1312,0.0573,0.4937,Current,none,0.2905,interest_rate (-0.76); combined_risk_index (-0.68),APPROVE,0.943
LN000186,24,0.0966,0.1482,0.0574,0.4964,Current,suspicious_transition,0.4448,interest_rate (-0.76); combined_risk_index (-0.68),ESCALATE,0.943
LN000186,25,0.0754,0.1309,0.0573,0.4959,Prepaid,none,0.3083,interest_rate (-0.76); combined_risk_index (-0.68),APPROVE,0.943
LN000186,26,0.0751,0.1291,0.0573,0.4938,Prepaid,none,0.3174,interest_rate (-0.76); combined_risk_index (-0.68),APPROVE,0.943
LN000186,27,0.0745,0.1293,0.0573,0.4938,Prepaid,none,0.3211,interest_rate (-0.76); combined_risk_index (-0.68),APPROVE,0.943
LN000186,28,0.0745,0.1293,0.0573,0.4934,Prepaid,stale_record,0.3661,interest_rate (-0.76); combined_risk_index (-0.68),APPROVE,0.943
LN000186,29,0.0745,0.1293,0.0573,0.4931,Prepaid,none,0.3211,interest_rate (-0.75); combined_risk_index (-0.68),APPROVE,0.943
LN000186,30,0.0735,0.1293,0.0573,0.4931,Prepaid,none,0.3219,interest_rate (-0.75); combined_risk_index (-0.68),APPROVE,0.943
LN000187,12,0.1916,0.264,0.0971,0.5134,Prepaid,none,0.1288,state_FL (-0.60); current_balance (-0.37),APPROVE,0.903
LN000187,13,0.1463,0.2772,0.0933,0.5204,Prepaid,none,0.1405,state_FL (-0.56); current_balance (-0.37),APPROVE,0.907
LN000187,14,0.1601,0.2419,0.0924,0.5199,Prepaid,none,0.1544,state_FL (-0.52); current_balance (-0.37),APPROVE,0.908
LN000187,15,0.1539,0.2258,0.0912,0.5208,Prepaid,none,0.1676,state_FL (-0.52); current_balance (-0.37),APPROVE,0.909
LN000187,16,0.1454,0.2089,0.0904,0.5203,Prepaid,none,0.1939,state_FL (-0.52); current_balance (-0.37),APPROVE,0.91
LN000187,17,0.1385,0.2036,0.089,0.5183,Prepaid,none,0.2126,state_FL (-0.52); current_balance (-0.37),APPROVE,0.911
LN000187,18,0.1298,0.1958,0.089,0.5163,Prepaid,none,0.2254,state_FL (-0.52); current_balance (-0.37),APPROVE,0.911
LN000187,19,0.1017,0.1758,0.0836,0.516,Prepaid,none,0.2466,state_FL (-0.52); current_balance (-0.37),APPROVE,0.916
LN000187,20,0.1009,0.1707,0.0802,0.516,Prepaid,none,0.2681,state_FL (-0.52); month_index (-0.51),APPROVE,0.92
LN000187,21,0.1009,0.1733,0.0802,0.518,Prepaid,stale_record,0.3354,state_FL (-0.52); month_index (-0.51),APPROVE,0.92
LN000187,22,0.5133,0.5428,0.1126,0.5138,60DPD,none,0.3356,current_status_Current (+1.04); state_FL (-0.51),APPROVE,0.887
LN000187,23,0.1025,0.1838,0.0802,0.5181,Prepaid,none,0.323,state_FL (-0.52); month_index (-0.51),APPROVE,0.92
LN000187,24,0.1025,0.1838,0.0802,0.5181,Prepaid,source_conflict,0.468,state_FL (-0.52); month_index (-0.51),ESCALATE,0.92
LN000187,25,0.1047,0.2055,0.0855,0.5063,Current,stale_record,0.4029,month_index (-0.48); ltv_risk_tier (-0.33),ESCALATE,0.914
LN000187,26,0.1045,0.1818,0.0802,0.5178,Prepaid,none,0.3435,state_FL (-0.52); month_index (-0.51),APPROVE,0.92
LN000187,27,0.1078,0.2012,0.0808,0.5055,Current,none,0.4435,state_FL (-0.44); month_index (-0.39),ESCALATE,0.919
LN000187,28,0.1023,0.1818,0.0802,0.5163,Prepaid,none,0.3452,state_FL (-0.52); month_index (-0.51),APPROVE,0.92
LN000187,29,0.1023,0.1818,0.0802,0.5163,Prepaid,none,0.3452,state_FL (-0.52); month_index (-0.51),APPROVE,0.92
LN000187,30,0.1023,0.1818,0.0802,0.5163,Prepaid,none,0.3447,state_FL (-0.52); month_index (-0.51),APPROVE,0.92
LN000187,31,0.1023,0.1818,0.0813,0.5092,Prepaid,none,0.345,state_FL (-0.52); month_index (-0.51),APPROVE,0.919
LN000187,32,0.1023,0.1818,0.0813,0.5088,Prepaid,none,0.345,state_FL (-0.52); month_index (-0.51),APPROVE,0.919
LN000187,33,0.1023,0.1818,0.0813,0.5088,Prepaid,none,0.345,state_FL (-0.52); month_index (-0.51),APPROVE,0.919
LN000187,34,0.1027,0.1818,0.0813,0.5032,Prepaid,none,0.345,state_FL (-0.52); month_index (-0.51),APPROVE,0.919
LN000195,6,0.1554,0.2958,0.1046,0.5007,Prepaid,source_conflict,0.1496,ltv_risk_tier (-0.55); interest_rate (-0.40),APPROVE,0.895
LN000195,7,0.1613,0.2851,0.103,0.501,Current,none,0.013,ltv_risk_tier (-0.55); interest_rate (-0.42),APPROVE,0.897
LN000195,8,0.1555,0.2748,0.1005,0.5035,Current,none,0.0147,ltv_risk_tier (-0.55); interest_rate (-0.46),APPROVE,0.899
LN000195,9,0.1543,0.2725,0.0986,0.5039,Current,none,0.0174,ltv_risk_tier (-0.56); interest_rate (-0.48),APPROVE,0.901
LN000195,10,0.5262,0.527,0.2167,0.4689,Current,none,0.2824,current_status_Current (+1.01); ltv_risk_tier (-0.76),WATCH_LIST,0.783
LN000196,6,0.1642,0.2412,0.162,0.5422,Current,none,0.0656,original_balance (-0.63); current_balance (+0.34),WATCH_LIST,0.838
LN000196,7,0.1655,0.2451,0.159,0.5397,Prepaid,none,0.0658,original_balance (-0.63); current_balance (+0.34),WATCH_LIST,0.841
LN000196,8,0.2218,0.2548,0.1482,0.5332,Current,stale_record,0.3194,original_balance (-0.65); current_status_Current (-0.31),APPROVE,0.852
LN000196,9,0.1695,0.2496,0.1718,0.5353,Prepaid,stale_record,0.1167,original_balance (-0.53); current_balance (+0.35),WATCH_LIST,0.828
LN000196,10,0.1967,0.2301,0.1538,0.5313,Current,stale_record,0.1387,original_balance (-0.94); current_status_Current (-0.22),WATCH_LIST,0.846
LN000196,11,0.1687,0.2472,0.1691,0.5299,Prepaid,stale_record,0.1365,original_balance (-0.56); current_balance (+0.37),WATCH_LIST,0.831
LN000196,12,0.1639,0.2521,0.1717,0.5205,Prepaid,none,0.0958,original_balance (-0.50); current_balance (+0.35),WATCH_LIST,0.828
LN000196,13,0.1842,0.25,0.1698,0.5217,Prepaid,none,0.1011,original_balance (-0.50); current_balance (+0.35),WATCH_LIST,0.83
LN000196,14,0.1743,0.2347,0.1592,0.5217,Prepaid,none,0.1121,original_balance (-0.46); current_balance (+0.35),WATCH_LIST,0.841
LN000196,15,0.1606,0.2179,0.165,0.5206,Prepaid,data_entry_error,0.3176,original_balance (-0.40); current_balance (+0.35),WATCH_LIST,0.835
LN000196,16,0.1928,0.2641,0.1738,0.4891,Prepaid,none,0.2798,current_balance (+0.34); interest_rate (-0.25),WATCH_LIST,0.826
LN000196,17,0.1455,0.1957,0.1447,0.5138,Prepaid,none,0.1605,original_balance (-0.42); current_balance (+0.35),APPROVE,0.855
LN000196,18,0.1418,0.1957,0.1418,0.5131,Prepaid,stale_record,0.2197,original_balance (-0.42); current_balance (+0.35),APPROVE,0.858
LN000196,19,0.1248,0.1827,0.1237,0.5131,Prepaid,none,0.1955,original_balance (-0.41); current_balance (+0.35),APPROVE,0.876
LN000196,20,0.1276,0.1787,0.108,0.5122,Prepaid,none,0.2214,original_balance (-0.38); current_balance (+0.37),APPROVE,0.892
LN000196,21,0.1276,0.1798,0.108,0.5116,Prepaid,none,0.2453,original_balance (-0.38); current_balance (+0.37),APPROVE,0.892
LN000196,22,0.1241,0.1837,0.108,0.5116,Prepaid,none,0.2656,original_balance (-0.38); current_balance (+0.37),APPROVE,0.892
LN000196,23,0.6894,0.6626,0.2609,0.4545,Default,none,0.3763,current_status_Current (+1.42); original_balance (-0.54),WATCH_LIST,0.739
LN000196,24,0.6767,0.6455,0.1772,0.4661,60DPD,none,0.3519,current_status_Current (+1.28); original_balance (-0.50),WATCH_LIST,0.823
LN000196,25,0.4708,0.5074,0.1266,0.4853,60DPD,none,0.3319,current_status_Current (+0.97); original_balance (-0.62),APPROVE,0.873
LN000196,26,0.1038,0.1802,0.1028,0.5139,Prepaid,none,0.3189,current_balance (+0.37); original_balance (-0.37),APPROVE,0.897
LN000196,27,0.1038,0.1792,0.1028,0.5139,Prepaid,none,0.3263,current_balance (+0.37); original_balance (-0.37),APPROVE,0.897
LN000196,28,0.099,0.1617,0.0792,0.5118,Current,data_entry_error,0.425,original_balance (-0.74); month_index (-0.29),ESCALATE,0.921
LN000196,29,0.1038,0.1787,0.1007,0.5137,Prepaid,none,0.3263,original_balance (-0.37); current_balance (+0.36),APPROVE,0.899
LN000196,30,0.1041,0.1787,0.1007,0.5137,Prepaid,none,0.3271,original_balance (-0.37); current_balance (+0.36),APPROVE,0.899
LN000196,31,0.1041,0.1787,0.1007,0.5137,Prepaid,none,0.326,original_balance (-0.37); current_balance (+0.36),APPROVE,0.899
LN000196,32,0.1049,0.1821,0.1007,0.5137,Prepaid,none,0.326,original_balance (-0.37); current_balance (+0.36),APPROVE,0.899
LN000204,13,0.2393,0.3973,0.1264,0.5133,Current,source_conflict,0.2279,interest_rate (-0.33); current_status_Current (-0.28),APPROVE,0.874
LN000204,14,0.2365,0.3702,0.1146,0.5122,Current,stale_record,0.0988,interest_rate (-0.34); current_status_Current (-0.29),APPROVE,0.885
LN000204,15,0.2414,0.3489,0.1112,0.5113,Current,none,0.0701,interest_rate (-0.33); current_status_Current (-0.29),APPROVE,0.889
LN000204,16,0.2341,0.3237,0.106,0.5088,Current,none,0.0835,interest_rate (-0.33); current_status_Current (-0.29),APPROVE,0.894
LN000204,17,0.2011,0.2659,0.1017,0.5059,Current,none,0.0982,interest_rate (-0.32); current_status_Current (-0.29),APPROVE,0.898
LN000204,18,0.1632,0.2552,0.0976,0.5071,Current,none,0.1168,current_status_Current (-0.29); interest_rate (-0.26),APPROVE,0.902
LN000204,19,0.1614,0.2383,0.0966,0.4973,Current,suspicious_transition,0.3485,current_status_Current (-0.41); interest_rate (-0.31),APPROVE,0.903
LN000204,20,0.1097,0.1765,0.0854,0.5102,Current,none,0.299,month_index (-0.36); current_status_Current (-0.31),APPROVE,0.915
LN000204,21,0.1395,0.2116,0.083,0.5039,Current,none,0.1819,month_index (-0.48); interest_rate (-0.32),APPROVE,0.917
LN000204,22,0.165,0.2486,0.0924,0.4924,Current,none,0.2101,month_index (-0.47); combined_risk_index (+0.36),APPROVE,0.908
LN000204,23,0.1384,0.2462,0.0864,0.499,Current,stale_record,0.3209,month_index (-0.44); interest_rate (-0.29),APPROVE,0.914
LN000207,9,0.1347,0.2099,0.074,0.5043,Prepaid,none,0.0772,original_balance (-0.30); ltv_risk_tier (-0.30),APPROVE,0.926
LN000207,10,0.1176,0.2084,0.0708,0.5056,Prepaid,none,0.0867,original_balance (-0.31); ltv_risk_tier (-0.30),APPROVE,0.929
LN000207,11,0.1467,0.2277,0.0707,0.5046,Prepaid,none,0.0988,original_balance (-0.31); ltv_risk_tier (-0.30),APPROVE,0.929
LN000207,12,0.1718,0.2373,0.0707,0.5046,Prepaid,none,0.1024,original_balance (-0.31); ltv_risk_tier (-0.30),APPROVE,0.929
LN000207,13,0.157,0.2535,0.07,0.5025,Prepaid,none,0.1123,original_balance (-0.31); seasoning_pct (-0.30),APPROVE,0.93
LN000207,14,0.1615,0.2605,0.0691,0.4991,Prepaid,stale_record,0.1695,original_balance (-0.32); seasoning_pct (-0.30),APPROVE,0.931
LN000207,15,0.1798,0.259,0.068,0.4976,Prepaid,none,0.1459,seasoning_pct (-0.38); original_balance (-0.32),APPROVE,0.932
LN000207,16,0.1983,0.2882,0.0678,0.4957,Prepaid,none,0.1636,seasoning_pct (-0.38); original_balance (-0.32),APPROVE,0.932
LN000207,17,0.1932,0.3154,0.0674,0.493,Prepaid,none,0.1868,seasoning_pct (-0.38); original_balance (-0.32),APPROVE,0.933
LN000207,18,0.2051,0.3005,0.0677,0.4921,Prepaid,none,0.2003,seasoning_pct (-0.38); original_balance (-0.32),APPROVE,0.932
LN000207,19,0.2198,0.2701,0.0659,0.4921,Prepaid,none,0.2236,seasoning_pct (-0.38); original_balance (-0.32),APPROVE,0.934
LN000210,7,0.151,0.3431,0.2153,0.5517,Prepaid,none,0.0576,monthly_interest_accrual (-0.52); combined_risk_index (+0.26),WATCH_LIST,0.785
LN000210,8,0.1957,0.4481,0.2139,0.5183,Prepaid,none,0.226,interest_rate (-0.33); current_status_Current (-0.26),WATCH_LIST,0.786
LN000210,9,0.1592,0.332,0.1806,0.5522,Prepaid,none,0.0702,monthly_interest_accrual (-0.48); combined_risk_index (+0.28),WATCH_LIST,0.819
LN000210,10,0.57,0.6642,0.32,0.4746,30DPD,none,0.2889,current_status_Current (+1.10); state_FL (-0.16),WATCH_LIST,0.68
LN000210,11,0.1458,0.3662,0.1618,0.5535,Prepaid,none,0.0875,monthly_interest_accrual (-0.46); combined_risk_index (+0.28),WATCH_LIST,0.838
LN000210,12,0.5158,0.6105,0.2501,0.5144,30DPD,none,0.1415,current_status_Current (+1.08); monthly_interest_accrual (-0.46),WATCH_LIST,0.75
LN000210,13,0.6641,0.6663,0.328,0.5004,90DPD,none,0.2022,current_status_Current (+1.24); monthly_interest_accrual (-0.54),WATCH_LIST,0.672
LN000210,14,0.6913,0.6838,0.3522,0.5027,Current,stale_record,0.4741,current_status_Current (+1.30); monthly_interest_accrual (-0.56),ESCALATE,0.648
LN000211,8,0.1913,0.2873,0.0681,0.4683,Current,none,0.1636,combined_risk_index (-1.55); ltv_risk_tier (-0.70),APPROVE,0.932
LN000211,9,0.2362,0.2978,0.0758,0.4707,Current,none,0.1694,combined_risk_index (-1.10); ltv_risk_tier (-0.75),APPROVE,0.924
LN000211,10,0.2073,0.315,0.0702,0.4789,Current,none,0.1843,combined_risk_index (-1.55); ltv_risk_tier (-0.71),APPROVE,0.93
LN000211,11,0.2443,0.3498,0.0878,0.4959,Current,none,0.1927,combined_risk_index (-1.03); original_balance (+0.46),APPROVE,0.912
LN000211,12,0.2531,0.3855,0.0699,0.489,Current,stale_record,0.276,combined_risk_index (-1.53); ltv_risk_tier (-0.72),APPROVE,0.93
LN000211,13,0.3312,0.388,0.2042,0.5202,Prepaid,stale_record,0.2604,original_balance (+0.69); monthly_interest_accrual (+0.35),WATCH_LIST,0.796
LN000211,14,0.2462,0.3444,0.0704,0.4907,Prepaid,none,0.2238,combined_risk_index (-1.51); ltv_risk_tier (-0.71),APPROVE,0.93
LN000211,15,0.5781,0.5794,0.0833,0.4717,Current,none,0.4499,combined_risk_index (-1.43); ltv_risk_tier (-0.86),ESCALATE,0.917
LN000218,7,0.149,0.1971,0.073,0.5713,Current,none,0.0691,interest_rate (-0.90); state_MN (-0.52),APPROVE,0.927
LN000218,8,0.1489,0.1934,0.0725,0.5743,Current,none,0.0733,interest_rate (-0.90); state_MN (-0.52),APPROVE,0.928
LN000218,9,0.1495,0.1987,0.0736,0.5743,Current,none,0.0782,interest_rate (-0.90); state_MN (-0.52),APPROVE,0.926
LN000218,10,0.1425,0.2025,0.074,0.5754,Current,none,0.0908,interest_rate (-0.90); state_MN (-0.52),APPROVE,0.926
LN000218,11,0.1639,0.2464,0.0679,0.5632,Current,data_entry_error,0.2499,interest_rate (-0.87); state_MN (-0.53),APPROVE,0.932
LN000218,12,0.4777,0.4809,0.0978,0.5582,Current,stale_record,0.4157,current_status_Current (+1.03); interest_rate (-0.99),ESCALATE,0.902
LN000219,15,0.1106,0.2503,0.0612,0.4594,Current,none,0.0791,combined_risk_index (-1.04); ltv_risk_tier (-0.82),APPROVE,0.939
LN000219,16,0.1127,0.2333,0.0608,0.4601,Current,none,0.0945,combined_risk_index (-1.05); ltv_risk_tier (-0.82),APPROVE,0.939
LN000219,17,0.1037,0.2138,0.06,0.4581,Current,none,0.1108,combined_risk_index (-1.03); ltv_risk_tier (-0.80),APPROVE,0.94
LN000219,18,0.5677,0.6253,0.0655,0.4349,30DPD,none,0.1799,combined_risk_index (-1.00); ltv_risk_tier (-0.86),APPROVE,0.934
LN000219,19,0.0752,0.1736,0.059,0.4576,Current,none,0.1425,combined_risk_index (-1.02); ltv_risk_tier (-0.80),APPROVE,0.941
LN000219,20,0.0719,0.1504,0.0588,0.47,Current,none,0.1701,combined_risk_index (-0.92); interest_rate (-0.70),APPROVE,0.941
LN000219,21,0.0764,0.1724,0.0585,0.4574,Current,none,0.1946,combined_risk_index (-1.01); ltv_risk_tier (-0.78),APPROVE,0.942
LN000219,22,0.076,0.1784,0.0585,0.4574,Current,none,0.2215,combined_risk_index (-1.01); ltv_risk_tier (-0.78),APPROVE,0.942
LN000219,23,0.0758,0.1781,0.0588,0.4558,Current,none,0.2498,combined_risk_index (-1.01); ltv_risk_tier (-0.78),APPROVE,0.941
LN000219,24,0.0751,0.1781,0.0588,0.4577,Current,none,0.2628,combined_risk_index (-1.01); ltv_risk_tier (-0.78),APPROVE,0.941
LN000219,25,0.0749,0.1798,0.0588,0.4577,Current,none,0.2715,combined_risk_index (-1.01); ltv_risk_tier (-0.78),APPROVE,0.941
LN000219,26,0.0758,0.1753,0.0587,0.4584,Current,none,0.284,combined_risk_index (-0.99); ltv_risk_tier (-0.78),APPROVE,0.941
LN000219,27,0.0758,0.1749,0.0587,0.4602,Current,none,0.2911,combined_risk_index (-0.99); ltv_risk_tier (-0.78),APPROVE,0.941
LN000219,28,0.0758,0.1749,0.0585,0.4602,Current,none,0.2911,combined_risk_index (-0.99); ltv_risk_tier (-0.78),APPROVE,0.941
LN000219,29,0.0758,0.1722,0.0584,0.46,Current,none,0.2911,combined_risk_index (-0.99); ltv_risk_tier (-0.78),APPROVE,0.942
LN000219,30,0.075,0.1722,0.0584,0.46,Current,none,0.2918,combined_risk_index (-0.99); ltv_risk_tier (-0.78),APPROVE,0.942
LN000219,31,0.075,0.1722,0.0584,0.46,Current,none,0.2926,combined_risk_index (-1.01); ltv_risk_tier (-0.78),APPROVE,0.942
LN000219,32,0.522,0.5936,0.0617,0.4362,60DPD,source_conflict,0.502,combined_risk_index (-0.95); ltv_risk_tier (-0.84),ESCALATE,0.938
LN000220,9,0.1275,0.2826,0.089,0.5712,Prepaid,source_conflict,0.2359,original_balance (-0.83); interest_rate (-0.51),APPROVE,0.911
LN000220,10,0.1221,0.2779,0.0907,0.5725,Prepaid,none,0.1077,original_balance (-0.84); interest_rate (-0.49),APPROVE,0.909
LN000220,11,0.118,0.2686,0.0911,0.5779,Prepaid,source_conflict,0.2564,original_balance (-0.83); interest_rate (-0.48),APPROVE,0.909
LN000220,12,0.1204,0.2681,0.091,0.5805,Prepaid,none,0.1269,original_balance (-0.82); interest_rate (-0.49),APPROVE,0.909
LN000220,13,0.159,0.3217,0.1437,0.5591,Prepaid,none,0.2548,credit_risk_tier (+0.43); current_balance (+0.38),APPROVE,0.856
LN000220,14,0.0963,0.2534,0.0912,0.5815,Current,none,0.1455,original_balance (-0.83); interest_rate (-0.46),APPROVE,0.909
LN000220,15,0.0933,0.2411,0.0913,0.5816,Prepaid,none,0.1629,original_balance (-0.83); interest_rate (-0.46),APPROVE,0.909
LN000220,16,0.096,0.2333,0.0892,0.5809,Current,stale_record,0.2152,original_balance (-0.82); interest_rate (-0.46),APPROVE,0.911
LN000220,17,0.1065,0.2312,0.0889,0.5789,Prepaid,suspicious_transition,0.351,original_balance (-0.83); interest_rate (-0.45),APPROVE,0.911
LN000220,18,0.0965,0.2048,0.0878,0.5793,Current,none,0.2008,original_balance (-0.82); interest_rate (-0.45),APPROVE,0.912
LN000220,19,0.1137,0.1658,0.0787,0.5748,Current,none,0.2349,original_balance (-1.29); interest_rate (-0.32),APPROVE,0.921
LN000220,20,0.0945,0.1636,0.0685,0.5847,Current,none,0.2445,original_balance (-1.22); combined_risk_index (+0.38),APPROVE,0.932
LN000220,21,0.4354,0.4706,0.0902,0.5575,Current,none,0.463,original_balance (-1.03); current_status_Current (+0.94),ESCALATE,0.91
LN000230,7,0.7347,0.7438,0.3399,0.4409,90DPD,none,0.1113,current_status_Current (+1.14); state_MN (-0.28),WATCH_LIST,0.66
LN000230,8,0.7223,0.728,0.3459,0.4388,90DPD,stale_record,0.1609,current_status_Current (+1.14); state_MN (-0.28),WATCH_LIST,0.654
LN000230,9,0.7478,0.7495,0.4116,0.4268,Default,none,0.1717,current_status_Current (+1.25); current_status_90DPD (+0.37),ESCALATE,0.588
LN000230,10,0.626,0.6528,0.2785,0.4676,Current,none,0.2931,current_status_Current (+0.97); interest_rate (+0.30),WATCH_LIST,0.721
LN000233,17,0.6319,0.5616,0.1843,0.4533,30DPD,none,0.155,current_status_Current (+1.20); monthly_interest_accrual (-0.50),WATCH_LIST,0.816
LN000233,18,0.6392,0.5769,0.1775,0.4531,30DPD,none,0.1685,current_status_Current (+1.20); monthly_interest_accrual (-0.52),WATCH_LIST,0.822
LN000233,19,0.1258,0.2268,0.0781,0.4765,Current,none,0.1373,monthly_interest_accrual (-0.51); interest_rate (-0.32),APPROVE,0.922
LN000238,11,0.2344,0.3156,0.0761,0.4927,Current,none,0.0989,current_status_Current (-0.31); remaining_term_months (-0.23),APPROVE,0.924
LN000238,12,0.2578,0.3087,0.0836,0.4978,Current,none,0.1021,current_status_Current (-0.31); combined_risk_index (-0.29),APPROVE,0.916
LN000238,13,0.2195,0.2714,0.0725,0.4992,Prepaid,none,0.119,combined_risk_index (-0.49); current_status_Current (-0.31),APPROVE,0.928
LN000238,14,0.2073,0.2533,0.0721,0.4991,Prepaid,stale_record,0.1726,combined_risk_index (-0.49); current_status_Current (-0.30),APPROVE,0.928
LN000238,15,0.1744,0.2284,0.0716,0.4989,Prepaid,none,0.1399,combined_risk_index (-0.49); current_status_Current (-0.30),APPROVE,0.928
LN000238,16,0.1532,0.2107,0.0708,0.4996,Prepaid,none,0.1587,combined_risk_index (-0.49); current_status_Current (-0.30),APPROVE,0.929
LN000238,17,0.1511,0.2091,0.0712,0.4901,Prepaid,none,0.1735,current_status_Current (-0.29); remaining_term_months (-0.24),APPROVE,0.929
LN000238,18,0.1378,0.1985,0.0704,0.4961,Current,stale_record,0.2295,combined_risk_index (-0.49); current_status_Current (-0.29),APPROVE,0.93
LN000238,19,0.1209,0.1756,0.0686,0.4961,Prepaid,none,0.2015,combined_risk_index (-0.49); current_status_Current (-0.30),APPROVE,0.931
LN000238,20,0.1233,0.1725,0.0663,0.4961,Prepaid,stale_record,0.2707,combined_risk_index (-0.49); month_index (-0.46),APPROVE,0.934
LN000238,21,0.1233,0.1749,0.0663,0.4961,Prepaid,none,0.2533,combined_risk_index (-0.49); month_index (-0.46),APPROVE,0.934
LN000238,22,0.1243,0.1862,0.0663,0.4961,Prepaid,none,0.273,combined_risk_index (-0.49); month_index (-0.46),APPROVE,0.934
LN000238,23,0.1273,0.1906,0.0666,0.495,Prepaid,none,0.2935,combined_risk_index (-0.48); month_index (-0.46),APPROVE,0.933
LN000238,24,0.1273,0.1906,0.0666,0.495,Prepaid,none,0.3049,combined_risk_index (-0.48); month_index (-0.46),APPROVE,0.933
LN000238,25,0.1273,0.1887,0.0666,0.495,Prepaid,none,0.3136,combined_risk_index (-0.48); month_index (-0.46),APPROVE,0.933
LN000238,26,0.1295,0.1873,0.0666,0.4952,Prepaid,none,0.3162,combined_risk_index (-0.48); month_index (-0.46),APPROVE,0.933
LN000238,27,0.1295,0.1873,0.0666,0.4952,Prepaid,none,0.3182,combined_risk_index (-0.48); month_index (-0.46),APPROVE,0.933
LN000238,28,0.6565,0.5586,0.114,0.47,60DPD,none,0.3411,current_status_Current (+1.28); month_index (-0.45),APPROVE,0.886
LN000238,29,0.6565,0.5586,0.114,0.47,60DPD,none,0.3411,current_status_Current (+1.28); month_index (-0.45),APPROVE,0.886
LN000238,30,0.1295,0.1873,0.0666,0.4952,Prepaid,none,0.3188,combined_risk_index (-0.48); month_index (-0.46),APPROVE,0.933
LN000239,16,0.1595,0.3061,0.1524,0.4913,Current,none,0.0945,combined_risk_index (+0.34); interest_rate (-0.26),WATCH_LIST,0.848
LN000239,17,0.1502,0.3014,0.1496,0.4901,Current,none,0.1085,combined_risk_index (+0.34); interest_rate (-0.27),APPROVE,0.85
LN000239,18,0.1431,0.2954,0.1485,0.4891,Current,none,0.1279,combined_risk_index (+0.34); interest_rate (-0.27),APPROVE,0.852
LN000239,19,0.1297,0.2607,0.1309,0.489,Current,none,0.1493,combined_risk_index (+0.35); interest_rate (-0.27),APPROVE,0.869
LN000239,20,0.1277,0.2493,0.1143,0.489,Current,stale_record,0.2189,month_index (-0.50); combined_risk_index (+0.35),APPROVE,0.886
LN000239,21,0.1366,0.2575,0.1143,0.4886,Current,none,0.1986,month_index (-0.50); combined_risk_index (+0.35),APPROVE,0.886
LN000239,22,0.1295,0.2714,0.1143,0.4886,Current,none,0.2166,month_index (-0.50); combined_risk_index (+0.35),APPROVE,0.886
LN000239,23,0.1295,0.2797,0.1144,0.4876,Current,stale_record,0.289,month_index (-0.50); combined_risk_index (+0.35),APPROVE,0.886
LN000239,24,0.1254,0.2797,0.1144,0.4864,Current,none,0.2533,month_index (-0.50); combined_risk_index (+0.35),APPROVE,0.886
LN000239,25,0.1254,0.2797,0.1144,0.4864,Current,none,0.2624,month_index (-0.50); combined_risk_index (+0.35),APPROVE,0.886
LN000239,26,0.1225,0.2795,0.1144,0.4871,Current,none,0.2726,month_index (-0.50); combined_risk_index (+0.37),APPROVE,0.886
LN000239,27,0.1225,0.2769,0.1147,0.4871,Current,none,0.2785,month_index (-0.50); combined_risk_index (+0.37),APPROVE,0.885
LN000239,28,0.1225,0.2799,0.1147,0.4871,Current,none,0.2785,month_index (-0.50); combined_risk_index (+0.37),APPROVE,0.885
LN000239,29,0.1225,0.2819,0.1122,0.4868,Current,none,0.2785,month_index (-0.50); seasoning_pct (-0.41),APPROVE,0.888
LN000239,30,0.1232,0.2837,0.1122,0.4868,Current,none,0.2793,month_index (-0.50); seasoning_pct (-0.41),APPROVE,0.888
LN000239,31,0.1233,0.2837,0.1122,0.4868,Current,none,0.2789,month_index (-0.50); seasoning_pct (-0.41),APPROVE,0.888
LN000239,32,0.1302,0.2945,0.1122,0.4868,Current,none,0.2789,month_index (-0.50); seasoning_pct (-0.41),APPROVE,0.888
LN000239,33,0.6045,0.6049,0.222,0.4656,Current,none,0.4662,current_status_Current (+0.98); month_index (-0.48),ESCALATE,0.778
LN000240,17,0.1803,0.2128,0.0919,0.5407,Prepaid,none,0.11,current_status_Current (-0.28); combined_risk_index (-0.27),APPROVE,0.908
LN000240,18,0.1753,0.2045,0.0919,0.5388,Current,none,0.127,current_status_Current (-0.28); combined_risk_index (-0.27),APPROVE,0.908
LN000240,19,0.6283,0.5415,0.1778,0.5114,Current,none,0.3715,current_status_Current (+1.18); state_MD (-0.17),WATCH_LIST,0.822
LN000243,15,0.736,0.709,0.4456,0.4686,Default,none,0.2278,current_status_Current (+1.53); days_past_due (+0.36),ESCALATE,0.554
LN000243,16,0.7316,0.7031,0.4383,0.469,Default,none,0.2368,current_status_Current (+1.55); days_past_due (+0.36),ESCALATE,0.562
LN000243,17,0.7185,0.6803,0.404,0.4824,Current,none,0.4013,current_status_Current (+1.56); days_past_due (+0.33),ESCALATE,0.596
LN000245,9,0.248,0.3254,0.0726,0.5038,Current,none,0.0358,ltv_risk_tier (-0.94); state_OH (-0.80),APPROVE,0.927
LN000245,10,0.2381,0.3326,0.0725,0.5063,Current,none,0.0417,ltv_risk_tier (-0.95); state_OH (-0.80),APPROVE,0.928
LN000245,11,0.5648,0.6373,0.0927,0.4723,60DPD,none,0.1074,ltv_risk_tier (-1.09); current_status_Current (+0.92),APPROVE,0.907
LN000245,12,0.5749,0.6358,0.0981,0.4717,60DPD,none,0.1146,ltv_risk_tier (-1.14); state_OH (-0.89),APPROVE,0.902
LN000245,13,0.2162,0.3244,0.0719,0.507,Current,none,0.0689,ltv_risk_tier (-0.95); state_OH (-0.81),APPROVE,0.928
LN000245,14,0.2095,0.3095,0.0707,0.507,Current,none,0.0804,ltv_risk_tier (-0.95); state_OH (-0.79),APPROVE,0.929
LN000245,15,0.161,0.3056,0.0741,0.5187,Current,data_entry_error,0.2208,ltv_risk_tier (-0.82); state_OH (-0.53),APPROVE,0.926
LN000245,16,0.2053,0.2708,0.068,0.5055,Current,none,0.1048,ltv_risk_tier (-0.95); state_OH (-0.79),APPROVE,0.932
LN000245,17,0.1921,0.253,0.0674,0.5048,Current,stale_record,0.1653,ltv_risk_tier (-0.93); state_OH (-0.79),APPROVE,0.933
LN000245,18,0.1873,0.2459,0.0674,0.504,Current,none,0.1404,ltv_risk_tier (-0.93); state_OH (-0.79),APPROVE,0.933
LN000245,19,0.1507,0.2111,0.0646,0.504,Current,none,0.1596,ltv_risk_tier (-0.93); state_OH (-0.79),APPROVE,0.935
LN000245,20,0.1523,0.2017,0.0636,0.5021,Current,none,0.1852,ltv_risk_tier (-0.90); state_OH (-0.75),APPROVE,0.936
LN000245,21,0.0967,0.1776,0.0656,0.4954,Current,none,0.3192,ltv_risk_tier (-0.78); state_OH (-0.74),APPROVE,0.934
LN000245,22,0.1504,0.2214,0.0639,0.499,Current,source_conflict,0.3639,ltv_risk_tier (-0.90); state_OH (-0.75),APPROVE,0.936
LN000245,23,0.1504,0.2213,0.0649,0.4951,Current,none,0.2562,ltv_risk_tier (-0.91); state_OH (-0.66),APPROVE,0.935
LN000245,24,0.1449,0.219,0.0649,0.4939,Current,none,0.2649,ltv_risk_tier (-0.91); state_OH (-0.66),APPROVE,0.935
LN000245,25,0.5667,0.5858,0.0769,0.4599,60DPD,none,0.3069,ltv_risk_tier (-1.11); current_status_Current (+0.86),APPROVE,0.923
LN000245,26,0.5669,0.5841,0.0769,0.4613,60DPD,none,0.3137,ltv_risk_tier (-1.11); current_status_Current (+0.87),APPROVE,0.923
LN000245,27,0.5312,0.5604,0.0762,0.4614,Current,stale_record,0.5219,ltv_risk_tier (-1.11); current_status_Current (+0.87),ESCALATE,0.924
LN000246,9,0.1904,0.285,0.121,0.5487,Prepaid,none,0.0184,current_status_Current (-0.29); combined_risk_index (-0.21),APPROVE,0.879
LN000246,10,0.3122,0.4086,0.2063,0.5429,Prepaid,none,0.0266,combined_risk_index (+0.33); current_status_Current (-0.23),WATCH_LIST,0.794
LN000246,11,0.6668,0.6182,0.2979,0.5152,Current,none,0.3021,current_status_Current (+0.96); days_past_due (-0.21),WATCH_LIST,0.702
LN000247,19,0.5467,0.5046,0.2003,0.4552,Current,none,0.3808,current_status_Current (+1.05); credit_risk_tier (+0.45),WATCH_LIST,0.8
LN000253,10,0.2296,0.4631,0.2055,0.4868,Prepaid,none,0.0659,interest_rate (+0.62); combined_risk_index (+0.33),WATCH_LIST,0.794
LN000253,11,0.2395,0.4672,0.2099,0.4869,Prepaid,none,0.0836,interest_rate (+0.63); combined_risk_index (+0.34),WATCH_LIST,0.79
LN000253,12,0.2359,0.4741,0.2027,0.4862,Prepaid,none,0.0882,interest_rate (+0.62); combined_risk_index (+0.34),WATCH_LIST,0.797
LN000253,13,0.2237,0.4663,0.2112,0.4869,Prepaid,none,0.0927,interest_rate (+0.62); combined_risk_index (+0.34),WATCH_LIST,0.789
LN000253,14,0.2183,0.4908,0.2074,0.4867,Current,none,0.1049,interest_rate (+0.64); combined_risk_index (+0.34),WATCH_LIST,0.793
LN000253,15,0.2174,0.4922,0.2044,0.486,Current,none,0.119,interest_rate (+0.64); combined_risk_index (+0.34),WATCH_LIST,0.796
LN000253,16,0.2269,0.4997,0.1989,0.4861,Prepaid,none,0.1252,interest_rate (+0.64); combined_risk_index (+0.34),WATCH_LIST,0.801
LN000253,17,0.2143,0.4991,0.1958,0.4848,Prepaid,none,0.1399,interest_rate (+0.65); combined_risk_index (+0.34),WATCH_LIST,0.804
LN000253,18,0.6238,0.7078,0.3066,0.4412,60DPD,none,0.2115,current_status_Current (+1.08); interest_rate (+0.60),WATCH_LIST,0.693
LN000253,19,0.7098,0.7278,0.3573,0.4344,Default,source_conflict,0.4704,current_status_Current (+1.32); interest_rate (+0.38),ESCALATE,0.643
LN000253,20,0.7022,0.7338,0.3652,0.4333,Current,none,0.4373,current_status_Current (+1.30); interest_rate (+0.49),ESCALATE,0.635
LN000254,11,0.1301,0.249,0.1124,0.5215,Current,none,0.0307,current_status_Current (-0.30); state_LA (+0.28),APPROVE,0.888
LN000254,12,0.1296,0.2429,0.1115,0.518,Current,none,0.0365,current_status_Current (-0.30); state_LA (+0.28),APPROVE,0.889
LN000254,13,0.1285,0.2418,0.11,0.5178,Current,none,0.042,current_status_Current (-0.29); state_LA (+0.28),APPROVE,0.89
LN000254,14,0.1288,0.2329,0.1022,0.5178,Current,none,0.0512,current_status_Current (-0.29); state_LA (+0.28),APPROVE,0.898
LN000254,15,0.164,0.2565,0.128,0.5072,Current,stale_record,0.1128,state_LA (+0.32); current_status_Current (-0.27),APPROVE,0.872
LN000254,16,0.6485,0.6251,0.2455,0.471,30DPD,none,0.1399,current_status_Current (+1.25); days_past_due (-0.22),WATCH_LIST,0.754
LN000254,17,0.6248,0.5957,0.2122,0.4671,30DPD,none,0.2908,current_status_Current (+1.26); days_past_due (-0.21),WATCH_LIST,0.788
LN000254,18,0.7177,0.7022,0.3449,0.4468,Current,none,0.4165,current_status_Current (+1.64); days_past_due (+0.33),ESCALATE,0.655
LN000255,24,0.7208,0.7205,0.2264,0.4639,60DPD,stale_record,0.4266,current_status_Current (+1.27); month_index (-0.52),ESCALATE,0.774
LN000259,8,0.2006,0.2866,0.1231,0.5216,Prepaid,none,0.0717,current_status_Current (-0.29); ltv_risk_tier (+0.11),APPROVE,0.877
LN000259,9,0.1738,0.2734,0.1228,0.521,Current,none,0.0801,current_status_Current (-0.29); seasoning_pct (-0.17),APPROVE,0.877
LN000259,10,0.1451,0.2678,0.1117,0.5211,Current,none,0.0887,seasoning_pct (-0.35); current_status_Current (-0.30),APPROVE,0.888
LN000259,11,0.5872,0.6205,0.2759,0.486,Current,stale_record,0.3874,current_status_Current (+1.25); seasoning_pct (-0.27),WATCH_LIST,0.724
LN000263,10,0.7468,0.7476,0.4397,0.4323,Current,none,0.3455,current_status_Current (+1.31); days_past_due (+0.31),ESCALATE,0.56
LN000265,12,0.7489,0.7456,0.4132,0.4667,Current,none,0.3677,current_status_Current (+1.76); days_past_due (+0.39),ESCALATE,0.587
LN000266,15,0.1626,0.2784,0.088,0.5336,Prepaid,none,0.1594,seasoning_pct (-0.37); current_status_Current (-0.28),APPROVE,0.912
LN000266,16,0.1806,0.3104,0.0877,0.5338,Prepaid,none,0.1797,seasoning_pct (-0.37); current_status_Current (-0.28),APPROVE,0.912
LN000266,17,0.179,0.3193,0.0871,0.5327,Prepaid,none,0.2029,seasoning_pct (-0.37); current_status_Current (-0.28),APPROVE,0.913
LN000266,18,0.1805,0.3014,0.0871,0.5317,Prepaid,none,0.2156,seasoning_pct (-0.37); current_status_Current (-0.28),APPROVE,0.913
LN000266,19,0.165,0.2671,0.0819,0.5317,Prepaid,none,0.2371,seasoning_pct (-0.37); current_status_Current (-0.28),APPROVE,0.918
LN000266,20,0.1304,0.2412,0.0766,0.5403,Prepaid,stale_record,0.3326,month_index (-0.47); seasoning_pct (-0.38),APPROVE,0.923
LN000266,21,0.1708,0.2602,0.0773,0.5317,Prepaid,none,0.2797,month_index (-0.52); seasoning_pct (-0.37),APPROVE,0.923
LN000266,22,0.5998,0.5937,0.1469,0.5014,60DPD,stale_record,0.3723,current_status_Current (+1.17); month_index (-0.47),APPROVE,0.853
LN000266,23,0.604,0.5937,0.1469,0.5014,60DPD,none,0.3407,current_status_Current (+1.17); month_index (-0.47),APPROVE,0.853
LN000266,24,0.1706,0.2708,0.0773,0.5318,Prepaid,source_conflict,0.4509,month_index (-0.52); seasoning_pct (-0.37),ESCALATE,0.923
LN000266,25,0.1706,0.2708,0.0773,0.532,Prepaid,none,0.3224,month_index (-0.52); seasoning_pct (-0.37),APPROVE,0.923
LN000266,26,0.1759,0.2708,0.0773,0.532,Prepaid,stale_record,0.3927,month_index (-0.52); seasoning_pct (-0.37),APPROVE,0.923
LN000268,7,0.6814,0.6646,0.2831,0.4384,60DPD,none,0.1493,current_status_Current (+0.99); interest_rate (-0.36),WATCH_LIST,0.717
LN000268,8,0.2608,0.4039,0.1359,0.4473,Current,none,0.0993,original_balance (+0.40); ltv_risk_tier (-0.27),APPROVE,0.864
LN000268,9,0.2737,0.4192,0.1371,0.4492,Current,none,0.1004,original_balance (+0.39); ltv_risk_tier (-0.27),APPROVE,0.863
LN000268,10,0.6687,0.6583,0.2654,0.4421,Current,none,0.3739,current_status_Current (+1.00); interest_rate (-0.36),WATCH_LIST,0.735
LN000273,23,0.0619,0.1245,0.062,0.5023,Prepaid,none,0.2569,ltv_risk_tier (-0.72); month_index (-0.49),APPROVE,0.938
LN000273,24,0.061,0.1313,0.0682,0.5051,Current,none,0.2703,month_index (-0.50); state_MI (-0.42),APPROVE,0.932
LN000273,25,0.4846,0.3775,0.065,0.4627,60DPD,none,0.3088,current_status_Current (+1.19); ltv_risk_tier (-0.80),APPROVE,0.935
LN000273,26,0.4866,0.3629,0.0648,0.4612,60DPD,none,0.3177,current_status_Current (+1.19); ltv_risk_tier (-0.80),APPROVE,0.935
LN000273,27,0.5004,0.3928,0.0842,0.4625,60DPD,none,0.3267,current_status_Current (+1.21); ltv_risk_tier (-0.76),APPROVE,0.916
LN000273,28,0.4826,0.3664,0.0646,0.4612,60DPD,none,0.3258,current_status_Current (+1.19); ltv_risk_tier (-0.80),APPROVE,0.935
LN000273,29,0.0586,0.1133,0.0578,0.498,Current,none,0.2974,ltv_risk_tier (-0.75); combined_risk_index (-0.70),APPROVE,0.942
LN000273,30,0.0587,0.1133,0.0578,0.4998,Current,none,0.2982,ltv_risk_tier (-0.75); combined_risk_index (-0.70),APPROVE,0.942
LN000273,31,0.0587,0.1133,0.0578,0.4998,Current,none,0.2988,ltv_risk_tier (-0.75); combined_risk_index (-0.70),APPROVE,0.942
LN000273,32,0.059,0.1147,0.0578,0.4998,Current,none,0.2999,ltv_risk_tier (-0.75); combined_risk_index (-0.70),APPROVE,0.942
LN000273,33,0.059,0.1152,0.0578,0.4998,Current,none,0.2999,ltv_risk_tier (-0.75); combined_risk_index (-0.70),APPROVE,0.942
LN000273,34,0.059,0.1152,0.0578,0.4998,Current,none,0.2999,ltv_risk_tier (-0.75); combined_risk_index (-0.70),APPROVE,0.942
LN000273,35,0.059,0.1152,0.0578,0.4998,Prepaid,none,0.2999,ltv_risk_tier (-0.75); combined_risk_index (-0.70),APPROVE,0.942
LN000276,20,0.0745,0.1382,0.0752,0.4916,Prepaid,none,0.1877,state_MO (-0.55); month_index (-0.41),APPROVE,0.925
LN000276,21,0.0702,0.13,0.0715,0.4946,Prepaid,none,0.2087,state_MO (-0.49); month_index (-0.42),APPROVE,0.929
LN000276,22,0.0707,0.1371,0.0715,0.4946,Prepaid,none,0.2318,state_MO (-0.49); month_index (-0.42),APPROVE,0.929
LN000276,23,0.5237,0.5305,0.1116,0.4683,Current,none,0.4575,current_status_Current (+0.79); state_MO (-0.62),ESCALATE,0.888
LN000281,10,0.2325,0.3537,0.1443,0.5093,Prepaid,none,0.0396,combined_risk_index (+0.31); current_status_Current (-0.25),APPROVE,0.856
LN000281,11,0.2104,0.2998,0.1274,0.5232,Prepaid,none,0.0524,current_status_Current (-0.29); month_index (-0.12),APPROVE,0.873
LN000281,12,0.2392,0.3435,0.1246,0.5249,Prepaid,stale_record,0.1054,combined_risk_index (+0.31); current_status_Current (-0.25),APPROVE,0.875
LN000281,13,0.1923,0.295,0.1347,0.5177,30DPD,none,0.067,combined_risk_index (+0.30); current_status_Current (-0.25),APPROVE,0.865
LN000281,14,0.1701,0.2415,0.1273,0.5177,Current,none,0.0806,combined_risk_index (+0.29); current_status_Current (-0.25),APPROVE,0.873
LN000281,15,0.1455,0.2156,0.1237,0.5167,Current,none,0.0973,combined_risk_index (+0.29); current_status_Current (-0.25),APPROVE,0.876
LN000281,16,0.5642,0.4292,0.231,0.4933,60DPD,none,0.1728,current_status_Current (+1.08); days_past_due (-0.21),WATCH_LIST,0.769
LN000281,17,0.5283,0.3748,0.2065,0.4901,60DPD,none,0.185,current_status_Current (+1.10); days_past_due (-0.21),WATCH_LIST,0.793
LN000281,18,0.5264,0.3808,0.2051,0.4949,60DPD,none,0.1948,current_status_Current (+1.10); days_past_due (-0.21),WATCH_LIST,0.795
LN000281,19,0.4772,0.3775,0.1826,0.4949,60DPD,none,0.2113,current_status_Current (+1.11); days_past_due (-0.21),WATCH_LIST,0.817
LN000281,20,0.4763,0.3808,0.1515,0.4964,60DPD,none,0.2392,current_status_Current (+1.10); month_index (-0.44),WATCH_LIST,0.848
LN000281,21,0.4763,0.3897,0.1515,0.4963,60DPD,none,0.2617,current_status_Current (+1.09); month_index (-0.44),WATCH_LIST,0.848
LN000284,8,0.6837,0.6671,0.2829,0.4768,30DPD,none,0.0775,current_status_Current (+0.90); occupancy_type_Second_Home (+0.19),WATCH_LIST,0.717
LN000284,9,0.6799,0.665,0.2837,0.4747,30DPD,none,0.0791,current_status_Current (+0.91); occupancy_type_Second_Home (+0.19),WATCH_LIST,0.716
LN000284,10,0.1579,0.3029,0.1646,0.5017,Current,none,0.0359,interest_rate (+0.46); current_status_Current (-0.21),WATCH_LIST,0.835
LN000284,11,0.1638,0.3042,0.165,0.5022,Current,none,0.049,interest_rate (+0.47); current_status_Current (-0.21),WATCH_LIST,0.835
LN000284,12,0.1621,0.3063,0.1596,0.5041,Current,none,0.0544,interest_rate (+0.47); current_status_Current (-0.21),WATCH_LIST,0.84
LN000284,13,0.1595,0.2789,0.1589,0.5046,Current,none,0.0608,interest_rate (+0.48); current_status_Current (-0.21),WATCH_LIST,0.841
LN000284,14,0.1722,0.2675,0.1563,0.5046,Current,none,0.069,interest_rate (+0.48); current_status_Current (-0.21),WATCH_LIST,0.844
LN000284,15,0.1668,0.2574,0.1544,0.5043,Current,none,0.0871,interest_rate (+0.49); current_status_Current (-0.21),WATCH_LIST,0.846
LN000284,16,0.1623,0.2402,0.1572,0.5051,Current,none,0.1042,interest_rate (+0.49); current_status_Current (-0.20),WATCH_LIST,0.843
LN000284,17,0.1426,0.2196,0.1595,0.5022,Current,none,0.1172,interest_rate (+0.48); current_status_Current (-0.21),WATCH_LIST,0.84
LN000284,18,0.6422,0.6196,0.2324,0.4662,Current,none,0.3855,current_status_Current (+0.89); occupancy_type_Second_Home (+0.16),WATCH_LIST,0.768
LN000296,14,0.1529,0.2695,0.0731,0.5572,Prepaid,none,0.0716,current_status_Current (-0.27); state_IL (-0.26),APPROVE,0.927
LN000296,15,0.1467,0.253,0.0722,0.5523,Prepaid,stale_record,0.131,current_status_Current (-0.27); state_IL (-0.26),APPROVE,0.928
LN000296,16,0.1661,0.2401,0.0716,0.5507,Prepaid,none,0.0984,current_status_Current (-0.27); state_IL (-0.26),APPROVE,0.928
LN000296,17,0.5755,0.5491,0.1094,0.5212,Current,none,0.3598,current_status_Current (+1.17); state_IL (-0.49),APPROVE,0.891
LN000297,7,0.1427,0.2417,0.0672,0.523,Current,none,0.0049,combined_risk_index (-1.02); ltv_risk_tier (-0.56),APPROVE,0.933
LN000297,8,0.1926,0.233,0.0765,0.5472,Current,suspicious_transition,0.2184,combined_risk_index (-1.32); current_status_Current (-0.42),APPROVE,0.924
LN000297,9,0.118,0.1994,0.068,0.5242,Current,stale_record,0.0763,combined_risk_index (-1.02); ltv_risk_tier (-0.56),APPROVE,0.932
LN000297,10,0.5862,0.5651,0.1095,0.4858,60DPD,none,0.0692,current_status_Current (+1.08); combined_risk_index (-0.96),APPROVE,0.891
LN000297,11,0.5904,0.5533,0.1044,0.4823,60DPD,none,0.0843,current_status_Current (+1.08); combined_risk_index (-0.92),APPROVE,0.896
LN000297,12,0.1164,0.1944,0.0675,0.5284,Current,none,0.0381,combined_risk_index (-1.01); ltv_risk_tier (-0.59),APPROVE,0.932
LN000297,13,0.123,0.1949,0.0677,0.5291,Current,none,0.0434,combined_risk_index (-1.00); ltv_risk_tier (-0.59),APPROVE,0.932
LN000297,14,0.127,0.1877,0.0681,0.5278,Current,none,0.0497,combined_risk_index (-0.99); ltv_risk_tier (-0.58),APPROVE,0.932
LN000297,15,0.1363,0.2049,0.0732,0.5516,Current,none,0.0673,combined_risk_index (-1.24); credit_risk_tier (+0.32),APPROVE,0.927
LN000297,16,0.1542,0.1796,0.0675,0.5274,30DPD,stale_record,0.2865,combined_risk_index (-0.91); ltv_risk_tier (-0.53),APPROVE,0.933
LN000297,17,0.1294,0.1579,0.0647,0.524,Prepaid,none,0.0954,combined_risk_index (-0.98); ltv_risk_tier (-0.58),APPROVE,0.935
LN000297,18,0.1211,0.1502,0.0646,0.5234,Current,none,0.1143,combined_risk_index (-0.98); ltv_risk_tier (-0.58),APPROVE,0.935
LN000297,19,0.0965,0.1353,0.0629,0.5234,Current,none,0.1304,combined_risk_index (-0.97); ltv_risk_tier (-0.58),APPROVE,0.937
LN000297,20,0.1003,0.1341,0.0618,0.5234,Current,stale_record,0.2002,combined_risk_index (-0.97); ltv_risk_tier (-0.56),APPROVE,0.938
LN000297,21,0.1003,0.1338,0.0618,0.5233,Current,none,0.1803,combined_risk_index (-0.97); ltv_risk_tier (-0.56),APPROVE,0.938
LN000297,22,0.568,0.5113,0.0887,0.51,Current,none,0.4044,current_status_Current (+1.19); combined_risk_index (-1.10),ESCALATE,0.911
LN000298,15,0.4244,0.4922,0.1169,0.4553,Current,none,0.3484,current_status_Current (+0.73); combined_risk_index (-0.52),APPROVE,0.883
LN000300,7,0.6497,0.6693,0.1535,0.5187,30DPD,none,0.0553,current_status_Current (+0.95); state_IL (-0.53),WATCH_LIST,0.847
LN000300,8,0.1955,0.2978,0.1013,0.5371,Prepaid,none,0.0133,combined_risk_index (+0.28); state_IL (-0.27),APPROVE,0.899
LN000300,9,0.185,0.2754,0.0922,0.5378,Current,none,0.0176,state_IL (-0.25); current_status_Current (-0.23),APPROVE,0.908
LN000300,10,0.1948,0.2861,0.0922,0.5375,Current,none,0.0243,state_IL (-0.25); current_status_Current (-0.23),APPROVE,0.908
LN000300,11,0.6492,0.6686,0.1396,0.5167,Current,none,0.2877,current_status_Current (+0.97); state_IL (-0.53),APPROVE,0.86
LN000302,10,0.326,0.4406,0.1219,0.4823,Prepaid,none,0.0544,ltv_risk_tier (-0.61); interest_rate (+0.37),APPROVE,0.878
LN000302,11,0.3701,0.4716,0.1227,0.4784,Prepaid,suspicious_transition,0.2329,ltv_risk_tier (-0.64); interest_rate (+0.37),APPROVE,0.877
LN000302,12,0.6711,0.6563,0.2102,0.456,Current,none,0.3265,current_status_Current (+0.95); ltv_risk_tier (-0.90),WATCH_LIST,0.79
LN000306,11,0.0991,0.1864,0.0727,0.538,Prepaid,none,0.1097,interest_rate (-0.72); combined_risk_index (-0.51),APPROVE,0.927
LN000306,12,0.1084,0.1886,0.0726,0.5366,Prepaid,none,0.1112,interest_rate (-0.71); combined_risk_index (-0.50),APPROVE,0.927
LN000306,13,0.108,0.1972,0.0715,0.5333,Prepaid,none,0.1236,interest_rate (-0.71); combined_risk_index (-0.51),APPROVE,0.929
LN000306,14,0.4954,0.5192,0.1279,0.4857,30DPD,none,0.2089,current_status_Current (+1.03); interest_rate (-0.72),APPROVE,0.872
LN000306,15,0.0978,0.1926,0.0697,0.533,Prepaid,none,0.1488,interest_rate (-0.70); combined_risk_index (-0.51),APPROVE,0.93
LN000306,16,0.0964,0.2289,0.0693,0.5326,Prepaid,none,0.1687,interest_rate (-0.69); combined_risk_index (-0.51),APPROVE,0.931
LN000306,17,0.5193,0.5565,0.1117,0.4952,Current,none,0.4092,current_status_Current (+1.10); interest_rate (-0.71),ESCALATE,0.888
LN000310,6,0.1168,0.2063,0.0986,0.4965,Current,none,0.0212,interest_rate (-0.34); original_balance (-0.30),APPROVE,0.901
LN000310,7,0.1173,0.2034,0.0958,0.4988,Current,none,0.0224,interest_rate (-0.38); original_balance (-0.30),APPROVE,0.904
LN000310,8,0.1097,0.1954,0.0968,0.5025,Prepaid,none,0.0277,interest_rate (-0.40); original_balance (-0.31),APPROVE,0.903
LN000310,9,0.1096,0.1973,0.0965,0.5026,Prepaid,none,0.0324,interest_rate (-0.39); original_balance (-0.31),APPROVE,0.904
LN000310,10,0.1186,0.2144,0.0966,0.4999,Current,none,0.0415,interest_rate (-0.40); original_balance (-0.31),APPROVE,0.903
LN000310,11,0.1297,0.2172,0.095,0.5,Current,none,0.0581,interest_rate (-0.38); original_balance (-0.31),APPROVE,0.905
LN000310,12,0.1335,0.2185,0.0935,0.4981,Prepaid,source_conflict,0.196,interest_rate (-0.37); original_balance (-0.31),APPROVE,0.907
LN000310,13,0.1241,0.2116,0.0934,0.4987,Prepaid,none,0.0703,interest_rate (-0.37); original_balance (-0.31),APPROVE,0.907
LN000310,14,0.1141,0.1947,0.0886,0.4992,Current,none,0.0773,interest_rate (-0.37); original_balance (-0.31),APPROVE,0.911
LN000310,15,0.1108,0.1919,0.0871,0.5009,Current,none,0.0871,interest_rate (-0.33); original_balance (-0.31),APPROVE,0.913
LN000310,16,0.1061,0.1771,0.0831,0.4991,Current,source_conflict,0.2355,interest_rate (-0.33); original_balance (-0.32),APPROVE,0.917
LN000310,17,0.1007,0.172,0.0814,0.4973,Current,none,0.1147,original_balance (-0.32); interest_rate (-0.32),APPROVE,0.919
LN000310,18,0.0928,0.1629,0.0814,0.4967,Current,none,0.1306,original_balance (-0.33); interest_rate (-0.32),APPROVE,0.919
LN000310,19,0.0753,0.1505,0.0753,0.4967,Current,none,0.1465,original_balance (-0.33); interest_rate (-0.32),APPROVE,0.925
LN000310,20,0.0873,0.1533,0.0757,0.4974,Prepaid,none,0.294,original_balance (-0.36); month_index (-0.35),APPROVE,0.924
LN000310,21,0.0728,0.1463,0.0709,0.4954,Current,none,0.1946,month_index (-0.43); interest_rate (-0.31),APPROVE,0.929
LN000310,22,0.0718,0.1539,0.0708,0.4976,Current,none,0.217,month_index (-0.43); interest_rate (-0.31),APPROVE,0.929
LN000310,23,0.0718,0.1582,0.071,0.497,Current,none,0.2471,month_index (-0.43); interest_rate (-0.32),APPROVE,0.929
LN000310,24,0.0708,0.1582,0.071,0.4974,Current,none,0.2605,month_index (-0.43); interest_rate (-0.32),APPROVE,0.929
LN000310,25,0.0706,0.1582,0.071,0.4974,Current,source_conflict,0.47,month_index (-0.43); interest_rate (-0.32),ESCALATE,0.929
LN000310,26,0.0726,0.1594,0.071,0.4964,Current,none,0.2794,month_index (-0.43); interest_rate (-0.32),APPROVE,0.929
LN000310,27,0.0713,0.1599,0.071,0.4964,Current,none,0.2863,month_index (-0.43); interest_rate (-0.32),APPROVE,0.929
LN000310,28,0.085,0.1542,0.0738,0.4812,Current,data_entry_error,0.473,interest_rate (-0.49); month_index (-0.44),ESCALATE,0.926
LN000310,29,0.0713,0.1599,0.0708,0.4962,Current,stale_record,0.3313,month_index (-0.43); interest_rate (-0.31),APPROVE,0.929
LN000310,30,0.071,0.1599,0.0708,0.4962,Current,none,0.2871,month_index (-0.43); interest_rate (-0.31),APPROVE,0.929
LN000310,31,0.071,0.1599,0.0708,0.4962,Current,stale_record,0.3313,month_index (-0.43); interest_rate (-0.31),APPROVE,0.929
LN000310,32,0.0723,0.1638,0.0707,0.4958,Current,stale_record,0.3313,month_index (-0.43); interest_rate (-0.31),APPROVE,0.929
LN000310,33,0.0723,0.1647,0.07,0.4958,Current,none,0.2863,month_index (-0.43); interest_rate (-0.31),APPROVE,0.93
LN000310,34,0.5312,0.547,0.1032,0.4696,30DPD,none,0.3141,current_status_Current (+1.00); interest_rate (-0.50),APPROVE,0.897
LN000314,10,0.1127,0.2288,0.1063,0.497,Current,none,0.035,original_balance (-0.32); state_CT (-0.31),APPROVE,0.894
LN000314,11,0.1137,0.2289,0.1032,0.4992,Current,none,0.0482,original_balance (-0.32); state_CT (-0.31),APPROVE,0.897
LN000314,12,0.1141,0.2281,0.1003,0.5133,Current,none,0.051,original_balance (-0.32); state_CT (-0.31),APPROVE,0.9
LN000314,13,0.1128,0.2264,0.0988,0.5132,Current,none,0.0553,original_balance (-0.32); state_CT (-0.31),APPROVE,0.901
LN000314,14,0.1196,0.2169,0.0885,0.5132,Current,none,0.0653,original_balance (-0.31); state_CT (-0.31),APPROVE,0.912
LN000314,15,0.6399,0.63,0.2017,0.483,60DPD,none,0.1288,current_status_Current (+1.30); state_CT (-0.32),WATCH_LIST,0.798
LN000314,16,0.101,0.1876,0.0831,0.5091,Current,none,0.0936,current_status_Current (-0.31); state_CT (-0.31),APPROVE,0.917
LN000314,17,0.0953,0.1664,0.0813,0.5081,Prepaid,none,0.1126,current_status_Current (-0.31); state_CT (-0.31),APPROVE,0.919
LN000314,18,0.0896,0.162,0.0813,0.5095,Current,none,0.1291,current_status_Current (-0.31); state_CT (-0.31),APPROVE,0.919
LN000314,19,0.0794,0.143,0.0747,0.5095,Current,source_conflict,0.2833,current_status_Current (-0.32); state_CT (-0.31),APPROVE,0.925
LN000314,20,0.0903,0.1611,0.0743,0.5054,Current,none,0.2089,month_index (-0.40); original_balance (-0.33),APPROVE,0.926
LN000314,21,0.0792,0.1415,0.071,0.5096,Current,none,0.2015,month_index (-0.44); current_status_Current (-0.32),APPROVE,0.929
LN000314,22,0.5557,0.5455,0.128,0.4857,Current,none,0.4229,current_status_Current (+1.33); month_index (-0.42),ESCALATE,0.872
LN000319,15,0.5816,0.5532,0.2323,0.5053,Current,none,0.355,current_status_Current (+1.27); state_VA (-0.29),WATCH_LIST,0.768
LN000324,19,0.236,0.3055,0.1092,0.4666,Prepaid,none,0.2364,interest_rate (+0.43); combined_risk_index (-0.40),APPROVE,0.891
LN000325,17,0.2882,0.342,0.1057,0.4469,30DPD,none,0.1106,interest_rate (-0.63); combined_risk_index (+0.35),APPROVE,0.894
LN000325,18,0.239,0.3144,0.1133,0.4655,30DPD,none,0.2708,combined_risk_index (+0.37); interest_rate (-0.26),APPROVE,0.887
LN000325,19,0.211,0.2782,0.0936,0.4436,Current,stale_record,0.2291,interest_rate (-0.57); combined_risk_index (+0.35),APPROVE,0.906
LN000325,20,0.2546,0.2735,0.0852,0.4479,Current,suspicious_transition,0.3266,interest_rate (-0.63); month_index (-0.54),APPROVE,0.915
LN000325,21,0.203,0.2595,0.084,0.4476,Current,none,0.196,interest_rate (-0.63); month_index (-0.54),APPROVE,0.916
LN000325,22,0.1903,0.2657,0.084,0.4476,Current,none,0.2215,interest_rate (-0.63); month_index (-0.54),APPROVE,0.916
LN000325,23,0.1867,0.2634,0.084,0.4482,Current,none,0.252,interest_rate (-0.64); month_index (-0.54),APPROVE,0.916
LN000325,24,0.1861,0.2622,0.084,0.4486,Current,none,0.2634,interest_rate (-0.64); month_index (-0.54),APPROVE,0.916
LN000325,25,0.1861,0.2622,0.084,0.4486,Current,none,0.269,interest_rate (-0.64); month_index (-0.54),APPROVE,0.916
LN000325,26,0.1691,0.2642,0.0835,0.4486,Current,stale_record,0.3262,interest_rate (-0.64); month_index (-0.54),APPROVE,0.916
LN000325,27,0.1691,0.261,0.0835,0.4492,Current,none,0.2882,interest_rate (-0.64); month_index (-0.54),APPROVE,0.916
LN000327,13,0.2063,0.2826,0.1325,0.5495,30DPD,none,0.0409,state_CA (-0.36); current_status_Current (-0.26),APPROVE,0.868
LN000327,14,0.2043,0.2744,0.1425,0.5495,30DPD,none,0.0502,combined_risk_index (+0.35); current_status_Current (-0.24),APPROVE,0.858
LN000327,15,0.2036,0.2761,0.1356,0.5493,Current,none,0.0669,combined_risk_index (+0.35); current_status_Current (-0.24),APPROVE,0.864
LN000327,16,0.6041,0.635,0.2591,0.4855,Current,none,0.444,current_status_Current (+1.05); loan_purpose_Refinance_NoCashout (+0.26),ESCALATE,0.741
LN000328,29,0.4231,0.4401,0.0853,0.5048,Current,none,0.46,current_status_Current (+1.25); original_balance (-0.52),ESCALATE,0.915
LN000334,15,0.1573,0.2357,0.0965,0.4796,Current,none,0.2016,seasoning_pct (-0.40); combined_risk_index (+0.29),APPROVE,0.903
LN000334,16,0.1501,0.2522,0.096,0.4804,Current,none,0.2223,seasoning_pct (-0.40); combined_risk_index (+0.29),APPROVE,0.904
LN000334,17,0.1448,0.2584,0.094,0.4796,Current,none,0.2423,seasoning_pct (-0.40); combined_risk_index (+0.29),APPROVE,0.906
LN000334,18,0.1527,0.2463,0.094,0.4796,Current,stale_record,0.2928,seasoning_pct (-0.40); combined_risk_index (+0.29),APPROVE,0.906
LN000334,19,0.1525,0.2313,0.088,0.4796,Current,none,0.2744,seasoning_pct (-0.40); combined_risk_index (+0.29),APPROVE,0.912
LN000334,20,0.1572,0.2236,0.0829,0.4801,Current,none,0.2919,month_index (-0.52); seasoning_pct (-0.40),APPROVE,0.917
LN000334,21,0.1572,0.2267,0.0829,0.4801,Current,stale_record,0.3628,month_index (-0.52); seasoning_pct (-0.40),APPROVE,0.917
LN000334,22,0.1572,0.2353,0.0829,0.4864,Current,none,0.3299,month_index (-0.52); seasoning_pct (-0.40),APPROVE,0.917
LN000334,23,0.1562,0.2353,0.0829,0.4864,Current,none,0.3471,month_index (-0.52); seasoning_pct (-0.40),APPROVE,0.917
LN000338,8,0.2186,0.2411,0.1401,0.4887,Prepaid,none,0.0191,current_status_Current (-0.30); state_PA (-0.27),APPROVE,0.86
LN000338,9,0.2262,0.2401,0.1394,0.4881,Prepaid,stale_record,0.0645,current_status_Current (-0.30); state_PA (-0.26),APPROVE,0.861
LN000338,10,0.218,0.2424,0.1432,0.4873,Current,none,0.0323,current_status_Current (-0.30); state_PA (-0.26),APPROVE,0.857
LN000338,11,0.2171,0.2415,0.1431,0.4904,Current,none,0.0452,current_status_Current (-0.29); state_PA (-0.26),APPROVE,0.857
LN000338,12,0.2157,0.2411,0.1412,0.4851,Current,none,0.0503,current_status_Current (-0.29); state_PA (-0.26),APPROVE,0.859
LN000338,13,0.2128,0.2398,0.1403,0.4859,Current,none,0.0576,current_status_Current (-0.29); state_PA (-0.26),APPROVE,0.86
LN000338,14,0.2172,0.2316,0.1346,0.4865,Current,none,0.0655,current_status_Current (-0.30); state_PA (-0.26),APPROVE,0.865
LN000338,15,0.6662,0.6157,0.2935,0.4456,30DPD,none,0.1424,current_status_Current (+1.24); days_past_due (-0.23),WATCH_LIST,0.706
LN000338,16,0.2114,0.2054,0.1259,0.4873,Current,none,0.0992,current_status_Current (-0.29); state_PA (-0.26),APPROVE,0.874
LN000338,17,0.2059,0.1867,0.1125,0.4846,Current,none,0.1137,current_status_Current (-0.30); state_PA (-0.23),APPROVE,0.887
LN000338,18,0.1666,0.1757,0.1103,0.484,Current,stale_record,0.1754,current_status_Current (-0.30); state_PA (-0.23),APPROVE,0.89
LN000338,19,0.1412,0.1537,0.0974,0.4852,Prepaid,none,0.1471,current_status_Current (-0.31); interest_rate (-0.24),APPROVE,0.903
LN000338,20,0.1334,0.1531,0.0918,0.4852,Prepaid,none,0.1762,month_index (-0.51); current_status_Current (-0.31),APPROVE,0.908
LN000338,21,0.1335,0.1545,0.0918,0.4847,Current,none,0.2003,month_index (-0.51); current_status_Current (-0.29),APPROVE,0.908
LN000338,22,0.1322,0.1579,0.0918,0.4847,Current,none,0.2254,month_index (-0.51); seasoning_pct (-0.29),APPROVE,0.908
LN000338,23,0.1319,0.1625,0.0924,0.4814,Current,stale_record,0.2994,month_index (-0.51); seasoning_pct (-0.29),APPROVE,0.908
LN000338,24,0.1728,0.3054,0.0919,0.4833,Current,none,0.268,month_index (-0.49); interest_rate (-0.41),APPROVE,0.908
LN000338,25,0.6018,0.5949,0.1702,0.4446,60DPD,none,0.3059,current_status_Current (+1.20); month_index (-0.49),WATCH_LIST,0.83
LN000338,26,0.6865,0.6555,0.2288,0.4369,60DPD,none,0.3462,current_status_Current (+1.58); month_index (-0.52),WATCH_LIST,0.771
LN000338,27,0.6959,0.6418,0.2537,0.4359,Current,none,0.5223,current_status_Current (+1.59); month_index (-0.38),ESCALATE,0.746
LN000343,15,0.1528,0.2283,0.1087,0.5191,Current,stale_record,0.3118,monthly_interest_accrual (-0.26); current_status_Current (-0.26),APPROVE,0.891
LN000343,16,0.1183,0.1989,0.0994,0.5221,Current,none,0.1124,current_status_Current (-0.26); monthly_interest_accrual (-0.26),APPROVE,0.901
LN000343,17,0.1105,0.1862,0.0944,0.5192,Current,none,0.1274,current_status_Current (-0.26); monthly_interest_accrual (-0.26),APPROVE,0.906
LN000343,18,0.0956,0.1732,0.0939,0.5185,Current,none,0.1449,current_status_Current (-0.26); monthly_interest_accrual (-0.26),APPROVE,0.906
LN000343,19,0.0813,0.1566,0.0837,0.5181,Current,none,0.1622,current_status_Current (-0.27); monthly_interest_accrual (-0.27),APPROVE,0.916
LN000343,20,0.0812,0.1638,0.0786,0.5181,Current,none,0.1906,month_index (-0.44); current_status_Current (-0.27),APPROVE,0.921
LN000343,21,0.0819,0.1659,0.0786,0.5178,Current,none,0.2114,month_index (-0.44); seasoning_pct (-0.27),APPROVE,0.921
LN000343,22,0.0803,0.175,0.0786,0.5178,Current,none,0.2329,month_index (-0.44); seasoning_pct (-0.28),APPROVE,0.921
LN000344,11,0.6381,0.5884,0.2626,0.4917,Current,none,0.3322,current_status_Current (+1.23); days_past_due (-0.17),WATCH_LIST,0.737
LN000348,6,0.2107,0.2805,0.1342,0.5202,Prepaid,source_conflict,0.1816,current_status_Current (-0.29); original_balance (+0.18),APPROVE,0.866
LN000348,7,0.2198,0.2765,0.1396,0.5199,Prepaid,none,0.047,current_status_Current (-0.29); remaining_term_months (-0.18),APPROVE,0.86
LN000348,8,0.7062,0.6718,0.32,0.482,30DPD,stale_record,0.1471,current_status_Current (+1.25); original_balance (+0.18),WATCH_LIST,0.68
LN000348,9,0.7056,0.6766,0.3292,0.4784,30DPD,none,0.1098,current_status_Current (+1.28); state_VA (-0.17),WATCH_LIST,0.671
LN000348,10,0.7318,0.7205,0.3656,0.4501,60DPD,none,0.3252,current_status_Current (+1.36); state_VA (-0.22),ESCALATE,0.634
LN000348,11,0.6965,0.6511,0.3095,0.4735,30DPD,stale_record,0.172,current_status_Current (+1.28); remaining_term_months (-0.18),WATCH_LIST,0.691
LN000348,12,0.1725,0.2417,0.118,0.5216,Prepaid,none,0.0842,current_status_Current (-0.30); remaining_term_months (-0.20),APPROVE,0.882
LN000348,13,0.1585,0.2338,0.1131,0.5215,Prepaid,none,0.0986,current_status_Current (-0.30); remaining_term_months (-0.20),APPROVE,0.887
LN000348,14,0.1609,0.2256,0.1096,0.521,Prepaid,source_conflict,0.2443,current_status_Current (-0.30); seasoning_pct (-0.21),APPROVE,0.89
LN000348,15,0.1613,0.2091,0.0976,0.5209,Prepaid,none,0.122,current_status_Current (-0.29); seasoning_pct (-0.21),APPROVE,0.902
LN000348,16,0.1482,0.1955,0.0971,0.5181,Prepaid,none,0.141,current_status_Current (-0.29); seasoning_pct (-0.21),APPROVE,0.903
LN000348,17,0.152,0.1929,0.0963,0.5176,Prepaid,none,0.1596,current_status_Current (-0.29); seasoning_pct (-0.21),APPROVE,0.904
LN000348,18,0.1446,0.1733,0.0955,0.517,Current,none,0.1755,current_status_Current (-0.29); seasoning_pct (-0.25),APPROVE,0.904
LN000353,18,0.2032,0.26,0.0973,0.5281,Prepaid,none,0.1169,current_status_Current (-0.27); seasoning_pct (-0.17),APPROVE,0.903
LN000353,19,0.0887,0.1527,0.0789,0.5245,Prepaid,stale_record,0.1797,current_status_Current (-0.31); combined_risk_index (-0.25),APPROVE,0.921
LN000353,20,0.1461,0.2094,0.0773,0.5281,Prepaid,stale_record,0.2046,month_index (-0.49); seasoning_pct (-0.35),APPROVE,0.923
LN000353,21,0.4047,0.3533,0.1313,0.5056,Current,none,0.3989,current_status_Current (+1.16); month_index (-0.45),APPROVE,0.869
LN000359,7,0.7185,0.6983,0.287,0.4932,90DPD,none,0.1533,current_status_Current (+1.24); days_past_due (+0.22),WATCH_LIST,0.713
LN000359,8,0.2442,0.3763,0.1549,0.5299,Prepaid,none,0.0551,combined_risk_index (+0.37); current_status_Current (-0.25),WATCH_LIST,0.845
LN000359,9,0.2709,0.3792,0.1532,0.5298,Prepaid,none,0.0631,combined_risk_index (+0.38); current_status_Current (-0.25),WATCH_LIST,0.847
LN000359,10,0.2883,0.4049,0.1589,0.5273,Current,suspicious_transition,0.2828,combined_risk_index (+0.38); current_status_Current (-0.33),WATCH_LIST,0.841
LN000359,11,0.2509,0.3875,0.1469,0.5295,Current,none,0.0821,combined_risk_index (+0.38); current_status_Current (-0.25),APPROVE,0.853
LN000359,12,0.2163,0.377,0.1436,0.5545,Prepaid,none,0.0857,combined_risk_index (+0.27); current_status_Current (-0.25),APPROVE,0.856
LN000359,13,0.2187,0.3595,0.1357,0.5312,Current,none,0.0994,combined_risk_index (+0.41); current_status_Current (-0.25),APPROVE,0.864
LN000359,14,0.2229,0.3661,0.1316,0.5307,Current,none,0.1097,combined_risk_index (+0.41); seasoning_pct (-0.25),APPROVE,0.868
LN000359,15,0.2147,0.3479,0.1293,0.5535,Prepaid,none,0.1224,combined_risk_index (+0.30); seasoning_pct (-0.25),APPROVE,0.871
LN000359,16,0.199,0.3382,0.1269,0.5295,Current,none,0.1425,combined_risk_index (+0.41); seasoning_pct (-0.25),APPROVE,0.873
LN000359,17,0.5654,0.6334,0.2087,0.4873,60DPD,none,0.3445,current_status_Current (+0.99); combined_risk_index (+0.25),WATCH_LIST,0.791
LN000359,18,0.5967,0.6156,0.2016,0.4869,60DPD,none,0.2215,current_status_Current (+1.01); combined_risk_index (+0.36),WATCH_LIST,0.798
LN000359,19,0.707,0.7088,0.2272,0.4768,60DPD,none,0.2705,current_status_Current (+1.31); combined_risk_index (+0.36),WATCH_LIST,0.773
LN000359,20,0.7129,0.7172,0.3373,0.4649,60DPD,source_conflict,0.4589,current_status_Current (+1.41); month_index (-0.42),ESCALATE,0.663
LN000359,21,0.6986,0.7094,0.2817,0.4761,Current,none,0.4536,current_status_Current (+1.40); month_index (-0.41),ESCALATE,0.718
LN000367,16,0.1094,0.2025,0.0912,0.5373,Prepaid,source_conflict,0.2857,loan_purpose_Refinance_NoCashout (-0.32); current_status_Current (-0.24),APPROVE,0.909
LN000367,17,0.5325,0.5497,0.1593,0.5109,Current,none,0.4038,current_status_Current (+1.07); loan_purpose_Refinance_NoCashout (-0.25),ESCALATE,0.841
LN000370,16,0.7136,0.7162,0.4353,0.4577,Default,stale_record,0.3243,current_status_Current (+1.41); days_past_due (+0.38),ESCALATE,0.565
LN000370,17,0.5199,0.5695,0.2578,0.5256,Current,none,0.4048,current_status_Current (+1.05); current_balance (-0.27),ESCALATE,0.742
LN000371,10,0.1955,0.3245,0.1003,0.4963,Current,none,0.0579,current_status_Current (-0.29); ltv_risk_tier (+0.21),APPROVE,0.9
LN000371,11,0.1815,0.3655,0.1032,0.5045,Current,stale_record,0.1582,current_status_Current (-0.29); ltv_risk_tier (+0.16),APPROVE,0.897
LN000371,12,0.1616,0.3056,0.0953,0.5016,Current,none,0.0739,current_status_Current (-0.30); ltv_risk_tier (+0.16),APPROVE,0.905
LN000371,13,0.1406,0.2853,0.0889,0.5019,Prepaid,none,0.0853,current_status_Current (-0.30); seasoning_pct (-0.19),APPROVE,0.911
LN000371,14,0.1424,0.2715,0.0859,0.5021,Prepaid,none,0.098,current_status_Current (-0.29); seasoning_pct (-0.27),APPROVE,0.914
LN000371,15,0.1375,0.2527,0.0837,0.5018,Current,none,0.1107,current_status_Current (-0.29); seasoning_pct (-0.28),APPROVE,0.916
LN000371,16,0.1249,0.2336,0.0831,0.501,Current,none,0.1294,current_status_Current (-0.29); seasoning_pct (-0.28),APPROVE,0.917
LN000371,17,0.1168,0.22,0.0842,0.4988,Current,none,0.1477,current_status_Current (-0.29); seasoning_pct (-0.28),APPROVE,0.916
LN000371,18,0.5502,0.5453,0.1606,0.4654,Current,none,0.3767,current_status_Current (+1.21); seasoning_pct (-0.26),WATCH_LIST,0.839
LN000375,6,0.5977,0.5442,0.1039,0.4791,60DPD,stale_record,0.1141,current_status_Current (+1.11); combined_risk_index (-0.68),APPROVE,0.896
LN000375,7,0.5937,0.5418,0.1025,0.4829,60DPD,none,0.0662,current_status_Current (+1.12); combined_risk_index (-0.67),APPROVE,0.897
LN000375,8,0.5847,0.526,0.1024,0.4852,60DPD,none,0.0684,current_status_Current (+1.14); combined_risk_index (-0.68),APPROVE,0.898
LN000375,9,0.5787,0.5154,0.0944,0.4869,60DPD,none,0.0694,current_status_Current (+1.14); combined_risk_index (-0.68),APPROVE,0.906
LN000375,10,0.7155,0.6873,0.1391,0.4609,60DPD,source_conflict,0.2559,current_status_Current (+1.25); ltv_risk_tier (-0.91),APPROVE,0.861
LN000375,11,0.7094,0.6897,0.1431,0.4578,90DPD,stale_record,0.2372,current_status_Current (+1.30); ltv_risk_tier (-1.07),APPROVE,0.857
LN000375,12,0.7043,0.6914,0.128,0.4653,Current,none,0.3716,current_status_Current (+1.27); ltv_risk_tier (-0.96),APPROVE,0.872
LN000376,6,0.1224,0.1976,0.0878,0.4628,Current,none,0.0589,ltv_risk_tier (-0.52); combined_risk_index (-0.35),APPROVE,0.912
LN000376,7,0.13,0.1982,0.0878,0.4622,Current,none,0.0595,ltv_risk_tier (-0.51); combined_risk_index (-0.35),APPROVE,0.912
LN000376,8,0.131,0.197,0.0901,0.463,Current,none,0.0634,ltv_risk_tier (-0.52); combined_risk_index (-0.35),APPROVE,0.91
LN000376,9,0.1275,0.1989,0.0899,0.463,Current,none,0.0721,ltv_risk_tier (-0.52); combined_risk_index (-0.34),APPROVE,0.91
LN000376,10,0.1251,0.1981,0.0899,0.4627,Current,source_conflict,0.2143,ltv_risk_tier (-0.52); combined_risk_index (-0.34),APPROVE,0.91
LN000376,11,0.1137,0.2017,0.0886,0.4607,Current,none,0.0898,ltv_risk_tier (-0.50); combined_risk_index (-0.34),APPROVE,0.911
LN000376,12,0.1063,0.1966,0.0867,0.4603,Current,none,0.0952,ltv_risk_tier (-0.50); combined_risk_index (-0.34),APPROVE,0.913
LN000376,13,0.1178,0.2346,0.0916,0.4511,Current,none,0.1372,ltv_risk_tier (-0.45); combined_risk_index (-0.28),APPROVE,0.908
LN000376,14,0.5885,0.5719,0.1755,0.4469,Current,none,0.3613,current_status_Current (+1.19); ltv_risk_tier (-0.71),WATCH_LIST,0.824
LN000380,16,0.1381,0.2148,0.1,0.4718,Prepaid,none,0.0812,interest_rate (+0.54); combined_risk_index (-0.38),APPROVE,0.9
LN000380,17,0.1221,0.1887,0.098,0.4677,Current,stale_record,0.1407,interest_rate (+0.53); combined_risk_index (-0.37),APPROVE,0.902
LN000380,18,0.1159,0.1793,0.0973,0.4669,Current,none,0.1141,interest_rate (+0.53); combined_risk_index (-0.37),APPROVE,0.903
LN000380,19,0.0954,0.1576,0.0921,0.4669,Prepaid,none,0.1314,interest_rate (+0.55); combined_risk_index (-0.35),APPROVE,0.908
LN000380,20,0.1013,0.1528,0.0842,0.4661,Prepaid,none,0.1568,interest_rate (+0.46); month_index (-0.46),APPROVE,0.916
LN000380,21,0.0962,0.1556,0.0826,0.4671,Current,none,0.1819,interest_rate (+0.54); month_index (-0.46),APPROVE,0.917
LN000380,22,0.0942,0.1625,0.0826,0.4671,Current,none,0.2066,interest_rate (+0.54); month_index (-0.46),APPROVE,0.917
LN000380,23,0.0942,0.1614,0.0826,0.4645,Current,none,0.2351,interest_rate (+0.54); month_index (-0.46),APPROVE,0.917
LN000380,24,0.0931,0.1614,0.0826,0.4635,Current,none,0.2467,interest_rate (+0.54); month_index (-0.46),APPROVE,0.917
LN000380,25,0.1046,0.1687,0.0989,0.4621,Current,none,0.2566,interest_rate (+0.49); month_index (-0.46),APPROVE,0.901
LN000389,13,0.4756,0.4756,0.1963,0.541,Current,none,0.3058,current_status_Current (+0.99); combined_risk_index (+0.24),WATCH_LIST,0.804
LN000397,13,0.1262,0.2132,0.0989,0.5383,Prepaid,none,0.057,combined_risk_index (-0.63); interest_rate (-0.54),APPROVE,0.901
LN000397,14,0.1556,0.2318,0.1007,0.5443,Current,none,0.0956,combined_risk_index (-0.57); state_CT (-0.49),APPROVE,0.899
LN000397,15,0.1333,0.1872,0.0932,0.5451,Prepaid,none,0.0762,combined_risk_index (-0.62); interest_rate (-0.54),APPROVE,0.907
LN000397,16,0.1345,0.172,0.0889,0.5454,Prepaid,none,0.0883,combined_risk_index (-0.62); interest_rate (-0.55),APPROVE,0.911
LN000397,17,0.1165,0.1515,0.0867,0.5465,Prepaid,none,0.1059,combined_risk_index (-0.61); interest_rate (-0.54),APPROVE,0.913
LN000397,18,0.1118,0.158,0.0924,0.5467,Prepaid,none,0.1229,interest_rate (-0.54); current_status_Current (-0.26),APPROVE,0.908
LN000397,19,0.084,0.1297,0.0793,0.5474,Prepaid,none,0.1415,combined_risk_index (-0.60); interest_rate (-0.55),APPROVE,0.921
LN000397,20,0.0845,0.127,0.0757,0.5464,Prepaid,none,0.167,combined_risk_index (-0.60); interest_rate (-0.56),APPROVE,0.924
LN000397,21,0.0845,0.1306,0.0757,0.5467,Prepaid,none,0.1914,combined_risk_index (-0.60); interest_rate (-0.56),APPROVE,0.924
LN000397,22,0.0827,0.132,0.0757,0.5467,Prepaid,source_conflict,0.3545,combined_risk_index (-0.60); interest_rate (-0.56),APPROVE,0.924
LN000398,8,0.5646,0.5209,0.2744,0.4556,30DPD,data_entry_error,0.3264,current_status_Current (+1.05); monthly_interest_accrual (+0.40),WATCH_LIST,0.726
LN000398,9,0.6834,0.6805,0.2879,0.4457,30DPD,none,0.1543,current_status_Current (+1.02); state_NC (+0.24),WATCH_LIST,0.712
LN000398,10,0.2669,0.4375,0.155,0.4968,Current,stale_record,0.1638,interest_rate (+0.27); current_status_Current (-0.25),WATCH_LIST,0.845
LN000398,11,0.2512,0.412,0.1411,0.4871,Current,none,0.1327,interest_rate (+0.34); current_status_Current (-0.23),APPROVE,0.859
LN000398,12,0.2628,0.4064,0.1372,0.4875,30DPD,none,0.1453,interest_rate (+0.35); current_status_Current (-0.23),APPROVE,0.863
LN000398,13,0.6451,0.644,0.2525,0.456,Current,none,0.403,current_status_Current (+0.98); days_past_due (-0.24),ESCALATE,0.748
LN000399,15,0.1145,0.2039,0.0684,0.4986,Current,none,0.0743,combined_risk_index (-1.23); current_status_Current (-0.27),APPROVE,0.932
LN000399,16,0.1073,0.1824,0.1012,0.5112,Prepaid,none,0.0894,combined_risk_index (-0.36); current_status_Current (-0.29),APPROVE,0.899
LN000399,17,0.1016,0.1765,0.0672,0.4952,Current,none,0.1052,combined_risk_index (-1.24); current_status_Current (-0.28),APPROVE,0.933
LN000399,18,0.1049,0.1694,0.0673,0.5023,Current,stale_record,0.3205,combined_risk_index (-1.33); current_status_Current (-0.30),APPROVE,0.933
LN000399,19,0.0737,0.153,0.0651,0.495,Current,none,0.1379,combined_risk_index (-1.22); current_status_Current (-0.28),APPROVE,0.935
LN000406,8,0.551,0.5334,0.0988,0.4522,30DPD,none,0.0982,combined_risk_index (-1.33); current_status_Current (+1.16),APPROVE,0.901
LN000406,9,0.5916,0.5855,0.1057,0.4473,60DPD,source_conflict,0.1891,combined_risk_index (-1.26); current_status_Current (+1.21),APPROVE,0.894
LN000406,10,0.5946,0.5604,0.1009,0.4476,60DPD,none,0.0653,combined_risk_index (-1.25); current_status_Current (+1.22),APPROVE,0.899
LN000406,11,0.6099,0.5789,0.0847,0.4472,60DPD,none,0.08,combined_risk_index (-1.27); current_status_Current (+1.22),APPROVE,0.915
LN000406,12,0.6864,0.646,0.1235,0.4377,60DPD,none,0.2765,current_status_Current (+1.48); combined_risk_index (-1.34),APPROVE,0.876
LN000406,13,0.7191,0.6652,0.0925,0.4373,Default,none,0.2008,combined_risk_index (-1.47); current_status_Current (+1.46),APPROVE,0.907
LN000406,14,0.726,0.6937,0.108,0.4382,Current,none,0.3809,current_status_Current (+1.44); combined_risk_index (-1.40),APPROVE,0.892
LN000409,7,0.5784,0.5591,0.2411,0.5211,Current,none,0.3308,current_status_Current (+1.14); state_AZ (-0.22),WATCH_LIST,0.759
LN000412,13,0.2016,0.2646,0.1243,0.5562,Current,none,0.0431,state_MO (-0.58); current_status_Current (-0.27),APPROVE,0.876
LN000412,14,0.2034,0.2706,0.1177,0.5562,Current,stale_record,0.0999,state_MO (-0.58); current_status_Current (-0.27),APPROVE,0.882
LN000412,15,0.1974,0.2826,0.1165,0.5553,Current,none,0.0708,state_MO (-0.58); current_status_Current (-0.27),APPROVE,0.884
LN000412,16,0.6478,0.6158,0.2251,0.4983,Current,none,0.3281,current_status_Current (+1.12); state_MO (-0.62),WATCH_LIST,0.775
LN000414,8,0.6919,0.6575,0.1715,0.5493,60DPD,none,0.1535,current_status_Current (+1.22); ltv_risk_tier (-0.59),WATCH_LIST,0.829
LN000414,9,0.6954,0.6523,0.1713,0.5484,60DPD,none,0.1603,current_status_Current (+1.22); ltv_risk_tier (-0.61),WATCH_LIST,0.829
LN000414,10,0.6922,0.6775,0.1839,0.5497,Current,none,0.3766,current_status_Current (+1.27); ltv_risk_tier (-0.63),WATCH_LIST,0.816
LN000418,8,0.2628,0.3652,0.0756,0.5285,Current,none,0.1642,interest_rate (-0.90); current_status_Current (-0.29),APPROVE,0.924
LN000418,9,0.2616,0.377,0.0757,0.5391,Prepaid,none,0.1686,interest_rate (-0.90); current_status_Current (-0.29),APPROVE,0.924
LN000418,10,0.284,0.3794,0.0741,0.5417,30DPD,none,0.1789,interest_rate (-0.90); current_status_Current (-0.29),APPROVE,0.926
LN000418,11,0.292,0.3719,0.0748,0.549,Prepaid,none,0.188,interest_rate (-0.89); current_status_Current (-0.28),APPROVE,0.925
LN000418,12,0.2895,0.3573,0.0743,0.5531,Prepaid,none,0.2028,interest_rate (-0.89); current_status_Current (-0.28),APPROVE,0.926
LN000418,13,0.2622,0.3373,0.0722,0.5535,Prepaid,none,0.2107,interest_rate (-0.88); current_status_Current (-0.30),APPROVE,0.928
LN000418,14,0.2599,0.3145,0.0706,0.5555,Prepaid,none,0.2204,interest_rate (-0.88); current_status_Current (-0.31),APPROVE,0.929
LN000418,15,0.2372,0.2642,0.0701,0.555,Prepaid,none,0.2267,interest_rate (-0.87); current_status_Current (-0.31),APPROVE,0.93
LN000418,16,0.6168,0.5749,0.131,0.5211,Current,none,0.4557,current_status_Current (+1.32); interest_rate (-0.79),ESCALATE,0.869
LN000421,16,0.119,0.1992,0.0952,0.5318,Prepaid,stale_record,0.1286,state_IL (-0.29); current_status_Current (-0.22),APPROVE,0.905
LN000421,17,0.1112,0.1775,0.0929,0.5285,Prepaid,none,0.0997,state_IL (-0.29); current_status_Current (-0.23),APPROVE,0.907
LN000421,18,0.1048,0.1715,0.0926,0.5272,Current,none,0.1162,state_IL (-0.29); current_status_Current (-0.23),APPROVE,0.907
LN000421,19,0.5699,0.5351,0.1111,0.5177,Current,none,0.3577,current_status_Current (+0.98); state_IL (-0.57),APPROVE,0.889
LN000422,18,0.0526,0.1136,0.0669,0.493,Current,none,0.1198,original_balance (-0.57); ltv_risk_tier (-0.51),APPROVE,0.933
LN000422,19,0.3648,0.4434,0.099,0.4548,Current,none,0.3657,current_status_Current (+1.23); ltv_risk_tier (-0.65),APPROVE,0.901
LN000430,14,0.0971,0.1761,0.0668,0.531,Prepaid,none,0.1328,interest_rate (-0.80); seasoning_pct (-0.35),APPROVE,0.933
LN000430,15,0.0922,0.1687,0.0671,0.5307,Prepaid,none,0.153,interest_rate (-0.76); seasoning_pct (-0.42),APPROVE,0.933
LN000430,16,0.0882,0.1647,0.067,0.5294,Prepaid,none,0.1744,interest_rate (-0.76); seasoning_pct (-0.42),APPROVE,0.933
LN000430,17,0.0844,0.1652,0.067,0.5261,Prepaid,none,0.1939,interest_rate (-0.76); seasoning_pct (-0.42),APPROVE,0.933
LN000430,18,0.0893,0.1613,0.0667,0.5251,Prepaid,none,0.2059,interest_rate (-0.76); seasoning_pct (-0.42),APPROVE,0.933
LN000430,19,0.1295,0.1516,0.0651,0.525,Prepaid,stale_record,0.2745,interest_rate (-0.74); seasoning_pct (-0.42),APPROVE,0.935
LN000430,20,0.5048,0.4509,0.094,0.5107,60DPD,none,0.2858,current_status_Current (+1.12); interest_rate (-0.91),APPROVE,0.906
LN000430,21,0.7257,0.6903,0.1856,0.475,Default,none,0.4473,current_status_Current (+1.45); month_index (-0.47),ESCALATE,0.814
LN000430,22,0.1409,0.1497,0.0633,0.525,Prepaid,stale_record,0.3373,interest_rate (-0.74); month_index (-0.44),APPROVE,0.937
LN000430,23,0.1311,0.1492,0.0633,0.525,Prepaid,none,0.3136,interest_rate (-0.74); month_index (-0.44),APPROVE,0.937
LN000430,24,0.1311,0.1505,0.0633,0.525,Prepaid,none,0.3236,interest_rate (-0.74); month_index (-0.44),APPROVE,0.937
LN000430,25,0.4437,0.397,0.1003,0.5081,60DPD,data_entry_error,0.4755,current_status_Current (+1.11); interest_rate (-0.92),ESCALATE,0.9
LN000430,26,0.4738,0.4387,0.0985,0.5053,60DPD,none,0.3563,current_status_Current (+1.09); interest_rate (-0.96),APPROVE,0.901
LN000430,27,0.4917,0.4507,0.0928,0.5109,60DPD,none,0.4529,current_status_Current (+1.12); interest_rate (-0.91),ESCALATE,0.907
LN000430,28,0.4423,0.4076,0.0938,0.5114,Current,none,0.5106,current_status_Current (+1.12); interest_rate (-0.91),ESCALATE,0.906
LN000434,13,0.1204,0.2363,0.0879,0.5099,Current,none,0.0628,ltv_risk_tier (-0.35); current_status_Current (-0.31),APPROVE,0.912
LN000434,14,0.1716,0.2616,0.103,0.5112,Prepaid,suspicious_transition,0.2475,ltv_risk_tier (-0.36); current_status_Current (-0.29),APPROVE,0.897
LN000434,15,0.1142,0.1977,0.0833,0.5098,Current,none,0.093,ltv_risk_tier (-0.35); current_status_Current (-0.30),APPROVE,0.917
LN000434,16,0.1043,0.1913,0.081,0.5096,Current,none,0.1096,ltv_risk_tier (-0.34); current_status_Current (-0.31),APPROVE,0.919
LN000434,17,0.1039,0.1799,0.0787,0.506,Prepaid,none,0.1245,ltv_risk_tier (-0.33); current_status_Current (-0.31),APPROVE,0.921
LN000434,18,0.0974,0.1715,0.0785,0.5041,Current,stale_record,0.1871,ltv_risk_tier (-0.33); current_status_Current (-0.31),APPROVE,0.921
LN000434,19,0.0766,0.153,0.0733,0.5038,Current,none,0.1597,ltv_risk_tier (-0.33); current_status_Current (-0.31),APPROVE,0.927
LN000434,20,0.0746,0.1496,0.0699,0.5038,Current,none,0.1887,month_index (-0.47); ltv_risk_tier (-0.33),APPROVE,0.93
LN000434,21,0.0746,0.1568,0.0699,0.5034,Current,none,0.2115,month_index (-0.47); ltv_risk_tier (-0.33),APPROVE,0.93
LN000434,22,0.0733,0.1684,0.0699,0.5034,Current,none,0.233,month_index (-0.47); ltv_risk_tier (-0.33),APPROVE,0.93
LN000434,23,0.0733,0.1682,0.0692,0.5049,Current,none,0.2605,month_index (-0.47); ltv_risk_tier (-0.33),APPROVE,0.931
LN000434,24,0.0727,0.1682,0.0694,0.4898,Current,none,0.2727,month_index (-0.47); ltv_risk_tier (-0.33),APPROVE,0.931
LN000434,25,0.0727,0.1682,0.0694,0.4898,Current,source_conflict,0.4167,month_index (-0.47); ltv_risk_tier (-0.33),ESCALATE,0.931
LN000434,26,0.0762,0.1704,0.0694,0.4878,Current,source_conflict,0.4734,month_index (-0.47); ltv_risk_tier (-0.33),ESCALATE,0.931
LN000434,27,0.5576,0.5669,0.1034,0.4626,Current,stale_record,0.5334,current_status_Current (+1.27); month_index (-0.48),ESCALATE,0.897
LN000435,9,0.3155,0.3517,0.1172,0.4917,Current,none,0.0478,current_status_Current (-0.23); state_PA (-0.20),APPROVE,0.883
LN000435,10,0.3032,0.3514,0.1208,0.4914,Current,none,0.0597,current_status_Current (-0.23); state_PA (-0.20),APPROVE,0.879
LN000435,11,0.6801,0.6458,0.244,0.4566,60DPD,none,0.125,current_status_Current (+1.04); days_past_due (-0.24),WATCH_LIST,0.756
LN000435,12,0.2888,0.4203,0.1025,0.4912,Current,data_entry_error,0.3312,servicer_name_ServicerE (-0.22); current_status_Current (-0.22),APPROVE,0.897
LN000435,13,0.2483,0.3054,0.1098,0.4842,Current,none,0.0914,current_status_Current (-0.25); interest_rate (+0.18),APPROVE,0.89
LN000435,14,0.2535,0.2912,0.1079,0.4838,Current,none,0.1009,current_status_Current (-0.24); seasoning_pct (-0.21),APPROVE,0.892
LN000435,15,0.2923,0.3157,0.1085,0.4822,Current,stale_record,0.422,current_status_Current (-0.37); seasoning_pct (-0.22),ESCALATE,0.891
LN000435,16,0.2273,0.2552,0.1039,0.4841,Current,none,0.134,current_status_Current (-0.23); seasoning_pct (-0.22),APPROVE,0.896
LN000435,17,0.2099,0.2488,0.1027,0.4813,Current,none,0.1487,current_status_Current (-0.23); seasoning_pct (-0.22),APPROVE,0.897
LN000435,18,0.1801,0.2269,0.1011,0.4795,Current,none,0.1616,seasoning_pct (-0.26); current_status_Current (-0.23),APPROVE,0.899
LN000435,19,0.1477,0.1968,0.0938,0.4793,Current,none,0.1809,seasoning_pct (-0.34); current_status_Current (-0.23),APPROVE,0.906
LN000435,20,0.6139,0.5963,0.1465,0.4529,Current,source_conflict,0.5495,current_status_Current (+1.00); month_index (-0.44),ESCALATE,0.854
LN000440,9,0.5709,0.5769,0.0932,0.4727,Current,none,0.2804,current_status_Current (+1.18); interest_rate (-0.98),APPROVE,0.907
LN000441,6,0.1615,0.2617,0.1937,0.5033,Prepaid,none,0.0079,current_status_Current (-0.30); state_AZ (-0.30),WATCH_LIST,0.806
LN000441,7,0.166,0.2639,0.1957,0.5035,Prepaid,none,0.0064,current_status_Current (-0.30); state_AZ (-0.30),WATCH_LIST,0.804
LN000441,8,0.2118,0.2849,0.2044,0.5,Prepaid,suspicious_transition,0.2154,current_status_Current (-0.40); state_AZ (-0.31),WATCH_LIST,0.796
LN000441,9,0.1714,0.2648,0.1963,0.5046,Current,none,0.0105,state_AZ (-0.34); current_status_Current (-0.31),WATCH_LIST,0.804
LN000441,10,0.1687,0.2734,0.1964,0.5051,Current,none,0.0191,state_AZ (-0.35); current_status_Current (-0.31),WATCH_LIST,0.804
LN000441,11,0.1684,0.2754,0.1958,0.5062,Current,none,0.034,state_AZ (-0.35); current_status_Current (-0.31),WATCH_LIST,0.804
LN000441,12,0.1692,0.273,0.1945,0.509,Current,none,0.0416,state_AZ (-0.35); current_status_Current (-0.31),WATCH_LIST,0.805
LN000441,13,0.6508,0.6526,0.3144,0.4771,Current,none,0.4317,current_status_Current (+1.24); state_AZ (-0.41),ESCALATE,0.686
LN000444,13,0.1532,0.2425,0.0982,0.5115,Current,stale_record,0.1805,interest_rate (-0.75); state_FL (-0.59),APPROVE,0.902
LN000444,14,0.1517,0.2346,0.0996,0.5118,Current,none,0.1465,interest_rate (-0.76); state_FL (-0.59),APPROVE,0.9
LN000444,15,0.4664,0.4719,0.1354,0.4987,Prepaid,none,0.2103,current_status_Current (+1.01); interest_rate (-0.79),APPROVE,0.865
LN000444,16,0.1435,0.2048,0.0966,0.5101,Prepaid,none,0.1761,interest_rate (-0.72); state_FL (-0.59),APPROVE,0.903
LN000444,17,0.1293,0.1812,0.0927,0.5093,Prepaid,none,0.1923,interest_rate (-0.71); state_FL (-0.59),APPROVE,0.907
LN000444,18,0.1182,0.1775,0.0903,0.5113,Prepaid,none,0.2065,interest_rate (-0.71); state_FL (-0.59),APPROVE,0.91
LN000444,19,0.0948,0.1633,0.0872,0.5113,Prepaid,none,0.2211,interest_rate (-0.70); state_FL (-0.59),APPROVE,0.913
LN000444,20,0.0941,0.1618,0.084,0.5106,Prepaid,none,0.242,interest_rate (-0.69); state_FL (-0.51),APPROVE,0.916
LN000444,21,0.0941,0.1687,0.084,0.5104,Prepaid,none,0.2589,interest_rate (-0.69); state_FL (-0.51),APPROVE,0.916
LN000444,22,0.0932,0.1711,0.084,0.5087,Prepaid,stale_record,0.3251,interest_rate (-0.69); state_FL (-0.51),APPROVE,0.916
LN000444,23,0.0922,0.1724,0.0848,0.5121,Prepaid,none,0.3071,interest_rate (-0.69); state_FL (-0.51),APPROVE,0.915
LN000444,24,0.0916,0.1742,0.0848,0.5141,Prepaid,none,0.3165,interest_rate (-0.69); state_FL (-0.51),APPROVE,0.915
LN000444,25,0.1398,0.2153,0.0775,0.527,Prepaid,none,0.4084,state_FL (-0.44); original_balance (-0.42),ESCALATE,0.922
LN000444,26,0.0913,0.1708,0.0837,0.5141,Prepaid,none,0.3319,interest_rate (-0.69); state_FL (-0.51),APPROVE,0.916
LN000446,8,0.7623,0.7521,0.3137,0.4661,60DPD,none,0.1891,current_status_Current (+1.57); combined_risk_index (-0.86),WATCH_LIST,0.686
LN000446,9,0.762,0.7498,0.3154,0.4673,Default,none,0.1888,current_status_Current (+1.57); combined_risk_index (-0.85),WATCH_LIST,0.685
LN000446,10,0.7574,0.7476,0.2761,0.4794,Current,none,0.3727,current_status_Current (+1.56); combined_risk_index (-0.80),WATCH_LIST,0.724
LN000452,10,0.1787,0.3155,0.1094,0.5207,30DPD,none,0.0464,current_status_Current (-0.27); state_TN (-0.22),APPROVE,0.891
LN000452,11,0.1821,0.3248,0.1088,0.5232,30DPD,none,0.0608,current_status_Current (-0.27); state_TN (-0.21),APPROVE,0.891
LN000452,12,0.179,0.3169,0.1051,0.5246,30DPD,none,0.0655,current_status_Current (-0.27); state_TN (-0.21),APPROVE,0.895
LN000452,13,0.1735,0.3272,0.1035,0.5262,30DPD,none,0.0711,current_status_Current (-0.27); interest_rate (+0.22),APPROVE,0.896
LN000452,14,0.1701,0.3158,0.0978,0.525,30DPD,none,0.078,current_status_Current (-0.27); interest_rate (+0.21),APPROVE,0.902
LN000452,15,0.226,0.3391,0.1038,0.5216,Default,suspicious_transition,0.3613,current_status_Current (-0.41); interest_rate (+0.23),APPROVE,0.896
LN000452,16,0.1496,0.2642,0.0915,0.5227,Current,none,0.1126,current_status_Current (-0.27); interest_rate (+0.22),APPROVE,0.908
LN000452,17,0.1272,0.2319,0.0907,0.5186,Current,none,0.1266,current_status_Current (-0.28); interest_rate (+0.22),APPROVE,0.909
LN000452,18,0.1145,0.2191,0.0895,0.5173,Current,none,0.1451,current_status_Current (-0.28); interest_rate (+0.22),APPROVE,0.91
LN000452,19,0.0905,0.1941,0.0814,0.5173,Current,none,0.1606,current_status_Current (-0.28); interest_rate (+0.22),APPROVE,0.919
LN000452,20,0.0901,0.1897,0.0764,0.5173,Current,none,0.1889,month_index (-0.47); current_status_Current (-0.28),APPROVE,0.924
LN000452,21,0.0901,0.1981,0.0764,0.5169,Current,stale_record,0.2549,month_index (-0.47); seasoning_pct (-0.27),APPROVE,0.924
LN000452,22,0.0876,0.2087,0.0764,0.5169,Current,none,0.233,month_index (-0.47); seasoning_pct (-0.28),APPROVE,0.924
LN000452,23,0.0862,0.2096,0.0758,0.516,Current,none,0.2608,month_index (-0.47); seasoning_pct (-0.28),APPROVE,0.924
LN000452,24,0.0852,0.2093,0.0761,0.5147,Current,stale_record,0.3179,month_index (-0.47); seasoning_pct (-0.28),APPROVE,0.924
LN000452,25,0.0852,0.2093,0.0761,0.5147,Current,stale_record,0.3262,month_index (-0.47); seasoning_pct (-0.28),APPROVE,0.924
LN000452,26,0.0861,0.2008,0.0756,0.5127,Current,none,0.2923,month_index (-0.47); seasoning_pct (-0.32),APPROVE,0.924
LN000452,27,0.0855,0.1978,0.0756,0.5127,Current,stale_record,0.3412,month_index (-0.46); seasoning_pct (-0.32),APPROVE,0.924
LN000452,28,0.0855,0.1968,0.0756,0.5136,Current,none,0.2962,month_index (-0.46); seasoning_pct (-0.32),APPROVE,0.924
LN000464,14,0.6774,0.6641,0.2525,0.5301,Current,none,0.3345,current_status_Current (+1.31); state_UT (-0.29),WATCH_LIST,0.747
LN000467,20,0.5639,0.5447,0.1869,0.4781,Current,none,0.3971,current_status_Current (+1.03); month_index (-0.47),WATCH_LIST,0.813
LN000468,9,0.2572,0.295,0.0768,0.5265,Prepaid,none,0.1416,original_balance (-1.05); current_status_Current (-0.25),APPROVE,0.923
LN000468,10,0.251,0.3038,0.0769,0.5256,Current,none,0.1476,original_balance (-1.02); current_status_Current (-0.26),APPROVE,0.923
LN000468,11,0.2363,0.3053,0.0769,0.5234,Current,none,0.156,original_balance (-1.02); current_status_Current (-0.24),APPROVE,0.923
LN000468,12,0.187,0.2421,0.082,0.5277,Current,stale_record,0.2187,original_balance (-0.85); current_status_Current (-0.24),APPROVE,0.918
LN000468,13,0.199,0.2972,0.0765,0.5197,Current,stale_record,0.215,original_balance (-0.99); current_status_Current (-0.24),APPROVE,0.923
LN000468,14,0.1955,0.2816,0.0767,0.5197,Current,none,0.1756,original_balance (-0.95); current_status_Current (-0.24),APPROVE,0.923
LN000468,15,0.1774,0.2711,0.0752,0.5196,Current,none,0.1973,original_balance (-0.98); current_status_Current (-0.24),APPROVE,0.925
LN000468,16,0.1643,0.2808,0.0747,0.518,Current,none,0.2128,original_balance (-0.98); current_status_Current (-0.24),APPROVE,0.925
LN000468,17,0.16,0.2926,0.0739,0.513,Current,none,0.2347,original_balance (-0.98); current_status_Current (-0.24),APPROVE,0.926
LN000468,18,0.18,0.2925,0.0739,0.512,Current,none,0.2427,original_balance (-0.98); current_status_Current (-0.24),APPROVE,0.926
LN000468,19,0.2268,0.28,0.0759,0.5203,Current,none,0.2659,original_balance (-0.99); current_status_Current (-0.23),APPROVE,0.924
LN000468,20,0.2383,0.2882,0.0695,0.512,Current,none,0.2851,original_balance (-0.91); month_index (-0.26),APPROVE,0.931
LN000468,21,0.2246,0.2899,0.0695,0.512,Current,none,0.3137,original_balance (-0.91); month_index (-0.26),APPROVE,0.931
LN000468,22,0.2255,0.2939,0.0695,0.512,Current,source_conflict,0.4635,original_balance (-0.91); month_index (-0.26),ESCALATE,0.931
LN000468,23,0.2255,0.2939,0.0695,0.512,Current,none,0.3442,original_balance (-0.91); month_index (-0.26),APPROVE,0.931
LN000468,24,0.2255,0.2939,0.0698,0.512,Current,none,0.3526,original_balance (-0.91); month_index (-0.26),APPROVE,0.93
LN000474,14,0.1308,0.2146,0.079,0.4823,Prepaid,none,0.1343,state_MO (-0.71); ltv_risk_tier (-0.39),APPROVE,0.921
LN000474,15,0.1359,0.2035,0.0777,0.4807,Prepaid,none,0.1539,state_MO (-0.71); seasoning_pct (-0.42),APPROVE,0.922
LN000474,16,0.1274,0.2346,0.0751,0.4809,Prepaid,none,0.3079,state_MO (-0.67); ltv_risk_tier (-0.41),APPROVE,0.925
LN000474,17,0.1336,0.1889,0.0762,0.4746,Prepaid,none,0.1955,state_MO (-0.71); seasoning_pct (-0.42),APPROVE,0.924
LN000474,18,0.1402,0.184,0.0762,0.4736,Prepaid,none,0.2074,state_MO (-0.71); seasoning_pct (-0.42),APPROVE,0.924
LN000474,19,0.1452,0.1748,0.0739,0.4724,Prepaid,none,0.2322,state_MO (-0.71); seasoning_pct (-0.42),APPROVE,0.926
LN000474,20,0.1498,0.1701,0.0726,0.4718,Prepaid,none,0.2522,state_MO (-0.71); month_index (-0.50),APPROVE,0.927
LN000474,21,0.1498,0.1701,0.0726,0.4724,Prepaid,none,0.2813,state_MO (-0.71); month_index (-0.50),APPROVE,0.927
LN000474,22,0.5843,0.5555,0.1245,0.448,30DPD,none,0.3277,current_status_Current (+1.09); state_MO (-0.77),APPROVE,0.875
LN000474,23,0.5579,0.561,0.1221,0.4616,Current,none,0.4307,current_status_Current (+1.08); state_MO (-0.74),ESCALATE,0.878
LN000477,14,0.1449,0.2049,0.0756,0.5061,Current,suspicious_transition,0.3614,current_status_Current (-0.39); interest_rate (+0.31),APPROVE,0.924
LN000477,15,0.1209,0.1791,0.0718,0.5109,Current,source_conflict,0.2476,original_balance (-0.33); interest_rate (+0.31),APPROVE,0.928
LN000477,16,0.111,0.1682,0.0716,0.5078,Current,none,0.1307,original_balance (-0.33); interest_rate (+0.31),APPROVE,0.928
LN000477,17,0.1104,0.1813,0.0737,0.4997,Current,data_entry_error,0.4107,original_balance (-0.36); interest_rate (+0.33),ESCALATE,0.926
LN000477,18,0.0992,0.1545,0.0709,0.502,Current,none,0.1615,original_balance (-0.33); interest_rate (+0.31),APPROVE,0.929
LN000477,19,0.0872,0.1409,0.0679,0.5017,Current,none,0.1806,seasoning_pct (-0.38); original_balance (-0.33),APPROVE,0.932
LN000477,20,0.087,0.1382,0.0653,0.5017,Current,stale_record,0.2474,month_index (-0.48); seasoning_pct (-0.38),APPROVE,0.935
LN000477,21,0.4314,0.3281,0.0884,0.4714,Current,none,0.428,current_status_Current (+1.06); month_index (-0.45),ESCALATE,0.912
LN000479,6,0.6647,0.5961,0.2807,0.4651,60DPD,none,0.0685,current_status_Current (+1.29); ltv_risk_tier (-0.27),WATCH_LIST,0.719
LN000479,7,0.714,0.6945,0.3266,0.4418,60DPD,source_conflict,0.2777,current_status_Current (+1.41); ltv_risk_tier (-0.31),WATCH_LIST,0.673
LN000479,8,0.7101,0.6642,0.3478,0.4427,60DPD,none,0.1132,current_status_Current (+1.52); ltv_risk_tier (-0.27),WATCH_LIST,0.652
LN000479,9,0.7077,0.6788,0.3516,0.4418,60DPD,none,0.1106,current_status_Current (+1.53); ltv_risk_tier (-0.27),ESCALATE,0.648
LN000479,10,0.6979,0.6799,0.3529,0.4419,60DPD,none,0.1222,current_status_Current (+1.53); ltv_risk_tier (-0.27),ESCALATE,0.647
LN000479,11,0.7087,0.6938,0.357,0.4422,Current,none,0.3573,current_status_Current (+1.59); days_past_due (+0.34),ESCALATE,0.643
LN000483,20,0.0917,0.1737,0.0841,0.5189,Current,stale_record,0.2371,month_index (-0.48); current_status_Current (-0.28),APPROVE,0.916
LN000483,21,0.0897,0.18,0.0841,0.5185,Current,none,0.2127,month_index (-0.48); combined_risk_index (+0.27),APPROVE,0.916
LN000483,22,0.0886,0.1893,0.0841,0.5185,Current,none,0.236,month_index (-0.48); combined_risk_index (+0.27),APPROVE,0.916
LN000483,23,0.0886,0.1911,0.0842,0.5176,Current,stale_record,0.307,month_index (-0.48); combined_risk_index (+0.27),APPROVE,0.916
LN000483,24,0.088,0.1911,0.0847,0.516,Current,source_conflict,0.4092,month_index (-0.48); combined_risk_index (+0.27),ESCALATE,0.915
LN000483,25,0.088,0.1911,0.0847,0.516,Current,none,0.2824,month_index (-0.48); combined_risk_index (+0.27),APPROVE,0.915
LN000483,26,0.0862,0.1873,0.0843,0.516,Current,none,0.2941,month_index (-0.48); seasoning_pct (-0.28),APPROVE,0.916
LN000483,27,0.0853,0.1851,0.0843,0.516,Current,none,0.2981,month_index (-0.48); seasoning_pct (-0.28),APPROVE,0.916
LN000483,28,0.0858,0.1851,0.0843,0.5178,Current,none,0.2981,month_index (-0.48); seasoning_pct (-0.28),APPROVE,0.916
LN000483,29,0.6059,0.6035,0.143,0.4904,60DPD,none,0.3238,current_status_Current (+1.14); month_index (-0.48),APPROVE,0.857
LN000483,30,0.0872,0.1851,0.0838,0.5175,Current,none,0.2989,month_index (-0.48); seasoning_pct (-0.36),APPROVE,0.916
LN000483,31,0.0872,0.1851,0.0838,0.5175,Current,none,0.2983,month_index (-0.48); seasoning_pct (-0.36),APPROVE,0.916
LN000484,6,0.2777,0.4886,0.1745,0.4839,30DPD,none,0.1266,original_balance (+0.44); monthly_interest_accrual (+0.40),WATCH_LIST,0.826
LN000484,7,0.2831,0.4908,0.1757,0.4867,Current,none,0.1206,original_balance (+0.44); monthly_interest_accrual (+0.41),WATCH_LIST,0.824
LN000484,8,0.2865,0.4978,0.1772,0.4904,Current,stale_record,0.1838,original_balance (+0.43); monthly_interest_accrual (+0.42),WATCH_LIST,0.823
LN000484,9,0.2988,0.5096,0.1764,0.4982,Current,none,0.1176,original_balance (+0.43); monthly_interest_accrual (+0.41),WATCH_LIST,0.824
LN000484,10,0.3002,0.5154,0.1816,0.4998,Current,none,0.1296,original_balance (+0.43); monthly_interest_accrual (+0.38),WATCH_LIST,0.818
LN000484,11,0.3101,0.5178,0.1779,0.5073,Current,none,0.1398,original_balance (+0.43); monthly_interest_accrual (+0.39),WATCH_LIST,0.822
LN000484,12,0.3206,0.511,0.1737,0.5119,Current,none,0.154,original_balance (+0.43); monthly_interest_accrual (+0.39),WATCH_LIST,0.826
LN000484,13,0.2949,0.4648,0.1718,0.5138,30DPD,none,0.1633,original_balance (+0.43); monthly_interest_accrual (+0.37),WATCH_LIST,0.828
LN000484,14,0.2843,0.4138,0.1643,0.5152,30DPD,none,0.1729,original_balance (+0.43); monthly_interest_accrual (+0.37),WATCH_LIST,0.836
LN000484,15,0.2621,0.3398,0.1567,0.5149,30DPD,none,0.1829,original_balance (+0.43); monthly_interest_accrual (+0.37),WATCH_LIST,0.843
LN000484,16,0.235,0.3032,0.1496,0.5183,30DPD,stale_record,0.242,original_balance (+0.45); monthly_interest_accrual (+0.39),APPROVE,0.85
LN000484,17,0.1908,0.2393,0.142,0.52,Prepaid,none,0.2132,original_balance (+0.45); monthly_interest_accrual (+0.39),APPROVE,0.858
LN000484,18,0.1595,0.2233,0.1407,0.5209,30DPD,source_conflict,0.363,original_balance (+0.45); monthly_interest_accrual (+0.39),APPROVE,0.859
LN000484,19,0.1207,0.2023,0.1292,0.5209,Prepaid,none,0.2429,original_balance (+0.45); monthly_interest_accrual (+0.38),APPROVE,0.871
LN000484,20,0.1229,0.207,0.1104,0.5209,Prepaid,none,0.2656,original_balance (+0.47); month_index (-0.47),APPROVE,0.89
LN000484,21,0.1268,0.2362,0.1104,0.5211,Prepaid,stale_record,0.3266,original_balance (+0.47); month_index (-0.47),APPROVE,0.89
LN000484,22,0.0819,0.2331,0.1091,0.5201,30DPD,data_entry_error,0.4504,original_balance (+0.53); monthly_interest_accrual (+0.46),ESCALATE,0.891
LN000484,23,0.1279,0.2577,0.1108,0.5262,Prepaid,none,0.3261,original_balance (+0.47); month_index (-0.47),APPROVE,0.889
LN000484,24,0.129,0.2577,0.1108,0.525,Prepaid,stale_record,0.3814,original_balance (+0.47); month_index (-0.47),APPROVE,0.889
LN000484,25,0.129,0.2577,0.1108,0.5255,Prepaid,none,0.3449,original_balance (+0.47); month_index (-0.47),APPROVE,0.889
LN000484,26,0.1354,0.2528,0.1095,0.5238,Prepaid,none,0.3524,month_index (-0.47); original_balance (+0.47),APPROVE,0.891
LN000484,27,0.1346,0.2501,0.1095,0.5238,Prepaid,none,0.3562,month_index (-0.47); original_balance (+0.47),APPROVE,0.891
LN000484,28,0.1346,0.2525,0.1095,0.5238,Prepaid,none,0.3562,month_index (-0.47); original_balance (+0.47),APPROVE,0.891
LN000484,29,0.4471,0.4593,0.1717,0.4916,Current,none,0.5244,current_status_Current (+0.99); month_index (-0.42),ESCALATE,0.828
LN000486,13,0.1252,0.1983,0.0748,0.573,Prepaid,stale_record,0.1403,current_status_Current (-0.30); property_type_Multi_Family (-0.25),APPROVE,0.925
LN000486,14,0.5022,0.5101,0.1357,0.5559,Current,none,0.3458,current_status_Current (+1.25); property_type_Multi_Family (-0.23),APPROVE,0.864
LN000490,9,0.1827,0.2566,0.1043,0.5249,Current,none,0.0697,current_status_Current (-0.28); current_balance (-0.22),APPROVE,0.896
LN000490,10,0.1771,0.2487,0.1068,0.5322,Prepaid,stale_record,0.1259,current_status_Current (-0.28); current_balance (-0.21),APPROVE,0.893
LN000490,11,0.1715,0.2496,0.1008,0.5386,Prepaid,none,0.0926,current_status_Current (-0.29); current_balance (-0.21),APPROVE,0.899
LN000490,12,0.1665,0.2404,0.0986,0.544,Prepaid,none,0.0996,current_status_Current (-0.29); current_balance (-0.21),APPROVE,0.901
LN000490,13,0.1492,0.2307,0.0899,0.5515,Prepaid,none,0.1123,current_status_Current (-0.28); seasoning_pct (-0.23),APPROVE,0.91
LN000490,14,0.5802,0.5526,0.1641,0.5433,Current,none,0.3755,current_status_Current (+1.18); seasoning_pct (-0.23),WATCH_LIST,0.836
LN000493,8,0.5739,0.5633,0.2693,0.4957,Current,none,0.3118,current_status_Current (+1.42); state_CO (-0.15),WATCH_LIST,0.731
LN000494,6,0.1543,0.2839,0.0721,0.5001,Prepaid,none,0.0466,combined_risk_index (-0.87); interest_rate (-0.73),APPROVE,0.928
LN000494,7,0.5593,0.5106,0.112,0.4873,60DPD,none,0.0923,combined_risk_index (-0.93); interest_rate (-0.88),APPROVE,0.888
LN000494,8,0.4388,0.4208,0.1449,0.4971,60DPD,none,0.2262,current_status_Current (+0.87); combined_risk_index (-0.72),APPROVE,0.855
LN000494,9,0.493,0.4419,0.112,0.4941,60DPD,none,0.1012,combined_risk_index (-0.93); interest_rate (-0.93),APPROVE,0.888
LN000494,10,0.4954,0.4611,0.1124,0.5005,60DPD,none,0.1098,interest_rate (-0.94); combined_risk_index (-0.91),APPROVE,0.888
LN000494,11,0.4998,0.4521,0.1101,0.5029,60DPD,none,0.123,interest_rate (-0.97); combined_risk_index (-0.89),APPROVE,0.89
LN000494,12,0.1081,0.2165,0.0752,0.5181,Prepaid,none,0.08,combined_risk_index (-0.89); interest_rate (-0.78),APPROVE,0.925
LN000494,13,0.1195,0.2357,0.0755,0.5182,Prepaid,none,0.0887,combined_risk_index (-0.87); interest_rate (-0.78),APPROVE,0.924
LN000494,14,0.4499,0.4155,0.1107,0.507,Current,none,0.3463,interest_rate (-0.96); combined_risk_index (-0.87),APPROVE,0.889
LN000498,16,0.0819,0.1345,0.0714,0.545,Current,none,0.0887,combined_risk_index (-0.71); interest_rate (-0.36),APPROVE,0.929
LN000498,17,0.0748,0.1243,0.0695,0.5433,Current,none,0.106,combined_risk_index (-0.70); interest_rate (-0.35),APPROVE,0.931
LN000498,18,0.0718,0.1222,0.0695,0.5445,Current,none,0.1234,combined_risk_index (-0.70); interest_rate (-0.35),APPROVE,0.931
LN000498,19,0.0634,0.1131,0.0676,0.5445,Current,none,0.1418,combined_risk_index (-0.68); interest_rate (-0.35),APPROVE,0.932
LN000498,20,0.063,0.1096,0.0651,0.5445,Current,none,0.1692,combined_risk_index (-0.68); month_index (-0.45),APPROVE,0.935
LN000498,21,0.0828,0.1406,0.0747,0.5274,Current,none,0.3266,combined_risk_index (-0.59); month_index (-0.39),APPROVE,0.925
LN000498,22,0.0615,0.1127,0.0651,0.5439,Current,none,0.2215,combined_risk_index (-0.68); month_index (-0.45),APPROVE,0.935
LN000498,23,0.0615,0.1142,0.0655,0.5439,Current,none,0.2493,combined_risk_index (-0.68); month_index (-0.45),APPROVE,0.935
LN000498,24,0.062,0.1179,0.0645,0.5384,Current,none,0.2617,month_index (-0.48); original_balance (-0.36),APPROVE,0.935
LN000498,25,0.0607,0.1142,0.0655,0.5422,Current,none,0.2708,combined_risk_index (-0.68); month_index (-0.45),APPROVE,0.935
LN000498,26,0.0609,0.1136,0.0655,0.5418,Current,stale_record,0.3281,combined_risk_index (-0.68); month_index (-0.45),APPROVE,0.935
LN000498,27,0.0609,0.1129,0.0655,0.5418,Current,none,0.2913,combined_risk_index (-0.68); month_index (-0.45),APPROVE,0.935
LN000498,28,0.0609,0.1133,0.0655,0.5416,Current,none,0.2913,combined_risk_index (-0.68); month_index (-0.45),APPROVE,0.935
LN000498,29,0.0613,0.1133,0.0652,0.5413,Current,stale_record,0.3363,combined_risk_index (-0.68); month_index (-0.45),APPROVE,0.935
LN000498,30,0.0614,0.1133,0.0655,0.539,Current,none,0.2921,combined_risk_index (-0.68); month_index (-0.45),APPROVE,0.935
LN000498,31,0.0614,0.1133,0.0655,0.539,Current,none,0.291,combined_risk_index (-0.68); month_index (-0.45),APPROVE,0.935
LN000498,32,0.077,0.1529,0.0743,0.5228,Current,none,0.393,combined_risk_index (-0.59); month_index (-0.39),APPROVE,0.926
LN000498,33,0.0614,0.119,0.0655,0.5357,Current,none,0.291,combined_risk_index (-0.68); month_index (-0.45),APPROVE,0.935
LN000498,34,0.0614,0.119,0.0655,0.5357,Current,none,0.291,combined_risk_index (-0.68); month_index (-0.45),APPROVE,0.935
LN000498,35,0.0614,0.119,0.0655,0.5357,Current,stale_record,0.336,combined_risk_index (-0.68); month_index (-0.45),APPROVE,0.935
LN000498,36,0.0614,0.119,0.0655,0.5357,Current,none,0.291,combined_risk_index (-0.68); month_index (-0.45),APPROVE,0.935
LN000501,25,0.0675,0.1467,0.0826,0.4778,Current,none,0.2858,interest_rate (-0.56); month_index (-0.43),APPROVE,0.917
LN000502,12,0.2528,0.4494,0.1719,0.5144,Current,none,0.0405,combined_risk_index (+0.38); monthly_interest_accrual (-0.26),WATCH_LIST,0.828
LN000502,13,0.2927,0.4694,0.1669,0.5111,30DPD,none,0.2158,combined_risk_index (+0.35); interest_rate (-0.28),WATCH_LIST,0.833
LN000502,14,0.2645,0.4359,0.1537,0.5149,Current,stale_record,0.0982,combined_risk_index (+0.37); monthly_interest_accrual (-0.33),WATCH_LIST,0.846
LN000502,15,0.2545,0.4112,0.1424,0.5141,Current,none,0.0692,combined_risk_index (+0.37); monthly_interest_accrual (-0.32),APPROVE,0.858
LN000502,16,0.644,0.6123,0.2559,0.4817,60DPD,none,0.1345,current_status_Current (+0.99); monthly_interest_accrual (-0.32),WATCH_LIST,0.744
LN000502,17,0.6001,0.5501,0.2417,0.4822,Current,none,0.3355,current_status_Current (+1.03); monthly_interest_accrual (-0.32),WATCH_LIST,0.758
LN000504,6,0.1761,0.2758,0.2422,0.5303,Prepaid,stale_record,0.055,current_status_Current (-0.28); loan_purpose_Refinance_NoCashout (+0.12),WATCH_LIST,0.758
LN000504,7,0.6346,0.5947,0.3846,0.5031,60DPD,none,0.1017,current_status_Current (+1.10); days_past_due (-0.19),ESCALATE,0.615
LN000504,8,0.1691,0.2713,0.2367,0.531,Prepaid,none,0.0112,current_status_Current (-0.28); loan_purpose_Refinance_NoCashout (+0.12),WATCH_LIST,0.763
LN000504,9,0.1578,0.2761,0.2361,0.5322,Current,none,0.0135,current_status_Current (-0.28); loan_purpose_Refinance_NoCashout (+0.12),WATCH_LIST,0.764
LN000504,10,0.1583,0.2923,0.219,0.5278,Current,none,0.0655,current_status_Current (-0.27); loan_purpose_Refinance_NoCashout (+0.15),WATCH_LIST,0.781
LN000504,11,0.1498,0.302,0.2309,0.5324,Current,none,0.0366,current_status_Current (-0.28); ltv_risk_tier (+0.12),WATCH_LIST,0.769
LN000504,12,0.6692,0.6637,0.3928,0.4987,60DPD,stale_record,0.1408,current_status_Current (+1.19); days_past_due (-0.21),ESCALATE,0.607
LN000504,13,0.1475,0.2959,0.2236,0.5289,Current,none,0.0488,current_status_Current (-0.27); ltv_risk_tier (+0.12),WATCH_LIST,0.776
LN000504,14,0.1466,0.277,0.2024,0.5288,Prepaid,none,0.0599,current_status_Current (-0.28); ltv_risk_tier (+0.12),WATCH_LIST,0.798
LN000504,15,0.1382,0.258,0.1896,0.5265,Current,none,0.0767,current_status_Current (-0.28); ltv_risk_tier (+0.12),WATCH_LIST,0.81
LN000504,16,0.1337,0.2452,0.1795,0.5232,Current,none,0.0914,current_status_Current (-0.28); loan_purpose_Refinance_NoCashout (+0.12),WATCH_LIST,0.821
LN000504,17,0.1221,0.2272,0.1687,0.52,Prepaid,none,0.1069,current_status_Current (-0.28); seasoning_pct (-0.14),WATCH_LIST,0.831
LN000504,18,0.1119,0.2172,0.1677,0.5191,Current,none,0.122,current_status_Current (-0.28); seasoning_pct (-0.16),WATCH_LIST,0.832
LN000504,19,0.0845,0.1925,0.1442,0.5191,Prepaid,none,0.1409,current_status_Current (-0.29); seasoning_pct (-0.21),APPROVE,0.856
LN000504,20,0.0726,0.1712,0.1163,0.516,Prepaid,none,0.1688,month_index (-0.50); seasoning_pct (-0.33),APPROVE,0.884
LN000504,21,0.0821,0.1885,0.1214,0.5189,Prepaid,none,0.1948,month_index (-0.50); seasoning_pct (-0.34),APPROVE,0.879
LN000504,22,0.0964,0.2132,0.127,0.5064,Current,stale_record,0.4134,month_index (-0.40); current_status_Current (-0.29),ESCALATE,0.873
LN000504,23,0.0813,0.1926,0.1239,0.518,Prepaid,none,0.2415,month_index (-0.50); seasoning_pct (-0.36),APPROVE,0.876
LN000504,24,0.6252,0.6461,0.2487,0.4915,60DPD,none,0.2888,current_status_Current (+1.17); month_index (-0.45),WATCH_LIST,0.751
LN000504,25,0.7127,0.7205,0.3844,0.4739,Current,none,0.4638,current_status_Current (+1.54); month_index (-0.50),ESCALATE,0.616
LN000508,14,0.3983,0.5634,0.0825,0.5178,30DPD,none,0.2259,interest_rate (-1.42); ltv_risk_tier (+0.31),APPROVE,0.918
LN000508,15,0.3872,0.5119,0.0824,0.5194,Prepaid,none,0.2333,interest_rate (-1.38); ltv_risk_tier (+0.31),APPROVE,0.918
LN000508,16,0.3751,0.4874,0.0798,0.5202,Prepaid,none,0.2454,interest_rate (-1.38); ltv_risk_tier (+0.32),APPROVE,0.92
LN000508,17,0.3543,0.4485,0.0774,0.5213,Prepaid,none,0.2573,interest_rate (-1.38); ltv_risk_tier (+0.28),APPROVE,0.923
LN000508,18,0.3169,0.4367,0.0768,0.522,Prepaid,none,0.2714,interest_rate (-1.38); ltv_risk_tier (+0.28),APPROVE,0.923
LN000508,19,0.305,0.3873,0.0747,0.508,30DPD,none,0.2792,interest_rate (-1.06); ltv_risk_tier (+0.33),APPROVE,0.925
LN000508,20,0.2428,0.3905,0.069,0.5212,30DPD,none,0.3014,interest_rate (-1.36); month_index (-0.51),APPROVE,0.931
LN000508,21,0.2423,0.416,0.0684,0.5222,Prepaid,stale_record,0.3821,interest_rate (-1.37); month_index (-0.51),APPROVE,0.932
LN000508,22,0.1848,0.2962,0.0623,0.5649,Prepaid,none,0.3294,interest_rate (-1.40); month_index (-0.47),APPROVE,0.938
LN000508,23,0.6214,0.6357,0.0832,0.5265,60DPD,none,0.3716,interest_rate (-1.49); current_status_Current (+0.84),APPROVE,0.917
LN000508,24,0.7179,0.7372,0.1393,0.5006,Current,none,0.5059,current_status_Current (+1.38); interest_rate (-1.34),ESCALATE,0.861
LN000515,14,0.2452,0.4497,0.152,0.5286,30DPD,none,0.1675,state_LA (+0.38); combined_risk_index (+0.33),WATCH_LIST,0.848
LN000515,15,0.6206,0.6645,0.2201,0.5049,60DPD,none,0.2254,current_status_Current (+0.78); state_LA (+0.26),WATCH_LIST,0.78
LN000515,16,0.6101,0.6602,0.2156,0.5048,60DPD,none,0.2367,current_status_Current (+0.79); state_LA (+0.26),WATCH_LIST,0.784
LN000515,17,0.5746,0.6322,0.1997,0.5035,60DPD,stale_record,0.2994,current_status_Current (+0.85); state_LA (+0.26),WATCH_LIST,0.8
LN000515,18,0.1608,0.33,0.1325,0.5278,Prepaid,none,0.2245,state_LA (+0.38); combined_risk_index (+0.32),APPROVE,0.868
LN000515,19,0.1252,0.3005,0.1156,0.5278,Prepaid,none,0.2415,state_LA (+0.38); combined_risk_index (+0.33),APPROVE,0.884
LN000515,20,0.1251,0.2889,0.0999,0.5273,Prepaid,none,0.2641,month_index (-0.49); state_LA (+0.39),APPROVE,0.9
LN000515,21,0.5289,0.6264,0.1439,0.5071,Current,none,0.4775,current_status_Current (+0.85); month_index (-0.45),ESCALATE,0.856
LN000516,18,0.0945,0.149,0.0615,0.5517,Current,none,0.1317,combined_risk_index (-1.07); state_OH (-0.56),APPROVE,0.939
LN000516,19,0.4076,0.4903,0.0741,0.5194,Current,none,0.3887,current_status_Current (+1.06); combined_risk_index (-0.99),APPROVE,0.926
LN000522,9,0.2005,0.2768,0.1201,0.4945,Current,none,0.0116,current_status_Current (-0.31); interest_rate (-0.20),APPROVE,0.88
LN000522,10,0.2037,0.2816,0.117,0.4957,Prepaid,stale_record,0.0863,current_status_Current (-0.31); interest_rate (-0.20),APPROVE,0.883
LN000522,11,0.1948,0.2808,0.1135,0.4953,Current,none,0.0338,current_status_Current (-0.31); interest_rate (-0.20),APPROVE,0.887
LN000522,12,0.198,0.2795,0.1296,0.4951,Current,none,0.0375,current_status_Current (-0.32); interest_rate (-0.21),APPROVE,0.87
LN000522,13,0.2018,0.2766,0.1087,0.4933,Current,none,0.0419,current_status_Current (-0.31); combined_risk_index (-0.21),APPROVE,0.891
LN000522,14,0.6718,0.6595,0.2761,0.469,Current,stale_record,0.3378,current_status_Current (+1.33); ltv_risk_tier (-0.24),WATCH_LIST,0.724
LN000525,9,0.1783,0.3057,0.1159,0.5077,Prepaid,none,0.0717,current_status_Current (-0.30); current_balance (-0.21),APPROVE,0.884
LN000525,10,0.1771,0.3034,0.1156,0.5077,Prepaid,none,0.0796,current_status_Current (-0.30); current_balance (-0.21),APPROVE,0.884
LN000525,11,0.168,0.3036,0.1122,0.5086,Prepaid,none,0.0912,current_status_Current (-0.30); current_balance (-0.21),APPROVE,0.888
LN000525,12,0.1496,0.2725,0.1105,0.5094,Current,none,0.0961,current_status_Current (-0.30); current_balance (-0.21),APPROVE,0.889
LN000525,13,0.1428,0.2554,0.1023,0.5099,Prepaid,none,0.1103,current_status_Current (-0.30); current_balance (-0.20),APPROVE,0.898
LN000525,14,0.1334,0.2212,0.1005,0.5099,Prepaid,none,0.1206,current_status_Current (-0.30); seasoning_pct (-0.23),APPROVE,0.899
LN000525,15,0.5669,0.5855,0.2278,0.4882,Current,stale_record,0.4139,current_status_Current (+1.25); seasoning_pct (-0.18),ESCALATE,0.772
LN000529,6,0.1482,0.251,0.0953,0.4911,Current,stale_record,0.0908,monthly_interest_accrual (-0.55); state_CT (-0.51),APPROVE,0.905
LN000529,7,0.1472,0.2536,0.0941,0.4961,Current,none,0.0486,monthly_interest_accrual (-0.54); state_CT (-0.51),APPROVE,0.906
LN000529,8,0.1518,0.2468,0.1005,0.5019,Current,stale_record,0.1208,monthly_interest_accrual (-0.54); state_CT (-0.52),APPROVE,0.9
LN000529,9,0.1604,0.2285,0.0947,0.5005,Current,none,0.0607,monthly_interest_accrual (-0.53); state_CT (-0.53),APPROVE,0.905
LN000529,10,0.5873,0.5579,0.1716,0.4716,Current,none,0.3132,current_status_Current (+1.35); monthly_interest_accrual (-0.58),WATCH_LIST,0.828
LN000530,16,0.0686,0.1528,0.1002,0.5235,Current,none,0.0794,current_status_Current (-0.32); property_type_Multi_Family (-0.28),APPROVE,0.9
LN000530,17,0.6748,0.6629,0.384,0.4682,Current,none,0.4016,current_status_Current (+1.76); days_past_due (+0.35),ESCALATE,0.616
LN000535,16,0.2379,0.3209,0.0865,0.5602,Prepaid,stale_record,0.1342,interest_rate (-0.63); current_status_Current (-0.24),APPROVE,0.913
LN000535,17,0.2053,0.2732,0.0816,0.5589,Prepaid,none,0.1071,interest_rate (-0.62); current_status_Current (-0.25),APPROVE,0.918
LN000535,18,0.6833,0.6575,0.1271,0.5333,60DPD,none,0.1733,current_status_Current (+1.07); interest_rate (-0.72),APPROVE,0.873
LN000535,19,0.6857,0.6584,0.1112,0.5333,60DPD,none,0.1902,current_status_Current (+1.10); interest_rate (-0.72),APPROVE,0.889
LN000535,20,0.6814,0.6582,0.0945,0.5323,60DPD,none,0.3457,current_status_Current (+1.09); interest_rate (-0.75),APPROVE,0.906
LN000535,21,0.1982,0.2761,0.0709,0.5556,Current,suspicious_transition,0.3916,interest_rate (-0.62); month_index (-0.52),APPROVE,0.929
LN000535,22,0.1391,0.2256,0.0696,0.5587,Prepaid,none,0.2186,interest_rate (-0.65); month_index (-0.48),APPROVE,0.93
LN000535,23,0.1399,0.2107,0.0693,0.5587,Prepaid,none,0.2479,interest_rate (-0.68); month_index (-0.48),APPROVE,0.931
LN000535,24,0.1387,0.2109,0.0693,0.5596,Prepaid,none,0.2595,interest_rate (-0.68); month_index (-0.48),APPROVE,0.931
LN000535,25,0.1388,0.2106,0.0692,0.5596,Prepaid,none,0.2675,interest_rate (-0.68); month_index (-0.49),APPROVE,0.931
LN000535,26,0.132,0.2072,0.0691,0.5586,Prepaid,none,0.2797,interest_rate (-0.68); month_index (-0.49),APPROVE,0.931
LN000535,27,0.132,0.2039,0.0691,0.5586,Prepaid,none,0.2867,interest_rate (-0.68); month_index (-0.49),APPROVE,0.931
LN000535,28,0.132,0.2039,0.0691,0.5586,Prepaid,none,0.2867,interest_rate (-0.68); month_index (-0.49),APPROVE,0.931
LN000539,15,0.6314,0.5821,0.132,0.4649,30DPD,none,0.1574,ltv_risk_tier (-1.30); current_status_Current (+0.95),APPROVE,0.868
LN000539,16,0.6352,0.5752,0.1316,0.4642,90DPD,none,0.17,ltv_risk_tier (-1.30); current_status_Current (+0.96),APPROVE,0.868
LN000539,17,0.1255,0.2082,0.0727,0.499,Current,none,0.1179,ltv_risk_tier (-1.01); current_status_Current (-0.23),APPROVE,0.927
LN000539,18,0.1208,0.2014,0.0724,0.4987,Current,none,0.1367,ltv_risk_tier (-1.01); current_status_Current (-0.23),APPROVE,0.928
LN000539,19,0.0923,0.1787,0.0688,0.4987,Current,none,0.1561,ltv_risk_tier (-1.01); current_status_Current (-0.24),APPROVE,0.931
LN000539,20,0.5832,0.5435,0.0886,0.4659,60DPD,none,0.2357,ltv_risk_tier (-1.27); current_status_Current (+0.99),APPROVE,0.911
LN000539,21,0.0904,0.1757,0.0655,0.4982,Current,none,0.2063,ltv_risk_tier (-0.99); month_index (-0.50),APPROVE,0.935
LN000539,22,0.0843,0.1841,0.0706,0.5064,Current,none,0.34,ltv_risk_tier (-0.91); month_index (-0.34),APPROVE,0.929
LN000539,23,0.0876,0.1855,0.0664,0.493,Current,none,0.2505,ltv_risk_tier (-1.03); month_index (-0.50),APPROVE,0.934
LN000539,24,0.0852,0.1855,0.0664,0.4943,Current,none,0.2612,ltv_risk_tier (-1.03); month_index (-0.50),APPROVE,0.934
LN000539,25,0.0852,0.1858,0.0664,0.4937,Current,none,0.2706,ltv_risk_tier (-1.03); month_index (-0.50),APPROVE,0.934
LN000539,26,0.0846,0.1855,0.0664,0.4918,Current,none,0.2808,ltv_risk_tier (-1.03); month_index (-0.50),APPROVE,0.934
LN000542,17,0.0715,0.1162,0.0621,0.515,Current,none,0.103,combined_risk_index (-0.99); ltv_risk_tier (-0.76),APPROVE,0.938
LN000542,18,0.4078,0.3839,0.0786,0.5015,Current,none,0.348,current_status_Current (+1.07); ltv_risk_tier (-1.01),APPROVE,0.921
LN000543,8,0.1697,0.2466,0.1427,0.5327,Prepaid,none,0.008,combined_risk_index (+0.42); state_IL (-0.29),APPROVE,0.857
LN000543,9,0.1795,0.2445,0.1384,0.5335,Prepaid,stale_record,0.0581,combined_risk_index (+0.42); state_IL (-0.29),APPROVE,0.862
LN000543,10,0.1856,0.2587,0.1352,0.5457,Prepaid,none,0.0648,combined_risk_index (+0.43); state_IL (-0.32),APPROVE,0.865
LN000543,11,0.1559,0.2352,0.1371,0.5427,Prepaid,none,0.0345,combined_risk_index (+0.43); state_IL (-0.29),APPROVE,0.863
LN000543,12,0.6117,0.6275,0.1783,0.5358,60DPD,none,0.0921,current_status_Current (+0.73); state_IL (-0.56),WATCH_LIST,0.822
LN000543,13,0.6182,0.6194,0.1724,0.5357,60DPD,none,0.097,current_status_Current (+0.74); state_IL (-0.56),WATCH_LIST,0.828
LN000543,14,0.6118,0.6203,0.167,0.5356,30DPD,none,0.1104,current_status_Current (+0.75); state_IL (-0.56),WATCH_LIST,0.833
LN000543,15,0.5697,0.5953,0.1634,0.5355,Current,none,0.3146,current_status_Current (+0.75); state_IL (-0.56),WATCH_LIST,0.837
LN000547,12,0.1309,0.2607,0.0676,0.5217,Current,none,0.039,combined_risk_index (-0.73); current_status_Current (-0.28),APPROVE,0.932
LN000547,13,0.1353,0.2626,0.0677,0.5222,Current,none,0.0453,combined_risk_index (-0.73); current_status_Current (-0.28),APPROVE,0.932
LN000547,14,0.1361,0.2729,0.0694,0.5223,Current,none,0.0514,combined_risk_index (-0.74); current_status_Current (-0.28),APPROVE,0.931
LN000547,15,0.1323,0.2602,0.0689,0.5217,Current,none,0.069,combined_risk_index (-0.74); ltv_risk_tier (-0.28),APPROVE,0.931
LN000547,16,0.1362,0.2802,0.0671,0.5367,Current,data_entry_error,0.2568,combined_risk_index (-0.79); state_CO (-0.37),APPROVE,0.933
LN000547,17,0.1195,0.2065,0.0675,0.5144,Current,none,0.0971,combined_risk_index (-0.73); current_status_Current (-0.28),APPROVE,0.932
LN000547,18,0.1095,0.1974,0.0672,0.5143,Current,none,0.1132,combined_risk_index (-0.73); current_status_Current (-0.28),APPROVE,0.933
LN000547,19,0.0866,0.1747,0.0649,0.5143,Current,none,0.1294,combined_risk_index (-0.72); current_status_Current (-0.28),APPROVE,0.935
LN000547,20,0.6399,0.6139,0.0829,0.4727,60DPD,none,0.2081,current_status_Current (+1.19); combined_risk_index (-0.64),APPROVE,0.917
LN000547,21,0.7274,0.6942,0.1548,0.4366,60DPD,none,0.315,current_status_Current (+1.45); combined_risk_index (-0.76),WATCH_LIST,0.845
LN000547,22,0.0875,0.1737,0.0622,0.5142,Current,none,0.208,combined_risk_index (-0.71); month_index (-0.49),APPROVE,0.938
LN000554,26,0.1453,0.1665,0.0662,0.5329,Current,none,0.3444,seasoning_pct (-0.49); month_index (-0.47),APPROVE,0.934
LN000554,27,0.3929,0.4338,0.0785,0.5144,60DPD,none,0.3717,current_status_Current (+0.81); interest_rate (-0.51),APPROVE,0.921
LN000554,28,0.3766,0.303,0.0797,0.5198,Current,data_entry_error,0.6615,current_status_Current (+0.81); interest_rate (-0.55),IMMEDIATE_REVIEW,0.92
LN000555,23,0.4609,0.5728,0.1505,0.4684,60DPD,none,0.2708,current_status_Current (+1.11); month_index (-0.43),WATCH_LIST,0.85
LN000555,24,0.0534,0.1649,0.0808,0.4947,Current,none,0.2431,month_index (-0.46); seasoning_pct (-0.27),APPROVE,0.919
LN000555,25,0.0534,0.165,0.0815,0.4946,Current,stale_record,0.2972,month_index (-0.46); seasoning_pct (-0.27),APPROVE,0.919
LN000555,26,0.0538,0.1639,0.0811,0.4946,Current,none,0.2631,month_index (-0.46); seasoning_pct (-0.31),APPROVE,0.919
LN000555,27,0.065,0.1724,0.0719,0.5088,Current,data_entry_error,0.4558,month_index (-0.44); current_balance (-0.35),ESCALATE,0.928
LN000555,28,0.0541,0.1592,0.0811,0.4946,Current,stale_record,0.3149,month_index (-0.46); seasoning_pct (-0.31),APPROVE,0.919
LN000555,29,0.0541,0.1592,0.0804,0.4944,Current,none,0.2699,month_index (-0.46); seasoning_pct (-0.39),APPROVE,0.92
LN000555,30,0.0542,0.1595,0.0804,0.4944,Current,stale_record,0.3157,month_index (-0.46); seasoning_pct (-0.39),APPROVE,0.92
LN000555,31,0.054,0.1595,0.0804,0.4944,Current,none,0.2699,month_index (-0.46); seasoning_pct (-0.39),APPROVE,0.92
LN000561,10,0.6111,0.6412,0.1585,0.4794,Current,none,0.3855,current_status_Current (+1.19); interest_rate (-0.94),WATCH_LIST,0.842
LN000562,14,0.0853,0.1635,0.1129,0.5049,Current,none,0.302,monthly_interest_accrual (-0.79); combined_risk_index (+0.31),APPROVE,0.887
LN000562,15,0.0843,0.1613,0.1124,0.5045,Prepaid,none,0.3038,monthly_interest_accrual (-0.79); combined_risk_index (+0.31),APPROVE,0.888
LN000562,16,0.0836,0.1575,0.111,0.5077,Prepaid,source_conflict,0.4938,monthly_interest_accrual (-0.80); combined_risk_index (+0.33),ESCALATE,0.889
LN000562,17,0.0773,0.1482,0.1062,0.5077,Prepaid,none,0.3242,monthly_interest_accrual (-0.80); combined_risk_index (+0.32),APPROVE,0.894
LN000562,18,0.0765,0.1492,0.1029,0.5069,Current,none,0.333,monthly_interest_accrual (-0.80); combined_risk_index (+0.32),APPROVE,0.897
LN000562,19,0.0688,0.1451,0.0933,0.5069,Prepaid,stale_record,0.3888,monthly_interest_accrual (-0.78); combined_risk_index (+0.33),APPROVE,0.907
LN000562,20,0.0699,0.1487,0.0834,0.5066,Prepaid,none,0.3562,monthly_interest_accrual (-0.76); month_index (-0.37),APPROVE,0.917
LN000562,21,0.3521,0.4027,0.1451,0.4758,Current,stale_record,0.6048,current_status_Current (+1.07); monthly_interest_accrual (-0.58),ESCALATE,0.855
LN000564,8,0.1131,0.198,0.0805,0.5069,Current,source_conflict,0.202,combined_risk_index (-0.42); current_status_Current (-0.37),APPROVE,0.92
LN000564,9,0.1001,0.1852,0.0799,0.509,Current,none,0.0787,combined_risk_index (-0.41); current_status_Current (-0.37),APPROVE,0.92
LN000564,10,0.0941,0.1795,0.0769,0.5094,Current,none,0.0865,combined_risk_index (-0.39); current_status_Current (-0.37),APPROVE,0.923
LN000564,11,0.1052,0.1867,0.0768,0.5061,Current,none,0.0974,combined_risk_index (-0.39); current_status_Current (-0.37),APPROVE,0.923
LN000564,12,0.1015,0.191,0.0768,0.5062,Current,none,0.0992,combined_risk_index (-0.39); current_status_Current (-0.36),APPROVE,0.923
LN000564,13,0.0983,0.2006,0.0762,0.504,Current,none,0.1098,combined_risk_index (-0.39); current_status_Current (-0.35),APPROVE,0.924
LN000564,14,0.1014,0.196,0.0748,0.504,Current,none,0.1218,combined_risk_index (-0.39); current_status_Current (-0.35),APPROVE,0.925
LN000564,15,0.113,0.1988,0.0736,0.5034,Current,none,0.1428,combined_risk_index (-0.39); current_status_Current (-0.36),APPROVE,0.926
LN000564,16,0.1363,0.2374,0.0734,0.5015,Current,none,0.1605,combined_risk_index (-0.39); current_status_Current (-0.36),APPROVE,0.927
LN000564,17,0.1435,0.2446,0.0731,0.501,Current,none,0.1852,combined_risk_index (-0.39); current_status_Current (-0.36),APPROVE,0.927
LN000564,18,0.1361,0.2333,0.0731,0.5,Current,none,0.1994,combined_risk_index (-0.39); current_status_Current (-0.36),APPROVE,0.927
LN000564,19,0.1089,0.2073,0.0719,0.5,Current,none,0.2241,combined_risk_index (-0.39); current_status_Current (-0.36),APPROVE,0.928
LN000564,20,0.5671,0.5821,0.1336,0.4688,30DPD,stale_record,0.3581,current_status_Current (+1.46); month_index (-0.42),APPROVE,0.866
LN000564,21,0.1081,0.208,0.0688,0.5002,Current,none,0.2724,month_index (-0.47); combined_risk_index (-0.39),APPROVE,0.931
LN000564,22,0.1081,0.2184,0.0688,0.5002,Current,none,0.2834,month_index (-0.47); combined_risk_index (-0.39),APPROVE,0.931
LN000564,23,0.1104,0.2184,0.0688,0.5002,Current,none,0.3024,month_index (-0.47); combined_risk_index (-0.39),APPROVE,0.931
LN000564,24,0.1104,0.2184,0.0688,0.5005,Current,stale_record,0.3545,month_index (-0.47); combined_risk_index (-0.39),APPROVE,0.931
LN000564,25,0.1141,0.2184,0.0688,0.5005,Current,none,0.3156,month_index (-0.47); combined_risk_index (-0.39),APPROVE,0.931
LN000564,26,0.1141,0.2184,0.0688,0.5005,Current,none,0.3184,month_index (-0.47); combined_risk_index (-0.39),APPROVE,0.931
LN000564,27,0.1141,0.2184,0.0688,0.5005,Current,stale_record,0.3653,month_index (-0.47); combined_risk_index (-0.39),APPROVE,0.931
LN000564,28,0.1135,0.2235,0.0688,0.5007,Current,none,0.3203,month_index (-0.47); combined_risk_index (-0.39),APPROVE,0.931
LN000564,29,0.12,0.257,0.0719,0.4974,Current,suspicious_transition,0.5021,month_index (-0.51); current_status_Current (-0.43),ESCALATE,0.928
LN000568,13,0.1266,0.2587,0.1159,0.5437,Current,none,0.1,state_CT (-0.64); combined_risk_index (-0.42),APPROVE,0.884
LN000568,14,0.1344,0.2372,0.1123,0.5439,Current,none,0.1084,state_CT (-0.64); combined_risk_index (-0.41),APPROVE,0.888
LN000568,15,0.5885,0.5546,0.2072,0.5117,Current,none,0.3827,current_status_Current (+1.11); state_CT (-0.63),WATCH_LIST,0.793
LN000572,8,0.6516,0.6676,0.2045,0.5452,Current,stale_record,0.3202,current_status_Current (+0.88); original_balance (-0.44),WATCH_LIST,0.796
LN000576,13,0.6001,0.5769,0.1894,0.5121,60DPD,none,0.1026,current_status_Current (+1.03); ltv_risk_tier (-0.65),WATCH_LIST,0.811
LN000576,14,0.1293,0.2886,0.0852,0.5576,Prepaid,none,0.0592,ltv_risk_tier (-0.49); current_status_Current (-0.25),APPROVE,0.915
LN000576,15,0.1287,0.2847,0.0832,0.5561,Prepaid,none,0.0745,ltv_risk_tier (-0.49); current_status_Current (-0.25),APPROVE,0.917
LN000576,16,0.1286,0.2604,0.0814,0.5543,Prepaid,none,0.0876,ltv_risk_tier (-0.49); current_status_Current (-0.25),APPROVE,0.919
LN000576,17,0.1192,0.2342,0.0797,0.5522,Prepaid,none,0.1024,ltv_risk_tier (-0.47); current_status_Current (-0.25),APPROVE,0.92
LN000576,18,0.6045,0.584,0.1501,0.507,30DPD,none,0.1731,current_status_Current (+1.08); ltv_risk_tier (-0.64),WATCH_LIST,0.85
LN000579,6,0.1638,0.2504,0.0945,0.5291,Current,stale_record,0.1142,state_OH (-0.92); current_status_Current (-0.24),APPROVE,0.906
LN000579,7,0.1641,0.2482,0.0905,0.5312,Current,none,0.0683,state_OH (-0.92); current_status_Current (-0.25),APPROVE,0.909
LN000579,8,0.1691,0.247,0.0892,0.5318,Current,none,0.0703,state_OH (-0.92); current_status_Current (-0.25),APPROVE,0.911
LN000579,9,0.5388,0.5973,0.1619,0.5041,30DPD,none,0.1278,state_OH (-1.18); current_status_Current (+1.05),WATCH_LIST,0.838
LN000579,10,0.5082,0.5975,0.1513,0.504,60DPD,none,0.1385,state_OH (-1.18); current_status_Current (+1.08),WATCH_LIST,0.849
LN000579,11,0.5384,0.6174,0.1393,0.5031,60DPD,none,0.1473,state_OH (-1.18); current_status_Current (+1.06),APPROVE,0.861
LN000579,12,0.1588,0.2936,0.0857,0.538,Current,none,0.1023,state_OH (-0.92); seasoning_pct (-0.31),APPROVE,0.914
LN000579,13,0.1624,0.3036,0.0854,0.538,Current,none,0.111,state_OH (-0.92); seasoning_pct (-0.35),APPROVE,0.915
LN000579,14,0.1738,0.3217,0.0844,0.5377,Current,none,0.1234,state_OH (-0.92); seasoning_pct (-0.35),APPROVE,0.916
LN000579,15,0.1957,0.3202,0.0833,0.5397,Current,none,0.1443,state_OH (-0.92); seasoning_pct (-0.43),APPROVE,0.917
LN000579,16,0.224,0.347,0.0833,0.539,Current,none,0.1638,state_OH (-0.92); seasoning_pct (-0.43),APPROVE,0.917
LN000579,17,0.2162,0.3346,0.083,0.5403,Current,none,0.1859,state_OH (-0.89); seasoning_pct (-0.43),APPROVE,0.917
LN000579,18,0.2047,0.3184,0.083,0.5397,Current,none,0.1993,state_OH (-0.89); seasoning_pct (-0.43),APPROVE,0.917
LN000579,19,0.1798,0.2701,0.0818,0.5397,Current,none,0.2226,state_OH (-0.89); seasoning_pct (-0.43),APPROVE,0.918
LN000579,20,0.1944,0.2713,0.0745,0.521,Current,none,0.277,state_OH (-0.82); seasoning_pct (-0.42),APPROVE,0.925
LN000579,21,0.1554,0.2381,0.0768,0.5511,30DPD,data_entry_error,0.3954,state_OH (-0.76); seasoning_pct (-0.43),APPROVE,0.923
LN000579,22,0.1862,0.2694,0.0784,0.5397,Current,none,0.2841,state_OH (-0.85); seasoning_pct (-0.43),APPROVE,0.922
LN000579,23,0.1862,0.2694,0.0784,0.5397,Current,stale_record,0.3501,state_OH (-0.85); seasoning_pct (-0.43),APPROVE,0.922
LN000579,24,0.1862,0.2677,0.0784,0.5397,Current,none,0.3115,state_OH (-0.85); seasoning_pct (-0.43),APPROVE,0.922
LN000579,25,0.1862,0.2677,0.0784,0.5397,Current,none,0.3188,state_OH (-0.85); seasoning_pct (-0.43),APPROVE,0.922
LN000579,26,0.1862,0.2677,0.0784,0.5397,Current,none,0.3215,state_OH (-0.85); seasoning_pct (-0.43),APPROVE,0.922
LN000579,27,0.1862,0.2677,0.0784,0.5377,Current,none,0.3235,state_OH (-0.85); seasoning_pct (-0.43),APPROVE,0.922
LN000579,28,0.1862,0.2677,0.0784,0.5377,Current,none,0.3232,state_OH (-0.85); seasoning_pct (-0.43),APPROVE,0.922
LN000579,29,0.1862,0.2677,0.0784,0.5377,Current,none,0.3232,state_OH (-0.85); seasoning_pct (-0.43),APPROVE,0.922
LN000583,7,0.6025,0.5972,0.1078,0.5191,60DPD,none,0.2258,current_status_Current (+1.02); state_OH (-0.98),APPROVE,0.892
LN000583,8,0.6105,0.6145,0.0914,0.5199,60DPD,none,0.2164,state_OH (-1.10); current_status_Current (+1.03),APPROVE,0.909
LN000583,9,0.5738,0.5992,0.1056,0.522,30DPD,none,0.06,current_status_Current (+1.01); state_OH (-1.01),APPROVE,0.894
LN000583,10,0.1235,0.2334,0.0683,0.5439,Current,none,0.0187,state_OH (-0.71); original_balance (-0.66),APPROVE,0.932
LN000583,11,0.1256,0.235,0.0683,0.5445,Current,none,0.034,state_OH (-0.71); original_balance (-0.66),APPROVE,0.932
LN000583,12,0.569,0.6127,0.0959,0.5164,60DPD,none,0.0924,current_status_Current (+1.01); state_OH (-1.01),APPROVE,0.904
LN000583,13,0.5712,0.6142,0.0959,0.517,60DPD,stale_record,0.1666,state_OH (-1.01); current_status_Current (+1.01),APPROVE,0.904
LN000583,14,0.7273,0.7188,0.1797,0.529,Default,none,0.1621,current_status_Current (+1.42); state_OH (-0.87),WATCH_LIST,0.82
LN000583,15,0.7339,0.72,0.1661,0.5283,Default,none,0.1844,current_status_Current (+1.41); state_OH (-0.87),WATCH_LIST,0.834
LN000583,16,0.7269,0.7212,0.1608,0.5232,Default,source_conflict,0.3578,current_status_Current (+1.33); state_OH (-0.98),WATCH_LIST,0.839
LN000583,17,0.7295,0.7164,0.2282,0.5116,Default,none,0.252,current_status_Current (+1.52); state_OH (-0.85),WATCH_LIST,0.772
LN000583,18,0.7271,0.7119,0.1817,0.5239,Current,none,0.4175,current_status_Current (+1.51); state_OH (-0.86),ESCALATE,0.818
LN000585,13,0.1315,0.2282,0.0857,0.4838,Current,none,0.1624,original_balance (-0.96); current_status_Current (-0.26),APPROVE,0.914
LN000585,14,0.1299,0.2097,0.0863,0.4838,Current,none,0.1702,original_balance (-0.91); current_status_Current (-0.25),APPROVE,0.914
LN000585,15,0.122,0.1994,0.0843,0.4836,Current,none,0.1935,original_balance (-0.92); current_status_Current (-0.26),APPROVE,0.916
LN000585,16,0.1235,0.2081,0.0833,0.4821,Current,stale_record,0.2534,original_balance (-0.92); current_status_Current (-0.26),APPROVE,0.917
LN000585,17,0.5619,0.5459,0.123,0.4626,30DPD,none,0.3819,original_balance (-1.13); current_status_Current (+1.08),APPROVE,0.877
LN000585,18,0.5292,0.5357,0.1157,0.4608,30DPD,none,0.2778,original_balance (-1.21); current_status_Current (+1.12),APPROVE,0.884
LN000585,19,0.7067,0.6792,0.1424,0.4513,90DPD,none,0.3236,original_balance (-1.32); current_status_Current (+1.28),APPROVE,0.858
LN000585,20,0.5277,0.5207,0.0984,0.462,60DPD,none,0.4084,original_balance (-1.15); current_status_Current (+1.12),ESCALATE,0.902
LN000585,21,0.7081,0.6793,0.1374,0.4513,60DPD,none,0.3615,current_status_Current (+1.27); original_balance (-1.19),APPROVE,0.863
LN000585,22,0.5277,0.5137,0.0984,0.4623,60DPD,none,0.3477,original_balance (-1.15); current_status_Current (+1.12),APPROVE,0.902
LN000585,23,0.5277,0.5137,0.0984,0.4623,60DPD,none,0.3606,original_balance (-1.15); current_status_Current (+1.12),APPROVE,0.902
LN000585,24,0.4873,0.4849,0.0977,0.4631,Current,none,0.5171,original_balance (-1.15); current_status_Current (+1.12),ESCALATE,0.902
LN000586,6,0.2753,0.4533,0.1059,0.5642,30DPD,data_entry_error,0.405,interest_rate (+0.37); original_balance (+0.25),ESCALATE,0.894
LN000586,7,0.2957,0.3313,0.1141,0.5741,Prepaid,stale_record,0.305,interest_rate (+0.30); remaining_term_months (-0.25),APPROVE,0.886
LN000586,8,0.2986,0.331,0.1109,0.574,Prepaid,none,0.2323,interest_rate (+0.32); remaining_term_months (-0.26),APPROVE,0.889
LN000586,9,0.3152,0.329,0.1064,0.574,Prepaid,none,0.2382,interest_rate (+0.31); remaining_term_months (-0.26),APPROVE,0.894
LN000586,10,0.638,0.5908,0.1816,0.546,Current,none,0.4664,current_status_Current (+1.04); seasoning_pct (-0.30),ESCALATE,0.818
LN000589,12,0.0863,0.1839,0.1033,0.5187,Current,none,0.0522,state_VA (-0.66); combined_risk_index (-0.54),APPROVE,0.897
LN000589,13,0.0931,0.1823,0.1018,0.5185,Current,none,0.0585,state_VA (-0.66); combined_risk_index (-0.54),APPROVE,0.898
LN000589,14,0.0902,0.1698,0.0949,0.5185,Current,none,0.0707,state_VA (-0.66); combined_risk_index (-0.53),APPROVE,0.905
LN000589,15,0.0817,0.1552,0.092,0.5169,Current,none,0.0862,state_VA (-0.66); combined_risk_index (-0.53),APPROVE,0.908
LN000589,16,0.0804,0.1451,0.0892,0.515,Current,none,0.1032,state_VA (-0.66); combined_risk_index (-0.53),APPROVE,0.911
LN000589,17,0.0759,0.1344,0.0851,0.5101,Prepaid,none,0.1182,state_VA (-0.66); combined_risk_index (-0.52),APPROVE,0.915
LN000589,18,0.0702,0.1288,0.085,0.509,Current,none,0.1322,state_VA (-0.66); combined_risk_index (-0.52),APPROVE,0.915
LN000589,19,0.0609,0.1178,0.0785,0.509,Prepaid,none,0.1517,state_VA (-0.66); combined_risk_index (-0.51),APPROVE,0.922
LN000589,20,0.0593,0.1165,0.0756,0.509,Prepaid,stale_record,0.2252,state_VA (-0.65); combined_risk_index (-0.50),APPROVE,0.924
LN000590,28,0.219,0.3201,0.0623,0.5443,Prepaid,none,0.3906,month_index (-0.45); state_IL (-0.44),APPROVE,0.938
LN000590,29,0.5478,0.5928,0.0613,0.5211,Current,none,0.547,state_IL (-0.71); month_index (-0.41),ESCALATE,0.939
LN000591,10,0.0621,0.1236,0.1197,0.53,Current,none,0.1248,ltv_risk_tier (-0.73); combined_risk_index (-0.40),APPROVE,0.88
LN000591,11,0.0638,0.1232,0.1178,0.5379,Current,none,0.1391,ltv_risk_tier (-0.78); combined_risk_index (-0.41),APPROVE,0.882
LN000591,12,0.0669,0.1204,0.1142,0.5404,Current,none,0.1536,ltv_risk_tier (-0.81); combined_risk_index (-0.41),APPROVE,0.886
LN000591,13,0.0625,0.1123,0.1601,0.5596,Prepaid,none,0.1603,state_MA (-0.37); current_status_Current (-0.29),WATCH_LIST,0.84
LN000591,14,0.0618,0.1142,0.1118,0.5462,Prepaid,stale_record,0.2233,ltv_risk_tier (-0.81); combined_risk_index (-0.40),APPROVE,0.888
LN000591,15,0.0591,0.1113,0.1063,0.5453,Prepaid,none,0.19,ltv_risk_tier (-0.81); combined_risk_index (-0.40),APPROVE,0.894
LN000591,16,0.4405,0.3604,0.2,0.5188,Default,stale_record,0.2915,current_status_Current (+1.06); ltv_risk_tier (-0.96),WATCH_LIST,0.8
LN000591,17,0.0566,0.1056,0.0948,0.5675,Prepaid,none,0.2186,ltv_risk_tier (-0.79); combined_risk_index (-0.39),APPROVE,0.905
LN000591,18,0.0549,0.104,0.0946,0.5685,Prepaid,stale_record,0.2759,ltv_risk_tier (-0.79); combined_risk_index (-0.39),APPROVE,0.905
LN000596,11,0.2063,0.3017,0.0921,0.5237,Current,none,0.2697,state_TN (-0.61); original_balance (-0.42),APPROVE,0.908
LN000596,12,0.1549,0.235,0.0816,0.5579,Current,stale_record,0.1977,state_TN (-0.55); current_status_Current (-0.26),APPROVE,0.918
LN000596,13,0.1274,0.2306,0.0822,0.559,Current,none,0.1364,state_TN (-0.55); current_status_Current (-0.26),APPROVE,0.918
LN000596,14,0.127,0.2017,0.0809,0.5598,Prepaid,none,0.1482,state_TN (-0.55); current_status_Current (-0.27),APPROVE,0.919
LN000596,15,0.1178,0.1741,0.0793,0.5596,Prepaid,none,0.1629,state_TN (-0.55); current_status_Current (-0.26),APPROVE,0.921
LN000596,16,0.1785,0.2273,0.0823,0.5194,Current,none,0.3092,state_TN (-0.61); original_balance (-0.41),APPROVE,0.918
LN000596,17,0.0914,0.147,0.0744,0.5605,Prepaid,none,0.1941,state_TN (-0.57); current_status_Current (-0.27),APPROVE,0.926
LN000596,18,0.0856,0.1445,0.0742,0.5605,30DPD,none,0.2077,state_TN (-0.57); current_status_Current (-0.27),APPROVE,0.926
LN000596,19,0.0737,0.1345,0.0697,0.5605,Prepaid,none,0.2225,state_TN (-0.54); combined_risk_index (-0.27),APPROVE,0.93
LN000596,20,0.074,0.1407,0.0676,0.5605,Prepaid,none,0.2445,state_TN (-0.51); month_index (-0.43),APPROVE,0.932
LN000597,10,0.1205,0.2151,0.1267,0.4905,Current,none,0.0228,monthly_interest_accrual (-0.57); current_status_Current (-0.32),APPROVE,0.873
LN000597,11,0.1222,0.2255,0.1226,0.4917,Current,source_conflict,0.2186,monthly_interest_accrual (-0.57); current_status_Current (-0.30),APPROVE,0.877
LN000597,12,0.6188,0.611,0.2593,0.4646,60DPD,none,0.0888,current_status_Current (+1.29); monthly_interest_accrual (-0.57),WATCH_LIST,0.741
LN000597,13,0.7031,0.683,0.3428,0.4519,60DPD,none,0.1471,current_status_Current (+1.53); monthly_interest_accrual (-0.65),WATCH_LIST,0.657
LN000597,14,0.7299,0.7053,0.402,0.432,Default,none,0.2149,current_status_Current (+1.61); monthly_interest_accrual (-0.60),ESCALATE,0.598
LN000597,15,0.7189,0.7018,0.3556,0.4406,Current,source_conflict,0.5224,current_status_Current (+1.59); monthly_interest_accrual (-0.64),ESCALATE,0.644
LN000599,18,0.2019,0.2157,0.0706,0.5099,Current,stale_record,0.2586,interest_rate (-0.89); original_balance (-0.36),APPROVE,0.929
LN000599,19,0.1571,0.1949,0.0675,0.5096,Current,none,0.2324,interest_rate (-0.89); original_balance (-0.36),APPROVE,0.932
LN000599,20,0.1591,0.1849,0.065,0.5096,Current,none,0.2559,interest_rate (-0.89); month_index (-0.51),APPROVE,0.935
LN000599,21,0.1603,0.1849,0.065,0.5096,Current,none,0.2842,interest_rate (-0.89); month_index (-0.51),APPROVE,0.935
LN000599,22,0.1654,0.2003,0.065,0.5096,Current,none,0.3001,interest_rate (-0.89); month_index (-0.51),APPROVE,0.935
LN000599,23,0.168,0.2085,0.0654,0.5099,Current,none,0.3157,interest_rate (-0.89); month_index (-0.51),APPROVE,0.935
LN000599,24,0.5165,0.4882,0.0804,0.4812,Current,stale_record,0.5652,current_status_Current (+1.05); interest_rate (-0.79),ESCALATE,0.92
LN000601,12,0.2171,0.3567,0.0921,0.5511,Current,stale_record,0.0914,interest_rate (-0.59); monthly_interest_accrual (-0.53),APPROVE,0.908
LN000601,13,0.1994,0.3485,0.0916,0.551,Current,none,0.0519,interest_rate (-0.58); monthly_interest_accrual (-0.53),APPROVE,0.908
LN000601,14,0.637,0.6425,0.1269,0.5152,Current,none,0.3071,current_status_Current (+0.99); interest_rate (-0.73),APPROVE,0.873
LN000603,17,0.1285,0.1683,0.073,0.5308,Current,stale_record,0.142,combined_risk_index (-0.78); current_status_Current (-0.32),APPROVE,0.927
LN000603,18,0.1177,0.1644,0.0718,0.5327,Current,none,0.1149,combined_risk_index (-0.78); current_status_Current (-0.32),APPROVE,0.928
LN000603,19,0.0869,0.1459,0.069,0.5327,Current,none,0.1326,combined_risk_index (-0.77); current_status_Current (-0.32),APPROVE,0.931
LN000603,20,0.0859,0.1338,0.0647,0.5327,Current,source_conflict,0.2926,combined_risk_index (-0.76); month_index (-0.44),APPROVE,0.935
LN000603,21,0.0859,0.1346,0.0647,0.5326,Current,none,0.1829,combined_risk_index (-0.76); month_index (-0.44),APPROVE,0.935
LN000603,22,0.0827,0.1374,0.0646,0.5326,Current,stale_record,0.256,combined_risk_index (-0.76); month_index (-0.45),APPROVE,0.935
LN000603,23,0.0828,0.1382,0.0646,0.5315,Current,none,0.2412,combined_risk_index (-0.76); month_index (-0.45),APPROVE,0.935
LN000603,24,0.5279,0.5222,0.101,0.5058,Current,none,0.4333,current_status_Current (+1.31); combined_risk_index (-0.67),ESCALATE,0.899
LN000604,9,0.1654,0.2714,0.1223,0.4756,Current,none,0.0674,combined_risk_index (+0.36); current_status_Current (-0.29),APPROVE,0.878
LN000604,10,0.602,0.5819,0.2871,0.4528,Current,none,0.3415,current_status_Current (+1.28); combined_risk_index (+0.22),WATCH_LIST,0.713
LN000607,25,0.0758,0.1556,0.0662,0.4722,Current,none,0.2908,combined_risk_index (-0.61); interest_rate (+0.49),APPROVE,0.934
LN000607,26,0.074,0.1556,0.0662,0.4722,Current,none,0.2937,combined_risk_index (-0.61); interest_rate (+0.49),APPROVE,0.934
LN000607,27,0.074,0.1556,0.0662,0.4722,Current,none,0.2956,combined_risk_index (-0.61); interest_rate (+0.49),APPROVE,0.934
LN000607,28,0.074,0.1556,0.0662,0.4703,Current,none,0.2955,combined_risk_index (-0.61); interest_rate (+0.49),APPROVE,0.934
LN000607,29,0.0739,0.1562,0.0662,0.4703,Current,none,0.2955,combined_risk_index (-0.61); interest_rate (+0.49),APPROVE,0.934
LN000607,30,0.0739,0.1562,0.066,0.4703,Current,none,0.295,combined_risk_index (-0.61); interest_rate (+0.48),APPROVE,0.934
LN000607,31,0.0739,0.1562,0.066,0.4703,Current,none,0.2953,combined_risk_index (-0.61); interest_rate (+0.48),APPROVE,0.934
LN000610,9,0.1881,0.547,0.0732,0.4616,Current,none,0.2578,interest_rate (-0.96); combined_risk_index (-0.39),APPROVE,0.927
LN000610,10,0.2205,0.5824,0.0752,0.4631,Current,none,0.274,interest_rate (-0.96); combined_risk_index (-0.39),APPROVE,0.925
LN000610,11,0.2257,0.5912,0.0756,0.4653,Current,none,0.2793,interest_rate (-0.95); combined_risk_index (-0.39),APPROVE,0.924
LN000610,12,0.2427,0.5702,0.0757,0.4663,Current,none,0.2941,interest_rate (-0.95); combined_risk_index (-0.39),APPROVE,0.924
LN000610,13,0.1861,0.4939,0.0791,0.4677,Current,none,0.2974,interest_rate (-0.94); combined_risk_index (-0.39),APPROVE,0.921
LN000610,14,0.1857,0.4611,0.0764,0.4688,Current,none,0.3068,interest_rate (-0.94); combined_risk_index (-0.38),APPROVE,0.924
LN000610,15,0.4236,0.5628,0.1543,0.4686,Current,none,0.5033,current_status_Current (+1.26); interest_rate (-0.86),ESCALATE,0.846
LN000616,13,0.287,0.3806,0.1846,0.5027,Current,none,0.0493,combined_risk_index (+0.35); state_OK (-0.24),WATCH_LIST,0.815
LN000616,14,0.6855,0.6655,0.2883,0.4745,Current,none,0.3141,current_status_Current (+0.86); state_OK (-0.38),WATCH_LIST,0.712
LN000619,6,0.2989,0.4658,0.1446,0.4968,60DPD,none,0.0542,combined_risk_index (+0.26); current_status_Current (-0.25),APPROVE,0.855
LN000619,7,0.2924,0.4673,0.1539,0.4974,30DPD,none,0.0624,combined_risk_index (+0.26); current_status_Current (-0.25),WATCH_LIST,0.846
LN000619,8,0.29,0.4688,0.1625,0.4993,Prepaid,none,0.0653,combined_risk_index (+0.27); current_status_Current (-0.25),WATCH_LIST,0.838
LN000619,9,0.267,0.4199,0.1624,0.501,Prepaid,stale_record,0.1162,combined_risk_index (+0.27); current_status_Current (-0.25),WATCH_LIST,0.838
LN000619,10,0.2744,0.4335,0.1566,0.5015,Prepaid,stale_record,0.1213,combined_risk_index (+0.26); current_status_Current (-0.26),WATCH_LIST,0.843
LN000619,11,0.6404,0.6406,0.3106,0.4725,Current,none,0.3376,current_status_Current (+1.08); combined_risk_index (+0.17),WATCH_LIST,0.689
LN000620,12,0.1949,0.2714,0.1052,0.5196,Current,none,0.1244,current_status_Current (-0.31); seasoning_pct (-0.28),APPROVE,0.895
LN000620,13,0.1886,0.2816,0.1038,0.5196,Current,none,0.1359,current_status_Current (-0.30); seasoning_pct (-0.29),APPROVE,0.896
LN000620,14,0.2019,0.2749,0.1015,0.5195,Current,none,0.1476,current_status_Current (-0.30); seasoning_pct (-0.29),APPROVE,0.899
LN000620,15,0.2382,0.2756,0.098,0.5194,Current,none,0.1663,seasoning_pct (-0.37); current_status_Current (-0.31),APPROVE,0.902
LN000620,16,0.2638,0.2789,0.0995,0.5182,Current,stale_record,0.2311,seasoning_pct (-0.34); current_status_Current (-0.31),APPROVE,0.9
LN000620,17,0.2605,0.2891,0.0979,0.5192,Current,none,0.2064,seasoning_pct (-0.34); current_status_Current (-0.31),APPROVE,0.902
LN000620,18,0.1898,0.2664,0.0868,0.5006,Current,stale_record,0.2635,current_status_Current (-0.32); seasoning_pct (-0.28),APPROVE,0.913
LN000620,19,0.2312,0.2458,0.0951,0.5188,Current,none,0.2407,seasoning_pct (-0.34); current_status_Current (-0.31),APPROVE,0.905
LN000620,20,0.6234,0.5708,0.2085,0.4903,Current,none,0.4515,current_status_Current (+1.32); month_index (-0.41),ESCALATE,0.791
LN000621,9,0.1827,0.385,0.1338,0.5029,Prepaid,none,0.0197,interest_rate (-0.31); current_status_Current (-0.30),APPROVE,0.866
LN000621,10,0.567,0.6152,0.3005,0.4742,Current,none,0.2869,current_status_Current (+1.28); interest_rate (-0.24),WATCH_LIST,0.699
LN000622,15,0.0857,0.1856,0.0663,0.4965,Current,none,0.0719,interest_rate (-0.76); monthly_interest_accrual (-0.54),APPROVE,0.934
LN000622,16,0.5435,0.5776,0.1097,0.4655,Current,none,0.3334,current_status_Current (+1.23); interest_rate (-0.75),APPROVE,0.89
LN000625,6,0.1887,0.3055,0.1178,0.5399,Current,none,0.1091,current_status_Current (-0.29); combined_risk_index (-0.23),APPROVE,0.882
LN000625,7,0.5422,0.4976,0.2586,0.5138,Current,none,0.3129,current_status_Current (+1.29); combined_risk_index (-0.16),WATCH_LIST,0.741
LN000631,6,0.1888,0.3174,0.0887,0.5316,Prepaid,none,0.0844,original_balance (-0.27); current_status_Current (-0.25),APPROVE,0.911
LN000631,7,0.2436,0.3521,0.0895,0.524,Current,suspicious_transition,0.295,original_balance (-0.46); current_status_Current (-0.33),APPROVE,0.911
LN000631,8,0.2229,0.3124,0.0902,0.5332,Prepaid,none,0.0875,current_status_Current (-0.25); original_balance (-0.22),APPROVE,0.91
LN000631,9,0.2122,0.3194,0.0879,0.5316,Prepaid,none,0.0958,state_CT (-0.35); current_status_Current (-0.26),APPROVE,0.912
LN000631,10,0.1862,0.3199,0.088,0.5312,Prepaid,none,0.1042,state_CT (-0.35); current_status_Current (-0.26),APPROVE,0.912
LN000631,11,0.1805,0.3118,0.0871,0.5315,Prepaid,none,0.1159,state_CT (-0.35); current_status_Current (-0.25),APPROVE,0.913
LN000631,12,0.18,0.3013,0.0867,0.538,Current,none,0.1194,state_CT (-0.35); current_status_Current (-0.25),APPROVE,0.913
LN000631,13,0.2069,0.336,0.0851,0.533,Current,none,0.1337,original_balance (-0.39); state_CT (-0.36),APPROVE,0.915
LN000631,14,0.1847,0.2915,0.0831,0.538,Prepaid,none,0.1429,state_CT (-0.35); current_balance (+0.25),APPROVE,0.917
LN000631,15,0.1518,0.2791,0.0835,0.5407,Current,none,0.1576,state_CT (-0.35); current_balance (+0.25),APPROVE,0.917
LN000631,16,0.1419,0.2632,0.0833,0.5387,Current,none,0.1761,state_CT (-0.35); current_balance (+0.25),APPROVE,0.917
LN000631,17,0.1344,0.2409,0.083,0.5376,Current,none,0.1957,state_CT (-0.35); current_balance (+0.25),APPROVE,0.917
LN000631,18,0.1336,0.2384,0.083,0.5376,Current,none,0.2061,state_CT (-0.35); current_balance (+0.25),APPROVE,0.917
LN000631,19,0.1176,0.2179,0.079,0.5374,Prepaid,none,0.2247,state_CT (-0.33); seasoning_pct (-0.25),APPROVE,0.921
LN000632,8,0.1977,0.2713,0.1714,0.483,Current,none,0.0181,current_status_Current (-0.28); property_type_Townhouse (+0.17),WATCH_LIST,0.829
LN000632,9,0.1934,0.2692,0.1653,0.484,Current,none,0.0246,current_status_Current (-0.28); property_type_Townhouse (+0.17),WATCH_LIST,0.835
LN000632,10,0.184,0.2676,0.1605,0.4892,Current,none,0.0299,current_status_Current (-0.29); property_type_Townhouse (+0.17),WATCH_LIST,0.839
LN000632,11,0.183,0.2686,0.1585,0.4971,Current,source_conflict,0.1817,current_status_Current (-0.29); property_type_Townhouse (+0.17),WATCH_LIST,0.842
LN000632,12,0.1861,0.2675,0.1561,0.4986,Current,none,0.0483,current_status_Current (-0.28); property_type_Townhouse (+0.17),WATCH_LIST,0.844
LN000632,13,0.5823,0.4677,0.2934,0.4825,60DPD,none,0.1031,current_status_Current (+1.18); days_past_due (-0.23),WATCH_LIST,0.707
LN000632,14,0.5725,0.4794,0.2912,0.4796,60DPD,none,0.2571,current_status_Current (+1.19); days_past_due (-0.23),WATCH_LIST,0.709
LN000632,15,0.5804,0.4602,0.2892,0.4791,60DPD,none,0.1329,current_status_Current (+1.19); days_past_due (-0.23),WATCH_LIST,0.711
LN000632,16,0.5763,0.4485,0.2862,0.4758,30DPD,none,0.1462,current_status_Current (+1.19); days_past_due (-0.23),WATCH_LIST,0.714
LN000632,17,0.5702,0.4661,0.2413,0.4802,30DPD,none,0.294,current_status_Current (+1.22); days_past_due (-0.19),WATCH_LIST,0.759
LN000632,18,0.5277,0.3934,0.259,0.4735,30DPD,none,0.1767,current_status_Current (+1.21); days_past_due (-0.23),WATCH_LIST,0.741
LN000632,19,0.5108,0.3876,0.2358,0.4735,30DPD,none,0.1952,current_status_Current (+1.23); days_past_due (-0.23),WATCH_LIST,0.764
LN000632,20,0.097,0.1496,0.0977,0.4894,Current,none,0.171,month_index (-0.50); current_status_Current (-0.29),APPROVE,0.902
LN000632,21,0.0967,0.1526,0.0977,0.4888,Current,none,0.1952,month_index (-0.50); current_status_Current (-0.29),APPROVE,0.902
LN000632,22,0.0953,0.1584,0.0977,0.4888,Current,none,0.2169,month_index (-0.50); current_status_Current (-0.28),APPROVE,0.902
LN000632,23,0.0923,0.1579,0.0953,0.4883,Current,source_conflict,0.3797,month_index (-0.50); current_status_Current (-0.28),APPROVE,0.905
LN000632,24,0.0923,0.1579,0.0943,0.4871,Current,none,0.254,month_index (-0.50); current_status_Current (-0.28),APPROVE,0.906
LN000632,25,0.0923,0.1579,0.0943,0.4871,Current,none,0.2628,month_index (-0.50); current_status_Current (-0.28),APPROVE,0.906
LN000632,26,0.0885,0.1577,0.0943,0.4861,Current,none,0.273,month_index (-0.50); current_status_Current (-0.28),APPROVE,0.906
LN000632,27,0.0885,0.156,0.0943,0.4861,Current,none,0.279,month_index (-0.50); current_status_Current (-0.28),APPROVE,0.906
LN000632,28,0.4548,0.3789,0.1866,0.4702,Current,stale_record,0.5329,current_status_Current (+1.18); month_index (-0.45),ESCALATE,0.813
LN000640,15,0.1205,0.1849,0.0668,0.5218,Prepaid,none,0.0707,ltv_risk_tier (-0.55); monthly_interest_accrual (-0.33),APPROVE,0.933
LN000640,16,0.1155,0.172,0.0663,0.5199,Prepaid,none,0.0841,ltv_risk_tier (-0.55); monthly_interest_accrual (-0.33),APPROVE,0.934
LN000640,17,0.1076,0.1654,0.0659,0.5169,Current,none,0.1004,ltv_risk_tier (-0.53); monthly_interest_accrual (-0.33),APPROVE,0.934
LN000640,18,0.1023,0.161,0.0658,0.516,Current,none,0.1158,ltv_risk_tier (-0.53); monthly_interest_accrual (-0.31),APPROVE,0.934
LN000640,19,0.5892,0.5822,0.087,0.4727,30DPD,none,0.1865,current_status_Current (+1.03); ltv_risk_tier (-0.75),APPROVE,0.913
LN000640,20,0.6222,0.5743,0.0928,0.4729,60DPD,none,0.3413,current_status_Current (+1.01); ltv_risk_tier (-0.72),APPROVE,0.907
LN000640,21,0.7245,0.7083,0.1659,0.4551,60DPD,none,0.2763,current_status_Current (+1.60); month_index (-0.51),WATCH_LIST,0.834
LN000640,22,0.0793,0.1457,0.0632,0.516,Current,none,0.2076,ltv_risk_tier (-0.53); month_index (-0.47),APPROVE,0.937
LN000640,23,0.0959,0.1679,0.0736,0.5176,Current,none,0.2341,month_index (-0.49); current_status_Current (-0.28),APPROVE,0.926
LN000640,24,0.0971,0.1941,0.0685,0.5412,30DPD,data_entry_error,0.4382,month_index (-0.46); ltv_risk_tier (-0.40),ESCALATE,0.932
LN000640,25,0.0772,0.1462,0.0633,0.5122,Prepaid,none,0.2558,ltv_risk_tier (-0.53); month_index (-0.47),APPROVE,0.937
LN000640,26,0.0766,0.1422,0.0632,0.5104,Current,none,0.2671,ltv_risk_tier (-0.53); month_index (-0.47),APPROVE,0.937
LN000640,27,0.0756,0.1433,0.0633,0.5104,Prepaid,none,0.2735,ltv_risk_tier (-0.53); month_index (-0.47),APPROVE,0.937
LN000640,28,0.0756,0.1427,0.0633,0.5104,Prepaid,none,0.2735,ltv_risk_tier (-0.53); month_index (-0.47),APPROVE,0.937
LN000640,29,0.6211,0.6134,0.125,0.4681,60DPD,none,0.3043,current_status_Current (+1.22); month_index (-0.48),APPROVE,0.875
LN000640,30,0.702,0.6902,0.0932,0.4417,60DPD,none,0.3325,current_status_Current (+1.34); ltv_risk_tier (-0.72),APPROVE,0.907
LN000640,31,0.7061,0.6899,0.0945,0.4383,Default,none,0.3638,current_status_Current (+1.38); ltv_risk_tier (-0.85),APPROVE,0.905
LN000640,32,0.6944,0.687,0.1249,0.4431,Current,none,0.4631,current_status_Current (+1.37); ltv_risk_tier (-0.76),ESCALATE,0.875
LN000652,6,0.3031,0.415,0.1649,0.532,Prepaid,none,0.0286,monthly_interest_accrual (-0.59); combined_risk_index (+0.49),WATCH_LIST,0.835
LN000652,7,0.3045,0.4132,0.1626,0.5336,Prepaid,none,0.0298,monthly_interest_accrual (-0.58); combined_risk_index (+0.48),WATCH_LIST,0.837
LN000652,8,0.3345,0.4232,0.1659,0.532,Prepaid,suspicious_transition,0.1949,monthly_interest_accrual (-0.57); combined_risk_index (+0.47),WATCH_LIST,0.834
LN000652,9,0.298,0.4168,0.1476,0.547,Prepaid,none,0.0423,monthly_interest_accrual (-0.50); combined_risk_index (+0.47),APPROVE,0.852
LN000652,10,0.3057,0.4167,0.1647,0.5344,Prepaid,none,0.0481,monthly_interest_accrual (-0.51); combined_risk_index (+0.49),WATCH_LIST,0.835
LN000652,11,0.3228,0.4188,0.1676,0.5346,Prepaid,none,0.0639,monthly_interest_accrual (-0.49); combined_risk_index (+0.49),WATCH_LIST,0.832
LN000652,12,0.3252,0.4183,0.1656,0.5359,Prepaid,none,0.0672,combined_risk_index (+0.48); monthly_interest_accrual (-0.48),WATCH_LIST,0.834
LN000652,13,0.3079,0.4027,0.1628,0.5375,Prepaid,none,0.0712,combined_risk_index (+0.48); monthly_interest_accrual (-0.48),WATCH_LIST,0.837
LN000652,14,0.2975,0.4045,0.1522,0.5373,Current,none,0.0826,combined_risk_index (+0.49); monthly_interest_accrual (-0.48),WATCH_LIST,0.848
LN000652,15,0.2894,0.3756,0.1434,0.5368,Current,source_conflict,0.2768,combined_risk_index (+0.49); monthly_interest_accrual (-0.48),APPROVE,0.857
LN000652,16,0.28,0.3756,0.1375,0.5368,Current,none,0.1081,combined_risk_index (+0.49); monthly_interest_accrual (-0.48),APPROVE,0.862
LN000652,17,0.2703,0.3668,0.1355,0.5371,Current,none,0.1235,combined_risk_index (+0.49); monthly_interest_accrual (-0.48),APPROVE,0.864
LN000652,18,0.6793,0.6474,0.2617,0.4989,60DPD,stale_record,0.2371,current_status_Current (+1.05); monthly_interest_accrual (-0.49),WATCH_LIST,0.738
LN000652,19,0.7357,0.7226,0.2849,0.4797,90DPD,source_conflict,0.3784,current_status_Current (+1.26); monthly_interest_accrual (-0.57),WATCH_LIST,0.715
LN000652,20,0.7353,0.7222,0.2515,0.4797,60DPD,none,0.2638,current_status_Current (+1.25); monthly_interest_accrual (-0.56),WATCH_LIST,0.748
LN000652,21,0.727,0.7213,0.2365,0.4908,60DPD,none,0.2863,current_status_Current (+1.24); month_index (-0.44),WATCH_LIST,0.764
LN000652,22,0.7253,0.7213,0.2649,0.4799,60DPD,none,0.2966,current_status_Current (+1.23); month_index (-0.44),WATCH_LIST,0.735
LN000652,23,0.7234,0.7178,0.3378,0.4789,Current,none,0.4506,current_status_Current (+1.28); month_index (-0.44),ESCALATE,0.662
LN000654,20,0.0962,0.2196,0.0703,0.5016,Prepaid,stale_record,0.2207,month_index (-0.48); current_status_Current (-0.33),APPROVE,0.93
LN000654,21,0.0985,0.2269,0.0703,0.5012,Current,none,0.2004,month_index (-0.48); current_status_Current (-0.33),APPROVE,0.93
LN000654,22,0.0968,0.2426,0.0703,0.5012,Current,none,0.2215,month_index (-0.48); current_status_Current (-0.32),APPROVE,0.93
LN000654,23,0.0968,0.2517,0.069,0.5002,Current,none,0.2483,month_index (-0.48); current_status_Current (-0.32),APPROVE,0.931
LN000654,24,0.0909,0.2164,0.0688,0.5001,Current,none,0.2606,month_index (-0.48); current_status_Current (-0.33),APPROVE,0.931
LN000654,25,0.0957,0.2517,0.069,0.5017,Current,stale_record,0.3147,month_index (-0.48); current_status_Current (-0.32),APPROVE,0.931
LN000654,26,0.0944,0.2474,0.0688,0.5017,Current,none,0.2812,month_index (-0.48); seasoning_pct (-0.35),APPROVE,0.931
LN000654,27,0.1153,0.2875,0.0699,0.4994,Current,none,0.3997,month_index (-0.35); current_status_Current (-0.33),APPROVE,0.93
LN000654,28,0.0944,0.2447,0.0688,0.5017,Current,stale_record,0.3333,month_index (-0.48); seasoning_pct (-0.35),APPROVE,0.931
LN000654,29,0.0944,0.2447,0.0686,0.5015,Current,none,0.2883,month_index (-0.48); seasoning_pct (-0.42),APPROVE,0.931
LN000654,30,0.0949,0.2447,0.0694,0.5015,Current,none,0.289,month_index (-0.48); seasoning_pct (-0.42),APPROVE,0.931
LN000654,31,0.0962,0.2468,0.0694,0.5015,Current,none,0.2905,month_index (-0.48); seasoning_pct (-0.42),APPROVE,0.931
LN000654,32,0.0955,0.246,0.0694,0.5015,Current,none,0.2916,month_index (-0.48); seasoning_pct (-0.42),APPROVE,0.931
LN000657,16,0.286,0.38,0.1018,0.4915,30DPD,stale_record,0.2402,combined_risk_index (+0.22); dti_risk_tier (-0.21),APPROVE,0.898
LN000657,17,0.221,0.3394,0.0995,0.4912,30DPD,none,0.2112,combined_risk_index (+0.22); dti_risk_tier (-0.21),APPROVE,0.9
LN000657,18,0.2017,0.3337,0.0985,0.4923,30DPD,none,0.2247,combined_risk_index (+0.22); dti_risk_tier (-0.21),APPROVE,0.901
LN000657,19,0.1555,0.3149,0.0913,0.4923,30DPD,none,0.2399,combined_risk_index (+0.23); dti_risk_tier (-0.22),APPROVE,0.909
LN000657,20,0.1509,0.2926,0.0811,0.481,30DPD,none,0.2691,month_index (-0.41); current_status_Current (-0.22),APPROVE,0.919
LN000657,21,0.156,0.3466,0.0801,0.4918,30DPD,none,0.2793,month_index (-0.44); combined_risk_index (+0.23),APPROVE,0.92
LN000657,22,0.5933,0.6506,0.1038,0.4564,Current,none,0.4808,current_status_Current (+0.80); month_index (-0.42),ESCALATE,0.896
LN000658,6,0.1815,0.3177,0.1292,0.52,Current,source_conflict,0.141,interest_rate (-0.40); current_status_Current (-0.27),APPROVE,0.871
LN000658,7,0.1818,0.3105,0.128,0.521,Current,none,0.0049,interest_rate (-0.41); current_status_Current (-0.27),APPROVE,0.872
LN000658,8,0.1795,0.3088,0.1312,0.5241,Prepaid,none,0.0082,interest_rate (-0.40); current_status_Current (-0.27),APPROVE,0.869
LN000658,9,0.1705,0.2839,0.1283,0.521,Prepaid,none,0.0111,interest_rate (-0.36); current_status_Current (-0.28),APPROVE,0.872
LN000658,10,0.1712,0.3295,0.1374,0.5254,Current,source_conflict,0.1564,interest_rate (-0.40); current_status_Current (-0.28),APPROVE,0.863
LN000658,11,0.1669,0.2852,0.1332,0.5174,30DPD,none,0.2023,interest_rate (-0.33); current_status_Current (-0.29),APPROVE,0.867
LN000658,12,0.1952,0.3368,0.1343,0.5282,Current,none,0.0399,interest_rate (-0.39); current_status_Current (-0.27),APPROVE,0.866
LN000658,13,0.2,0.3344,0.1332,0.5287,Current,none,0.045,interest_rate (-0.38); current_status_Current (-0.27),APPROVE,0.867
LN000658,14,0.2059,0.3339,0.129,0.5293,Current,none,0.0899,interest_rate (-0.34); current_status_Current (-0.26),APPROVE,0.871
LN000658,15,0.1864,0.3168,0.121,0.5299,Current,none,0.0698,interest_rate (-0.38); current_status_Current (-0.27),APPROVE,0.879
LN000658,16,0.1734,0.3011,0.1174,0.5287,Current,none,0.0826,interest_rate (-0.38); current_status_Current (-0.27),APPROVE,0.883
LN000658,17,0.1673,0.2518,0.1131,0.5274,Prepaid,none,0.098,interest_rate (-0.39); current_status_Current (-0.28),APPROVE,0.887
LN000658,18,0.1496,0.2466,0.1127,0.5263,Current,stale_record,0.161,interest_rate (-0.39); current_status_Current (-0.28),APPROVE,0.887
LN000658,19,0.1312,0.2209,0.1084,0.5148,Current,suspicious_transition,0.3465,current_status_Current (-0.40); interest_rate (-0.39),APPROVE,0.892
LN000658,20,0.1075,0.2199,0.0951,0.5224,Prepaid,none,0.1587,month_index (-0.50); interest_rate (-0.39),APPROVE,0.905
LN000658,21,0.1075,0.2241,0.0951,0.522,Current,none,0.1824,month_index (-0.50); interest_rate (-0.39),APPROVE,0.905
LN000658,22,0.1052,0.2296,0.0951,0.522,Current,none,0.2083,month_index (-0.50); interest_rate (-0.39),APPROVE,0.905
LN000658,23,0.0806,0.1897,0.0853,0.5137,Current,data_entry_error,0.3588,month_index (-0.50); interest_rate (-0.40),APPROVE,0.915
LN000659,14,0.126,0.1956,0.0777,0.4964,Prepaid,none,0.1266,interest_rate (-0.31); seasoning_pct (-0.30),APPROVE,0.922
LN000659,15,0.1339,0.1912,0.0764,0.4959,Prepaid,none,0.145,seasoning_pct (-0.38); interest_rate (-0.31),APPROVE,0.924
LN000659,16,0.133,0.235,0.076,0.4956,Prepaid,stale_record,0.2102,seasoning_pct (-0.38); interest_rate (-0.30),APPROVE,0.924
LN000659,17,0.1264,0.2764,0.0862,0.4923,Prepaid,none,0.1872,seasoning_pct (-0.35); current_status_Current (-0.28),APPROVE,0.914
LN000659,18,0.1387,0.2415,0.0758,0.4959,Prepaid,none,0.2006,seasoning_pct (-0.38); interest_rate (-0.30),APPROVE,0.924
LN000659,19,0.6734,0.6397,0.1475,0.4564,60DPD,source_conflict,0.3972,current_status_Current (+1.25); seasoning_pct (-0.34),APPROVE,0.852
LN000659,20,0.66,0.6413,0.1817,0.4261,30DPD,none,0.384,current_status_Current (+1.29); month_index (-0.32),WATCH_LIST,0.818
LN000659,21,0.1911,0.2356,0.0696,0.4956,Prepaid,none,0.2667,month_index (-0.50); seasoning_pct (-0.38),APPROVE,0.93
LN000659,22,0.189,0.2853,0.0766,0.4496,Current,none,0.3909,month_index (-0.36); seasoning_pct (-0.32),APPROVE,0.923
LN000659,23,0.1761,0.2358,0.0696,0.4956,Prepaid,none,0.3029,month_index (-0.50); seasoning_pct (-0.38),APPROVE,0.93
LN000659,24,0.1705,0.2358,0.0696,0.4956,Prepaid,none,0.3126,month_index (-0.50); seasoning_pct (-0.38),APPROVE,0.93
LN000659,25,0.1705,0.2358,0.0696,0.4956,Prepaid,none,0.3188,month_index (-0.50); seasoning_pct (-0.38),APPROVE,0.93
LN000659,26,0.1705,0.2358,0.0696,0.4956,Prepaid,none,0.3215,month_index (-0.50); seasoning_pct (-0.38),APPROVE,0.93
LN000660,7,0.1132,0.1778,0.0611,0.5487,Prepaid,none,0.0671,ltv_risk_tier (-0.36); property_type_Multi_Family (-0.32),APPROVE,0.939
LN000660,8,0.1156,0.1776,0.0612,0.5491,Prepaid,none,0.0684,ltv_risk_tier (-0.36); property_type_Multi_Family (-0.32),APPROVE,0.939
LN000660,9,0.5303,0.5239,0.0986,0.5192,30DPD,none,0.1223,current_status_Current (+1.19); ltv_risk_tier (-0.37),APPROVE,0.901
LN000660,10,0.0989,0.1795,0.0609,0.5478,Current,none,0.0862,ltv_risk_tier (-0.34); property_type_Multi_Family (-0.32),APPROVE,0.939
LN000660,11,0.1171,0.1837,0.0609,0.5459,Current,none,0.0944,ltv_risk_tier (-0.34); property_type_Multi_Family (-0.32),APPROVE,0.939
LN000660,12,0.1466,0.2373,0.0645,0.528,30DPD,data_entry_error,0.2608,property_type_Multi_Family (-0.31); interest_rate (-0.30),APPROVE,0.936
LN000660,13,0.1222,0.1871,0.0611,0.542,Prepaid,none,0.1052,ltv_risk_tier (-0.34); property_type_Multi_Family (-0.32),APPROVE,0.939
LN000660,14,0.47,0.4783,0.0837,0.5048,Current,none,0.3517,current_status_Current (+1.15); ltv_risk_tier (-0.36),APPROVE,0.916
LN000661,16,0.1747,0.246,0.1423,0.4918,Current,none,0.0827,current_status_Current (-0.26); ltv_risk_tier (-0.18),APPROVE,0.858
LN000661,17,0.1304,0.1974,0.1104,0.4987,Current,none,0.1014,current_status_Current (-0.27); ltv_risk_tier (-0.16),APPROVE,0.89
LN000661,18,0.1267,0.1911,0.1104,0.5009,Current,none,0.1183,current_status_Current (-0.27); ltv_risk_tier (-0.16),APPROVE,0.89
LN000661,19,0.1046,0.1735,0.1021,0.5009,Current,stale_record,0.1827,current_status_Current (-0.27); ltv_risk_tier (-0.16),APPROVE,0.898
LN000661,20,0.1054,0.1649,0.0863,0.5009,Current,none,0.1651,month_index (-0.49); current_status_Current (-0.27),APPROVE,0.914
LN000661,21,0.1044,0.1685,0.0863,0.5006,Current,none,0.1912,month_index (-0.49); current_status_Current (-0.26),APPROVE,0.914
LN000661,22,0.1002,0.1732,0.0863,0.5006,Current,none,0.2165,month_index (-0.49); current_status_Current (-0.26),APPROVE,0.914
LN000661,23,0.1174,0.2049,0.101,0.4936,Current,none,0.2432,month_index (-0.48); current_status_Current (-0.26),APPROVE,0.899
LN000661,24,0.0973,0.1737,0.0857,0.4994,Current,stale_record,0.2989,month_index (-0.49); current_status_Current (-0.26),APPROVE,0.914
LN000661,25,0.0973,0.159,0.0857,0.4994,Current,none,0.2625,month_index (-0.49); current_status_Current (-0.26),APPROVE,0.914
LN000661,26,0.0989,0.1623,0.085,0.5003,Current,none,0.2736,month_index (-0.49); current_status_Current (-0.26),APPROVE,0.915
LN000661,27,0.5446,0.528,0.14,0.4639,Current,none,0.462,current_status_Current (+1.10); month_index (-0.47),ESCALATE,0.86
LN000663,9,0.1422,0.2172,0.1078,0.469,Prepaid,none,0.0138,monthly_interest_accrual (-0.59); interest_rate (-0.30),APPROVE,0.892
LN000663,10,0.0977,0.1845,0.0864,0.4786,Current,none,0.0224,monthly_interest_accrual (-0.62); current_status_Current (-0.28),APPROVE,0.914
LN000663,11,0.1378,0.2228,0.1123,0.4659,Current,none,0.0382,monthly_interest_accrual (-0.63); combined_risk_index (+0.29),APPROVE,0.888
LN000663,12,0.1352,0.2228,0.1085,0.4948,Current,none,0.0425,monthly_interest_accrual (-0.63); combined_risk_index (+0.29),APPROVE,0.892
LN000663,13,0.1377,0.2231,0.108,0.4997,Current,none,0.0461,monthly_interest_accrual (-0.61); combined_risk_index (+0.29),APPROVE,0.892
LN000663,14,0.1433,0.2135,0.1033,0.5015,Current,none,0.0529,monthly_interest_accrual (-0.61); combined_risk_index (+0.30),APPROVE,0.897
LN000663,15,0.1402,0.2082,0.1014,0.5015,Current,none,0.0695,monthly_interest_accrual (-0.60); combined_risk_index (+0.30),APPROVE,0.899
LN000663,16,0.1391,0.21,0.1001,0.5199,Current,none,0.0816,monthly_interest_accrual (-0.60); combined_risk_index (+0.30),APPROVE,0.9
LN000663,17,0.5869,0.5305,0.1724,0.4842,60DPD,none,0.1513,current_status_Current (+1.07); monthly_interest_accrual (-0.61),WATCH_LIST,0.828
LN000663,18,0.1105,0.1956,0.0937,0.5157,Current,none,0.1179,monthly_interest_accrual (-0.59); combined_risk_index (+0.30),APPROVE,0.906
LN000668,6,0.729,0.72,0.3573,0.4796,Default,none,0.1538,current_status_Current (+1.50); days_past_due (+0.23),ESCALATE,0.643
LN000668,7,0.7267,0.7083,0.358,0.48,60DPD,none,0.1513,current_status_Current (+1.50); days_past_due (+0.23),ESCALATE,0.642
LN000668,8,0.1655,0.2521,0.1091,0.5452,Prepaid,none,0.0478,current_status_Current (-0.30); servicer_name_ServicerB (+0.20),APPROVE,0.891
LN000668,9,0.1624,0.2677,0.1082,0.545,Prepaid,none,0.0518,current_status_Current (-0.30); servicer_name_ServicerB (+0.20),APPROVE,0.892
LN000668,10,0.1825,0.2651,0.1043,0.5456,Prepaid,none,0.0619,current_status_Current (-0.30); servicer_name_ServicerB (+0.20),APPROVE,0.896
LN000668,11,0.1706,0.2777,0.1007,0.5477,Prepaid,none,0.0752,current_status_Current (-0.31); servicer_name_ServicerB (+0.20),APPROVE,0.899
LN000668,12,0.1599,0.2793,0.0996,0.5519,Current,none,0.0811,current_status_Current (-0.31); servicer_name_ServicerB (+0.20),APPROVE,0.9
LN000668,13,0.1509,0.2963,0.0941,0.5518,Prepaid,none,0.0934,current_status_Current (-0.31); seasoning_pct (-0.22),APPROVE,0.906
LN000668,14,0.1475,0.2872,0.0896,0.5513,Prepaid,none,0.1059,current_status_Current (-0.30); seasoning_pct (-0.29),APPROVE,0.91
LN000668,15,0.1438,0.2822,0.0891,0.5515,Prepaid,none,0.1184,seasoning_pct (-0.30); current_status_Current (-0.30),APPROVE,0.911
LN000668,16,0.1338,0.2677,0.0883,0.5488,Prepaid,none,0.1382,seasoning_pct (-0.30); current_status_Current (-0.30),APPROVE,0.912
LN000668,17,0.1323,0.2498,0.088,0.5459,Prepaid,none,0.1548,seasoning_pct (-0.30); current_status_Current (-0.30),APPROVE,0.912
LN000668,18,0.1368,0.2479,0.0887,0.5468,Current,stale_record,0.2509,seasoning_pct (-0.34); current_status_Current (-0.30),APPROVE,0.911
LN000668,19,0.0968,0.2056,0.0803,0.5449,Prepaid,none,0.189,seasoning_pct (-0.42); current_status_Current (-0.30),APPROVE,0.92
LN000668,20,0.0966,0.1981,0.0744,0.5449,Prepaid,none,0.21,month_index (-0.50); seasoning_pct (-0.42),APPROVE,0.926
LN000668,21,0.0966,0.1981,0.0744,0.5449,Prepaid,none,0.2402,month_index (-0.50); seasoning_pct (-0.42),APPROVE,0.926
LN000668,22,0.098,0.2053,0.0744,0.5449,Prepaid,stale_record,0.2984,month_index (-0.50); seasoning_pct (-0.42),APPROVE,0.926
LN000668,23,0.1013,0.2198,0.0745,0.5451,Prepaid,none,0.2769,month_index (-0.50); seasoning_pct (-0.42),APPROVE,0.926
LN000668,24,0.1013,0.2145,0.0745,0.5451,Prepaid,none,0.2859,month_index (-0.50); seasoning_pct (-0.42),APPROVE,0.926
LN000675,7,0.7396,0.7461,0.4005,0.4594,90DPD,none,0.1981,current_status_Current (+1.24); monthly_interest_accrual (+0.49),ESCALATE,0.6
LN000675,8,0.7571,0.7569,0.4235,0.4482,Default,none,0.2398,current_status_Current (+1.35); monthly_interest_accrual (+0.43),ESCALATE,0.576
LN000675,9,0.7571,0.756,0.4253,0.4497,Default,none,0.239,current_status_Current (+1.36); monthly_interest_accrual (+0.43),ESCALATE,0.575
LN000675,10,0.7448,0.7494,0.4016,0.4645,Current,none,0.3919,current_status_Current (+1.39); monthly_interest_accrual (+0.46),ESCALATE,0.598
LN000679,7,0.1692,0.3036,0.0858,0.5305,Current,none,0.063,combined_risk_index (-0.41); current_status_Current (-0.27),APPROVE,0.914
LN000679,8,0.1697,0.3062,0.0837,0.5365,Current,none,0.109,combined_risk_index (-0.46); current_status_Current (-0.27),APPROVE,0.916
LN000679,9,0.5655,0.6154,0.1902,0.5044,Current,none,0.3215,current_status_Current (+1.20); ltv_risk_tier (-0.31),WATCH_LIST,0.81
LN000683,16,0.6843,0.6564,0.3606,0.4877,30DPD,none,0.1414,current_status_Current (+1.05); combined_risk_index (+0.27),ESCALATE,0.639
LN000683,17,0.6733,0.6236,0.3403,0.4871,30DPD,none,0.1574,current_status_Current (+1.06); combined_risk_index (+0.26),WATCH_LIST,0.66
LN000683,18,0.7138,0.665,0.4248,0.4577,Default,none,0.2111,current_status_Current (+1.43); combined_risk_index (+0.27),ESCALATE,0.575
LN000683,19,0.7215,0.6924,0.4574,0.4562,Default,none,0.2767,current_status_Current (+1.47); days_past_due (+0.39),ESCALATE,0.543
LN000683,20,0.7228,0.6881,0.4385,0.4562,Default,none,0.2954,current_status_Current (+1.47); month_index (-0.48),ESCALATE,0.561
LN000683,21,0.7228,0.6889,0.4385,0.4561,Default,none,0.3161,current_status_Current (+1.46); month_index (-0.48),ESCALATE,0.561
LN000683,22,0.6289,0.593,0.2754,0.4899,Current,none,0.4103,current_status_Current (+1.02); month_index (-0.45),ESCALATE,0.725
LN000687,11,0.2029,0.2673,0.0896,0.5241,Current,none,0.1081,interest_rate (-0.80); combined_risk_index (+0.27),APPROVE,0.91
LN000687,12,0.1994,0.2751,0.0896,0.5245,Current,stale_record,0.1546,interest_rate (-0.81); combined_risk_index (+0.27),APPROVE,0.91
LN000687,13,0.1727,0.2487,0.0888,0.523,Current,none,0.1205,interest_rate (-0.81); seasoning_pct (-0.28),APPROVE,0.911
LN000687,14,0.1689,0.2328,0.0879,0.5212,Prepaid,none,0.1307,interest_rate (-0.81); seasoning_pct (-0.28),APPROVE,0.912
LN000687,15,0.1523,0.2195,0.0873,0.5211,Prepaid,none,0.1509,interest_rate (-0.76); seasoning_pct (-0.35),APPROVE,0.913
LN000687,16,0.4985,0.5347,0.1691,0.4695,Current,none,0.4,current_status_Current (+1.12); interest_rate (-0.73),ESCALATE,0.831
LN000688,11,0.1427,0.2547,0.0923,0.4957,Current,stale_record,0.2526,combined_risk_index (-0.43); interest_rate (-0.36),APPROVE,0.908
LN000688,12,0.1194,0.2161,0.0851,0.4979,Current,none,0.043,interest_rate (-0.51); combined_risk_index (-0.46),APPROVE,0.915
LN000688,13,0.1279,0.2158,0.0848,0.4991,Current,source_conflict,0.1833,interest_rate (-0.51); combined_risk_index (-0.45),APPROVE,0.915
LN000688,14,0.1277,0.2125,0.0826,0.4977,Current,none,0.0557,interest_rate (-0.51); combined_risk_index (-0.44),APPROVE,0.917
LN000688,15,0.1164,0.1955,0.0818,0.4974,Current,none,0.0707,interest_rate (-0.51); combined_risk_index (-0.44),APPROVE,0.918
LN000688,16,0.1076,0.1813,0.0794,0.4987,Current,none,0.0831,interest_rate (-0.52); combined_risk_index (-0.44),APPROVE,0.921
LN000688,17,0.0964,0.1594,0.079,0.4994,Current,none,0.0998,interest_rate (-0.51); combined_risk_index (-0.43),APPROVE,0.921
LN000688,18,0.5162,0.5568,0.1694,0.4836,Current,none,0.3475,current_status_Current (+1.34); interest_rate (-0.47),WATCH_LIST,0.831
LN000692,27,0.0874,0.1636,0.0707,0.4963,Current,none,0.2771,monthly_interest_accrual (-0.65); month_index (-0.45),APPROVE,0.929
LN000692,28,0.0989,0.189,0.0778,0.4895,Current,none,0.2771,monthly_interest_accrual (-0.60); month_index (-0.44),APPROVE,0.922
LN000692,29,0.0876,0.1671,0.0702,0.4961,Current,source_conflict,0.4121,monthly_interest_accrual (-0.65); month_index (-0.45),ESCALATE,0.93
LN000692,30,0.0878,0.1594,0.0702,0.4953,Current,none,0.2779,monthly_interest_accrual (-0.65); month_index (-0.45),APPROVE,0.93
LN000692,31,0.0873,0.1594,0.0705,0.4953,Current,none,0.2769,monthly_interest_accrual (-0.65); month_index (-0.45),APPROVE,0.93
LN000692,32,0.0891,0.1672,0.0705,0.4953,Current,none,0.2769,monthly_interest_accrual (-0.65); month_index (-0.45),APPROVE,0.93
LN000692,33,0.0834,0.1692,0.0705,0.4953,Current,none,0.2769,monthly_interest_accrual (-0.65); month_index (-0.45),APPROVE,0.93
LN000692,34,0.0899,0.1925,0.0771,0.4885,Current,none,0.2769,monthly_interest_accrual (-0.60); month_index (-0.44),APPROVE,0.923
LN000692,35,0.0804,0.1692,0.0705,0.4953,Current,none,0.2776,monthly_interest_accrual (-0.65); month_index (-0.45),APPROVE,0.93
LN000692,36,0.078,0.1739,0.0692,0.4932,Current,none,0.2773,monthly_interest_accrual (-0.64); month_index (-0.46),APPROVE,0.931
LN000694,6,0.1522,0.2043,0.1198,0.4497,Current,none,0.0069,monthly_interest_accrual (-0.59); interest_rate (+0.37),APPROVE,0.88
LN000694,7,0.1671,0.239,0.1223,0.4515,Current,none,0.0066,monthly_interest_accrual (-0.62); interest_rate (+0.37),APPROVE,0.878
LN000694,8,0.1572,0.2063,0.116,0.4503,Current,none,0.0103,monthly_interest_accrual (-0.67); interest_rate (+0.38),APPROVE,0.884
LN000694,9,0.1628,0.2062,0.1153,0.4725,Current,none,0.0149,monthly_interest_accrual (-0.66); interest_rate (+0.40),APPROVE,0.885
LN000694,10,0.1608,0.2192,0.12,0.4737,Current,none,0.023,monthly_interest_accrual (-0.64); interest_rate (+0.41),APPROVE,0.88
LN000694,11,0.1636,0.2208,0.1184,0.4767,Current,none,0.039,monthly_interest_accrual (-0.65); interest_rate (+0.41),APPROVE,0.882
LN000694,12,0.1679,0.2227,0.1152,0.4839,Current,none,0.0411,monthly_interest_accrual (-0.65); interest_rate (+0.41),APPROVE,0.885
LN000694,13,0.1824,0.2384,0.1157,0.4871,Current,none,0.0447,monthly_interest_accrual (-0.63); interest_rate (+0.41),APPROVE,0.884
LN000694,14,0.1911,0.2264,0.1074,0.5054,Current,none,0.0527,monthly_interest_accrual (-0.63); interest_rate (+0.41),APPROVE,0.893
LN000694,15,0.1844,0.2196,0.1045,0.5041,Current,none,0.0692,monthly_interest_accrual (-0.62); interest_rate (+0.42),APPROVE,0.896
LN000694,16,0.1728,0.2006,0.1003,0.5026,Current,none,0.0817,monthly_interest_accrual (-0.62); interest_rate (+0.40),APPROVE,0.9
LN000694,17,0.1518,0.1846,0.0969,0.4998,Prepaid,none,0.0988,monthly_interest_accrual (-0.62); interest_rate (+0.39),APPROVE,0.903
LN000694,18,0.131,0.176,0.0952,0.4987,Current,none,0.1159,monthly_interest_accrual (-0.64); interest_rate (+0.52),APPROVE,0.905
LN000694,19,0.1133,0.1637,0.0913,0.4981,Current,none,0.1341,monthly_interest_accrual (-0.63); interest_rate (+0.39),APPROVE,0.909
LN000694,20,0.1121,0.1587,0.0824,0.4981,Current,none,0.1603,monthly_interest_accrual (-0.63); month_index (-0.44),APPROVE,0.918
LN000694,21,0.629,0.5651,0.1263,0.4794,Current,none,0.3884,current_status_Current (+0.89); monthly_interest_accrual (-0.64),APPROVE,0.874
LN000709,8,0.6504,0.5948,0.1768,0.5006,Current,none,0.2818,current_status_Current (+1.21); interest_rate (-0.79),WATCH_LIST,0.823
LN000712,22,0.0912,0.1818,0.0898,0.495,Current,none,0.2089,month_index (-0.47); current_status_Current (-0.28),APPROVE,0.91
LN000712,23,0.0912,0.1805,0.0898,0.4978,Current,none,0.2378,month_index (-0.47); current_status_Current (-0.28),APPROVE,0.91
LN000712,24,0.0856,0.1778,0.083,0.5,Prepaid,none,0.2482,month_index (-0.48); current_status_Current (-0.30),APPROVE,0.917
LN000712,25,0.6051,0.6179,0.1739,0.4785,60DPD,none,0.2853,current_status_Current (+1.18); month_index (-0.45),WATCH_LIST,0.826
LN000712,26,0.0884,0.1788,0.089,0.4967,Current,none,0.268,month_index (-0.47); seasoning_pct (-0.28),APPROVE,0.911
LN000712,27,0.0884,0.1764,0.089,0.4969,Current,none,0.2749,month_index (-0.47); seasoning_pct (-0.28),APPROVE,0.911
LN000712,28,0.0884,0.1781,0.089,0.4969,Current,stale_record,0.3199,month_index (-0.47); seasoning_pct (-0.28),APPROVE,0.911
LN000712,29,0.0884,0.1781,0.0876,0.4966,Current,none,0.2755,month_index (-0.47); seasoning_pct (-0.36),APPROVE,0.912
LN000712,30,0.0887,0.1766,0.0876,0.4966,Current,stale_record,0.3212,month_index (-0.47); seasoning_pct (-0.36),APPROVE,0.912
LN000712,31,0.1013,0.1997,0.1053,0.5027,Current,none,0.2759,month_index (-0.46); seasoning_pct (-0.34),APPROVE,0.895
LN000718,7,0.1945,0.311,0.0713,0.5427,Current,none,0.1285,combined_risk_index (-1.13); credit_risk_tier (+0.32),APPROVE,0.929
LN000718,8,0.203,0.3248,0.0664,0.5358,Current,none,0.089,combined_risk_index (-1.19); interest_rate (-0.49),APPROVE,0.934
LN000718,9,0.1404,0.2563,0.0646,0.5073,Current,none,0.0987,combined_risk_index (-1.02); ltv_risk_tier (-0.57),APPROVE,0.935
LN000718,10,0.1278,0.2874,0.0635,0.5081,Current,none,0.1069,combined_risk_index (-1.00); ltv_risk_tier (-0.55),APPROVE,0.937
LN000718,11,0.1682,0.3208,0.0637,0.5085,Current,source_conflict,0.3009,combined_risk_index (-0.99); ltv_risk_tier (-0.55),APPROVE,0.936
LN000718,12,0.1861,0.3344,0.0632,0.5111,30DPD,none,0.1216,combined_risk_index (-0.99); ltv_risk_tier (-0.56),APPROVE,0.937
LN000718,13,0.4274,0.501,0.0721,0.4821,Current,none,0.3676,combined_risk_index (-0.99); current_status_Current (+0.82),APPROVE,0.928
LN000719,20,0.0955,0.1347,0.0694,0.4743,Current,none,0.206,combined_risk_index (-0.74); month_index (-0.48),APPROVE,0.931
LN000719,21,0.0929,0.1347,0.0694,0.4745,Current,none,0.2373,combined_risk_index (-0.74); month_index (-0.48),APPROVE,0.931
LN000719,22,0.0972,0.1466,0.0694,0.4745,Current,none,0.2504,combined_risk_index (-0.74); month_index (-0.48),APPROVE,0.931
LN000719,23,0.1376,0.2173,0.0936,0.4718,Current,none,0.2718,month_index (-0.46); seasoning_pct (-0.38),APPROVE,0.906
LN000719,24,0.0992,0.1507,0.0703,0.4767,Current,none,0.2807,combined_risk_index (-0.74); month_index (-0.48),APPROVE,0.93
LN000719,25,0.0992,0.1507,0.0703,0.4767,Current,none,0.2877,combined_risk_index (-0.74); month_index (-0.48),APPROVE,0.93
LN000719,26,0.1011,0.1506,0.0703,0.4767,Current,none,0.2903,combined_risk_index (-0.74); month_index (-0.48),APPROVE,0.93
LN000719,27,0.1016,0.1506,0.0703,0.4767,Current,none,0.2922,combined_risk_index (-0.74); month_index (-0.48),APPROVE,0.93
LN000719,28,0.1013,0.1437,0.0703,0.4767,Current,none,0.2922,combined_risk_index (-0.74); month_index (-0.48),APPROVE,0.93
LN000719,29,0.1013,0.1437,0.0708,0.4767,Current,none,0.2924,combined_risk_index (-0.74); month_index (-0.48),APPROVE,0.929
LN000719,30,0.1013,0.1437,0.0708,0.4767,Current,none,0.2919,combined_risk_index (-0.74); month_index (-0.48),APPROVE,0.929
LN000719,31,0.5938,0.5129,0.1367,0.4559,Current,none,0.4151,current_status_Current (+1.23); combined_risk_index (-0.56),ESCALATE,0.863
LN000721,11,0.7371,0.7204,0.3989,0.4272,60DPD,none,0.1257,current_status_Current (+1.31); state_VA (-0.51),ESCALATE,0.601
LN000721,12,0.6851,0.6547,0.3021,0.4409,60DPD,none,0.0911,current_status_Current (+1.08); state_VA (-0.47),WATCH_LIST,0.698
LN000721,13,0.3326,0.4185,0.166,0.4823,Current,none,0.0457,state_VA (-0.46); combined_risk_index (+0.36),WATCH_LIST,0.834
LN000721,14,0.3348,0.4184,0.1506,0.4823,Current,none,0.0558,state_VA (-0.40); combined_risk_index (+0.37),WATCH_LIST,0.849
LN000721,15,0.3367,0.4243,0.1491,0.4818,Current,none,0.0734,state_VA (-0.40); combined_risk_index (+0.37),APPROVE,0.851
LN000721,16,0.3324,0.4275,0.1415,0.481,Current,none,0.0889,state_VA (-0.40); combined_risk_index (+0.38),APPROVE,0.859
LN000721,17,0.3055,0.4078,0.1309,0.4784,Current,none,0.1058,state_VA (-0.40); combined_risk_index (+0.38),APPROVE,0.869
LN000721,18,0.2649,0.3837,0.127,0.4823,Current,none,0.1211,state_VA (-0.40); combined_risk_index (+0.38),APPROVE,0.873
LN000721,19,0.2128,0.3331,0.107,0.4858,Prepaid,none,0.1388,state_VA (-0.40); combined_risk_index (+0.39),APPROVE,0.893
LN000721,20,0.2123,0.3325,0.0962,0.4858,Current,none,0.1679,month_index (-0.46); state_VA (-0.40),APPROVE,0.904
LN000721,21,0.1956,0.2788,0.1193,0.4817,Current,none,0.1934,month_index (-0.46); combined_risk_index (+0.38),APPROVE,0.881
LN000721,22,0.2108,0.3511,0.0962,0.4875,Current,stale_record,0.2625,month_index (-0.46); state_VA (-0.40),APPROVE,0.904
LN000721,23,0.6213,0.6625,0.1974,0.4378,Current,none,0.3755,current_status_Current (+1.05); month_index (-0.41),WATCH_LIST,0.803
LN000723,8,0.6048,0.5974,0.2207,0.5246,Current,none,0.3253,current_status_Current (+1.24); state_NJ (+0.34),WATCH_LIST,0.779
LN000730,6,0.1202,0.2229,0.1315,0.5273,Current,none,0.0265,current_status_Current (-0.23); dti_risk_tier (-0.19),APPROVE,0.868
LN000730,7,0.1227,0.2221,0.1299,0.5276,Current,none,0.0266,current_status_Current (-0.23); dti_risk_tier (-0.19),APPROVE,0.87
LN000730,8,0.1325,0.2259,0.1272,0.5275,Current,none,0.03,monthly_interest_accrual (-0.25); current_status_Current (-0.24),APPROVE,0.873
LN000730,9,0.1269,0.2272,0.1363,0.5279,Current,stale_record,0.0808,current_status_Current (-0.24); original_balance (+0.24),APPROVE,0.864
LN000730,10,0.1287,0.2464,0.1373,0.5282,Current,none,0.0438,current_status_Current (-0.24); original_balance (+0.24),APPROVE,0.863
LN000730,11,0.1366,0.2484,0.1322,0.5285,Current,none,0.0566,current_status_Current (-0.24); original_balance (+0.24),APPROVE,0.868
LN000730,12,0.1414,0.2479,0.1294,0.5287,Current,none,0.0618,current_status_Current (-0.25); original_balance (+0.24),APPROVE,0.871
LN000730,13,0.1569,0.2475,0.1278,0.5285,Current,none,0.0661,current_status_Current (-0.25); original_balance (+0.24),APPROVE,0.872
LN000730,14,0.1548,0.2375,0.1138,0.5285,Current,none,0.0777,current_status_Current (-0.25); original_balance (+0.25),APPROVE,0.886
LN000730,15,0.1502,0.22,0.1125,0.5276,Current,none,0.0943,current_status_Current (-0.25); original_balance (+0.25),APPROVE,0.888
LN000730,16,0.1459,0.2015,0.1128,0.5262,Current,none,0.1068,current_status_Current (-0.25); monthly_interest_accrual (-0.23),APPROVE,0.887
LN000730,17,0.1401,0.1966,0.1126,0.5212,Current,none,0.1251,current_status_Current (-0.25); monthly_interest_accrual (-0.23),APPROVE,0.887
LN000730,18,0.1373,0.1905,0.1126,0.5202,Current,none,0.1412,current_status_Current (-0.25); monthly_interest_accrual (-0.23),APPROVE,0.887
LN000730,19,0.1104,0.1872,0.1235,0.5183,Current,none,0.3033,current_status_Current (-0.24); original_balance (+0.23),APPROVE,0.876
LN000730,20,0.1179,0.164,0.0948,0.5204,Current,none,0.1893,month_index (-0.36); current_balance (+0.29),APPROVE,0.905
LN000730,21,0.1179,0.1658,0.0948,0.5199,Current,none,0.2157,month_index (-0.36); current_balance (+0.29),APPROVE,0.905
LN000730,22,0.1123,0.1705,0.0948,0.5199,Current,stale_record,0.2807,month_index (-0.36); current_balance (+0.29),APPROVE,0.905
LN000730,23,0.1121,0.1711,0.096,0.521,Current,none,0.26,month_index (-0.36); current_balance (+0.29),APPROVE,0.904
LN000730,24,0.1081,0.1711,0.096,0.5199,Current,none,0.2709,month_index (-0.36); current_balance (+0.29),APPROVE,0.904
LN000730,25,0.1081,0.1742,0.096,0.5199,Current,none,0.2795,month_index (-0.36); current_balance (+0.29),APPROVE,0.904
LN000730,26,0.1068,0.173,0.096,0.5181,Current,none,0.2908,month_index (-0.36); current_balance (+0.29),APPROVE,0.904
LN000730,27,0.1068,0.1708,0.096,0.5181,Current,stale_record,0.3442,month_index (-0.36); current_balance (+0.29),APPROVE,0.904
LN000730,28,0.1068,0.1699,0.096,0.5181,Current,source_conflict,0.4342,month_index (-0.36); current_balance (+0.29),ESCALATE,0.904
LN000730,29,0.1068,0.1699,0.0941,0.5178,Current,none,0.2992,month_index (-0.36); current_balance (+0.29),APPROVE,0.906
LN000730,30,0.544,0.5108,0.151,0.4835,Current,none,0.4791,current_status_Current (+1.12); month_index (-0.36),ESCALATE,0.849
LN000735,9,0.1175,0.2193,0.0698,0.5239,Prepaid,none,0.0513,combined_risk_index (-1.17); interest_rate (-0.72),APPROVE,0.93
LN000735,10,0.1155,0.2161,0.0694,0.5243,Current,source_conflict,0.1976,combined_risk_index (-1.18); interest_rate (-0.71),APPROVE,0.931
LN000735,11,0.1191,0.2362,0.0688,0.5263,Current,none,0.0797,combined_risk_index (-1.18); interest_rate (-0.71),APPROVE,0.931
LN000735,12,0.1699,0.3143,0.071,0.5206,Current,stale_record,0.3389,combined_risk_index (-1.19); interest_rate (-0.70),APPROVE,0.929
LN000735,13,0.13,0.2643,0.0685,0.5262,Current,none,0.0952,combined_risk_index (-1.17); interest_rate (-0.68),APPROVE,0.932
LN000735,14,0.1175,0.242,0.067,0.5295,Current,none,0.1005,combined_risk_index (-1.16); interest_rate (-0.68),APPROVE,0.933
LN000735,15,0.1274,0.2235,0.0664,0.5323,Current,none,0.112,combined_risk_index (-1.16); interest_rate (-0.64),APPROVE,0.934
LN000735,16,0.1179,0.228,0.0659,0.5306,Current,none,0.1275,combined_risk_index (-1.16); interest_rate (-0.64),APPROVE,0.934
LN000735,17,0.1069,0.2015,0.0643,0.5264,Current,none,0.143,combined_risk_index (-1.15); interest_rate (-0.64),APPROVE,0.936
LN000735,18,0.1024,0.1896,0.0642,0.5265,Current,none,0.157,combined_risk_index (-1.15); interest_rate (-0.63),APPROVE,0.936
LN000735,19,0.3585,0.3975,0.0734,0.5229,Current,data_entry_error,0.5369,combined_risk_index (-1.12); current_status_Current (+0.88),ESCALATE,0.927
LN000737,13,0.179,0.2733,0.0914,0.5536,Current,none,0.0527,state_OH (-0.95); interest_rate (-0.28),APPROVE,0.909
LN000737,14,0.5086,0.5286,0.1273,0.5143,Current,none,0.3094,state_OH (-1.17); current_status_Current (+0.83),APPROVE,0.873
LN000745,9,0.1025,0.1795,0.0613,0.4872,Current,none,0.0786,combined_risk_index (-1.37); ltv_risk_tier (-0.73),APPROVE,0.939
LN000745,10,0.532,0.5241,0.0888,0.4636,30DPD,none,0.1358,combined_risk_index (-1.32); current_status_Current (+1.09),APPROVE,0.911
LN000745,11,0.6971,0.6346,0.2321,0.4418,60DPD,none,0.1957,current_status_Current (+1.32); ltv_risk_tier (-0.72),WATCH_LIST,0.768
LN000745,12,0.6319,0.5998,0.1682,0.4657,Default,none,0.2394,combined_risk_index (-1.28); current_status_Current (+1.28),WATCH_LIST,0.832
LN000745,13,0.6262,0.5898,0.1376,0.4601,60DPD,none,0.205,combined_risk_index (-1.23); current_status_Current (+1.22),APPROVE,0.862
LN000745,14,0.6482,0.6176,0.1376,0.4595,60DPD,none,0.218,combined_risk_index (-1.23); current_status_Current (+1.23),APPROVE,0.862
LN000745,15,0.6813,0.6406,0.1267,0.4591,90DPD,stale_record,0.2805,current_status_Current (+1.25); combined_risk_index (-1.23),APPROVE,0.873
LN000745,16,0.5256,0.5705,0.088,0.4646,Current,none,0.4885,combined_risk_index (-1.09); current_status_Current (+0.99),ESCALATE,0.912
LN000746,6,0.6781,0.6693,0.3564,0.5003,60DPD,none,0.0728,current_status_Current (+1.12); days_past_due (-0.22),ESCALATE,0.644
LN000746,7,0.7319,0.7344,0.4306,0.4602,90DPD,none,0.1079,current_status_Current (+1.43); days_past_due (+0.25),ESCALATE,0.569
LN000746,8,0.6538,0.6626,0.3644,0.4982,60DPD,none,0.0717,current_status_Current (+1.17); days_past_due (-0.22),ESCALATE,0.636
LN000746,9,0.7347,0.738,0.4478,0.4618,Current,none,0.3415,current_status_Current (+1.55); days_past_due (+0.38),ESCALATE,0.552
LN000750,7,0.1747,0.327,0.1188,0.4782,Current,none,0.0171,combined_risk_index (-0.60); interest_rate (-0.32),APPROVE,0.881
LN000750,8,0.1836,0.331,0.1178,0.4815,Current,none,0.0213,combined_risk_index (-0.61); interest_rate (-0.32),APPROVE,0.882
LN000750,9,0.1874,0.3348,0.1177,0.4843,Current,none,0.026,combined_risk_index (-0.61); interest_rate (-0.31),APPROVE,0.882
LN000750,10,0.1903,0.3547,0.1251,0.4843,Current,stale_record,0.0786,combined_risk_index (-0.62); interest_rate (-0.28),APPROVE,0.875
LN000750,11,0.2147,0.3851,0.1546,0.4787,Current,none,0.0759,combined_risk_index (-0.61); interest_rate (-0.29),WATCH_LIST,0.845
LN000750,12,0.2123,0.3586,0.1246,0.488,Current,none,0.0496,combined_risk_index (-0.62); interest_rate (-0.28),APPROVE,0.875
LN000750,13,0.2252,0.3583,0.1234,0.4851,Current,source_conflict,0.1908,combined_risk_index (-0.61); current_status_Current (-0.28),APPROVE,0.877
LN000750,14,0.227,0.3298,0.1159,0.4847,Current,stale_record,0.1079,combined_risk_index (-0.60); current_status_Current (-0.28),APPROVE,0.884
LN000750,15,0.2135,0.301,0.1155,0.4844,Current,none,0.0782,combined_risk_index (-0.60); current_status_Current (-0.28),APPROVE,0.884
LN000750,16,0.197,0.2723,0.1085,0.4838,Current,none,0.0905,combined_risk_index (-0.60); interest_rate (-0.30),APPROVE,0.892
LN000750,17,0.1817,0.243,0.1033,0.4818,Prepaid,none,0.109,combined_risk_index (-0.59); interest_rate (-0.30),APPROVE,0.897
LN000750,18,0.171,0.243,0.1004,0.4799,Current,none,0.1265,combined_risk_index (-0.59); interest_rate (-0.30),APPROVE,0.9
LN000750,19,0.188,0.3098,0.0935,0.4737,Prepaid,data_entry_error,0.3691,credit_risk_tier (+0.28); original_balance (-0.27),APPROVE,0.906
LN000750,20,0.1349,0.2065,0.0862,0.4789,Current,none,0.1709,combined_risk_index (-0.58); month_index (-0.41),APPROVE,0.914
LN000750,21,0.6467,0.6336,0.1403,0.4663,60DPD,none,0.2419,current_status_Current (+1.14); combined_risk_index (-0.41),APPROVE,0.86
LN000750,22,0.6381,0.6215,0.1403,0.4643,60DPD,none,0.2608,current_status_Current (+1.13); combined_risk_index (-0.41),APPROVE,0.86
LN000750,23,0.1334,0.2181,0.0861,0.4791,Current,none,0.2503,combined_risk_index (-0.58); month_index (-0.41),APPROVE,0.914
LN000750,24,0.1298,0.2181,0.0861,0.4801,Current,none,0.2625,combined_risk_index (-0.58); month_index (-0.41),APPROVE,0.914
LN000750,25,0.5762,0.5831,0.138,0.4662,Current,none,0.451,current_status_Current (+1.13); combined_risk_index (-0.41),ESCALATE,0.862
LN000753,15,0.0888,0.1403,0.0685,0.4822,Current,none,0.0741,combined_risk_index (-0.82); interest_rate (-0.51),APPROVE,0.932
LN000753,16,0.0869,0.1328,0.0674,0.4822,Current,none,0.0867,combined_risk_index (-0.83); interest_rate (-0.53),APPROVE,0.933
LN000753,17,0.0794,0.1244,0.0669,0.4807,Current,none,0.1034,combined_risk_index (-0.81); interest_rate (-0.52),APPROVE,0.933
LN000753,18,0.0755,0.1238,0.0668,0.4826,Current,none,0.1201,combined_risk_index (-0.81); interest_rate (-0.52),APPROVE,0.933
LN000753,19,0.0634,0.1236,0.0705,0.4779,Current,none,0.1784,combined_risk_index (-0.78); interest_rate (-0.47),APPROVE,0.93
LN000753,20,0.0622,0.1111,0.0624,0.4826,Current,none,0.1632,combined_risk_index (-0.79); interest_rate (-0.53),APPROVE,0.938
LN000753,21,0.0622,0.1113,0.0624,0.4826,Current,none,0.1874,combined_risk_index (-0.79); interest_rate (-0.53),APPROVE,0.938
LN000753,22,0.0614,0.1145,0.0624,0.4826,Current,none,0.2153,combined_risk_index (-0.79); interest_rate (-0.53),APPROVE,0.938
LN000753,23,0.0791,0.148,0.0721,0.4809,Current,none,0.3606,combined_risk_index (-0.82); month_index (-0.35),APPROVE,0.928
LN000753,24,0.0768,0.148,0.0721,0.4809,Current,none,0.3678,combined_risk_index (-0.82); month_index (-0.35),APPROVE,0.928
LN000753,25,0.06,0.1136,0.0626,0.4926,Current,none,0.265,combined_risk_index (-0.79); interest_rate (-0.55),APPROVE,0.937
LN000753,26,0.0601,0.1135,0.0626,0.4934,Current,none,0.2771,combined_risk_index (-0.79); interest_rate (-0.55),APPROVE,0.937
LN000753,27,0.0643,0.1221,0.0761,0.4985,Current,none,0.2841,interest_rate (-0.58); month_index (-0.37),APPROVE,0.924
LN000754,20,0.1003,0.1795,0.0847,0.5043,Current,none,0.1618,month_index (-0.54); current_status_Current (-0.29),APPROVE,0.915
LN000754,21,0.0894,0.1674,0.0774,0.5198,Current,none,0.1868,month_index (-0.53); current_status_Current (-0.31),APPROVE,0.923
LN000754,22,0.0999,0.1921,0.0841,0.5039,Current,stale_record,0.2502,month_index (-0.54); seasoning_pct (-0.27),APPROVE,0.916
LN000754,23,0.0924,0.1922,0.0884,0.504,Current,data_entry_error,0.3513,month_index (-0.54); combined_risk_index (+0.31),APPROVE,0.912
LN000754,24,0.0966,0.1945,0.0808,0.5014,Current,none,0.2473,month_index (-0.54); seasoning_pct (-0.27),APPROVE,0.919
LN000754,25,0.0966,0.1945,0.0808,0.5015,Current,none,0.2575,month_index (-0.54); seasoning_pct (-0.27),APPROVE,0.919
LN000754,26,0.0965,0.1992,0.081,0.4994,Current,none,0.2676,month_index (-0.54); seasoning_pct (-0.31),APPROVE,0.919
LN000754,27,0.6191,0.626,0.1334,0.4755,60DPD,none,0.299,current_status_Current (+1.17); month_index (-0.49),APPROVE,0.867
LN000754,28,0.6727,0.6684,0.1909,0.4556,60DPD,data_entry_error,0.4588,current_status_Current (+1.40); month_index (-0.52),ESCALATE,0.809
LN000754,29,0.6954,0.677,0.176,0.4579,60DPD,none,0.3269,current_status_Current (+1.45); month_index (-0.53),WATCH_LIST,0.824
LN000754,30,0.7161,0.6941,0.2128,0.4532,Default,none,0.3656,current_status_Current (+1.50); month_index (-0.55),WATCH_LIST,0.787
LN000754,31,0.7042,0.6813,0.2415,0.4612,Current,none,0.4588,current_status_Current (+1.49); month_index (-0.53),ESCALATE,0.758
LN000755,10,0.0493,0.1097,0.0631,0.5059,Current,none,0.0176,combined_risk_index (-1.49); ltv_risk_tier (-0.86),APPROVE,0.937
LN000755,11,0.0494,0.1087,0.0632,0.5082,Current,none,0.0329,combined_risk_index (-1.47); ltv_risk_tier (-0.88),APPROVE,0.937
LN000755,12,0.0494,0.1131,0.0631,0.5107,Current,none,0.0379,combined_risk_index (-1.47); ltv_risk_tier (-0.88),APPROVE,0.937
LN000755,13,0.0498,0.1137,0.0631,0.5167,Current,none,0.0442,combined_risk_index (-1.46); ltv_risk_tier (-0.88),APPROVE,0.937
LN000755,14,0.0519,0.1285,0.0646,0.5246,Current,none,0.0839,combined_risk_index (-1.50); ltv_risk_tier (-0.78),APPROVE,0.935
LN000755,15,0.0558,0.129,0.0637,0.5244,Current,none,0.1027,combined_risk_index (-1.50); ltv_risk_tier (-0.78),APPROVE,0.936
LN000755,16,0.0552,0.1128,0.0626,0.5173,Current,none,0.0816,combined_risk_index (-1.46); ltv_risk_tier (-0.86),APPROVE,0.937
LN000755,17,0.0541,0.1109,0.0612,0.5156,Current,none,0.0962,combined_risk_index (-1.44); ltv_risk_tier (-0.85),APPROVE,0.939
LN000755,18,0.0526,0.1089,0.0612,0.515,Current,none,0.1138,combined_risk_index (-1.44); ltv_risk_tier (-0.85),APPROVE,0.939
LN000755,19,0.323,0.4141,0.069,0.4763,60DPD,none,0.1844,combined_risk_index (-1.35); current_status_Current (+1.23),APPROVE,0.931
LN000755,20,0.3368,0.4109,0.0651,0.4778,60DPD,none,0.209,combined_risk_index (-1.36); current_status_Current (+1.23),APPROVE,0.935
LN000755,21,0.0509,0.1044,0.0597,0.5125,Current,none,0.1819,combined_risk_index (-1.42); ltv_risk_tier (-0.83),APPROVE,0.94
LN000755,22,0.0506,0.1076,0.0597,0.5126,Current,none,0.2098,combined_risk_index (-1.42); ltv_risk_tier (-0.83),APPROVE,0.94
LN000755,23,0.0509,0.1168,0.0597,0.5114,Current,none,0.2394,combined_risk_index (-1.42); ltv_risk_tier (-0.84),APPROVE,0.94
LN000755,24,0.0506,0.1171,0.0597,0.5102,Current,none,0.2527,combined_risk_index (-1.41); ltv_risk_tier (-0.84),APPROVE,0.94
LN000755,25,0.0507,0.1171,0.0597,0.5102,Current,source_conflict,0.3974,combined_risk_index (-1.41); ltv_risk_tier (-0.84),APPROVE,0.94
LN000755,26,0.0506,0.1086,0.0631,0.4986,Current,none,0.3902,combined_risk_index (-0.82); ltv_risk_tier (-0.59),APPROVE,0.937
LN000755,27,0.0508,0.1168,0.0597,0.5106,Current,none,0.2816,combined_risk_index (-1.40); ltv_risk_tier (-0.84),APPROVE,0.94
LN000755,28,0.0508,0.1162,0.0597,0.5106,Current,none,0.2816,combined_risk_index (-1.40); ltv_risk_tier (-0.84),APPROVE,0.94
LN000755,29,0.0508,0.1162,0.0596,0.5103,Current,none,0.2816,combined_risk_index (-1.40); ltv_risk_tier (-0.84),APPROVE,0.94
LN000756,17,0.1203,0.1639,0.0636,0.5129,90DPD,suspicious_transition,0.3178,combined_risk_index (-0.90); interest_rate (-0.57),APPROVE,0.936
LN000756,18,0.0874,0.1422,0.0618,0.5156,Prepaid,none,0.1213,combined_risk_index (-0.89); interest_rate (-0.61),APPROVE,0.938
LN000756,19,0.0739,0.1291,0.0604,0.5155,Prepaid,none,0.1401,combined_risk_index (-0.88); interest_rate (-0.60),APPROVE,0.94
LN000756,20,0.0743,0.1243,0.0596,0.5155,Current,none,0.1649,combined_risk_index (-0.87); interest_rate (-0.63),APPROVE,0.94
LN000756,21,0.0743,0.1251,0.0596,0.5156,Current,none,0.1897,combined_risk_index (-0.87); interest_rate (-0.63),APPROVE,0.94
LN000756,22,0.6069,0.5281,0.0648,0.4999,60DPD,stale_record,0.304,current_status_Current (+1.03); interest_rate (-0.83),APPROVE,0.935
LN000756,23,0.5536,0.4676,0.0652,0.5046,Current,stale_record,0.4725,current_status_Current (+1.03); interest_rate (-0.83),ESCALATE,0.935
LN000758,25,0.0679,0.1331,0.0627,0.5338,Current,none,0.2619,state_OH (-0.69); interest_rate (-0.66),APPROVE,0.937
LN000758,26,0.0688,0.1324,0.0626,0.5338,Current,none,0.2742,state_OH (-0.69); interest_rate (-0.66),APPROVE,0.937
LN000758,27,0.0688,0.1305,0.0626,0.5338,Current,none,0.2811,state_OH (-0.69); interest_rate (-0.66),APPROVE,0.937
LN000758,28,0.3745,0.4745,0.0781,0.4916,Current,stale_record,0.5025,current_status_Current (+1.03); state_OH (-0.90),ESCALATE,0.922
LN000761,6,0.1689,0.2862,0.0988,0.53,Prepaid,none,0.0054,current_status_Current (-0.30); state_MN (-0.26),APPROVE,0.901
LN000761,7,0.1685,0.2868,0.0985,0.5304,Prepaid,none,0.0047,current_status_Current (-0.30); state_MN (-0.26),APPROVE,0.901
LN000761,8,0.1655,0.288,0.0974,0.5307,Prepaid,none,0.0067,current_status_Current (-0.30); state_MN (-0.27),APPROVE,0.903
LN000761,9,0.166,0.2883,0.0982,0.5311,Prepaid,none,0.009,current_status_Current (-0.31); state_MN (-0.28),APPROVE,0.902
LN000761,10,0.1607,0.3012,0.0981,0.5324,Prepaid,none,0.0184,current_status_Current (-0.31); state_MN (-0.28),APPROVE,0.902
LN000761,11,0.1609,0.3052,0.0956,0.5325,Prepaid,none,0.0334,current_status_Current (-0.31); state_MN (-0.28),APPROVE,0.904
LN000761,12,0.614,0.6187,0.2115,0.5021,Current,none,0.2872,current_status_Current (+1.29); state_MN (-0.31),WATCH_LIST,0.788
LN000763,13,0.1898,0.3332,0.1417,0.4815,Current,data_entry_error,0.286,interest_rate (-0.62); ltv_risk_tier (+0.33),APPROVE,0.858
LN000763,14,0.1959,0.2694,0.1263,0.4739,Current,none,0.067,interest_rate (-0.70); combined_risk_index (+0.31),APPROVE,0.874
LN000763,15,0.1894,0.2411,0.1241,0.4736,Current,none,0.0815,interest_rate (-0.69); combined_risk_index (+0.31),APPROVE,0.876
LN000763,16,0.534,0.4923,0.1824,0.4561,60DPD,none,0.1473,current_status_Current (+1.01); interest_rate (-0.65),WATCH_LIST,0.818
LN000763,17,0.1498,0.1989,0.1106,0.4744,Current,none,0.1114,interest_rate (-0.71); combined_risk_index (+0.31),APPROVE,0.889
LN000763,18,0.1401,0.1913,0.106,0.4737,Current,stale_record,0.1728,interest_rate (-0.71); combined_risk_index (+0.31),APPROVE,0.894
LN000765,19,0.1046,0.1923,0.0823,0.496,Current,none,0.1379,loan_purpose_Refinance_NoCashout (-0.45); current_status_Current (-0.28),APPROVE,0.918
LN000765,20,0.1034,0.1969,0.0769,0.496,Current,none,0.163,month_index (-0.53); loan_purpose_Refinance_NoCashout (-0.45),APPROVE,0.923
LN000765,21,0.1051,0.1964,0.0769,0.4956,Current,none,0.1878,month_index (-0.53); loan_purpose_Refinance_NoCashout (-0.45),APPROVE,0.923
LN000765,22,0.1082,0.2195,0.0769,0.4956,Current,none,0.2053,month_index (-0.53); loan_purpose_Refinance_NoCashout (-0.45),APPROVE,0.923
LN000765,23,0.1082,0.2249,0.0773,0.4922,Current,none,0.232,month_index (-0.53); loan_purpose_Refinance_NoCashout (-0.47),APPROVE,0.923
LN000765,24,0.104,0.2249,0.0773,0.4909,Current,none,0.2456,month_index (-0.53); loan_purpose_Refinance_NoCashout (-0.47),APPROVE,0.923
LN000765,25,0.104,0.2283,0.077,0.4909,Current,none,0.255,month_index (-0.53); loan_purpose_Refinance_NoCashout (-0.48),APPROVE,0.923
LN000765,26,0.103,0.2284,0.0767,0.4897,Current,none,0.265,month_index (-0.53); loan_purpose_Refinance_NoCashout (-0.48),APPROVE,0.923
LN000765,27,0.103,0.2248,0.0778,0.4894,Current,none,0.2721,month_index (-0.53); loan_purpose_Refinance_NoCashout (-0.48),APPROVE,0.922
LN000765,28,0.5758,0.5741,0.1327,0.4694,60DPD,none,0.3006,current_status_Current (+1.28); month_index (-0.46),APPROVE,0.867
LN000765,29,0.5985,0.6179,0.1339,0.452,60DPD,none,0.3006,current_status_Current (+1.18); month_index (-0.48),APPROVE,0.866
LN000769,7,0.2161,0.3484,0.1385,0.5224,Prepaid,none,0.0417,current_status_Current (-0.25); credit_risk_tier (-0.24),APPROVE,0.861
LN000769,8,0.2363,0.4121,0.1356,0.5299,Prepaid,none,0.2154,interest_rate (-0.34); combined_risk_index (+0.28),APPROVE,0.864
LN000769,9,0.2557,0.3542,0.1294,0.5236,Prepaid,none,0.0514,current_status_Current (-0.26); combined_risk_index (+0.25),APPROVE,0.871
LN000769,10,0.2461,0.3643,0.129,0.524,Prepaid,none,0.0593,current_status_Current (-0.26); combined_risk_index (+0.25),APPROVE,0.871
LN000769,11,0.2454,0.3717,0.1235,0.525,Prepaid,none,0.0717,current_status_Current (-0.27); remaining_term_months (-0.25),APPROVE,0.877
LN000769,12,0.2319,0.373,0.1194,0.5287,Prepaid,none,0.0789,current_status_Current (-0.27); remaining_term_months (-0.25),APPROVE,0.881
LN000769,13,0.583,0.6163,0.218,0.4865,Current,none,0.3224,current_status_Current (+1.16); remaining_term_months (-0.27),WATCH_LIST,0.782
LN000770,7,0.1606,0.2581,0.1195,0.521,Prepaid,none,0.059,current_status_Current (-0.26); monthly_interest_accrual (-0.26),APPROVE,0.881
LN000770,8,0.1615,0.259,0.1153,0.5231,Prepaid,none,0.0642,state_CT (-0.32); current_status_Current (-0.27),APPROVE,0.885
LN000770,9,0.1382,0.2436,0.1059,0.5302,Current,none,0.1067,state_CT (-0.30); current_status_Current (-0.27),APPROVE,0.894
LN000770,10,0.1594,0.2505,0.1034,0.5263,Prepaid,none,0.0788,state_CT (-0.32); current_status_Current (-0.28),APPROVE,0.897
LN000770,11,0.1353,0.2547,0.1003,0.5311,Prepaid,none,0.0914,state_CT (-0.32); current_status_Current (-0.28),APPROVE,0.9
LN000770,12,0.1322,0.2543,0.1039,0.5261,Current,source_conflict,0.3962,state_CT (-0.37); current_status_Current (-0.29),APPROVE,0.896
LN000770,13,0.1133,0.2377,0.0889,0.5361,Current,none,0.1066,monthly_interest_accrual (-0.44); state_CT (-0.32),APPROVE,0.911
LN000770,14,0.5739,0.5754,0.1808,0.5068,Current,none,0.3563,current_status_Current (+1.16); monthly_interest_accrual (-0.45),WATCH_LIST,0.819
LN000775,8,0.1627,0.2413,0.0922,0.5084,Prepaid,none,0.0036,property_type_Multi_Family (-0.31); current_status_Current (-0.29),APPROVE,0.908
LN000775,9,0.1601,0.2419,0.0932,0.508,Current,none,0.0059,property_type_Multi_Family (-0.31); current_status_Current (-0.30),APPROVE,0.907
LN000775,10,0.1644,0.2424,0.0932,0.509,Current,none,0.0156,property_type_Multi_Family (-0.31); current_status_Current (-0.30),APPROVE,0.907
LN000775,11,0.1275,0.2655,0.0945,0.5105,Current,data_entry_error,0.2922,current_status_Current (-0.27); original_balance (-0.25),APPROVE,0.905
LN000775,12,0.1609,0.2422,0.0897,0.5168,Current,none,0.0344,property_type_Multi_Family (-0.31); current_status_Current (-0.30),APPROVE,0.91
LN000775,13,0.1663,0.2419,0.0885,0.5167,Current,none,0.0392,property_type_Multi_Family (-0.31); current_status_Current (-0.30),APPROVE,0.911
LN000775,14,0.1658,0.2326,0.0832,0.5167,Current,none,0.0499,property_type_Multi_Family (-0.31); current_status_Current (-0.29),APPROVE,0.917
LN000775,15,0.1662,0.2256,0.0913,0.5141,Current,none,0.0676,property_type_Multi_Family (-0.31); current_status_Current (-0.28),APPROVE,0.909
LN000775,16,0.1547,0.211,0.0797,0.5129,Current,none,0.0808,property_type_Multi_Family (-0.31); current_status_Current (-0.30),APPROVE,0.92
LN000775,17,0.1325,0.1912,0.0785,0.5102,Current,none,0.0974,property_type_Multi_Family (-0.31); current_status_Current (-0.30),APPROVE,0.921
LN000775,18,0.1171,0.1802,0.0783,0.5092,Current,none,0.1147,property_type_Multi_Family (-0.31); current_status_Current (-0.30),APPROVE,0.922
LN000775,19,0.0961,0.1597,0.0732,0.5092,Prepaid,none,0.1339,current_status_Current (-0.31); property_type_Multi_Family (-0.31),APPROVE,0.927
LN000775,20,0.0952,0.1558,0.0698,0.5092,Current,none,0.1599,month_index (-0.48); current_status_Current (-0.31),APPROVE,0.93
LN000775,21,0.0929,0.1594,0.0697,0.5094,Current,none,0.1846,month_index (-0.49); property_type_Multi_Family (-0.31),APPROVE,0.93
LN000775,22,0.616,0.6062,0.1183,0.4853,30DPD,none,0.2495,current_status_Current (+1.26); month_index (-0.45),APPROVE,0.882
LN000775,23,0.616,0.6041,0.1183,0.4847,30DPD,none,0.2738,current_status_Current (+1.26); month_index (-0.45),APPROVE,0.882
LN000775,24,0.7198,0.6936,0.253,0.4588,Default,none,0.3559,current_status_Current (+1.68); month_index (-0.52),WATCH_LIST,0.747
LN000775,25,0.7024,0.7088,0.2167,0.4633,Current,none,0.4683,current_status_Current (+1.61); month_index (-0.45),ESCALATE,0.783
LN000776,13,0.212,0.3741,0.0994,0.5026,Current,none,0.125,interest_rate (-0.43); combined_risk_index (+0.41),APPROVE,0.901
LN000776,14,0.2211,0.3539,0.0969,0.5019,Current,none,0.1371,interest_rate (-0.43); combined_risk_index (+0.41),APPROVE,0.903
LN000776,15,0.1352,0.2347,0.0769,0.5105,Current,none,0.1489,interest_rate (-0.46); current_status_Current (-0.33),APPROVE,0.923
LN000776,16,0.1838,0.3119,0.0946,0.5019,Current,stale_record,0.2113,interest_rate (-0.43); combined_risk_index (+0.41),APPROVE,0.905
LN000776,17,0.6077,0.5897,0.1973,0.4762,Current,none,0.4,current_status_Current (+1.13); interest_rate (-0.27),ESCALATE,0.803
LN000778,9,0.1818,0.3388,0.1844,0.4863,Current,none,0.0557,interest_rate (-0.46); current_balance (-0.34),WATCH_LIST,0.816
LN000778,10,0.6772,0.6878,0.338,0.4807,60DPD,none,0.1174,current_status_Current (+1.26); interest_rate (-0.41),WATCH_LIST,0.662
LN000778,11,0.7283,0.7361,0.4007,0.4445,Default,stale_record,0.2152,current_status_Current (+1.54); interest_rate (-0.34),ESCALATE,0.599
LN000778,12,0.7117,0.724,0.395,0.445,Current,data_entry_error,0.5336,current_status_Current (+1.67); interest_rate (-0.55),ESCALATE,0.605
LN000779,16,0.5893,0.5996,0.0831,0.4945,30DPD,none,0.1658,state_OH (-1.15); current_status_Current (+1.07),APPROVE,0.917
LN000779,17,0.1131,0.1833,0.064,0.5163,Prepaid,none,0.1237,state_OH (-0.91); original_balance (-0.31),APPROVE,0.936
LN000779,18,0.1045,0.1759,0.0644,0.5153,Current,none,0.1406,state_OH (-0.91); original_balance (-0.32),APPROVE,0.936
LN000779,19,0.0844,0.1567,0.0633,0.5156,Prepaid,none,0.1559,state_OH (-0.91); original_balance (-0.32),APPROVE,0.937
LN000779,20,0.0832,0.1537,0.0616,0.5156,Prepaid,none,0.1849,state_OH (-0.86); month_index (-0.35),APPROVE,0.938
LN000779,21,0.083,0.157,0.0616,0.5152,Current,stale_record,0.2529,state_OH (-0.86); month_index (-0.35),APPROVE,0.938
LN000779,22,0.0819,0.1642,0.0616,0.5152,Current,stale_record,0.2758,state_OH (-0.86); month_index (-0.35),APPROVE,0.938
LN000779,23,0.0819,0.1653,0.0621,0.5151,Current,none,0.2568,state_OH (-0.86); month_index (-0.35),APPROVE,0.938
LN000779,24,0.1,0.1797,0.0625,0.5123,Current,suspicious_transition,0.4475,state_OH (-0.87); month_index (-0.39),ESCALATE,0.937
LN000779,25,0.08,0.1646,0.0621,0.5139,Current,source_conflict,0.4576,state_OH (-0.86); month_index (-0.35),ESCALATE,0.938
LN000779,26,0.4602,0.5433,0.0718,0.4869,Current,none,0.4823,state_OH (-1.06); current_status_Current (+1.04),ESCALATE,0.928
LN000781,13,0.5804,0.615,0.1899,0.526,60DPD,none,0.2072,current_status_Current (+1.05); interest_rate (-0.47),WATCH_LIST,0.81
LN000781,14,0.2327,0.4673,0.1115,0.5754,Prepaid,none,0.1829,interest_rate (-0.51); combined_risk_index (+0.41),APPROVE,0.888
LN000781,15,0.5322,0.6187,0.1853,0.5304,Current,none,0.4213,current_status_Current (+1.08); interest_rate (-0.48),ESCALATE,0.815
LN000804,10,0.127,0.2085,0.1003,0.4819,Current,none,0.0191,interest_rate (-0.31); current_status_Current (-0.30),APPROVE,0.9
LN000804,11,0.1459,0.2157,0.1019,0.4952,Current,none,0.034,interest_rate (-0.38); current_status_Current (-0.29),APPROVE,0.898
LN000804,12,0.1438,0.2156,0.1005,0.4921,Current,none,0.0372,interest_rate (-0.38); current_status_Current (-0.29),APPROVE,0.899
LN000804,13,0.1338,0.2196,0.0955,0.4883,Current,none,0.0412,interest_rate (-0.33); current_status_Current (-0.29),APPROVE,0.905
LN000804,14,0.1461,0.2033,0.0957,0.4889,Current,none,0.0485,interest_rate (-0.39); current_status_Current (-0.30),APPROVE,0.904
LN000804,15,0.1447,0.207,0.0939,0.4886,Current,none,0.0653,interest_rate (-0.39); current_status_Current (-0.29),APPROVE,0.906
LN000804,16,0.1377,0.1924,0.0903,0.4877,Current,none,0.0782,interest_rate (-0.38); current_status_Current (-0.29),APPROVE,0.91
LN000804,17,0.1354,0.1886,0.0876,0.4865,Current,none,0.0933,interest_rate (-0.38); current_status_Current (-0.30),APPROVE,0.912
LN000804,18,0.1213,0.1805,0.0873,0.4858,Current,none,0.112,interest_rate (-0.38); current_status_Current (-0.30),APPROVE,0.913
LN000804,19,0.1037,0.1597,0.0806,0.4858,Current,none,0.1298,interest_rate (-0.39); current_status_Current (-0.30),APPROVE,0.919
LN000804,20,0.0925,0.1519,0.0758,0.4769,Current,none,0.1543,month_index (-0.54); current_status_Current (-0.30),APPROVE,0.924
LN000804,21,0.0925,0.1614,0.0749,0.4854,Current,none,0.1792,month_index (-0.54); interest_rate (-0.33),APPROVE,0.925
LN000804,22,0.1025,0.1582,0.0768,0.4855,Current,none,0.2044,month_index (-0.54); interest_rate (-0.39),APPROVE,0.923
LN000804,23,0.1007,0.1615,0.0771,0.4811,Current,none,0.2364,month_index (-0.54); interest_rate (-0.40),APPROVE,0.923
LN000804,24,0.0994,0.1602,0.0771,0.48,Current,none,0.2502,month_index (-0.54); interest_rate (-0.40),APPROVE,0.923
LN000804,25,0.0994,0.1602,0.0771,0.48,Current,stale_record,0.3264,month_index (-0.54); interest_rate (-0.40),APPROVE,0.923
LN000804,26,0.0988,0.1613,0.0769,0.48,Current,none,0.2709,month_index (-0.54); interest_rate (-0.40),APPROVE,0.923
LN000804,27,0.0988,0.1567,0.0769,0.48,Current,none,0.2778,month_index (-0.54); interest_rate (-0.40),APPROVE,0.923
LN000806,10,0.1828,0.2864,0.164,0.5399,Current,stale_record,0.0866,original_balance (+0.41); current_balance (+0.30),WATCH_LIST,0.836
LN000806,11,0.1871,0.2886,0.1607,0.5405,Current,none,0.0552,original_balance (+0.41); current_balance (+0.32),WATCH_LIST,0.839
LN000806,12,0.1842,0.2875,0.16,0.5325,Current,none,0.0591,original_balance (+0.41); current_balance (+0.32),WATCH_LIST,0.84
LN000806,13,0.1925,0.2862,0.1576,0.5313,Current,none,0.0643,original_balance (+0.41); current_balance (+0.32),WATCH_LIST,0.842
LN000806,14,0.1838,0.2694,0.1482,0.5312,Current,stale_record,0.1208,original_balance (+0.41); current_balance (+0.31),APPROVE,0.852
LN000806,15,0.1689,0.2503,0.1471,0.5298,Current,none,0.0924,original_balance (+0.41); current_balance (+0.31),APPROVE,0.853
LN000806,16,0.1556,0.2212,0.14,0.5199,Current,source_conflict,0.2397,original_balance (+0.43); current_balance (+0.33),APPROVE,0.86
LN000806,17,0.746,0.6966,0.2538,0.4772,Current,none,0.4083,current_status_Current (+1.32); days_past_due (+0.37),ESCALATE,0.746
LN000809,7,0.2019,0.3185,0.1136,0.531,Prepaid,none,0.0114,ltv_risk_tier (-0.34); combined_risk_index (+0.27),APPROVE,0.886
LN000809,8,0.194,0.3071,0.1123,0.5327,Prepaid,none,0.0136,ltv_risk_tier (-0.34); interest_rate (-0.29),APPROVE,0.888
LN000809,9,0.1947,0.3058,0.1112,0.5332,Prepaid,none,0.0166,ltv_risk_tier (-0.33); interest_rate (-0.31),APPROVE,0.889
LN000809,10,0.1946,0.3103,0.11,0.5365,Prepaid,none,0.0251,ltv_risk_tier (-0.34); interest_rate (-0.32),APPROVE,0.89
LN000809,11,0.6092,0.6383,0.1718,0.5038,Current,none,0.2868,current_status_Current (+1.02); ltv_risk_tier (-0.43),WATCH_LIST,0.828
LN000815,14,0.1201,0.2007,0.0826,0.4966,Current,none,0.1168,combined_risk_index (-0.47); current_status_Current (-0.35),APPROVE,0.917
LN000815,15,0.1145,0.2004,0.0811,0.4955,Current,none,0.1304,combined_risk_index (-0.47); current_status_Current (-0.35),APPROVE,0.919
LN000815,16,0.1092,0.2097,0.0807,0.4937,Current,source_conflict,0.2836,combined_risk_index (-0.47); current_status_Current (-0.35),APPROVE,0.919
LN000815,17,0.1099,0.2118,0.0798,0.4944,Current,none,0.1657,combined_risk_index (-0.47); current_status_Current (-0.35),APPROVE,0.92
LN000815,18,0.5774,0.5904,0.1879,0.4655,Current,none,0.3981,current_status_Current (+1.45); state_AZ (-0.33),WATCH_LIST,0.812
LN000819,29,0.6642,0.6507,0.0666,0.4464,60DPD,none,0.3044,current_status_Current (+1.17); ltv_risk_tier (-0.99),APPROVE,0.933
LN000819,30,0.6918,0.6721,0.079,0.4308,60DPD,stale_record,0.3817,current_status_Current (+1.49); ltv_risk_tier (-1.07),APPROVE,0.921
LN000819,31,0.6644,0.6507,0.0665,0.4464,60DPD,none,0.3047,current_status_Current (+1.17); ltv_risk_tier (-0.99),APPROVE,0.934
LN000819,32,0.6929,0.6753,0.079,0.4308,60DPD,none,0.3363,current_status_Current (+1.49); ltv_risk_tier (-1.07),APPROVE,0.921
LN000819,33,0.6898,0.6814,0.0782,0.4308,60DPD,none,0.3363,current_status_Current (+1.49); ltv_risk_tier (-1.07),APPROVE,0.922
LN000820,15,0.6313,0.5473,0.0958,0.518,Current,none,0.3957,current_status_Current (+0.96); combined_risk_index (-0.85),APPROVE,0.904
LN000823,15,0.2188,0.3068,0.0603,0.4819,Prepaid,none,0.1482,combined_risk_index (-1.20); interest_rate (-0.57),APPROVE,0.94
LN000823,16,0.2268,0.3343,0.0603,0.4807,Prepaid,none,0.1675,combined_risk_index (-1.20); interest_rate (-0.57),APPROVE,0.94
LN000823,17,0.2083,0.3077,0.06,0.4777,Prepaid,none,0.1885,combined_risk_index (-1.20); interest_rate (-0.56),APPROVE,0.94
LN000823,18,0.1944,0.2908,0.06,0.4769,Prepaid,none,0.2007,combined_risk_index (-1.20); interest_rate (-0.56),APPROVE,0.94
LN000823,19,0.1723,0.2461,0.0599,0.4771,Current,none,0.2238,combined_risk_index (-1.20); interest_rate (-0.55),APPROVE,0.94
LN000823,20,0.1371,0.1974,0.0597,0.5061,Prepaid,data_entry_error,0.5434,combined_risk_index (-1.25); interest_rate (-0.54),ESCALATE,0.94
LN000823,21,0.1719,0.2417,0.0591,0.4771,Current,none,0.2683,combined_risk_index (-1.20); interest_rate (-0.54),APPROVE,0.941
LN000823,22,0.1698,0.2536,0.0591,0.4771,Current,none,0.2813,combined_risk_index (-1.20); interest_rate (-0.54),APPROVE,0.941
LN000829,16,0.1623,0.287,0.0883,0.5102,Current,stale_record,0.2454,combined_risk_index (+0.28); seasoning_pct (-0.28),APPROVE,0.912
LN000829,17,0.1459,0.2863,0.0876,0.5104,Current,none,0.215,combined_risk_index (+0.28); seasoning_pct (-0.28),APPROVE,0.912
LN000829,18,0.1407,0.2836,0.0867,0.5104,Current,none,0.2285,seasoning_pct (-0.32); combined_risk_index (+0.28),APPROVE,0.913
LN000829,19,0.5954,0.5799,0.142,0.4783,60DPD,none,0.2842,current_status_Current (+1.09); seasoning_pct (-0.36),APPROVE,0.858
LN000829,20,0.5921,0.5571,0.1323,0.4799,60DPD,none,0.3036,current_status_Current (+1.10); month_index (-0.42),APPROVE,0.868
LN000829,21,0.5718,0.5458,0.1323,0.4758,60DPD,none,0.3248,current_status_Current (+1.10); month_index (-0.42),APPROVE,0.868
LN000829,22,0.7,0.6803,0.1849,0.449,60DPD,none,0.3647,current_status_Current (+1.38); month_index (-0.44),WATCH_LIST,0.815
LN000829,23,0.6058,0.658,0.1663,0.461,Current,data_entry_error,0.6125,current_status_Current (+1.08); month_index (-0.43),ESCALATE,0.834
LN000833,15,0.7278,0.7304,0.3616,0.4717,90DPD,stale_record,0.2363,state_IN (-0.90); current_status_Current (+0.85),ESCALATE,0.638
LN000833,16,0.7354,0.7375,0.4158,0.4804,Current,stale_record,0.4472,current_status_Current (+1.45); state_IN (-0.46),ESCALATE,0.584
LN000835,11,0.5729,0.6061,0.205,0.49,Current,none,0.306,current_status_Current (+0.85); days_past_due (-0.27),WATCH_LIST,0.795
LN000836,12,0.1806,0.302,0.0945,0.4814,Current,stale_record,0.0863,interest_rate (-0.53); state_OR (-0.28),APPROVE,0.905
LN000836,13,0.1864,0.303,0.0932,0.4817,Current,none,0.0465,interest_rate (-0.53); state_OR (-0.28),APPROVE,0.907
LN000836,14,0.1649,0.301,0.0814,0.4941,Current,data_entry_error,0.3042,interest_rate (-0.43); current_status_Current (-0.26),APPROVE,0.919
LN000836,15,0.2003,0.2888,0.0817,0.4828,Current,none,0.0691,interest_rate (-0.50); state_OR (-0.28),APPROVE,0.918
LN000836,16,0.1916,0.2691,0.0795,0.4822,Current,none,0.0811,interest_rate (-0.50); state_OR (-0.28),APPROVE,0.921
LN000836,17,0.1711,0.2525,0.0777,0.481,Current,stale_record,0.1403,interest_rate (-0.48); current_status_Current (-0.28),APPROVE,0.922
LN000836,18,0.144,0.2371,0.0774,0.482,Current,none,0.1126,interest_rate (-0.48); current_status_Current (-0.28),APPROVE,0.923
LN000836,19,0.1122,0.2088,0.0721,0.4821,Prepaid,none,0.1306,interest_rate (-0.46); current_status_Current (-0.29),APPROVE,0.928
LN000836,20,0.1086,0.2049,0.0696,0.4821,Prepaid,source_conflict,0.2888,interest_rate (-0.46); month_index (-0.43),APPROVE,0.93
LN000836,21,0.1086,0.2021,0.0696,0.4828,Current,none,0.1778,interest_rate (-0.47); month_index (-0.43),APPROVE,0.93
LN000836,22,0.5594,0.609,0.12,0.4576,Current,none,0.4001,current_status_Current (+1.13); interest_rate (-0.56),ESCALATE,0.88
LN000839,6,0.1775,0.2952,0.1731,0.4688,Current,none,0.0472,current_status_Current (-0.27); remaining_term_months (-0.22),WATCH_LIST,0.827
LN000839,7,0.1783,0.2959,0.1727,0.4663,Current,none,0.0479,current_status_Current (-0.27); remaining_term_months (-0.22),WATCH_LIST,0.827
LN000839,8,0.1778,0.2902,0.1683,0.4677,Current,none,0.0518,current_status_Current (-0.26); remaining_term_months (-0.24),WATCH_LIST,0.832
LN000839,9,0.1757,0.2844,0.1473,0.4677,Current,source_conflict,0.1921,current_status_Current (-0.27); remaining_term_months (-0.24),APPROVE,0.853
LN000839,10,0.6244,0.6336,0.2656,0.4402,Current,source_conflict,0.4421,current_status_Current (+1.15); ltv_risk_tier (-0.35),ESCALATE,0.734
LN000840,11,0.1077,0.2349,0.0691,0.5052,Current,none,0.0368,combined_risk_index (-0.80); monthly_interest_accrual (-0.63),APPROVE,0.931
LN000840,12,0.1097,0.2348,0.0691,0.5098,Current,none,0.0405,combined_risk_index (-0.80); monthly_interest_accrual (-0.63),APPROVE,0.931
LN000840,13,0.1169,0.2345,0.069,0.5103,Current,none,0.0447,combined_risk_index (-0.79); monthly_interest_accrual (-0.63),APPROVE,0.931
LN000840,14,0.1172,0.2409,0.0683,0.512,Current,stale_record,0.0967,combined_risk_index (-0.78); monthly_interest_accrual (-0.61),APPROVE,0.932
LN000840,15,0.1193,0.2292,0.0681,0.5117,Current,none,0.0676,combined_risk_index (-0.78); monthly_interest_accrual (-0.61),APPROVE,0.932
LN000840,16,0.1153,0.2138,0.0672,0.5107,Current,none,0.0801,combined_risk_index (-0.78); monthly_interest_accrual (-0.60),APPROVE,0.933
LN000840,17,0.1026,0.1875,0.067,0.5106,Current,none,0.096,combined_risk_index (-0.77); monthly_interest_accrual (-0.60),APPROVE,0.933
LN000840,18,0.0945,0.1866,0.064,0.5246,Current,none,0.1147,combined_risk_index (-1.12); monthly_interest_accrual (-0.59),APPROVE,0.936
LN000840,19,0.0945,0.1687,0.088,0.5155,Current,none,0.1333,monthly_interest_accrual (-0.60); combined_risk_index (-0.36),APPROVE,0.912
LN000840,20,0.0765,0.148,0.0636,0.5096,Current,none,0.1575,combined_risk_index (-0.75); monthly_interest_accrual (-0.60),APPROVE,0.936
LN000840,21,0.0765,0.1513,0.0636,0.5093,Current,none,0.1836,combined_risk_index (-0.75); monthly_interest_accrual (-0.60),APPROVE,0.936
LN000840,22,0.074,0.1541,0.0636,0.5093,Current,none,0.2114,combined_risk_index (-0.75); monthly_interest_accrual (-0.60),APPROVE,0.936
LN000840,23,0.0764,0.157,0.0688,0.4911,Current,none,0.2752,combined_risk_index (-0.73); month_index (-0.41),APPROVE,0.931
LN000843,13,0.1368,0.2077,0.1053,0.5414,Current,stale_record,0.0854,current_status_Current (-0.30); state_CT (-0.28),APPROVE,0.895
LN000843,14,0.1272,0.1953,0.1004,0.5419,Prepaid,none,0.0515,current_status_Current (-0.30); state_CT (-0.28),APPROVE,0.9
LN000843,15,0.1245,0.1682,0.0788,0.5315,Current,data_entry_error,0.2102,current_balance (-0.38); current_status_Current (-0.29),APPROVE,0.921
LN000843,16,0.1157,0.1775,0.0993,0.5382,Prepaid,none,0.0801,current_status_Current (-0.30); state_CT (-0.28),APPROVE,0.901
LN000843,17,0.106,0.156,0.0975,0.538,Prepaid,none,0.097,current_status_Current (-0.30); state_CT (-0.28),APPROVE,0.903
LN000843,18,0.1003,0.1527,0.0985,0.5368,Current,none,0.1159,current_status_Current (-0.30); state_CT (-0.28),APPROVE,0.902
LN000843,19,0.4917,0.4532,0.1825,0.52,Current,none,0.3533,current_status_Current (+1.29); state_CT (-0.28),WATCH_LIST,0.817
LN000844,13,0.637,0.5898,0.1775,0.4833,Current,none,0.3181,current_status_Current (+1.37); combined_risk_index (-0.83),WATCH_LIST,0.823
LN000846,13,0.1924,0.2839,0.1069,0.4555,Current,none,0.067,current_status_Current (-0.27); combined_risk_index (+0.25),APPROVE,0.893
LN000846,14,0.1961,0.2715,0.103,0.4555,Current,none,0.0775,current_status_Current (-0.27); combined_risk_index (+0.27),APPROVE,0.897
LN000846,15,0.1819,0.2766,0.1026,0.4549,Current,none,0.0942,current_status_Current (-0.27); combined_risk_index (+0.27),APPROVE,0.897
LN000846,16,0.1789,0.2901,0.1003,0.4544,Current,none,0.1069,combined_risk_index (+0.27); current_status_Current (-0.27),APPROVE,0.9
LN000846,17,0.1681,0.2997,0.0978,0.451,Current,none,0.1252,current_status_Current (-0.27); combined_risk_index (+0.27),APPROVE,0.902
LN000846,18,0.169,0.3038,0.0972,0.4501,Current,source_conflict,0.2751,current_status_Current (-0.27); combined_risk_index (+0.27),APPROVE,0.903
LN000846,19,0.1643,0.3013,0.0908,0.4501,Current,none,0.1593,current_status_Current (-0.27); combined_risk_index (+0.27),APPROVE,0.909
LN000846,20,0.1691,0.3005,0.0841,0.4501,Current,stale_record,0.2324,month_index (-0.42); combined_risk_index (+0.27),APPROVE,0.916
LN000846,21,0.1652,0.301,0.0841,0.45,Current,none,0.2138,month_index (-0.42); combined_risk_index (+0.27),APPROVE,0.916
LN000846,22,0.1532,0.3098,0.0872,0.45,Current,none,0.2339,month_index (-0.42); combined_risk_index (+0.27),APPROVE,0.913
LN000846,23,0.1505,0.3133,0.086,0.45,Current,stale_record,0.3032,month_index (-0.42); combined_risk_index (+0.27),APPROVE,0.914
LN000849,18,0.1048,0.1654,0.0692,0.5495,Current,none,0.2162,interest_rate (-0.70); combined_risk_index (-0.53),APPROVE,0.931
LN000849,19,0.0951,0.1569,0.0684,0.5492,Current,none,0.2301,interest_rate (-0.69); combined_risk_index (-0.53),APPROVE,0.932
LN000849,20,0.0949,0.1578,0.0655,0.5492,Current,none,0.2548,interest_rate (-0.69); combined_risk_index (-0.53),APPROVE,0.934
LN000849,21,0.092,0.1813,0.0621,0.5519,Current,data_entry_error,0.3747,interest_rate (-0.72); combined_risk_index (-0.57),APPROVE,0.938
LN000849,22,0.1024,0.1873,0.0673,0.5479,Current,suspicious_transition,0.5099,interest_rate (-0.64); combined_risk_index (-0.50),ESCALATE,0.933
LN000849,23,0.091,0.1551,0.0629,0.5544,Current,none,0.321,interest_rate (-0.74); combined_risk_index (-0.68),APPROVE,0.937
LN000849,24,0.0982,0.1709,0.0656,0.5489,Current,none,0.332,interest_rate (-0.69); combined_risk_index (-0.53),APPROVE,0.934
LN000849,25,0.0982,0.1709,0.0656,0.5489,Current,none,0.3378,interest_rate (-0.69); combined_risk_index (-0.53),APPROVE,0.934
LN000849,26,0.1024,0.175,0.0656,0.5489,Current,none,0.3406,interest_rate (-0.69); combined_risk_index (-0.53),APPROVE,0.934
LN000849,27,0.1024,0.1728,0.0656,0.5489,Current,none,0.3425,interest_rate (-0.69); combined_risk_index (-0.53),APPROVE,0.934
LN000849,28,0.1024,0.1728,0.0656,0.5489,Current,none,0.3425,interest_rate (-0.69); combined_risk_index (-0.53),APPROVE,0.934
LN000849,29,0.1024,0.1728,0.0656,0.5489,Current,none,0.3433,interest_rate (-0.69); combined_risk_index (-0.53),APPROVE,0.934
LN000849,30,0.1024,0.1728,0.0656,0.5489,Current,none,0.3422,interest_rate (-0.69); combined_risk_index (-0.53),APPROVE,0.934
LN000849,31,0.1024,0.1728,0.0656,0.5489,Current,none,0.3425,interest_rate (-0.69); combined_risk_index (-0.53),APPROVE,0.934
LN000863,17,0.6145,0.5142,0.1494,0.4912,30DPD,none,0.1819,current_status_Current (+1.25); days_past_due (-0.21),APPROVE,0.851
LN000863,18,0.6181,0.5303,0.146,0.4909,60DPD,stale_record,0.2383,current_status_Current (+1.25); days_past_due (-0.21),APPROVE,0.854
LN000863,19,0.7158,0.6794,0.186,0.462,60DPD,none,0.2542,current_status_Current (+1.55); original_balance (-0.21),WATCH_LIST,0.814
LN000863,20,0.7364,0.7052,0.2483,0.4488,Default,none,0.3175,current_status_Current (+1.64); month_index (-0.52),WATCH_LIST,0.752
LN000863,21,0.7346,0.7048,0.2475,0.4487,Default,none,0.3345,current_status_Current (+1.64); month_index (-0.54),WATCH_LIST,0.753
LN000863,22,0.5917,0.5321,0.1084,0.4931,60DPD,none,0.2756,current_status_Current (+1.22); month_index (-0.44),APPROVE,0.892
LN000863,23,0.5917,0.5421,0.112,0.4921,60DPD,none,0.2977,current_status_Current (+1.22); month_index (-0.44),APPROVE,0.888
LN000863,24,0.0835,0.1694,0.0695,0.5178,Prepaid,none,0.2704,month_index (-0.47); current_status_Current (-0.29),APPROVE,0.931
LN000863,25,0.0835,0.1694,0.0695,0.5178,Prepaid,none,0.2785,month_index (-0.47); current_status_Current (-0.29),APPROVE,0.931
LN000863,26,0.0834,0.1669,0.0694,0.5178,Prepaid,none,0.2901,month_index (-0.47); seasoning_pct (-0.31),APPROVE,0.931
LN000864,10,0.0918,0.1684,0.1458,0.5167,Current,none,0.0791,original_balance (-1.15); state_MA (-0.26),APPROVE,0.854
LN000864,11,0.0923,0.1665,0.1261,0.5046,Prepaid,source_conflict,0.2073,original_balance (-1.14); state_MA (-0.24),APPROVE,0.874
LN000864,12,0.0937,0.1727,0.1296,0.5102,Prepaid,none,0.0767,original_balance (-1.07); current_status_Current (-0.24),APPROVE,0.87
LN000864,13,0.0996,0.1768,0.1268,0.5115,Prepaid,none,0.0811,original_balance (-1.07); state_MA (-0.24),APPROVE,0.873
LN000864,14,0.0997,0.2063,0.1149,0.5119,Prepaid,none,0.0926,original_balance (-1.06); current_status_Current (-0.24),APPROVE,0.885
LN000864,15,0.0945,0.2046,0.1117,0.5118,Prepaid,none,0.1095,original_balance (-1.06); current_status_Current (-0.24),APPROVE,0.888
LN000864,16,0.0926,0.1972,0.1068,0.5079,Prepaid,stale_record,0.1894,original_balance (-1.02); current_status_Current (-0.24),APPROVE,0.893
LN000864,17,0.0883,0.174,0.1091,0.5101,Current,none,0.1571,original_balance (-1.01); current_status_Current (-0.27),APPROVE,0.891
LN000864,18,0.089,0.1814,0.0998,0.5007,Prepaid,none,0.1547,original_balance (-1.02); current_status_Current (-0.25),APPROVE,0.9
LN000864,19,0.4601,0.5252,0.1402,0.476,60DPD,stale_record,0.2618,original_balance (-1.12); current_status_Current (+1.11),APPROVE,0.86
LN000864,20,0.0796,0.1546,0.0828,0.5004,Prepaid,none,0.2019,original_balance (-1.00); month_index (-0.29),APPROVE,0.917
LN000864,21,0.0796,0.1578,0.0828,0.4998,Prepaid,none,0.2279,original_balance (-1.00); month_index (-0.29),APPROVE,0.917
LN000864,22,0.077,0.162,0.0828,0.4998,Prepaid,none,0.2478,original_balance (-1.00); month_index (-0.29),APPROVE,0.917
LN000864,23,0.0754,0.164,0.0828,0.4993,Prepaid,none,0.2701,original_balance (-1.00); month_index (-0.29),APPROVE,0.917
LN000864,24,0.0854,0.1788,0.0831,0.4995,Prepaid,suspicious_transition,0.4212,original_balance (-1.00); month_index (-0.29),ESCALATE,0.917
LN000864,25,0.0739,0.164,0.0828,0.5004,Prepaid,none,0.2903,original_balance (-1.00); month_index (-0.29),APPROVE,0.917
LN000864,26,0.0703,0.1624,0.0828,0.5004,Prepaid,none,0.3019,original_balance (-0.98); month_index (-0.29),APPROVE,0.917
LN000864,27,0.0703,0.1619,0.0828,0.5004,Prepaid,none,0.3104,original_balance (-0.98); month_index (-0.29),APPROVE,0.917
LN000864,28,0.0721,0.2028,0.0947,0.504,Prepaid,none,0.4078,original_balance (-0.79); month_index (-0.30),ESCALATE,0.905
LN000864,29,0.3543,0.479,0.1155,0.4761,Current,none,0.4894,current_status_Current (+1.13); original_balance (-1.09),ESCALATE,0.884
LN000867,13,0.1483,0.2792,0.0697,0.5486,30DPD,none,0.1011,combined_risk_index (-0.31); property_type_Multi_Family (-0.30),APPROVE,0.93
LN000867,14,0.145,0.2609,0.069,0.5503,Prepaid,none,0.1148,property_type_Multi_Family (-0.30); combined_risk_index (-0.30),APPROVE,0.931
LN000867,15,0.1416,0.2344,0.0687,0.5498,Prepaid,none,0.1341,property_type_Multi_Family (-0.30); combined_risk_index (-0.30),APPROVE,0.931
LN000867,16,0.1404,0.2142,0.0679,0.5506,Prepaid,stale_record,0.197,property_type_Multi_Family (-0.30); combined_risk_index (-0.30),APPROVE,0.932
LN000867,17,0.131,0.1974,0.0677,0.5477,Prepaid,stale_record,0.2131,property_type_Multi_Family (-0.30); combined_risk_index (-0.29),APPROVE,0.932
LN000867,18,0.1224,0.1781,0.0674,0.5477,Current,none,0.1825,property_type_Multi_Family (-0.30); combined_risk_index (-0.29),APPROVE,0.933
LN000867,19,0.5484,0.5295,0.0949,0.5264,Current,none,0.4234,current_status_Current (+1.18); property_type_Multi_Family (-0.28),ESCALATE,0.905
LN000875,11,0.1256,0.2179,0.0795,0.5571,Prepaid,none,0.0352,ltv_risk_tier (-0.47); current_status_Current (-0.26),APPROVE,0.92
LN000875,12,0.15,0.2379,0.083,0.5504,Prepaid,suspicious_transition,0.208,ltv_risk_tier (-0.49); current_status_Current (-0.25),APPROVE,0.917
LN000875,13,0.553,0.5446,0.1486,0.5281,Current,none,0.2997,current_status_Current (+1.03); ltv_risk_tier (-0.65),APPROVE,0.851
LN000890,9,0.1237,0.216,0.0647,0.5298,Current,none,0.0559,combined_risk_index (-1.31); current_status_Current (-0.27),APPROVE,0.935
LN000890,10,0.1232,0.2122,0.0649,0.5289,Current,none,0.0664,combined_risk_index (-1.32); current_status_Current (-0.28),APPROVE,0.935
LN000890,11,0.5674,0.5378,0.0913,0.5157,Current,none,0.3481,combined_risk_index (-1.26); current_status_Current (+1.15),APPROVE,0.909
LN000895,11,0.0834,0.1706,0.1162,0.5493,Prepaid,none,0.0819,monthly_interest_accrual (-0.49); combined_risk_index (+0.29),APPROVE,0.884
LN000895,12,0.0814,0.1734,0.1147,0.5481,Prepaid,source_conflict,0.2214,monthly_interest_accrual (-0.49); combined_risk_index (+0.29),APPROVE,0.885
LN000895,13,0.0849,0.1815,0.1096,0.5479,Prepaid,none,0.1004,monthly_interest_accrual (-0.48); combined_risk_index (+0.30),APPROVE,0.89
LN000895,14,0.0856,0.1975,0.1072,0.5474,Prepaid,none,0.1124,monthly_interest_accrual (-0.48); combined_risk_index (+0.30),APPROVE,0.893
LN000895,15,0.0842,0.2035,0.106,0.5461,Prepaid,none,0.1235,monthly_interest_accrual (-0.48); combined_risk_index (+0.30),APPROVE,0.894
LN000895,16,0.0809,0.1975,0.1057,0.5433,Current,none,0.1423,monthly_interest_accrual (-0.48); combined_risk_index (+0.30),APPROVE,0.894
LN000895,17,0.0803,0.2054,0.1051,0.5426,Current,none,0.1609,monthly_interest_accrual (-0.48); combined_risk_index (+0.30),APPROVE,0.895
LN000895,18,0.0737,0.1999,0.1045,0.5417,Current,none,0.1767,monthly_interest_accrual (-0.48); combined_risk_index (+0.30),APPROVE,0.896
LN000895,19,0.0684,0.1995,0.0962,0.5414,Prepaid,none,0.1964,monthly_interest_accrual (-0.49); seasoning_pct (-0.32),APPROVE,0.904
LN000895,20,0.0672,0.1939,0.0902,0.5414,Prepaid,source_conflict,0.3542,monthly_interest_accrual (-0.49); month_index (-0.49),APPROVE,0.91
LN000895,21,0.0675,0.1934,0.0902,0.5414,Prepaid,stale_record,0.2917,monthly_interest_accrual (-0.49); month_index (-0.49),APPROVE,0.91
LN000895,22,0.0679,0.2024,0.0902,0.5414,Prepaid,none,0.2611,monthly_interest_accrual (-0.49); month_index (-0.49),APPROVE,0.91
LN000895,23,0.0698,0.2112,0.1058,0.5414,Prepaid,none,0.2807,month_index (-0.48); seasoning_pct (-0.33),APPROVE,0.894
LN000895,24,0.0698,0.2112,0.1058,0.5305,Prepaid,none,0.2898,month_index (-0.48); seasoning_pct (-0.33),APPROVE,0.894
LN000895,25,0.0698,0.2112,0.1063,0.5305,Prepaid,none,0.2969,month_index (-0.48); seasoning_pct (-0.33),APPROVE,0.894
LN000895,26,0.0833,0.2275,0.1063,0.5305,Prepaid,none,0.2996,month_index (-0.48); seasoning_pct (-0.33),APPROVE,0.894
LN000895,27,0.0828,0.2275,0.1063,0.5311,Prepaid,none,0.3012,month_index (-0.48); seasoning_pct (-0.33),APPROVE,0.894
LN000895,28,0.0828,0.2275,0.1063,0.5311,Prepaid,none,0.3011,month_index (-0.48); seasoning_pct (-0.33),APPROVE,0.894
LN000895,29,0.0828,0.2275,0.1063,0.5311,Prepaid,none,0.3023,month_index (-0.48); seasoning_pct (-0.33),APPROVE,0.894
LN000895,30,0.0828,0.2275,0.1063,0.5311,Prepaid,none,0.3024,month_index (-0.48); seasoning_pct (-0.33),APPROVE,0.894
LN000901,13,0.1249,0.2042,0.0793,0.5591,Prepaid,none,0.0445,monthly_interest_accrual (-0.48); current_status_Current (-0.28),APPROVE,0.921
LN000901,14,0.1227,0.1971,0.077,0.5591,Prepaid,none,0.054,state_CO (-0.31); current_status_Current (-0.27),APPROVE,0.923
LN000901,15,0.6075,0.5552,0.1625,0.5204,60DPD,none,0.1222,current_status_Current (+1.16); ltv_risk_tier (-0.36),WATCH_LIST,0.837
LN000901,16,0.71,0.6511,0.2395,0.4987,90DPD,none,0.1869,current_status_Current (+1.28); ltv_risk_tier (-0.35),WATCH_LIST,0.761
LN000901,17,0.6874,0.6072,0.1925,0.4924,90DPD,none,0.1994,current_status_Current (+1.35); ltv_risk_tier (-0.34),WATCH_LIST,0.807
LN000901,18,0.5219,0.4606,0.1397,0.4968,30DPD,none,0.2034,current_status_Current (+1.17); ltv_risk_tier (-0.35),APPROVE,0.86
LN000901,19,0.7002,0.6229,0.1422,0.4917,90DPD,none,0.2324,current_status_Current (+1.38); state_CO (-0.34),APPROVE,0.858
LN000901,20,0.7083,0.634,0.1519,0.4921,Current,source_conflict,0.5576,current_status_Current (+1.42); month_index (-0.49),ESCALATE,0.848
LN000903,14,0.7418,0.7225,0.2617,0.4653,Current,none,0.3815,current_status_Current (+1.48); ltv_risk_tier (-0.77),WATCH_LIST,0.738
LN000905,19,0.2144,0.2281,0.0709,0.4937,Current,none,0.2152,state_TN (-0.56); seasoning_pct (-0.40),APPROVE,0.929
LN000905,20,0.2098,0.2199,0.0682,0.4935,Current,none,0.2336,state_TN (-0.56); month_index (-0.43),APPROVE,0.932
LN000905,21,0.2098,0.2199,0.0682,0.4935,Current,none,0.2647,state_TN (-0.56); month_index (-0.43),APPROVE,0.932
LN000905,22,0.2019,0.2237,0.0682,0.4935,Current,none,0.2775,state_TN (-0.56); month_index (-0.43),APPROVE,0.932
LN000905,23,0.2041,0.2432,0.0703,0.495,Current,none,0.3347,state_TN (-0.57); seasoning_pct (-0.40),APPROVE,0.93
LN000905,24,0.2032,0.2269,0.0682,0.4928,Current,none,0.3079,state_TN (-0.56); month_index (-0.43),APPROVE,0.932
LN000905,25,0.2032,0.2269,0.0682,0.4928,Current,none,0.3143,state_TN (-0.56); month_index (-0.43),APPROVE,0.932
LN000905,26,0.2017,0.2288,0.0683,0.4923,Current,none,0.3168,state_TN (-0.56); month_index (-0.43),APPROVE,0.932
LN000909,10,0.2326,0.3612,0.1717,0.5038,Current,none,0.0377,combined_risk_index (+0.39); current_status_Current (-0.26),WATCH_LIST,0.828
LN000909,11,0.2343,0.3637,0.1724,0.506,Current,none,0.0508,combined_risk_index (+0.40); current_status_Current (-0.25),WATCH_LIST,0.828
LN000909,12,0.6659,0.6364,0.2864,0.4879,30DPD,none,0.1119,current_status_Current (+1.05); combined_risk_index (+0.26),WATCH_LIST,0.714
LN000909,13,0.654,0.6335,0.2778,0.4888,30DPD,source_conflict,0.2529,current_status_Current (+1.02); combined_risk_index (+0.26),WATCH_LIST,0.722
LN000909,14,0.2057,0.3232,0.1557,0.5088,Current,none,0.0775,combined_risk_index (+0.41); current_status_Current (-0.24),WATCH_LIST,0.844
LN000909,15,0.1789,0.2987,0.1471,0.508,Current,source_conflict,0.2299,combined_risk_index (+0.41); current_status_Current (-0.24),APPROVE,0.853
LN000909,16,0.6186,0.6217,0.2583,0.4877,30DPD,none,0.1719,current_status_Current (+1.02); combined_risk_index (+0.27),WATCH_LIST,0.742
LN000909,17,0.1676,0.3182,0.1346,0.5015,Prepaid,none,0.1266,combined_risk_index (+0.42); current_status_Current (-0.25),APPROVE,0.865
LN000909,18,0.1625,0.3076,0.1324,0.5004,Current,none,0.1413,combined_risk_index (+0.42); current_status_Current (-0.25),APPROVE,0.868
LN000909,19,0.133,0.2841,0.1154,0.5004,Current,none,0.1605,combined_risk_index (+0.43); current_status_Current (-0.25),APPROVE,0.885
LN000909,20,0.1285,0.2755,0.1032,0.4999,Current,none,0.1888,month_index (-0.49); combined_risk_index (+0.42),APPROVE,0.897
LN000909,21,0.1302,0.2915,0.1032,0.4994,Current,none,0.2115,month_index (-0.49); combined_risk_index (+0.42),APPROVE,0.897
LN000909,22,0.1295,0.3004,0.1032,0.4994,Current,none,0.2305,month_index (-0.49); combined_risk_index (+0.42),APPROVE,0.897
LN000909,23,0.1295,0.316,0.1058,0.4976,Current,stale_record,0.3028,month_index (-0.49); combined_risk_index (+0.42),APPROVE,0.894
LN000909,24,0.1262,0.316,0.1058,0.4964,Current,none,0.27,month_index (-0.49); combined_risk_index (+0.42),APPROVE,0.894
LN000909,25,0.5927,0.6358,0.17,0.4815,60DPD,none,0.3107,current_status_Current (+0.97); month_index (-0.47),WATCH_LIST,0.83
LN000909,26,0.7037,0.7034,0.2158,0.4565,60DPD,none,0.3468,current_status_Current (+1.29); month_index (-0.50),WATCH_LIST,0.784
LN000909,27,0.7006,0.7013,0.2158,0.4565,60DPD,none,0.3521,current_status_Current (+1.29); month_index (-0.50),WATCH_LIST,0.784
LN000909,28,0.7237,0.7146,0.2979,0.4487,Default,none,0.3804,current_status_Current (+1.41); month_index (-0.51),WATCH_LIST,0.702
LN000909,29,0.708,0.7026,0.3091,0.4567,Current,none,0.4797,current_status_Current (+1.42); month_index (-0.50),ESCALATE,0.691
LN000911,7,0.3184,0.4127,0.1169,0.5099,Current,none,0.0725,combined_risk_index (+0.31); remaining_term_months (-0.26),APPROVE,0.883
LN000911,8,0.6856,0.6663,0.2224,0.4924,60DPD,none,0.1238,current_status_Current (+0.99); remaining_term_months (-0.22),WATCH_LIST,0.778
LN000911,9,0.737,0.7164,0.3102,0.4929,60DPD,none,0.1865,current_status_Current (+1.24); remaining_term_months (-0.27),WATCH_LIST,0.69
LN000911,10,0.7346,0.7206,0.3028,0.488,Current,none,0.3866,current_status_Current (+1.33); remaining_term_months (-0.32),WATCH_LIST,0.697
LN000918,7,0.126,0.2356,0.1026,0.4832,Current,none,0.1891,combined_risk_index (-0.41); current_status_Current (-0.26),APPROVE,0.897
LN000918,8,0.1168,0.2349,0.0799,0.5102,Prepaid,none,0.0463,interest_rate (-0.80); combined_risk_index (-0.46),APPROVE,0.92
LN000918,9,0.1208,0.2425,0.0795,0.5125,Prepaid,none,0.054,interest_rate (-0.84); combined_risk_index (-0.46),APPROVE,0.921
LN000918,10,0.1197,0.2553,0.0791,0.5181,Prepaid,none,0.0597,interest_rate (-0.85); combined_risk_index (-0.47),APPROVE,0.921
LN000918,11,0.7196,0.7217,0.1967,0.4753,Current,none,0.3695,current_status_Current (+1.35); interest_rate (-0.86),WATCH_LIST,0.803
LN000921,9,0.2304,0.3554,0.1347,0.5219,Prepaid,none,0.0267,state_FL (-0.61); combined_risk_index (+0.31),APPROVE,0.865
LN000921,10,0.2311,0.3628,0.1335,0.5238,Prepaid,none,0.0359,state_FL (-0.62); combined_risk_index (+0.32),APPROVE,0.867
LN000921,11,0.2346,0.3581,0.1334,0.5254,Prepaid,none,0.0508,state_FL (-0.62); combined_risk_index (+0.32),APPROVE,0.867
LN000921,12,0.2407,0.3569,0.132,0.5271,30DPD,none,0.0576,state_FL (-0.62); combined_risk_index (+0.32),APPROVE,0.868
LN000921,13,0.1951,0.3174,0.1254,0.527,30DPD,none,0.0628,state_FL (-0.62); combined_risk_index (+0.30),APPROVE,0.875
LN000921,14,0.165,0.2675,0.1181,0.527,30DPD,none,0.078,state_FL (-0.62); combined_risk_index (+0.30),APPROVE,0.882
LN000921,15,0.5715,0.5796,0.2443,0.481,30DPD,none,0.152,current_status_Current (+1.15); state_FL (-0.59),WATCH_LIST,0.756
LN000921,16,0.7152,0.689,0.3508,0.4454,90DPD,none,0.2083,current_status_Current (+1.42); state_FL (-0.59),ESCALATE,0.649
LN000921,17,0.718,0.6898,0.4038,0.4321,Default,none,0.2611,current_status_Current (+1.54); state_FL (-0.57),ESCALATE,0.596
LN000921,18,0.7099,0.6791,0.3771,0.4445,Current,none,0.4192,current_status_Current (+1.53); state_FL (-0.59),ESCALATE,0.623
LN000925,15,0.5118,0.5041,0.2621,0.4945,60DPD,none,0.1259,current_status_Current (+1.36); combined_risk_index (-0.28),WATCH_LIST,0.738
LN000925,16,0.059,0.1259,0.0976,0.5283,Prepaid,stale_record,0.1276,combined_risk_index (-0.46); current_status_Current (-0.33),APPROVE,0.902
LN000925,17,0.057,0.1188,0.0957,0.5268,Prepaid,stale_record,0.1448,combined_risk_index (-0.45); current_status_Current (-0.33),APPROVE,0.904
LN000925,18,0.0559,0.1187,0.0954,0.5256,Current,none,0.1174,combined_risk_index (-0.45); current_status_Current (-0.33),APPROVE,0.905
LN000925,19,0.0528,0.1123,0.0909,0.5256,Prepaid,none,0.1361,combined_risk_index (-0.43); current_status_Current (-0.33),APPROVE,0.909
LN000925,20,0.0554,0.125,0.0825,0.5261,Prepaid,none,0.2014,combined_risk_index (-0.48); month_index (-0.40),APPROVE,0.918
LN000925,21,0.0527,0.114,0.0838,0.5252,Current,none,0.186,month_index (-0.45); combined_risk_index (-0.44),APPROVE,0.916
LN000926,6,0.1956,0.2827,0.1267,0.5092,Prepaid,none,0.1003,combined_risk_index (-0.48); current_status_Current (-0.26),APPROVE,0.873
LN000926,7,0.2058,0.2835,0.1228,0.5098,Prepaid,source_conflict,0.2328,combined_risk_index (-0.44); original_balance (+0.30),APPROVE,0.877
LN000926,8,0.5338,0.5878,0.2061,0.4984,60DPD,none,0.1466,current_status_Current (+1.11); combined_risk_index (-0.24),WATCH_LIST,0.794
LN000926,9,0.7347,0.7116,0.2904,0.4992,60DPD,none,0.2099,current_status_Current (+1.30); original_balance (+0.20),WATCH_LIST,0.71
LN000926,10,0.7349,0.7241,0.3153,0.5007,Current,none,0.4024,current_status_Current (+1.35); remaining_term_months (-0.24),ESCALATE,0.685
LN000933,9,0.1454,0.268,0.0936,0.512,Current,none,0.1058,combined_risk_index (-0.58); state_MO (-0.46),APPROVE,0.906
LN000933,10,0.1382,0.2665,0.0951,0.5114,Current,none,0.1124,combined_risk_index (-0.57); state_MO (-0.46),APPROVE,0.905
LN000933,11,0.1486,0.2847,0.0945,0.5124,Prepaid,stale_record,0.1666,combined_risk_index (-0.57); state_MO (-0.46),APPROVE,0.905
LN000933,12,0.5565,0.5805,0.2147,0.473,Prepaid,stale_record,0.2112,current_status_Current (+1.04); state_MO (-0.51),WATCH_LIST,0.785
LN000933,13,0.138,0.2871,0.0931,0.4976,Prepaid,none,0.1383,combined_risk_index (-0.57); state_MO (-0.46),APPROVE,0.907
LN000933,14,0.1405,0.2824,0.0908,0.4976,Prepaid,none,0.1498,combined_risk_index (-0.57); state_MO (-0.46),APPROVE,0.909
LN000933,15,0.1434,0.2698,0.0869,0.497,Prepaid,none,0.1701,combined_risk_index (-0.57); state_MO (-0.46),APPROVE,0.913
LN000933,16,0.1447,0.2751,0.0859,0.4951,Prepaid,none,0.1876,combined_risk_index (-0.57); state_MO (-0.46),APPROVE,0.914
LN000933,17,0.1506,0.2879,0.0843,0.4893,Prepaid,source_conflict,0.3431,combined_risk_index (-0.57); state_MO (-0.46),APPROVE,0.916
LN000933,18,0.5576,0.61,0.1784,0.4614,Current,none,0.4272,current_status_Current (+1.06); state_MO (-0.54),ESCALATE,0.822
LN000936,7,0.0869,0.1369,0.0625,0.5451,Current,none,0.1035,interest_rate (-0.79); combined_risk_index (-0.77),APPROVE,0.938
LN000936,8,0.0861,0.1362,0.062,0.5465,Current,source_conflict,0.2425,interest_rate (-0.79); combined_risk_index (-0.77),APPROVE,0.938
LN000936,9,0.0846,0.1286,0.0616,0.5471,Current,none,0.1154,interest_rate (-0.80); combined_risk_index (-0.76),APPROVE,0.938
LN000936,10,0.0827,0.1279,0.0609,0.5472,Prepaid,none,0.123,interest_rate (-0.78); combined_risk_index (-0.74),APPROVE,0.939
LN000936,11,0.5059,0.4204,0.0757,0.5244,Current,none,0.3762,current_status_Current (+1.08); interest_rate (-0.86),APPROVE,0.924
LN000944,15,0.0531,0.1082,0.0608,0.5056,Current,stale_record,0.3777,combined_risk_index (-0.68); interest_rate (-0.41),APPROVE,0.939
LN000944,16,0.051,0.1047,0.0608,0.5089,Current,none,0.3473,combined_risk_index (-0.68); interest_rate (-0.42),APPROVE,0.939
LN000944,17,0.0506,0.1056,0.0609,0.5277,Current,none,0.3552,combined_risk_index (-0.68); interest_rate (-0.41),APPROVE,0.939
LN000944,18,0.0539,0.1051,0.0627,0.5281,Prepaid,none,0.3618,interest_rate (-0.64); state_MA (-0.35),APPROVE,0.937
LN000944,19,0.0502,0.1044,0.0602,0.5278,Current,none,0.3761,combined_risk_index (-0.68); interest_rate (-0.41),APPROVE,0.94
LN000944,20,0.052,0.1044,0.0594,0.5278,Prepaid,none,0.3854,combined_risk_index (-0.67); month_index (-0.44),APPROVE,0.941
LN000944,21,0.052,0.1044,0.0594,0.5278,Prepaid,none,0.4052,combined_risk_index (-0.67); month_index (-0.44),ESCALATE,0.941
LN000944,22,0.052,0.1081,0.0594,0.5278,Prepaid,stale_record,0.4556,combined_risk_index (-0.67); month_index (-0.44),ESCALATE,0.941
LN000944,23,0.0514,0.1079,0.0594,0.5278,Prepaid,none,0.4229,combined_risk_index (-0.67); month_index (-0.44),ESCALATE,0.941
LN000947,6,0.1636,0.2908,0.1305,0.521,Current,none,0.036,combined_risk_index (-0.37); interest_rate (+0.35),APPROVE,0.869
LN000947,7,0.1624,0.2901,0.1309,0.5207,Current,none,0.0342,combined_risk_index (-0.37); interest_rate (+0.36),APPROVE,0.869
LN000947,8,0.1591,0.29,0.1323,0.5337,Current,none,0.0366,combined_risk_index (-0.38); interest_rate (+0.36),APPROVE,0.868
LN000947,9,0.616,0.5902,0.2855,0.5211,30DPD,none,0.0878,current_status_Current (+1.04); days_past_due (-0.28),WATCH_LIST,0.715
LN000947,10,0.6054,0.6006,0.2875,0.5229,30DPD,none,0.097,current_status_Current (+1.05); days_past_due (-0.28),WATCH_LIST,0.713
LN000947,11,0.1606,0.2902,0.1381,0.5417,Current,none,0.0628,interest_rate (+0.41); combined_risk_index (-0.40),APPROVE,0.862
LN000947,12,0.1569,0.2882,0.1355,0.5431,Current,none,0.0684,interest_rate (+0.41); combined_risk_index (-0.40),APPROVE,0.864
LN000947,13,0.1617,0.2991,0.1154,0.5323,Current,none,0.0755,interest_rate (+0.43); current_status_Current (-0.23),APPROVE,0.885
LN000947,14,0.1477,0.2626,0.1277,0.546,Prepaid,stale_record,0.126,interest_rate (+0.42); combined_risk_index (-0.38),APPROVE,0.872
LN000947,15,0.1402,0.2393,0.1238,0.5455,Prepaid,none,0.0998,interest_rate (+0.43); combined_risk_index (-0.38),APPROVE,0.876
LN000947,16,0.13,0.2166,0.1189,0.5451,Prepaid,none,0.1156,interest_rate (+0.42); combined_risk_index (-0.38),APPROVE,0.881
LN000947,17,0.1161,0.206,0.1006,0.5276,Prepaid,none,0.1311,interest_rate (+0.44); current_status_Current (-0.23),APPROVE,0.899
LN000947,18,0.0949,0.1851,0.1144,0.5406,Current,none,0.1481,interest_rate (+0.42); combined_risk_index (-0.37),APPROVE,0.886
LN000947,19,0.0828,0.1646,0.1021,0.5411,Prepaid,none,0.1636,interest_rate (+0.42); combined_risk_index (-0.35),APPROVE,0.898
LN000947,20,0.0871,0.1868,0.1006,0.5341,Prepaid,stale_record,0.2587,month_index (-0.44); interest_rate (+0.38),APPROVE,0.899
LN000947,21,0.0848,0.1695,0.0909,0.5405,Prepaid,source_conflict,0.3474,month_index (-0.45); interest_rate (+0.42),APPROVE,0.909
LN000947,22,0.0822,0.1781,0.0909,0.5405,Prepaid,stale_record,0.2795,month_index (-0.45); interest_rate (+0.42),APPROVE,0.909
LN000947,23,0.0817,0.1769,0.0916,0.5397,Prepaid,none,0.2624,month_index (-0.45); interest_rate (+0.41),APPROVE,0.908
LN000947,24,0.0816,0.1769,0.0916,0.5386,Prepaid,none,0.2744,month_index (-0.45); interest_rate (+0.41),APPROVE,0.908
LN000947,25,0.0816,0.1758,0.0893,0.5218,Prepaid,none,0.2828,month_index (-0.45); interest_rate (+0.41),APPROVE,0.911
LN000947,26,0.0826,0.1695,0.0887,0.5198,Current,none,0.2945,month_index (-0.45); interest_rate (+0.41),APPROVE,0.911
LN000947,27,0.082,0.1669,0.0885,0.5198,Current,none,0.2984,month_index (-0.45); interest_rate (+0.41),APPROVE,0.912
LN000947,28,0.0831,0.1659,0.0885,0.5198,Prepaid,none,0.2984,month_index (-0.45); interest_rate (+0.41),APPROVE,0.912
LN000950,18,0.079,0.1247,0.079,0.4973,Current,none,0.1458,combined_risk_index (-0.75); interest_rate (+0.51),APPROVE,0.921
LN000950,19,0.0695,0.1194,0.0764,0.4973,Current,none,0.166,combined_risk_index (-0.74); interest_rate (+0.51),APPROVE,0.924
LN000950,20,0.0709,0.1186,0.0683,0.4973,Current,none,0.1949,combined_risk_index (-0.74); interest_rate (+0.48),APPROVE,0.932
LN000950,21,0.0705,0.119,0.0683,0.4971,Prepaid,none,0.222,combined_risk_index (-0.74); interest_rate (+0.48),APPROVE,0.932
LN000950,22,0.0684,0.119,0.0683,0.4971,Prepaid,source_conflict,0.3796,combined_risk_index (-0.74); interest_rate (+0.48),APPROVE,0.932
LN000950,23,0.0674,0.1193,0.0683,0.4969,Prepaid,none,0.2652,combined_risk_index (-0.73); interest_rate (+0.48),APPROVE,0.932
LN000950,24,0.35,0.3655,0.0862,0.4742,Current,none,0.4566,current_status_Current (+0.90); combined_risk_index (-0.60),ESCALATE,0.914
LN000953,6,0.1867,0.262,0.0953,0.5196,Current,none,0.0429,ltv_risk_tier (-0.57); state_AZ (-0.28),APPROVE,0.905
LN000953,7,0.1986,0.2657,0.094,0.5194,Current,stale_record,0.0887,ltv_risk_tier (-0.57); state_AZ (-0.31),APPROVE,0.906
LN000953,8,0.1957,0.2654,0.0918,0.5246,30DPD,none,0.0494,ltv_risk_tier (-0.57); state_AZ (-0.32),APPROVE,0.908
LN000953,9,0.1485,0.2644,0.083,0.5034,Prepaid,none,0.0559,ltv_risk_tier (-0.55); combined_risk_index (-0.49),APPROVE,0.917
LN000953,10,0.2166,0.284,0.0906,0.5308,Prepaid,none,0.0623,ltv_risk_tier (-0.59); state_AZ (-0.33),APPROVE,0.909
LN000953,11,0.2241,0.2881,0.0895,0.5307,Prepaid,none,0.0768,ltv_risk_tier (-0.60); state_AZ (-0.33),APPROVE,0.911
LN000953,12,0.2187,0.2851,0.0887,0.5299,Prepaid,none,0.0818,ltv_risk_tier (-0.61); state_AZ (-0.33),APPROVE,0.911
LN000953,13,0.1711,0.277,0.0794,0.5104,Prepaid,none,0.0879,ltv_risk_tier (-0.56); combined_risk_index (-0.50),APPROVE,0.921
LN000953,14,0.1939,0.265,0.084,0.5307,Current,none,0.0999,ltv_risk_tier (-0.62); state_AZ (-0.33),APPROVE,0.916
LN000953,15,0.1923,0.2613,0.0811,0.5303,Prepaid,none,0.1157,ltv_risk_tier (-0.62); state_AZ (-0.33),APPROVE,0.919
LN000953,16,0.199,0.2689,0.0795,0.5301,Current,none,0.1245,ltv_risk_tier (-0.62); state_AZ (-0.33),APPROVE,0.921
LN000953,17,0.1917,0.2653,0.0771,0.5279,Current,none,0.1388,ltv_risk_tier (-0.60); state_AZ (-0.33),APPROVE,0.923
LN000953,18,0.1979,0.2585,0.0771,0.5293,Current,none,0.1573,ltv_risk_tier (-0.60); state_AZ (-0.33),APPROVE,0.923
LN000953,19,0.1796,0.23,0.0745,0.5303,Current,none,0.1767,ltv_risk_tier (-0.60); state_AZ (-0.31),APPROVE,0.926
LN000953,20,0.1813,0.221,0.0718,0.5303,Current,none,0.2035,ltv_risk_tier (-0.59); month_index (-0.47),APPROVE,0.928
LN000953,21,0.145,0.241,0.0799,0.5056,Prepaid,none,0.3342,ltv_risk_tier (-0.51); state_AZ (-0.33),APPROVE,0.92
LN000953,22,0.1747,0.2273,0.0718,0.5297,Current,stale_record,0.2929,ltv_risk_tier (-0.59); month_index (-0.47),APPROVE,0.928
LN000953,23,0.6296,0.6129,0.1018,0.4936,60DPD,stale_record,0.3539,current_status_Current (+0.95); ltv_risk_tier (-0.86),APPROVE,0.898
LN000953,24,0.6305,0.614,0.1018,0.4933,60DPD,stale_record,0.3581,current_status_Current (+0.95); ltv_risk_tier (-0.86),APPROVE,0.898
LN000958,19,0.7167,0.6954,0.3595,0.4774,Current,none,0.4357,current_status_Current (+1.65); days_past_due (+0.29),ESCALATE,0.64
LN000963,21,0.1143,0.188,0.0929,0.5252,Current,none,0.1867,month_index (-0.47); seasoning_pct (-0.34),APPROVE,0.907
LN000963,22,0.1108,0.1959,0.0929,0.5252,Current,none,0.2079,month_index (-0.47); seasoning_pct (-0.35),APPROVE,0.907
LN000963,23,0.1082,0.1796,0.0929,0.5241,Current,none,0.2367,month_index (-0.47); seasoning_pct (-0.35),APPROVE,0.907
LN000963,24,0.1066,0.1796,0.0929,0.5241,Current,none,0.2485,month_index (-0.47); seasoning_pct (-0.35),APPROVE,0.907
LN000963,25,0.5812,0.5841,0.1656,0.4936,Current,none,0.4385,current_status_Current (+0.99); month_index (-0.42),ESCALATE,0.834
LN000965,13,0.592,0.5368,0.1084,0.5144,60DPD,none,0.1154,current_status_Current (+1.17); interest_rate (-0.94),APPROVE,0.892
LN000965,14,0.5822,0.481,0.1067,0.5149,60DPD,stale_record,0.1679,current_status_Current (+1.18); interest_rate (-0.94),APPROVE,0.893
LN000965,15,0.1439,0.189,0.067,0.5364,Current,source_conflict,0.219,interest_rate (-0.83); current_status_Current (-0.28),APPROVE,0.933
LN000965,16,0.1365,0.1831,0.066,0.536,Current,none,0.0967,interest_rate (-0.86); current_status_Current (-0.28),APPROVE,0.934
LN000965,17,0.1154,0.1547,0.0654,0.5334,Current,none,0.1117,interest_rate (-0.86); current_status_Current (-0.28),APPROVE,0.935
LN000965,18,0.1095,0.1469,0.0653,0.5347,Current,none,0.1305,interest_rate (-0.84); current_status_Current (-0.28),APPROVE,0.935
LN000965,19,0.0785,0.1247,0.0624,0.5349,Current,none,0.1456,interest_rate (-0.85); current_status_Current (-0.29),APPROVE,0.938
LN000965,20,0.0774,0.1218,0.0605,0.5348,Current,none,0.1696,interest_rate (-0.86); month_index (-0.48),APPROVE,0.94
LN000965,21,0.0774,0.1242,0.0605,0.5344,Current,none,0.1961,interest_rate (-0.86); month_index (-0.48),APPROVE,0.94
LN000965,22,0.0746,0.1284,0.0605,0.5344,Current,none,0.2216,interest_rate (-0.86); month_index (-0.48),APPROVE,0.94
LN000965,23,0.0746,0.1274,0.0607,0.5367,Current,none,0.252,interest_rate (-0.87); month_index (-0.48),APPROVE,0.939
LN000965,24,0.0731,0.1269,0.0605,0.537,Current,none,0.2637,interest_rate (-0.88); month_index (-0.48),APPROVE,0.94
LN000965,25,0.0731,0.1269,0.0605,0.537,Current,stale_record,0.3152,interest_rate (-0.88); month_index (-0.48),APPROVE,0.94
LN000965,26,0.0715,0.1271,0.0603,0.5354,Current,none,0.2824,interest_rate (-0.88); month_index (-0.48),APPROVE,0.94
LN000965,27,0.0715,0.1258,0.0603,0.5337,Current,none,0.2899,interest_rate (-0.88); month_index (-0.48),APPROVE,0.94
LN000966,6,0.138,0.251,0.0957,0.5186,Current,stale_record,0.072,credit_risk_tier (-0.35); combined_risk_index (+0.34),APPROVE,0.904
LN000966,7,0.1425,0.2559,0.0977,0.5186,Current,none,0.0273,credit_risk_tier (-0.38); combined_risk_index (+0.34),APPROVE,0.902
LN000966,8,0.1422,0.2585,0.0986,0.5182,Current,none,0.0323,credit_risk_tier (-0.38); combined_risk_index (+0.35),APPROVE,0.901
LN000966,9,0.1451,0.2583,0.0979,0.519,Current,none,0.0393,credit_risk_tier (-0.38); combined_risk_index (+0.35),APPROVE,0.902
LN000966,10,0.147,0.2652,0.0986,0.5218,Current,none,0.0442,credit_risk_tier (-0.38); combined_risk_index (+0.36),APPROVE,0.901
LN000966,11,0.1526,0.2679,0.093,0.5225,Current,none,0.0602,credit_risk_tier (-0.38); combined_risk_index (+0.35),APPROVE,0.907
LN000966,12,0.1515,0.2685,0.0916,0.5266,Current,none,0.065,credit_risk_tier (-0.37); combined_risk_index (+0.35),APPROVE,0.908
LN000966,13,0.1301,0.2417,0.0816,0.5433,Current,none,0.1038,credit_risk_tier (-0.37); combined_risk_index (+0.36),APPROVE,0.918
LN000966,14,0.1548,0.2593,0.0884,0.5276,Current,none,0.0817,credit_risk_tier (-0.36); combined_risk_index (+0.35),APPROVE,0.912
LN000966,15,0.6231,0.6105,0.1381,0.4869,30DPD,none,0.1533,current_status_Current (+1.00); ltv_risk_tier (-0.41),APPROVE,0.862
LN000966,16,0.7056,0.6861,0.1874,0.4687,90DPD,none,0.2052,current_status_Current (+1.12); ltv_risk_tier (-0.51),WATCH_LIST,0.813
LN000966,17,0.7051,0.6826,0.1861,0.4647,Current,stale_record,0.4583,current_status_Current (+1.16); ltv_risk_tier (-0.53),ESCALATE,0.814
LN000967,27,0.1047,0.2492,0.0792,0.48,Current,stale_record,0.3381,month_index (-0.49); seasoning_pct (-0.39),APPROVE,0.921
LN000967,28,0.6028,0.5872,0.1358,0.4516,60DPD,none,0.3197,current_status_Current (+1.15); month_index (-0.47),APPROVE,0.864
LN000967,29,0.5845,0.6132,0.164,0.4529,60DPD,none,0.458,current_status_Current (+1.18); month_index (-0.39),ESCALATE,0.836
LN000968,6,0.1032,0.2128,0.0721,0.4802,Current,none,0.0808,ltv_risk_tier (-1.00); combined_risk_index (-0.62),APPROVE,0.928
LN000968,7,0.0973,0.2147,0.0711,0.4795,Current,none,0.0794,ltv_risk_tier (-1.00); combined_risk_index (-0.58),APPROVE,0.929
LN000968,8,0.1014,0.2145,0.0712,0.48,Current,none,0.0855,ltv_risk_tier (-1.00); combined_risk_index (-0.58),APPROVE,0.929
LN000968,9,0.1153,0.2444,0.0922,0.4801,Current,none,0.0991,original_balance (-0.39); current_status_Current (-0.33),APPROVE,0.908
LN000968,10,0.0907,0.1991,0.0683,0.4794,Current,none,0.1034,ltv_risk_tier (-0.96); combined_risk_index (-0.56),APPROVE,0.932
LN000968,11,0.4612,0.5389,0.1265,0.4604,60DPD,none,0.1584,ltv_risk_tier (-1.19); current_status_Current (+1.18),APPROVE,0.874
LN000968,12,0.4851,0.535,0.1206,0.4548,60DPD,none,0.163,ltv_risk_tier (-1.19); current_status_Current (+1.17),APPROVE,0.879
LN000968,13,0.4632,0.5333,0.1175,0.4551,Current,none,0.3614,ltv_risk_tier (-1.21); current_status_Current (+1.17),APPROVE,0.883
LN000973,8,0.0968,0.2642,0.0693,0.4954,Current,none,0.0293,combined_risk_index (-1.27); ltv_risk_tier (-0.93),APPROVE,0.931
LN000973,9,0.0963,0.2634,0.0712,0.4957,Current,none,0.0301,combined_risk_index (-1.27); ltv_risk_tier (-0.93),APPROVE,0.929
LN000973,10,0.0993,0.2704,0.0709,0.4965,Current,none,0.0402,combined_risk_index (-1.28); ltv_risk_tier (-0.93),APPROVE,0.929
LN000973,11,0.0977,0.2715,0.0707,0.4972,Current,none,0.0558,combined_risk_index (-1.27); ltv_risk_tier (-0.95),APPROVE,0.929
LN000973,12,0.5591,0.6397,0.1052,0.4748,60DPD,none,0.1137,combined_risk_index (-1.21); ltv_risk_tier (-1.04),APPROVE,0.895
LN000973,13,0.5681,0.6354,0.1052,0.475,60DPD,none,0.1225,combined_risk_index (-1.20); ltv_risk_tier (-1.04),APPROVE,0.895
LN000973,14,0.1005,0.2599,0.0719,0.5018,Current,none,0.074,combined_risk_index (-1.26); ltv_risk_tier (-0.94),APPROVE,0.928
LN000973,15,0.0838,0.1505,0.0795,0.5283,Current,none,0.0887,ltv_risk_tier (-0.86); interest_rate (-0.70),APPROVE,0.92
LN000973,16,0.125,0.2206,0.0718,0.5045,Current,none,0.1038,combined_risk_index (-1.23); ltv_risk_tier (-0.94),APPROVE,0.928
LN000973,17,0.1154,0.2038,0.0687,0.5023,Current,stale_record,0.1636,combined_risk_index (-1.24); ltv_risk_tier (-0.92),APPROVE,0.931
LN000973,18,0.5205,0.5847,0.0898,0.4777,Current,none,0.3787,combined_risk_index (-1.18); ltv_risk_tier (-1.03),APPROVE,0.91
LN000982,11,0.0665,0.1359,0.1128,0.5076,Current,none,0.035,interest_rate (-0.31); current_status_Current (-0.30),APPROVE,0.887
LN000982,12,0.0666,0.1359,0.1108,0.5145,Current,none,0.0389,interest_rate (-0.30); current_status_Current (-0.30),APPROVE,0.889
LN000982,13,0.0688,0.1412,0.1095,0.5147,Current,none,0.0428,interest_rate (-0.31); current_status_Current (-0.30),APPROVE,0.89
LN000982,14,0.0693,0.1835,0.1035,0.5147,Current,stale_record,0.0959,current_status_Current (-0.30); interest_rate (-0.28),APPROVE,0.896
LN000982,15,0.0685,0.1832,0.101,0.514,Current,none,0.0675,current_status_Current (-0.30); interest_rate (-0.27),APPROVE,0.899
LN000982,16,0.0656,0.1695,0.0992,0.509,Current,none,0.0802,current_status_Current (-0.30); interest_rate (-0.24),APPROVE,0.901
LN000982,17,0.5449,0.5698,0.2346,0.476,60DPD,none,0.153,current_status_Current (+1.26); days_past_due (-0.22),WATCH_LIST,0.765
LN000982,18,0.6784,0.6725,0.3549,0.4598,90DPD,none,0.2131,current_status_Current (+1.56); days_past_due (+0.26),ESCALATE,0.645
LN000982,19,0.694,0.6959,0.419,0.4471,Default,none,0.277,current_status_Current (+1.68); days_past_due (+0.39),ESCALATE,0.581
LN000982,20,0.6774,0.6783,0.3513,0.461,Current,stale_record,0.464,current_status_Current (+1.66); month_index (-0.39),ESCALATE,0.649
LN000996,11,0.5763,0.5747,0.2559,0.4797,30DPD,none,0.085,current_status_Current (+0.89); days_past_due (-0.26),WATCH_LIST,0.744
LN000996,12,0.1916,0.3176,0.1675,0.5151,Current,none,0.0392,interest_rate (+0.41); current_status_Current (-0.21),WATCH_LIST,0.833
LN000996,13,0.1894,0.3171,0.1651,0.5173,Prepaid,none,0.0429,interest_rate (+0.41); current_status_Current (-0.21),WATCH_LIST,0.835
LN000996,14,0.1919,0.2936,0.148,0.5171,Prepaid,source_conflict,0.2302,interest_rate (+0.40); current_status_Current (-0.21),APPROVE,0.852
LN000996,15,0.2388,0.34,0.1525,0.5201,Current,stale_record,0.2704,combined_risk_index (+0.31); current_status_Current (-0.24),WATCH_LIST,0.847
LN000996,16,0.1823,0.249,0.1302,0.5134,Current,stale_record,0.1248,interest_rate (+0.41); current_status_Current (-0.21),APPROVE,0.87
LN000996,17,0.1866,0.2681,0.1432,0.5015,Current,none,0.0962,interest_rate (+0.36); combined_risk_index (+0.28),APPROVE,0.857
LN000996,18,0.1425,0.215,0.1153,0.5108,Current,none,0.1151,interest_rate (+0.40); current_status_Current (-0.22),APPROVE,0.885
LN000996,19,0.116,0.1748,0.1044,0.5108,Current,none,0.1336,interest_rate (+0.40); current_status_Current (-0.23),APPROVE,0.896
LN000996,20,0.1178,0.1751,0.0909,0.5108,Current,none,0.1587,month_index (-0.42); interest_rate (+0.39),APPROVE,0.909
LN001002,9,0.1374,0.2009,0.1322,0.4636,Current,none,0.0111,current_status_Current (-0.31); state_PA (-0.16),APPROVE,0.868
LN001002,10,0.1373,0.2053,0.1321,0.4633,Current,none,0.0182,current_status_Current (-0.31); state_PA (-0.16),APPROVE,0.868
LN001002,11,0.1371,0.2019,0.1298,0.4633,Current,stale_record,0.0792,current_status_Current (-0.30); state_PA (-0.16),APPROVE,0.87
LN001002,12,0.1371,0.2359,0.1161,0.4785,Current,none,0.2079,interest_rate (-0.34); current_status_Current (-0.29),APPROVE,0.884
LN001002,13,0.5616,0.5554,0.2637,0.451,Current,none,0.2374,current_status_Current (+1.22); state_PA (-0.17),WATCH_LIST,0.736
LN001008,6,0.6391,0.6299,0.2561,0.483,Current,none,0.3033,current_status_Current (+1.17); current_balance (-0.28),WATCH_LIST,0.744
LN001011,13,0.1216,0.2212,0.0857,0.5324,Prepaid,stale_record,0.1647,interest_rate (+0.41); combined_risk_index (-0.34),APPROVE,0.914
LN001011,14,0.121,0.2113,0.0835,0.5346,Prepaid,none,0.1065,interest_rate (+0.41); combined_risk_index (-0.34),APPROVE,0.917
LN001011,15,0.1167,0.1992,0.0823,0.5344,Current,none,0.1194,interest_rate (+0.42); combined_risk_index (-0.34),APPROVE,0.918
LN001011,16,0.1096,0.1837,0.0817,0.5328,Current,stale_record,0.2056,interest_rate (+0.42); combined_risk_index (-0.34),APPROVE,0.918
LN001011,17,0.1029,0.1751,0.0812,0.5324,Current,none,0.1542,interest_rate (+0.42); combined_risk_index (-0.34),APPROVE,0.919
LN001011,18,0.1066,0.187,0.1068,0.5387,Current,none,0.1688,interest_rate (+0.39); seasoning_pct (-0.26),APPROVE,0.893
LN001011,19,0.0852,0.1581,0.0764,0.5311,Current,none,0.1885,interest_rate (+0.42); combined_risk_index (-0.34),APPROVE,0.924
LN001011,20,0.0861,0.1545,0.072,0.5312,Prepaid,none,0.2095,month_index (-0.43); interest_rate (+0.41),APPROVE,0.928
LN001011,21,0.0861,0.1545,0.072,0.5312,Prepaid,none,0.2377,month_index (-0.43); interest_rate (+0.41),APPROVE,0.928
LN001011,22,0.0874,0.168,0.072,0.5312,Prepaid,none,0.2543,month_index (-0.43); interest_rate (+0.41),APPROVE,0.928
LN001011,23,0.0882,0.1757,0.0767,0.5304,Prepaid,none,0.2748,month_index (-0.43); interest_rate (+0.41),APPROVE,0.923
LN001011,24,0.6318,0.615,0.1309,0.4949,60DPD,none,0.3143,current_status_Current (+1.02); month_index (-0.43),APPROVE,0.869
LN001013,10,0.5932,0.6084,0.2152,0.4879,Current,none,0.3405,current_status_Current (+1.07); remaining_term_months (-0.17),WATCH_LIST,0.785
LN001014,28,0.0836,0.1617,0.0847,0.5267,Current,none,0.306,monthly_interest_accrual (-0.61); month_index (-0.54),APPROVE,0.915
LN001017,6,0.1274,0.2039,0.0955,0.5551,Prepaid,none,0.1551,state_MO (-0.71); interest_rate (-0.46),APPROVE,0.904
LN001017,7,0.1455,0.2143,0.1094,0.5557,Current,stale_record,0.0712,state_MO (-0.60); interest_rate (-0.47),APPROVE,0.891
LN001017,8,0.1313,0.2138,0.1098,0.5596,Prepaid,none,0.0064,state_MO (-0.59); interest_rate (-0.47),APPROVE,0.89
LN001017,9,0.1326,0.2097,0.1093,0.5608,Prepaid,none,0.0091,state_MO (-0.57); interest_rate (-0.47),APPROVE,0.891
LN001017,10,0.1228,0.2058,0.1035,0.5615,Prepaid,none,0.0197,state_MO (-0.56); interest_rate (-0.40),APPROVE,0.897
LN001017,11,0.1353,0.2169,0.1053,0.5613,Prepaid,none,0.0356,state_MO (-0.57); interest_rate (-0.45),APPROVE,0.895
LN001017,12,0.6226,0.5749,0.2251,0.5222,Current,none,0.2864,current_status_Current (+1.29); state_MO (-0.59),WATCH_LIST,0.775
LN001018,20,0.6171,0.5819,0.1622,0.446,60DPD,none,0.2081,current_status_Current (+1.32); month_index (-0.45),WATCH_LIST,0.838
LN001018,21,0.6302,0.5703,0.1673,0.4505,60DPD,none,0.2715,current_status_Current (+1.30); month_index (-0.41),WATCH_LIST,0.833
LN001018,22,0.7052,0.6745,0.1912,0.4306,60DPD,none,0.2845,current_status_Current (+1.57); month_index (-0.54),WATCH_LIST,0.809
LN001018,23,0.7047,0.6711,0.1912,0.4285,60DPD,none,0.3034,current_status_Current (+1.57); month_index (-0.54),WATCH_LIST,0.809
LN001018,24,0.6057,0.5701,0.1561,0.4395,60DPD,none,0.2792,current_status_Current (+1.28); month_index (-0.45),WATCH_LIST,0.844
LN001023,25,0.1173,0.3319,0.0698,0.5128,Current,source_conflict,0.4605,original_balance (-0.48); month_index (-0.48),ESCALATE,0.93
LN001023,26,0.1628,0.3651,0.0799,0.4965,Current,none,0.4199,month_index (-0.33); combined_risk_index (+0.29),ESCALATE,0.92
LN001024,10,0.085,0.1626,0.0714,0.514,Current,none,0.0162,ltv_risk_tier (-0.61); combined_risk_index (-0.52),APPROVE,0.929
LN001024,11,0.0869,0.1825,0.0704,0.5171,Current,none,0.0306,ltv_risk_tier (-0.62); combined_risk_index (-0.53),APPROVE,0.93
LN001024,12,0.0886,0.1935,0.0709,0.5093,Current,none,0.036,ltv_risk_tier (-0.67); combined_risk_index (-0.51),APPROVE,0.929
LN001024,13,0.1036,0.1955,0.0704,0.5092,Current,none,0.0389,ltv_risk_tier (-0.67); combined_risk_index (-0.52),APPROVE,0.93
LN001024,14,0.1136,0.1953,0.0685,0.5092,Current,none,0.0498,ltv_risk_tier (-0.66); combined_risk_index (-0.51),APPROVE,0.932
LN001024,15,0.1097,0.1886,0.0681,0.5076,Current,none,0.0662,ltv_risk_tier (-0.66); combined_risk_index (-0.51),APPROVE,0.932
LN001024,16,0.1138,0.1735,0.0673,0.5057,Current,none,0.0789,ltv_risk_tier (-0.66); combined_risk_index (-0.52),APPROVE,0.933
LN001024,17,0.1099,0.1537,0.0675,0.5034,Current,none,0.0959,ltv_risk_tier (-0.64); combined_risk_index (-0.50),APPROVE,0.933
LN001024,18,0.1027,0.1504,0.0675,0.5015,Current,none,0.1138,ltv_risk_tier (-0.64); combined_risk_index (-0.50),APPROVE,0.933
LN001024,19,0.0828,0.1511,0.0874,0.4981,Current,none,0.1337,current_status_Current (-0.33); original_balance (-0.23),APPROVE,0.913
LN001024,20,0.0809,0.1309,0.0633,0.5017,Current,none,0.1585,ltv_risk_tier (-0.64); combined_risk_index (-0.49),APPROVE,0.937
LN001024,21,0.5056,0.5155,0.0908,0.4872,Current,none,0.3905,current_status_Current (+1.29); ltv_risk_tier (-0.76),APPROVE,0.909
LN001028,11,0.2094,0.3566,0.2183,0.5317,Prepaid,none,0.0309,state_LA (+0.38); combined_risk_index (+0.34),WATCH_LIST,0.782
LN001028,12,0.2103,0.3568,0.2176,0.5326,Prepaid,none,0.0375,state_LA (+0.38); combined_risk_index (+0.34),WATCH_LIST,0.782
LN001028,13,0.7413,0.731,0.4438,0.4497,Default,none,0.2015,current_status_Current (+1.27); current_status_90DPD (+0.37),ESCALATE,0.556
LN001028,14,0.7087,0.7155,0.3842,0.4661,60DPD,none,0.1634,current_status_Current (+1.17); state_LA (+0.27),ESCALATE,0.616
LN001028,15,0.7389,0.7281,0.442,0.4495,Default,none,0.2318,current_status_Current (+1.27); days_past_due (+0.37),ESCALATE,0.558
LN001028,16,0.1176,0.1919,0.1146,0.5299,Prepaid,none,0.0831,state_LA (+0.31); current_status_Current (-0.29),APPROVE,0.885
LN001028,17,0.5768,0.5809,0.2732,0.4833,Current,none,0.3439,current_status_Current (+0.95); state_LA (+0.29),WATCH_LIST,0.727
LN001029,15,0.1251,0.2386,0.0809,0.5119,Current,none,0.1388,combined_risk_index (-0.55); state_IL (-0.52),APPROVE,0.919
LN001029,16,0.1317,0.2198,0.0778,0.5085,Current,none,0.1636,state_IL (-0.53); interest_rate (-0.29),APPROVE,0.922
LN001029,17,0.1086,0.1938,0.0775,0.5097,Prepaid,none,0.1804,combined_risk_index (-0.55); state_IL (-0.52),APPROVE,0.923
LN001029,18,0.091,0.1797,0.0773,0.5099,Current,none,0.1946,combined_risk_index (-0.55); state_IL (-0.52),APPROVE,0.923
LN001030,20,0.1191,0.1746,0.0621,0.5262,Current,none,0.203,ltv_risk_tier (-1.02); combined_risk_index (-0.68),APPROVE,0.938
LN001030,21,0.1229,0.1834,0.0628,0.5352,Prepaid,stale_record,0.2422,ltv_risk_tier (-1.06); combined_risk_index (-0.65),APPROVE,0.937
LN001030,22,0.5703,0.5202,0.0732,0.5029,Current,none,0.4148,ltv_risk_tier (-1.15); current_status_Current (+1.10),ESCALATE,0.927
LN001032,8,0.1734,0.3393,0.0797,0.4976,Prepaid,none,0.0188,state_OH (-0.63); original_balance (-0.30),APPROVE,0.92
LN001032,9,0.1875,0.3431,0.082,0.4984,Prepaid,stale_record,0.0679,state_OH (-0.63); original_balance (-0.30),APPROVE,0.918
LN001032,10,0.1957,0.365,0.083,0.4975,Current,none,0.0312,state_OH (-0.63); original_balance (-0.30),APPROVE,0.917
LN001032,11,0.2025,0.3726,0.0828,0.4978,Current,none,0.0457,state_OH (-0.63); original_balance (-0.30),APPROVE,0.917
LN001032,12,0.2267,0.3878,0.0775,0.5029,Current,none,0.2156,state_OH (-0.63); interest_rate (-0.37),APPROVE,0.923
LN001032,13,0.2236,0.3715,0.0807,0.4968,Prepaid,none,0.0539,state_OH (-0.66); original_balance (-0.29),APPROVE,0.919
LN001032,14,0.2695,0.3679,0.0732,0.5035,Prepaid,stale_record,0.2654,state_OH (-0.66); interest_rate (-0.34),APPROVE,0.927
LN001032,15,0.2098,0.3219,0.0756,0.4964,Prepaid,source_conflict,0.2575,state_OH (-0.66); original_balance (-0.30),APPROVE,0.924
LN001032,16,0.1982,0.2951,0.0742,0.4941,Prepaid,none,0.09,state_OH (-0.66); original_balance (-0.28),APPROVE,0.926
LN001032,17,0.7304,0.7079,0.1723,0.4739,60DPD,none,0.2014,current_status_Current (+1.36); state_OH (-0.81),WATCH_LIST,0.828
LN001032,18,0.7354,0.7194,0.2631,0.4619,Default,none,0.2635,current_status_Current (+1.49); state_OH (-0.77),WATCH_LIST,0.737
LN001032,19,0.7342,0.7155,0.187,0.4769,Current,source_conflict,0.5484,current_status_Current (+1.48); state_OH (-0.77),ESCALATE,0.813
LN001034,12,0.2813,0.2757,0.148,0.5519,Prepaid,none,0.2061,state_CO (-0.48); combined_risk_index (+0.36),APPROVE,0.852
LN001034,13,0.2039,0.2467,0.1475,0.5546,Prepaid,none,0.2148,state_CO (-0.48); combined_risk_index (+0.36),APPROVE,0.853
LN001034,14,0.1868,0.2288,0.1471,0.5558,Prepaid,none,0.229,state_CO (-0.48); combined_risk_index (+0.36),APPROVE,0.853
LN001034,15,0.4061,0.4462,0.2013,0.5082,Current,none,0.4587,current_status_Current (+1.00); state_CO (-0.44),ESCALATE,0.799
LN001036,15,0.1242,0.2528,0.0791,0.5179,Prepaid,none,0.0961,combined_risk_index (-0.84); current_status_Current (-0.28),APPROVE,0.921
LN001036,16,0.1202,0.2357,0.0782,0.5178,Prepaid,none,0.1128,combined_risk_index (-0.85); current_status_Current (-0.28),APPROVE,0.922
LN001036,17,0.1753,0.2617,0.0726,0.499,Current,data_entry_error,0.4203,combined_risk_index (-0.86); current_status_Current (-0.27),ESCALATE,0.927
LN001036,18,0.0973,0.2012,0.0758,0.5128,Prepaid,none,0.1459,combined_risk_index (-0.83); current_balance (-0.29),APPROVE,0.924
LN001036,19,0.0804,0.1868,0.0721,0.513,Prepaid,none,0.1619,combined_risk_index (-0.82); current_balance (-0.29),APPROVE,0.928
LN001036,20,0.0794,0.1899,0.0688,0.513,Prepaid,none,0.1885,combined_risk_index (-0.81); month_index (-0.48),APPROVE,0.931
LN001036,21,0.0807,0.1928,0.0688,0.5128,Prepaid,stale_record,0.2533,combined_risk_index (-0.81); month_index (-0.48),APPROVE,0.931
LN001036,22,0.0809,0.1932,0.0688,0.5128,Prepaid,none,0.235,combined_risk_index (-0.81); month_index (-0.48),APPROVE,0.931
LN001036,23,0.6011,0.6147,0.0999,0.4802,Current,none,0.462,current_status_Current (+1.08); combined_risk_index (-0.69),ESCALATE,0.9
LN001037,11,0.1715,0.2894,0.2321,0.5312,Current,stale_record,0.1066,state_TN (-0.73); interest_rate (-0.35),WATCH_LIST,0.768
LN001037,12,0.1444,0.2638,0.227,0.5258,Current,none,0.0915,state_TN (-0.70); interest_rate (-0.33),WATCH_LIST,0.773
LN001037,13,0.7307,0.7242,0.3789,0.494,Current,none,0.3799,current_status_Current (+1.27); state_TN (-0.70),ESCALATE,0.621
LN001041,17,0.7248,0.6895,0.2668,0.4344,90DPD,none,0.199,current_status_Current (+1.58); current_balance (-0.25),WATCH_LIST,0.733
LN001041,18,0.7248,0.6914,0.2717,0.4359,90DPD,none,0.2106,current_status_Current (+1.58); original_balance (-0.18),WATCH_LIST,0.728
LN001041,19,0.7237,0.6896,0.203,0.4359,60DPD,none,0.2302,current_status_Current (+1.60); original_balance (-0.18),WATCH_LIST,0.797
LN001041,20,0.6457,0.5989,0.1523,0.4525,60DPD,none,0.2159,current_status_Current (+1.37); month_index (-0.41),WATCH_LIST,0.848
LN001041,21,0.0943,0.1695,0.0728,0.47,Current,none,0.1993,month_index (-0.42); current_status_Current (-0.32),APPROVE,0.927
LN001041,22,0.0899,0.1751,0.0728,0.47,Current,none,0.2181,month_index (-0.42); current_status_Current (-0.32),APPROVE,0.927
LN001041,23,0.0899,0.174,0.073,0.4707,Current,none,0.2439,month_index (-0.42); current_status_Current (-0.32),APPROVE,0.927
LN001041,24,0.0877,0.174,0.073,0.4706,Prepaid,none,0.2546,month_index (-0.42); current_status_Current (-0.32),APPROVE,0.927
LN001041,25,0.0859,0.174,0.073,0.4706,Prepaid,stale_record,0.308,month_index (-0.42); current_status_Current (-0.32),APPROVE,0.927
LN001041,26,0.0846,0.1723,0.073,0.4711,Current,none,0.2741,month_index (-0.42); current_status_Current (-0.32),APPROVE,0.927
LN001041,27,0.0841,0.1691,0.073,0.4711,Current,none,0.2823,month_index (-0.42); current_status_Current (-0.32),APPROVE,0.927
LN001041,28,0.085,0.1709,0.073,0.4711,Prepaid,none,0.2823,month_index (-0.42); current_status_Current (-0.32),APPROVE,0.927
LN001041,29,0.085,0.1709,0.0725,0.4709,Prepaid,none,0.2823,month_index (-0.42); current_status_Current (-0.33),APPROVE,0.927
LN001041,30,0.0852,0.1709,0.0722,0.4709,Prepaid,none,0.283,month_index (-0.42); current_status_Current (-0.33),APPROVE,0.928
LN001041,31,0.0852,0.1709,0.0722,0.4709,Prepaid,none,0.2826,month_index (-0.42); current_status_Current (-0.33),APPROVE,0.928
LN001042,16,0.1249,0.2196,0.096,0.4941,Current,none,0.1093,interest_rate (-0.64); current_status_Current (-0.25),APPROVE,0.904
LN001042,17,0.1077,0.2084,0.092,0.4918,Current,none,0.1282,interest_rate (-0.64); current_status_Current (-0.25),APPROVE,0.908
LN001042,18,0.1048,0.1985,0.092,0.4938,Current,none,0.142,interest_rate (-0.64); current_status_Current (-0.25),APPROVE,0.908
LN001042,19,0.0896,0.1778,0.0832,0.4937,Prepaid,stale_record,0.2053,interest_rate (-0.64); current_status_Current (-0.26),APPROVE,0.917
LN001042,20,0.4949,0.4987,0.1224,0.4548,Current,none,0.4036,current_status_Current (+1.08); interest_rate (-0.75),ESCALATE,0.878
LN001045,19,0.7222,0.7009,0.2462,0.4701,60DPD,none,0.2697,current_status_Current (+1.43); state_CT (-0.66),WATCH_LIST,0.754
LN001045,20,0.7231,0.7004,0.21,0.4675,60DPD,none,0.2872,current_status_Current (+1.43); state_CT (-0.66),WATCH_LIST,0.79
LN001045,21,0.6292,0.6081,0.1736,0.4871,60DPD,none,0.2716,current_status_Current (+1.06); state_CT (-0.68),WATCH_LIST,0.826
LN001045,22,0.7163,0.6953,0.2907,0.4694,Current,none,0.464,current_status_Current (+1.50); state_CT (-0.61),ESCALATE,0.709
LN001047,22,0.0972,0.2049,0.0886,0.5082,Current,none,0.3518,month_index (-0.34); current_status_Current (-0.27),APPROVE,0.911
LN001047,23,0.0818,0.1908,0.085,0.5158,Current,none,0.2553,month_index (-0.48); combined_risk_index (+0.31),APPROVE,0.915
LN001047,24,0.103,0.2327,0.093,0.5225,Current,data_entry_error,0.508,month_index (-0.45); combined_risk_index (+0.31),ESCALATE,0.907
LN001047,25,0.0824,0.197,0.0851,0.5119,Current,none,0.2759,month_index (-0.48); combined_risk_index (+0.31),APPROVE,0.915
LN001047,26,0.0806,0.1928,0.0843,0.5119,Current,none,0.2875,month_index (-0.48); combined_risk_index (+0.31),APPROVE,0.916
LN001047,27,0.09,0.2013,0.0888,0.504,Current,none,0.4017,month_index (-0.33); current_status_Current (-0.27),ESCALATE,0.911
LN001047,28,0.0792,0.1663,0.077,0.4989,Current,none,0.2943,month_index (-0.50); seasoning_pct (-0.28),APPROVE,0.923
LN001047,29,0.0798,0.1868,0.0829,0.5126,Current,none,0.2933,month_index (-0.48); seasoning_pct (-0.33),APPROVE,0.917
LN001048,20,0.0904,0.1677,0.082,0.5177,Current,none,0.2118,month_index (-0.48); seasoning_pct (-0.39),APPROVE,0.918
LN001048,21,0.0904,0.1677,0.0817,0.5177,Current,none,0.2396,month_index (-0.48); seasoning_pct (-0.39),APPROVE,0.918
LN001048,22,0.5674,0.5552,0.1452,0.4962,Current,none,0.4432,current_status_Current (+1.14); month_index (-0.45),ESCALATE,0.855
LN001050,15,0.2191,0.375,0.0706,0.5289,Prepaid,none,0.0868,ltv_risk_tier (-0.61); combined_risk_index (-0.39),APPROVE,0.929
LN001050,16,0.2099,0.3497,0.0693,0.5256,Prepaid,source_conflict,0.2325,ltv_risk_tier (-0.61); combined_risk_index (-0.39),APPROVE,0.931
LN001050,17,0.1922,0.335,0.0687,0.5266,Prepaid,none,0.1115,ltv_risk_tier (-0.59); combined_risk_index (-0.39),APPROVE,0.931
LN001050,18,0.6011,0.6399,0.1053,0.4899,30DPD,none,0.1869,current_status_Current (+1.05); ltv_risk_tier (-0.87),APPROVE,0.895
LN001050,19,0.1266,0.2868,0.0653,0.5249,Prepaid,none,0.152,ltv_risk_tier (-0.59); combined_risk_index (-0.41),APPROVE,0.935
LN001050,20,0.1253,0.2754,0.0639,0.5247,Prepaid,none,0.175,ltv_risk_tier (-0.58); month_index (-0.52),APPROVE,0.936
LN001050,21,0.1253,0.2849,0.0639,0.5248,Prepaid,none,0.2003,ltv_risk_tier (-0.58); month_index (-0.52),APPROVE,0.936
LN001050,22,0.1236,0.2963,0.0639,0.5248,Prepaid,none,0.2167,ltv_risk_tier (-0.58); month_index (-0.52),APPROVE,0.936
LN001050,23,0.1236,0.2951,0.0645,0.5231,Prepaid,none,0.2434,ltv_risk_tier (-0.59); month_index (-0.52),APPROVE,0.936
LN001050,24,0.1211,0.2951,0.0645,0.5219,Prepaid,none,0.2547,ltv_risk_tier (-0.59); month_index (-0.52),APPROVE,0.936
LN001050,25,0.1211,0.2951,0.0645,0.5086,Prepaid,none,0.2644,ltv_risk_tier (-0.59); month_index (-0.52),APPROVE,0.936
LN001050,26,0.1452,0.3165,0.0648,0.5058,Current,suspicious_transition,0.4163,ltv_risk_tier (-0.59); month_index (-0.52),ESCALATE,0.935
LN001055,22,0.1735,0.2734,0.0863,0.4805,Current,suspicious_transition,0.4364,ltv_risk_tier (-0.52); month_index (-0.51),ESCALATE,0.914
LN001056,17,0.1341,0.1981,0.0654,0.4757,Current,none,0.1928,combined_risk_index (-0.49); ltv_risk_tier (-0.32),APPROVE,0.935
LN001056,18,0.1302,0.1924,0.0654,0.4747,Current,none,0.2065,combined_risk_index (-0.49); ltv_risk_tier (-0.32),APPROVE,0.935
LN001056,19,0.1101,0.172,0.0641,0.4747,Current,none,0.2284,combined_risk_index (-0.49); ltv_risk_tier (-0.32),APPROVE,0.936
LN001056,20,0.2221,0.2014,0.0641,0.4787,Prepaid,none,0.2482,month_index (-0.46); combined_risk_index (-0.37),APPROVE,0.936
LN001056,21,0.5253,0.5289,0.0892,0.459,Current,stale_record,0.515,current_status_Current (+1.14); ltv_risk_tier (-0.50),ESCALATE,0.911
LN001058,17,0.1324,0.2208,0.1086,0.4716,Prepaid,none,0.1193,current_status_Current (-0.28); ltv_risk_tier (-0.27),APPROVE,0.891
LN001058,18,0.6554,0.6376,0.2164,0.4566,30DPD,stale_record,0.229,current_status_Current (+1.16); ltv_risk_tier (-0.33),WATCH_LIST,0.784
LN001058,19,0.6917,0.6937,0.2696,0.4382,Default,none,0.2432,current_status_Current (+1.44); ltv_risk_tier (-0.30),WATCH_LIST,0.73
LN001058,20,0.6933,0.6911,0.2265,0.4383,60DPD,none,0.2662,current_status_Current (+1.44); month_index (-0.49),WATCH_LIST,0.774
LN001058,21,0.6933,0.6923,0.2149,0.4383,60DPD,none,0.2857,current_status_Current (+1.44); month_index (-0.49),WATCH_LIST,0.785
LN001058,22,0.6867,0.6901,0.2883,0.4399,Current,stale_record,0.4994,current_status_Current (+1.44); month_index (-0.49),ESCALATE,0.712
LN001063,26,0.0867,0.1696,0.064,0.5188,Prepaid,none,0.4181,combined_risk_index (-0.75); month_index (-0.34),ESCALATE,0.936
LN001063,27,0.0857,0.1583,0.0608,0.48,Prepaid,none,0.333,combined_risk_index (-0.76); interest_rate (-0.69),APPROVE,0.939
LN001067,11,0.2716,0.3178,0.1305,0.5428,Prepaid,none,0.1494,interest_rate (+0.31); state_CA (-0.28),APPROVE,0.87
LN001067,12,0.2533,0.2657,0.1618,0.5161,Prepaid,none,0.1411,interest_rate (+0.28); state_CA (-0.28),WATCH_LIST,0.838
LN001067,13,0.1924,0.2535,0.166,0.5164,Prepaid,none,0.1459,interest_rate (+0.28); current_status_Current (-0.27),WATCH_LIST,0.834
LN001067,14,0.1601,0.218,0.1092,0.5166,Prepaid,none,0.1643,credit_risk_tier (-0.35); combined_risk_index (-0.28),APPROVE,0.891
LN001067,15,0.151,0.2075,0.1619,0.5159,Prepaid,none,0.1777,interest_rate (+0.29); current_status_Current (-0.27),WATCH_LIST,0.838
LN001067,16,0.1568,0.2073,0.1575,0.516,Prepaid,none,0.195,interest_rate (+0.29); current_status_Current (-0.26),WATCH_LIST,0.843
LN001067,17,0.1404,0.1915,0.1563,0.5153,Prepaid,none,0.2071,interest_rate (+0.30); current_status_Current (-0.26),WATCH_LIST,0.844
LN001067,18,0.5703,0.53,0.2418,0.5065,60DPD,source_conflict,0.3974,current_status_Current (+1.11); interest_rate (+0.36),WATCH_LIST,0.758
LN001067,19,0.6883,0.6686,0.3759,0.4772,Current,none,0.4567,current_status_Current (+1.46); days_past_due (+0.32),ESCALATE,0.624
LN001072,23,0.0974,0.1899,0.0912,0.5299,Prepaid,none,0.2808,state_MO (-0.68); month_index (-0.47),APPROVE,0.909
LN001072,24,0.7253,0.6968,0.3165,0.4593,Default,none,0.3756,current_status_Current (+1.63); state_MO (-0.56),WATCH_LIST,0.684
LN001076,26,0.1341,0.2534,0.1251,0.4977,Current,none,0.2705,month_index (-0.37); seasoning_pct (-0.27),APPROVE,0.875
LN001076,27,0.1341,0.2504,0.1251,0.4977,Current,none,0.2774,month_index (-0.37); seasoning_pct (-0.27),APPROVE,0.875
LN001076,28,0.6277,0.6233,0.2008,0.4759,60DPD,none,0.4217,current_status_Current (+1.02); month_index (-0.35),ESCALATE,0.799
LN001076,29,0.7205,0.6992,0.2108,0.4737,60DPD,none,0.3352,current_status_Current (+1.31); month_index (-0.43),WATCH_LIST,0.789
LN001076,30,0.7156,0.6931,0.2964,0.4738,Current,stale_record,0.506,current_status_Current (+1.40); month_index (-0.43),ESCALATE,0.704
LN001080,19,0.126,0.2315,0.115,0.4647,Current,none,0.1539,current_status_Current (-0.33); dti_risk_tier (-0.14),APPROVE,0.885
LN001080,20,0.1326,0.2317,0.1079,0.4647,Current,none,0.1813,month_index (-0.42); current_status_Current (-0.33),APPROVE,0.892
LN001080,21,0.1359,0.2375,0.1079,0.4649,Current,none,0.2087,month_index (-0.42); current_status_Current (-0.33),APPROVE,0.892
LN001080,22,0.1358,0.2438,0.1079,0.4649,Current,none,0.2277,month_index (-0.42); current_status_Current (-0.32),APPROVE,0.892
LN001080,23,0.1342,0.2474,0.1083,0.4654,Current,none,0.2528,month_index (-0.42); current_status_Current (-0.32),APPROVE,0.892
LN001080,24,0.131,0.2474,0.1083,0.4649,Current,none,0.2636,month_index (-0.42); current_status_Current (-0.32),APPROVE,0.892
LN001080,25,0.131,0.2474,0.1083,0.4649,Current,none,0.2718,month_index (-0.42); current_status_Current (-0.32),APPROVE,0.892
LN001080,26,0.5645,0.6075,0.2396,0.4446,Current,source_conflict,0.6498,current_status_Current (+1.37); month_index (-0.42),ESCALATE,0.76
LN001084,18,0.6065,0.599,0.1626,0.444,30DPD,none,0.2284,current_status_Current (+1.09); interest_rate (-0.98),WATCH_LIST,0.837
LN001084,19,0.6117,0.6047,0.1455,0.4438,60DPD,none,0.2383,current_status_Current (+1.12); interest_rate (-0.98),APPROVE,0.854
LN001084,20,0.7216,0.7072,0.1662,0.4378,60DPD,stale_record,0.3668,current_status_Current (+1.44); interest_rate (-0.79),WATCH_LIST,0.834
LN001084,21,0.7197,0.7057,0.155,0.4378,60DPD,stale_record,0.3894,current_status_Current (+1.44); interest_rate (-0.81),WATCH_LIST,0.845
LN001084,22,0.7147,0.707,0.155,0.438,60DPD,none,0.3397,current_status_Current (+1.44); interest_rate (-0.81),WATCH_LIST,0.845
LN001084,23,0.6054,0.6017,0.1348,0.4457,60DPD,none,0.3219,current_status_Current (+1.12); interest_rate (-0.98),APPROVE,0.865
LN001084,24,0.6412,0.6455,0.2375,0.4541,60DPD,none,0.4236,current_status_Current (+1.22); month_index (-0.39),ESCALATE,0.762
LN001084,25,0.71,0.7046,0.1564,0.4389,60DPD,none,0.3601,current_status_Current (+1.44); interest_rate (-0.81),WATCH_LIST,0.844
LN001084,26,0.6993,0.7019,0.1564,0.4389,60DPD,none,0.4551,current_status_Current (+1.44); interest_rate (-0.81),ESCALATE,0.844
LN001084,27,0.719,0.7043,0.2343,0.4399,Current,none,0.48,current_status_Current (+1.53); interest_rate (-0.78),ESCALATE,0.766
LN001087,14,0.1339,0.2251,0.0764,0.5054,Prepaid,none,0.1631,interest_rate (-0.73); combined_risk_index (-0.47),APPROVE,0.924
LN001087,15,0.1181,0.2145,0.076,0.5032,Prepaid,none,0.1774,interest_rate (-0.72); combined_risk_index (-0.47),APPROVE,0.924
LN001087,16,0.3745,0.3828,0.1262,0.4907,Prepaid,stale_record,0.289,current_status_Current (+1.22); interest_rate (-0.84),APPROVE,0.874
LN001087,17,0.6562,0.6483,0.2678,0.4723,90DPD,none,0.2917,current_status_Current (+1.66); interest_rate (-0.61),WATCH_LIST,0.732
LN001087,18,0.3843,0.4512,0.1547,0.4899,30DPD,none,0.2702,current_status_Current (+1.27); interest_rate (-0.83),WATCH_LIST,0.845
LN001087,19,0.6811,0.6812,0.2672,0.4721,Current,none,0.456,current_status_Current (+1.71); interest_rate (-0.60),ESCALATE,0.733
LN001089,13,0.3306,0.48,0.148,0.4319,Current,stale_record,0.2895,interest_rate (-1.07); ltv_risk_tier (+0.30),APPROVE,0.852
LN001089,14,0.3368,0.4577,0.1443,0.433,30DPD,none,0.2324,interest_rate (-1.08); ltv_risk_tier (+0.29),APPROVE,0.856
LN001089,15,0.288,0.3812,0.1441,0.4356,30DPD,none,0.238,interest_rate (-1.01); ltv_risk_tier (+0.30),APPROVE,0.856
LN001089,16,0.2978,0.3712,0.1385,0.4331,30DPD,none,0.2509,interest_rate (-1.07); ltv_risk_tier (+0.29),APPROVE,0.862
LN001089,17,0.2688,0.3485,0.1324,0.4342,Prepaid,none,0.2638,interest_rate (-1.07); combined_risk_index (+0.25),APPROVE,0.868
LN001089,18,0.2201,0.3369,0.1263,0.4341,30DPD,none,0.2778,interest_rate (-1.07); combined_risk_index (+0.25),APPROVE,0.874
LN001089,19,0.1595,0.2771,0.113,0.4374,30DPD,none,0.2908,interest_rate (-1.01); combined_risk_index (+0.30),APPROVE,0.887
LN001089,20,0.1779,0.2986,0.104,0.4337,Prepaid,none,0.3067,interest_rate (-1.07); month_index (-0.47),APPROVE,0.896
LN001089,21,0.1855,0.3205,0.104,0.4336,Prepaid,none,0.321,interest_rate (-1.07); month_index (-0.47),APPROVE,0.896
LN001089,22,0.5649,0.6032,0.1144,0.4217,60DPD,none,0.3621,interest_rate (-1.12); current_status_Current (+0.66),APPROVE,0.886
LN001089,23,0.1918,0.3166,0.1061,0.4363,Prepaid,none,0.361,interest_rate (-1.07); month_index (-0.47),APPROVE,0.894
LN001089,24,0.1905,0.3166,0.1061,0.4371,Prepaid,none,0.3692,interest_rate (-1.07); month_index (-0.47),APPROVE,0.894
LN001089,25,0.1905,0.3278,0.1061,0.4371,Prepaid,none,0.3777,interest_rate (-1.07); month_index (-0.47),APPROVE,0.894
LN001089,26,0.1877,0.3233,0.1059,0.4372,30DPD,none,0.3819,interest_rate (-1.07); month_index (-0.47),APPROVE,0.894
LN001089,27,0.1877,0.3184,0.1059,0.4377,30DPD,none,0.3844,interest_rate (-1.07); month_index (-0.47),APPROVE,0.894
LN001089,28,0.1877,0.3206,0.1059,0.4377,Prepaid,source_conflict,0.5194,interest_rate (-1.07); month_index (-0.47),ESCALATE,0.894
LN001089,29,0.1877,0.3206,0.1052,0.4383,Prepaid,none,0.3844,interest_rate (-1.07); month_index (-0.47),APPROVE,0.895
LN001089,30,0.1877,0.3206,0.1052,0.4383,Prepaid,none,0.3853,interest_rate (-1.07); month_index (-0.47),APPROVE,0.895
LN001089,31,0.1877,0.3206,0.1055,0.4383,Prepaid,none,0.3853,interest_rate (-1.07); month_index (-0.47),APPROVE,0.894
LN001089,32,0.1825,0.3237,0.1055,0.4383,Prepaid,none,0.3835,interest_rate (-1.07); month_index (-0.47),APPROVE,0.894
LN001089,33,0.1802,0.3215,0.1055,0.4383,Prepaid,none,0.3835,interest_rate (-1.07); month_index (-0.47),APPROVE,0.894
LN001089,34,0.2019,0.3336,0.1001,0.464,Prepaid,none,0.4509,seasoning_pct (-0.36); month_index (-0.32),ESCALATE,0.9
LN001089,35,0.1802,0.3215,0.1032,0.4391,Prepaid,none,0.3835,interest_rate (-1.07); month_index (-0.47),APPROVE,0.897
LN001091,8,0.1348,0.2291,0.0889,0.5096,Current,none,0.0084,ltv_risk_tier (-0.62); current_status_Current (-0.30),APPROVE,0.911
LN001091,9,0.1317,0.2292,0.0891,0.5106,Current,none,0.0127,ltv_risk_tier (-0.62); current_status_Current (-0.30),APPROVE,0.911
LN001091,10,0.1305,0.2373,0.0895,0.5116,Current,none,0.0195,ltv_risk_tier (-0.62); current_status_Current (-0.30),APPROVE,0.91
LN001091,11,0.5932,0.5425,0.1961,0.4852,Current,none,0.2802,current_status_Current (+1.24); ltv_risk_tier (-0.71),WATCH_LIST,0.804
LN001105,16,0.7282,0.7193,0.3934,0.4504,90DPD,none,0.1931,current_status_Current (+1.39); state_VA (-0.23),ESCALATE,0.607
LN001105,17,0.7138,0.7015,0.3623,0.451,90DPD,none,0.2052,current_status_Current (+1.50); state_VA (-0.23),ESCALATE,0.638
LN001105,18,0.7325,0.7273,0.4188,0.4344,Default,none,0.2654,current_status_Current (+1.51); current_status_90DPD (+0.28),ESCALATE,0.581
LN001105,19,0.7237,0.7202,0.3887,0.4497,Current,none,0.4236,current_status_Current (+1.52); days_past_due (+0.27),ESCALATE,0.611
LN001107,11,0.1468,0.246,0.0856,0.5123,Current,none,0.0675,state_CT (-0.34); dti_risk_tier (-0.30),APPROVE,0.914
LN001107,12,0.4622,0.5577,0.1129,0.4921,Current,none,0.3175,current_status_Current (+1.14); state_CT (-0.34),APPROVE,0.887
LN001108,21,0.1292,0.1938,0.0896,0.4965,Current,none,0.215,monthly_interest_accrual (-0.58); month_index (-0.51),APPROVE,0.91
LN001108,22,0.1233,0.1999,0.0896,0.4965,Current,none,0.2324,monthly_interest_accrual (-0.58); month_index (-0.51),APPROVE,0.91
LN001113,10,0.3141,0.3628,0.0955,0.548,30DPD,none,0.1505,original_balance (-0.37); current_status_Current (-0.26),APPROVE,0.904
LN001113,11,0.2315,0.3636,0.0918,0.5411,Current,data_entry_error,0.4018,original_balance (-0.39); current_status_Current (-0.26),ESCALATE,0.908
LN001113,12,0.272,0.3341,0.0869,0.5508,Prepaid,none,0.1722,original_balance (-0.39); current_status_Current (-0.26),APPROVE,0.913
LN001113,13,0.2462,0.309,0.082,0.5512,Prepaid,none,0.1812,original_balance (-0.39); current_status_Current (-0.26),APPROVE,0.918
LN001113,14,0.2586,0.2934,0.0806,0.5508,Prepaid,none,0.1948,original_balance (-0.36); combined_risk_index (+0.25),APPROVE,0.919
LN001113,15,0.231,0.2742,0.0796,0.5508,Prepaid,none,0.2069,original_balance (-0.36); combined_risk_index (+0.25),APPROVE,0.92
LN001113,16,0.2078,0.2668,0.0793,0.5511,Prepaid,none,0.2331,original_balance (-0.36); combined_risk_index (+0.25),APPROVE,0.921
LN001113,17,0.199,0.258,0.0787,0.5518,Prepaid,none,0.2485,original_balance (-0.36); combined_risk_index (+0.25),APPROVE,0.921
LN001113,18,0.1781,0.2388,0.0779,0.5518,Prepaid,none,0.2603,original_balance (-0.36); seasoning_pct (-0.27),APPROVE,0.922
LN001113,19,0.1365,0.2024,0.073,0.5516,Prepaid,none,0.2764,original_balance (-0.36); seasoning_pct (-0.35),APPROVE,0.927
LN001113,20,0.1324,0.195,0.0695,0.5516,Prepaid,none,0.2954,month_index (-0.46); original_balance (-0.36),APPROVE,0.93
LN001113,21,0.5654,0.5746,0.1035,0.5365,Current,none,0.5045,current_status_Current (+1.07); month_index (-0.42),ESCALATE,0.896
LN001118,19,0.0786,0.1777,0.0777,0.533,Prepaid,none,0.1752,state_MN (-0.52); monthly_interest_accrual (-0.23),APPROVE,0.922
LN001118,20,0.6008,0.6251,0.1673,0.4913,Current,none,0.5128,current_status_Current (+1.26); month_index (-0.37),ESCALATE,0.833
LN001120,9,0.6845,0.6914,0.3045,0.4616,30DPD,none,0.0632,current_status_Current (+0.98); state_AZ (-0.42),WATCH_LIST,0.696
LN001120,10,0.2758,0.4753,0.1407,0.522,Current,none,0.1911,state_AZ (-0.33); ltv_risk_tier (+0.29),APPROVE,0.859
LN001120,11,0.3452,0.6014,0.2265,0.4907,Current,none,0.0366,state_AZ (-0.42); ltv_risk_tier (+0.36),WATCH_LIST,0.773
LN001120,12,0.3866,0.5985,0.2237,0.492,Current,none,0.042,state_AZ (-0.42); ltv_risk_tier (+0.37),WATCH_LIST,0.776
LN001120,13,0.3989,0.5955,0.2218,0.4919,Current,none,0.0488,state_AZ (-0.42); ltv_risk_tier (+0.37),WATCH_LIST,0.778
LN001120,14,0.388,0.588,0.2085,0.4927,Current,none,0.0541,state_AZ (-0.42); ltv_risk_tier (+0.35),WATCH_LIST,0.792
LN001120,15,0.3845,0.574,0.2022,0.4919,Current,none,0.071,state_AZ (-0.42); ltv_risk_tier (+0.35),WATCH_LIST,0.798
LN001120,16,0.1339,0.323,0.0976,0.5106,Current,stale_record,0.1294,combined_risk_index (-0.58); state_AZ (-0.48),APPROVE,0.902
LN001120,17,0.3521,0.5062,0.1796,0.4895,Current,none,0.0992,state_AZ (-0.41); interest_rate (-0.31),WATCH_LIST,0.82
LN001120,18,0.3383,0.4887,0.173,0.4885,Current,none,0.118,state_AZ (-0.41); interest_rate (-0.31),WATCH_LIST,0.827
LN001120,19,0.3031,0.4321,0.1456,0.4862,Current,none,0.1346,state_AZ (-0.39); interest_rate (-0.31),APPROVE,0.854
LN001120,20,0.294,0.4246,0.1385,0.4872,Current,none,0.1601,month_index (-0.52); state_AZ (-0.35),APPROVE,0.862
LN001120,21,0.1194,0.2408,0.0823,0.5065,Current,none,0.1843,combined_risk_index (-0.54); month_index (-0.47),APPROVE,0.918
LN001121,11,0.2017,0.356,0.0921,0.5394,Current,none,0.1017,interest_rate (-0.57); current_status_Current (-0.29),APPROVE,0.908
LN001121,12,0.2101,0.336,0.0888,0.5397,Current,none,0.1054,interest_rate (-0.57); current_status_Current (-0.29),APPROVE,0.911
LN001121,13,0.1965,0.3136,0.0848,0.5389,30DPD,none,0.1221,interest_rate (-0.57); current_status_Current (-0.29),APPROVE,0.915
LN001121,14,0.1972,0.3016,0.0832,0.5382,Current,none,0.1307,interest_rate (-0.58); current_status_Current (-0.28),APPROVE,0.917
LN001121,15,0.1629,0.2683,0.0813,0.538,Current,stale_record,0.188,interest_rate (-0.57); current_status_Current (-0.28),APPROVE,0.919
LN001121,16,0.144,0.2405,0.0805,0.5375,Current,none,0.1624,interest_rate (-0.57); current_status_Current (-0.28),APPROVE,0.919
LN001121,17,0.1372,0.2389,0.0806,0.5355,Current,none,0.1768,interest_rate (-0.57); current_status_Current (-0.28),APPROVE,0.919
LN001121,18,0.1271,0.2238,0.0824,0.5439,Current,data_entry_error,0.4421,interest_rate (-0.55); current_status_Current (-0.26),ESCALATE,0.918
LN001121,19,0.1063,0.2027,0.0757,0.5343,Current,none,0.2041,interest_rate (-0.57); seasoning_pct (-0.28),APPROVE,0.924
LN001121,20,0.1057,0.1982,0.073,0.5343,Current,none,0.2279,interest_rate (-0.56); month_index (-0.44),APPROVE,0.927
LN001121,21,0.1057,0.1982,0.073,0.5343,Current,none,0.2553,interest_rate (-0.56); month_index (-0.44),APPROVE,0.927
LN001121,22,0.1061,0.2053,0.0725,0.5343,Current,none,0.2751,interest_rate (-0.56); month_index (-0.44),APPROVE,0.928
LN001121,23,0.1081,0.2133,0.0731,0.5381,Current,source_conflict,0.4318,interest_rate (-0.56); month_index (-0.44),ESCALATE,0.927
LN001121,24,0.1081,0.2133,0.0731,0.5381,Current,none,0.3083,interest_rate (-0.56); month_index (-0.44),APPROVE,0.927
LN001121,25,0.5477,0.5763,0.1243,0.5015,Current,none,0.487,current_status_Current (+1.19); interest_rate (-0.56),ESCALATE,0.876
LN001122,8,0.1269,0.1856,0.0816,0.5255,Prepaid,none,0.01,state_MO (-0.49); interest_rate (-0.44),APPROVE,0.918
LN001122,9,0.1285,0.1862,0.0804,0.5256,Prepaid,none,0.0113,state_MO (-0.49); interest_rate (-0.40),APPROVE,0.92
LN001122,10,0.1314,0.1955,0.0806,0.5261,Prepaid,none,0.0199,state_MO (-0.49); interest_rate (-0.39),APPROVE,0.919
LN001122,11,0.6456,0.5568,0.1828,0.4845,60DPD,none,0.083,current_status_Current (+1.36); state_MO (-0.50),WATCH_LIST,0.817
LN001122,12,0.653,0.5665,0.1747,0.4854,60DPD,stale_record,0.1366,current_status_Current (+1.35); state_MO (-0.50),WATCH_LIST,0.825
LN001122,13,0.7289,0.6834,0.2877,0.4647,60DPD,none,0.1455,current_status_Current (+1.59); state_MO (-0.48),WATCH_LIST,0.712
LN001122,14,0.1354,0.1828,0.0753,0.5262,Prepaid,none,0.0562,state_MO (-0.49); interest_rate (-0.36),APPROVE,0.925
LN001122,15,0.1314,0.1731,0.0743,0.5253,Prepaid,none,0.0737,state_MO (-0.49); interest_rate (-0.35),APPROVE,0.926
LN001122,16,0.1158,0.1578,0.0727,0.5234,Prepaid,none,0.0883,state_MO (-0.49); interest_rate (-0.34),APPROVE,0.927
LN001122,17,0.1048,0.1478,0.0713,0.5191,Current,none,0.1052,state_MO (-0.49); interest_rate (-0.35),APPROVE,0.929
LN001122,18,0.0944,0.1426,0.0719,0.5181,Current,none,0.1209,state_MO (-0.49); current_status_Current (-0.32),APPROVE,0.928
LN001122,19,0.0995,0.1547,0.0744,0.5133,Current,suspicious_transition,0.3888,state_MO (-0.45); current_status_Current (-0.41),APPROVE,0.926
LN001122,20,0.588,0.5398,0.1124,0.4827,60DPD,none,0.217,current_status_Current (+1.38); state_MO (-0.49),APPROVE,0.888
LN001122,21,0.6968,0.6537,0.1543,0.4618,60DPD,none,0.2788,current_status_Current (+1.64); state_MO (-0.48),WATCH_LIST,0.846
LN001122,22,0.6887,0.6574,0.2209,0.4622,Current,source_conflict,0.5834,current_status_Current (+1.70); state_MO (-0.48),ESCALATE,0.779
LN001123,9,0.148,0.2492,0.0753,0.5269,Current,none,0.0085,state_OH (-0.92); interest_rate (-0.28),APPROVE,0.925
LN001123,10,0.1498,0.2545,0.0754,0.5269,Current,none,0.0167,state_OH (-0.92); interest_rate (-0.27),APPROVE,0.925
LN001123,11,0.1483,0.2592,0.0734,0.5271,Prepaid,none,0.0316,state_OH (-0.92); interest_rate (-0.28),APPROVE,0.927
LN001123,12,0.1482,0.2592,0.0727,0.53,Prepaid,none,0.0371,state_OH (-0.92); interest_rate (-0.28),APPROVE,0.927
LN001123,13,0.1514,0.2576,0.0718,0.5299,Prepaid,none,0.0432,state_OH (-0.95); interest_rate (-0.29),APPROVE,0.928
LN001123,14,0.1537,0.2479,0.0699,0.5299,Prepaid,none,0.0499,state_OH (-0.95); current_status_Current (-0.26),APPROVE,0.93
LN001123,15,0.153,0.2358,0.0688,0.5291,Prepaid,none,0.0667,state_OH (-0.95); current_status_Current (-0.26),APPROVE,0.931
LN001123,16,0.1402,0.2154,0.0679,0.527,Prepaid,none,0.0797,state_OH (-0.95); current_status_Current (-0.26),APPROVE,0.932
LN001123,17,0.5528,0.5767,0.0965,0.4881,30DPD,stale_record,0.1994,state_OH (-1.23); current_status_Current (+1.13),APPROVE,0.903
LN001123,18,0.7234,0.6997,0.1864,0.4998,60DPD,none,0.2161,current_status_Current (+1.49); state_OH (-1.11),WATCH_LIST,0.814
LN001123,19,0.0888,0.1622,0.0659,0.5216,Current,none,0.1307,state_OH (-0.95); current_status_Current (-0.27),APPROVE,0.934
LN001123,20,0.5447,0.5829,0.0827,0.4872,60DPD,none,0.207,state_OH (-1.15); current_status_Current (+1.15),APPROVE,0.917
LN001123,21,0.7202,0.6997,0.11,0.4997,60DPD,stale_record,0.3204,current_status_Current (+1.50); state_OH (-1.06),APPROVE,0.89
LN001123,22,0.7123,0.6949,0.1072,0.4997,60DPD,none,0.289,current_status_Current (+1.47); state_OH (-1.06),APPROVE,0.893
LN001127,7,0.3321,0.4623,0.1579,0.5517,Prepaid,none,0.0711,combined_risk_index (+0.30); current_status_Current (-0.24),WATCH_LIST,0.842
LN001127,8,0.3498,0.4514,0.1554,0.5536,Prepaid,none,0.0738,combined_risk_index (+0.30); current_status_Current (-0.25),WATCH_LIST,0.845
LN001127,9,0.3024,0.441,0.142,0.5535,90DPD,none,0.0822,combined_risk_index (+0.30); current_status_Current (-0.26),APPROVE,0.858
LN001127,10,0.2599,0.4203,0.127,0.5519,90DPD,none,0.089,seasoning_pct (-0.37); combined_risk_index (+0.31),APPROVE,0.873
LN001127,11,0.2463,0.4198,0.1272,0.5526,Prepaid,none,0.1012,seasoning_pct (-0.38); combined_risk_index (+0.31),APPROVE,0.873
LN001127,12,0.5718,0.5562,0.2511,0.5334,Prepaid,none,0.1528,current_status_Current (+1.01); seasoning_pct (-0.30),WATCH_LIST,0.749
LN001127,13,0.2232,0.413,0.1248,0.5486,Prepaid,none,0.1129,seasoning_pct (-0.40); combined_risk_index (+0.31),APPROVE,0.875
LN001127,14,0.2512,0.4011,0.1222,0.5399,Current,suspicious_transition,0.2904,seasoning_pct (-0.40); combined_risk_index (+0.30),APPROVE,0.878
LN001127,15,0.243,0.4001,0.1199,0.5395,Prepaid,none,0.147,seasoning_pct (-0.48); combined_risk_index (+0.31),APPROVE,0.88
LN001127,16,0.5677,0.5746,0.2383,0.5259,Current,none,0.3799,current_status_Current (+1.03); seasoning_pct (-0.35),WATCH_LIST,0.762
LN001129,23,0.4951,0.5056,0.1421,0.4944,Current,none,0.424,current_status_Current (+1.17); month_index (-0.47),ESCALATE,0.858
LN001132,9,0.5902,0.5747,0.2331,0.5168,Current,stale_record,0.4489,current_status_Current (+1.15); monthly_interest_accrual (+0.39),ESCALATE,0.767
LN001137,7,0.6572,0.6361,0.2739,0.4708,60DPD,none,0.0556,current_status_Current (+1.34); state_VA (-0.25),WATCH_LIST,0.726
LN001137,8,0.7308,0.7108,0.3426,0.4458,90DPD,none,0.1044,current_status_Current (+1.51); state_VA (-0.25),WATCH_LIST,0.657
LN001137,9,0.7308,0.7186,0.3476,0.4447,90DPD,stale_record,0.149,current_status_Current (+1.51); state_VA (-0.25),WATCH_LIST,0.652
LN001137,10,0.7294,0.7217,0.3473,0.4445,Default,none,0.1126,current_status_Current (+1.51); state_VA (-0.25),WATCH_LIST,0.653
LN001137,11,0.6492,0.6133,0.2445,0.4665,60DPD,none,0.0804,current_status_Current (+1.33); state_VA (-0.23),WATCH_LIST,0.756
LN001137,12,0.1657,0.2759,0.1039,0.505,Current,none,0.0353,current_status_Current (-0.31); interest_rate (-0.28),APPROVE,0.896
LN001137,13,0.1662,0.2746,0.103,0.5063,Current,none,0.0415,current_status_Current (-0.31); interest_rate (-0.28),APPROVE,0.897
LN001137,14,0.1895,0.2738,0.0994,0.5093,30DPD,none,0.2143,current_status_Current (-0.30); interest_rate (-0.24),APPROVE,0.901
LN001137,15,0.1649,0.2534,0.0941,0.5058,Current,stale_record,0.1113,current_status_Current (-0.30); interest_rate (-0.25),APPROVE,0.906
LN001137,16,0.1474,0.2279,0.0916,0.5041,Current,none,0.0786,current_status_Current (-0.31); state_VA (-0.24),APPROVE,0.908
LN001137,17,0.6376,0.5802,0.1841,0.4665,30DPD,source_conflict,0.2892,current_status_Current (+1.30); state_VA (-0.24),WATCH_LIST,0.816
LN001137,18,0.1177,0.1781,0.0887,0.5019,Current,stale_record,0.1559,current_status_Current (-0.31); state_VA (-0.24),APPROVE,0.911
LN001137,19,0.0887,0.1548,0.083,0.5019,Current,none,0.1295,current_status_Current (-0.31); combined_risk_index (-0.24),APPROVE,0.917
LN001137,20,0.087,0.1508,0.0767,0.5019,Current,stale_record,0.1997,month_index (-0.42); current_status_Current (-0.31),APPROVE,0.923
LN001137,21,0.086,0.1562,0.0767,0.5033,Current,none,0.1796,month_index (-0.42); current_status_Current (-0.30),APPROVE,0.923
LN001137,22,0.1124,0.192,0.0784,0.5011,Current,stale_record,0.478,month_index (-0.43); current_status_Current (-0.38),ESCALATE,0.922
LN001137,23,0.0859,0.1678,0.0767,0.5027,Current,none,0.2292,month_index (-0.42); current_status_Current (-0.30),APPROVE,0.923
LN001137,24,0.1019,0.1792,0.0799,0.4959,Current,suspicious_transition,0.4234,month_index (-0.48); current_status_Current (-0.38),ESCALATE,0.92
LN001137,25,0.0884,0.1672,0.0767,0.5015,Current,stale_record,0.2967,month_index (-0.42); current_status_Current (-0.30),APPROVE,0.923
LN001138,7,0.7422,0.7216,0.2554,0.4251,90DPD,none,0.1478,current_status_Current (+1.53); ltv_risk_tier (-0.84),WATCH_LIST,0.745
LN001138,8,0.744,0.7206,0.2555,0.4244,Default,none,0.1489,current_status_Current (+1.54); ltv_risk_tier (-0.84),WATCH_LIST,0.745
LN001138,9,0.7425,0.7259,0.2571,0.4242,90DPD,none,0.1509,current_status_Current (+1.55); ltv_risk_tier (-0.84),WATCH_LIST,0.743
LN001138,10,0.7307,0.7216,0.2289,0.4375,Current,none,0.3356,current_status_Current (+1.54); ltv_risk_tier (-0.75),WATCH_LIST,0.771
LN001140,21,0.1096,0.1835,0.0797,0.5053,Current,none,0.1842,state_AZ (-0.52); month_index (-0.46),APPROVE,0.92
LN001140,22,0.6422,0.6194,0.1383,0.471,60DPD,stale_record,0.2964,current_status_Current (+1.04); state_AZ (-0.51),APPROVE,0.862
LN001140,23,0.7179,0.6971,0.1284,0.4361,60DPD,none,0.306,current_status_Current (+1.26); ltv_risk_tier (-0.58),APPROVE,0.872
LN001140,24,0.5679,0.5542,0.1029,0.4576,Current,none,0.4318,current_status_Current (+0.97); ltv_risk_tier (-0.56),ESCALATE,0.897
LN001147,20,0.0904,0.1271,0.0758,0.5161,Prepaid,none,0.1904,interest_rate (-0.45); month_index (-0.40),APPROVE,0.924
LN001147,21,0.0904,0.1285,0.0758,0.5158,Prepaid,none,0.2159,interest_rate (-0.44); month_index (-0.40),APPROVE,0.924
LN001147,22,0.0891,0.1324,0.0758,0.5158,Prepaid,none,0.2335,interest_rate (-0.45); month_index (-0.40),APPROVE,0.924
LN001147,23,0.0891,0.1317,0.0754,0.5158,Prepaid,none,0.257,interest_rate (-0.44); month_index (-0.40),APPROVE,0.925
LN001147,24,0.0882,0.1317,0.0754,0.5145,Prepaid,none,0.2666,interest_rate (-0.44); month_index (-0.40),APPROVE,0.925
LN001147,25,0.5107,0.4794,0.141,0.4943,Current,stale_record,0.5065,current_status_Current (+1.32); interest_rate (-0.41),ESCALATE,0.859
LN001148,6,0.1107,0.1918,0.0894,0.5074,Current,none,0.0219,combined_risk_index (-0.78); interest_rate (+0.47),APPROVE,0.911
LN001148,7,0.111,0.1921,0.0893,0.5154,Current,none,0.0199,combined_risk_index (-0.78); interest_rate (+0.47),APPROVE,0.911
LN001148,8,0.1081,0.1894,0.0884,0.5247,Current,none,0.0226,combined_risk_index (-0.80); interest_rate (+0.48),APPROVE,0.912
LN001148,9,0.6012,0.556,0.1676,0.5035,Current,none,0.3063,current_status_Current (+1.06); combined_risk_index (-0.69),WATCH_LIST,0.832
LN001149,14,0.1597,0.2504,0.104,0.5238,Current,none,0.0501,property_type_Multi_Family (-0.33); current_status_Current (-0.28),APPROVE,0.896
LN001149,15,0.1526,0.2403,0.1017,0.5233,Current,none,0.0671,property_type_Multi_Family (-0.33); current_status_Current (-0.28),APPROVE,0.898
LN001149,16,0.1569,0.2308,0.1039,0.5199,Current,none,0.0804,property_type_Multi_Family (-0.33); current_status_Current (-0.28),APPROVE,0.896
LN001149,17,0.1474,0.1979,0.1043,0.5169,Current,stale_record,0.143,property_type_Multi_Family (-0.33); current_status_Current (-0.28),APPROVE,0.896
LN001149,18,0.1366,0.1905,0.1043,0.5149,Current,none,0.1162,property_type_Multi_Family (-0.33); current_status_Current (-0.28),APPROVE,0.896
LN001149,19,0.1111,0.1676,0.1006,0.5149,Current,none,0.1352,property_type_Multi_Family (-0.33); current_status_Current (-0.29),APPROVE,0.899
LN001149,20,0.6403,0.616,0.1707,0.4882,60DPD,none,0.2084,current_status_Current (+1.21); month_index (-0.41),WATCH_LIST,0.829
LN001149,21,0.6261,0.6142,0.1707,0.4895,60DPD,none,0.2355,current_status_Current (+1.20); month_index (-0.41),WATCH_LIST,0.829
LN001149,22,0.6211,0.6151,0.1659,0.4873,60DPD,none,0.2502,current_status_Current (+1.17); month_index (-0.41),WATCH_LIST,0.834
LN001149,23,0.5813,0.5826,0.165,0.4855,Current,none,0.4192,current_status_Current (+1.17); month_index (-0.41),ESCALATE,0.835
LN001150,6,0.127,0.2002,0.1327,0.4739,Prepaid,none,0.0086,ltv_risk_tier (-0.56); combined_risk_index (-0.44),APPROVE,0.867
LN001150,7,0.1262,0.1995,0.1312,0.4764,Prepaid,stale_record,0.0529,ltv_risk_tier (-0.56); combined_risk_index (-0.44),APPROVE,0.869
LN001150,8,0.6572,0.589,0.285,0.449,60DPD,none,0.058,current_status_Current (+1.31); ltv_risk_tier (-0.62),WATCH_LIST,0.715
LN001150,9,0.7381,0.693,0.3094,0.4407,60DPD,none,0.1132,current_status_Current (+1.56); ltv_risk_tier (-0.61),WATCH_LIST,0.691
LN001150,10,0.7316,0.6987,0.3221,0.4401,60DPD,none,0.1214,current_status_Current (+1.58); ltv_risk_tier (-0.61),WATCH_LIST,0.678
LN001150,11,0.7282,0.6852,0.3188,0.4396,60DPD,none,0.1371,current_status_Current (+1.57); ltv_risk_tier (-0.61),WATCH_LIST,0.681
LN001150,12,0.7356,0.6958,0.2984,0.4371,60DPD,none,0.1967,current_status_Current (+1.58); ltv_risk_tier (-0.78),WATCH_LIST,0.702
LN001150,13,0.7251,0.6878,0.2953,0.4391,Default,none,0.3196,current_status_Current (+1.57); ltv_risk_tier (-0.77),WATCH_LIST,0.705
LN001150,14,0.7356,0.6957,0.314,0.4396,60DPD,none,0.1634,current_status_Current (+1.56); ltv_risk_tier (-0.61),WATCH_LIST,0.686
LN001150,15,0.7419,0.6997,0.2843,0.437,60DPD,none,0.2317,current_status_Current (+1.55); ltv_risk_tier (-0.78),WATCH_LIST,0.716
LN001150,16,0.7362,0.6902,0.2852,0.4385,60DPD,none,0.1895,current_status_Current (+1.57); ltv_risk_tier (-0.61),WATCH_LIST,0.715
LN001150,17,0.7058,0.6801,0.3238,0.4357,60DPD,data_entry_error,0.3157,current_status_Current (+1.63); ltv_risk_tier (-0.64),WATCH_LIST,0.676
LN001150,18,0.6285,0.5526,0.2092,0.444,30DPD,none,0.1675,current_status_Current (+1.31); ltv_risk_tier (-0.61),WATCH_LIST,0.791
LN001150,19,0.0862,0.1423,0.0913,0.4838,Current,none,0.1369,ltv_risk_tier (-0.52); combined_risk_index (-0.42),APPROVE,0.909
LN001153,9,0.6508,0.6563,0.3314,0.4918,Current,none,0.2728,current_status_Current (+0.96); interest_rate (-0.37),WATCH_LIST,0.669
LN001156,23,0.0737,0.1565,0.0575,0.4996,Current,none,0.2739,combined_risk_index (-1.43); original_balance (-1.05),APPROVE,0.942
LN001156,24,0.0728,0.1603,0.0575,0.498,Current,none,0.2867,combined_risk_index (-1.43); original_balance (-1.05),APPROVE,0.942
LN001156,25,0.0728,0.1603,0.0575,0.498,Current,source_conflict,0.4767,combined_risk_index (-1.43); original_balance (-1.05),ESCALATE,0.942
LN001156,26,0.0704,0.1502,0.0591,0.5066,Current,none,0.3093,original_balance (-1.08); combined_risk_index (-0.76),APPROVE,0.941
LN001156,27,0.0721,0.1591,0.0575,0.498,Current,stale_record,0.3615,combined_risk_index (-1.43); original_balance (-1.04),APPROVE,0.942
LN001156,28,0.0721,0.1582,0.0575,0.498,Prepaid,none,0.3165,combined_risk_index (-1.43); original_balance (-1.04),APPROVE,0.942
LN001156,29,0.0721,0.1582,0.0575,0.498,Prepaid,none,0.3165,combined_risk_index (-1.43); original_balance (-1.04),APPROVE,0.943
LN001156,30,0.0723,0.1582,0.0575,0.498,Prepaid,none,0.3173,combined_risk_index (-1.43); original_balance (-1.04),APPROVE,0.943
LN001156,31,0.0723,0.1582,0.0575,0.498,Prepaid,none,0.3162,combined_risk_index (-1.43); original_balance (-1.04),APPROVE,0.943
LN001156,32,0.0736,0.1628,0.0575,0.498,Prepaid,none,0.3162,combined_risk_index (-1.43); original_balance (-1.04),APPROVE,0.943
LN001156,33,0.0736,0.1641,0.0575,0.498,Prepaid,none,0.3162,combined_risk_index (-1.43); original_balance (-1.04),APPROVE,0.943
LN001156,34,0.0714,0.1653,0.0604,0.4954,Prepaid,stale_record,0.3612,original_balance (-1.24); combined_risk_index (-0.49),APPROVE,0.94
LN001157,17,0.1627,0.1947,0.07,0.479,Current,stale_record,0.2385,interest_rate (-0.72); seasoning_pct (-0.46),APPROVE,0.93
LN001157,18,0.1523,0.1864,0.0697,0.478,Current,none,0.2061,interest_rate (-0.71); seasoning_pct (-0.46),APPROVE,0.93
LN001157,19,0.1538,0.1798,0.0638,0.4694,Prepaid,none,0.2252,interest_rate (-0.67); combined_risk_index (-0.47),APPROVE,0.936
LN001157,20,0.2061,0.1788,0.0667,0.4765,Current,none,0.2445,interest_rate (-0.71); month_index (-0.50),APPROVE,0.933
LN001160,13,0.2176,0.2449,0.0813,0.4693,Current,none,0.1002,ltv_risk_tier (-0.67); interest_rate (-0.42),APPROVE,0.919
LN001160,14,0.1925,0.2225,0.0803,0.4694,Current,none,0.1141,ltv_risk_tier (-0.67); interest_rate (-0.42),APPROVE,0.92
LN001160,15,0.6313,0.5782,0.1578,0.4458,30DPD,none,0.1864,ltv_risk_tier (-1.00); current_status_Current (+0.80),WATCH_LIST,0.842
LN001160,16,0.6477,0.579,0.1578,0.4442,30DPD,none,0.2027,ltv_risk_tier (-1.00); current_status_Current (+0.80),WATCH_LIST,0.842
LN001160,17,0.6447,0.567,0.1336,0.4441,30DPD,stale_record,0.2608,ltv_risk_tier (-1.00); current_status_Current (+0.80),APPROVE,0.866
LN001160,18,0.7066,0.6707,0.2304,0.4226,60DPD,none,0.2564,ltv_risk_tier (-1.09); current_status_Current (+0.97),WATCH_LIST,0.77
LN001160,19,0.7028,0.6709,0.1732,0.4226,60DPD,none,0.2717,ltv_risk_tier (-1.09); current_status_Current (+1.01),WATCH_LIST,0.827
LN001160,20,0.704,0.6699,0.2136,0.4234,Current,none,0.4357,ltv_risk_tier (-1.14); current_status_Current (+1.05),ESCALATE,0.786
LN001162,9,0.2353,0.289,0.1222,0.5029,Prepaid,none,0.0598,ltv_risk_tier (-0.52); combined_risk_index (+0.42),APPROVE,0.878
LN001162,10,0.232,0.3096,0.0998,0.4972,Prepaid,none,0.0644,ltv_risk_tier (-0.62); state_SC (-0.25),APPROVE,0.9
LN001162,11,0.2476,0.3092,0.121,0.5039,Prepaid,stale_record,0.1254,ltv_risk_tier (-0.55); combined_risk_index (+0.43),APPROVE,0.879
LN001162,12,0.2452,0.3115,0.1204,0.5058,Prepaid,none,0.0862,ltv_risk_tier (-0.55); combined_risk_index (+0.43),APPROVE,0.88
LN001162,13,0.2085,0.297,0.12,0.5111,Prepaid,none,0.0916,ltv_risk_tier (-0.55); combined_risk_index (+0.44),APPROVE,0.88
LN001162,14,0.2099,0.2933,0.1712,0.5258,Current,none,0.103,interest_rate (+0.44); combined_risk_index (+0.40),WATCH_LIST,0.829
LN001162,15,0.2008,0.2907,0.1139,0.5096,Current,none,0.1205,ltv_risk_tier (-0.57); combined_risk_index (+0.44),APPROVE,0.886
LN001162,16,0.6384,0.604,0.1785,0.4689,Current,none,0.3683,current_status_Current (+0.86); ltv_risk_tier (-0.84),WATCH_LIST,0.821
LN001164,26,0.0934,0.2161,0.061,0.4728,Current,none,0.2987,month_index (-0.51); state_IL (-0.42),APPROVE,0.939
LN001164,27,0.094,0.2161,0.061,0.4728,Current,stale_record,0.3455,month_index (-0.51); state_IL (-0.42),APPROVE,0.939
LN001164,28,0.094,0.2183,0.061,0.4728,Current,none,0.3005,month_index (-0.51); state_IL (-0.42),APPROVE,0.939
LN001164,29,0.0938,0.215,0.061,0.4728,Current,none,0.3005,month_index (-0.51); state_IL (-0.42),APPROVE,0.939
LN001165,7,0.1351,0.2104,0.0863,0.5759,Prepaid,stale_record,0.0513,state_CO (-0.35); current_status_Current (-0.28),APPROVE,0.914
LN001165,8,0.1356,0.209,0.0862,0.577,Prepaid,none,0.0104,state_CO (-0.31); current_status_Current (-0.29),APPROVE,0.914
LN001165,9,0.1327,0.2128,0.0892,0.5775,Prepaid,none,0.0148,current_status_Current (-0.29); state_CO (-0.26),APPROVE,0.911
LN001165,10,0.1325,0.2166,0.089,0.5781,Prepaid,none,0.0212,current_status_Current (-0.29); state_CO (-0.26),APPROVE,0.911
LN001165,11,0.1332,0.2178,0.0861,0.5781,Prepaid,none,0.0367,current_status_Current (-0.29); state_CO (-0.26),APPROVE,0.914
LN001165,12,0.1438,0.2372,0.0935,0.5836,Prepaid,none,0.0403,current_status_Current (-0.27); state_CO (-0.26),APPROVE,0.907
LN001165,13,0.1441,0.2167,0.0829,0.5797,Prepaid,stale_record,0.09,current_status_Current (-0.29); state_CO (-0.26),APPROVE,0.917
LN001165,14,0.1424,0.2097,0.0793,0.5797,Prepaid,none,0.055,current_status_Current (-0.28); state_CO (-0.26),APPROVE,0.921
LN001165,15,0.1411,0.2011,0.0776,0.5794,Prepaid,stale_record,0.1155,current_status_Current (-0.28); state_CO (-0.26),APPROVE,0.922
LN001165,16,0.1363,0.1839,0.076,0.5776,Prepaid,none,0.0832,current_status_Current (-0.28); state_CO (-0.26),APPROVE,0.924
LN001165,17,0.1309,0.1692,0.0742,0.5759,Prepaid,none,0.102,current_status_Current (-0.29); state_CO (-0.26),APPROVE,0.926
LN001165,18,0.1053,0.1599,0.0794,0.5616,Current,none,0.1555,current_status_Current (-0.28); combined_risk_index (-0.21),APPROVE,0.921
LN001165,19,0.5705,0.4701,0.1283,0.5376,Current,none,0.3614,current_status_Current (+1.23); state_CO (-0.26),APPROVE,0.872
LN001168,10,0.7494,0.7221,0.1385,0.492,30DPD,none,0.2282,current_status_Current (+1.45); interest_rate (-0.90),APPROVE,0.861
LN001168,11,0.7453,0.7297,0.2763,0.4914,Default,source_conflict,0.5933,current_status_Current (+1.52); state_VA (-0.52),ESCALATE,0.724
LN001168,12,0.7532,0.7272,0.18,0.4972,Default,none,0.2993,current_status_Current (+1.57); interest_rate (-0.90),WATCH_LIST,0.82
LN001168,13,0.7411,0.7094,0.1824,0.4972,Default,stale_record,0.3474,current_status_Current (+1.59); interest_rate (-0.90),WATCH_LIST,0.818
LN001168,14,0.7412,0.7016,0.1813,0.4991,Default,none,0.3162,current_status_Current (+1.59); interest_rate (-0.90),WATCH_LIST,0.819
LN001168,15,0.7391,0.6994,0.1807,0.4983,Default,none,0.3243,current_status_Current (+1.56); interest_rate (-0.90),WATCH_LIST,0.819
LN001168,16,0.73,0.6906,0.1221,0.5033,90DPD,none,0.3021,current_status_Current (+1.44); interest_rate (-0.89),APPROVE,0.878
LN001168,17,0.6376,0.5664,0.0825,0.5316,30DPD,none,0.2844,interest_rate (-1.05); current_status_Current (+1.01),APPROVE,0.917
LN001168,18,0.7313,0.691,0.1229,0.5008,90DPD,stale_record,0.3669,current_status_Current (+1.41); interest_rate (-0.90),APPROVE,0.877
LN001168,19,0.7309,0.6945,0.0936,0.5006,30DPD,none,0.3309,current_status_Current (+1.44); interest_rate (-0.90),APPROVE,0.906
LN001168,20,0.7303,0.6896,0.0827,0.5006,60DPD,none,0.3472,current_status_Current (+1.44); interest_rate (-0.90),APPROVE,0.917
LN001168,21,0.629,0.5575,0.0745,0.5297,30DPD,none,0.3391,interest_rate (-1.06); current_status_Current (+1.04),APPROVE,0.926
LN001168,22,0.118,0.1838,0.0661,0.5419,Prepaid,none,0.3244,interest_rate (-0.94); month_index (-0.49),APPROVE,0.934
LN001168,23,0.1203,0.1764,0.0868,0.5435,Prepaid,none,0.4388,state_VA (-0.49); month_index (-0.36),ESCALATE,0.913
LN001168,24,0.1199,0.1836,0.0661,0.5421,Prepaid,stale_record,0.4218,interest_rate (-0.94); month_index (-0.49),ESCALATE,0.934
LN001168,25,0.5745,0.5298,0.073,0.5293,Current,none,0.5306,interest_rate (-1.05); current_status_Current (+1.04),ESCALATE,0.927
LN001170,26,0.0763,0.149,0.0666,0.4958,Current,none,0.2738,interest_rate (-0.93); month_index (-0.45),APPROVE,0.933
LN001170,27,0.0763,0.1467,0.0666,0.4958,Current,none,0.2807,interest_rate (-0.93); month_index (-0.45),APPROVE,0.933
LN001170,28,0.0763,0.1476,0.0666,0.4958,Current,source_conflict,0.4157,interest_rate (-0.93); month_index (-0.45),ESCALATE,0.933
LN001170,29,0.0763,0.1476,0.0663,0.4955,Current,none,0.2807,interest_rate (-0.92); month_index (-0.45),APPROVE,0.934
LN001170,30,0.4246,0.4403,0.1004,0.482,Current,none,0.4625,current_status_Current (+1.16); interest_rate (-1.03),ESCALATE,0.9
LN001175,11,0.1707,0.2704,0.1181,0.5628,Current,none,0.0361,interest_rate (-0.42); state_CA (-0.35),APPROVE,0.882
LN001175,12,0.1708,0.2704,0.1155,0.5634,Current,none,0.0399,interest_rate (-0.42); state_CA (-0.35),APPROVE,0.884
LN001175,13,0.1705,0.2694,0.1177,0.564,Prepaid,none,0.0452,interest_rate (-0.42); state_CA (-0.35),APPROVE,0.882
LN001175,14,0.1711,0.2567,0.1117,0.564,Prepaid,none,0.0506,interest_rate (-0.42); state_CA (-0.35),APPROVE,0.888
LN001175,15,0.574,0.5432,0.1866,0.5322,Current,stale_record,0.3631,current_status_Current (+1.17); interest_rate (-0.42),WATCH_LIST,0.813
LN001177,13,0.1655,0.3357,0.1061,0.5088,Prepaid,data_entry_error,0.2125,seasoning_pct (-0.27); state_OR (-0.24),APPROVE,0.894
LN001177,14,0.6408,0.5978,0.1704,0.464,60DPD,stale_record,0.2026,current_status_Current (+0.96); days_past_due (-0.31),WATCH_LIST,0.83
LN001177,15,0.6379,0.595,0.1616,0.4637,30DPD,none,0.1728,current_status_Current (+0.92); days_past_due (-0.32),WATCH_LIST,0.838
LN001177,16,0.1977,0.3197,0.1017,0.5003,Current,stale_record,0.3341,seasoning_pct (-0.30); interest_rate (-0.29),APPROVE,0.898
LN001177,17,0.1795,0.2676,0.0985,0.4969,Current,none,0.1511,seasoning_pct (-0.36); state_OR (-0.24),APPROVE,0.901
LN001177,18,0.1594,0.2603,0.0977,0.495,Current,none,0.1636,seasoning_pct (-0.40); state_OR (-0.24),APPROVE,0.902
LN001177,19,0.1328,0.2304,0.0892,0.4947,Current,none,0.1839,seasoning_pct (-0.48); state_OR (-0.24),APPROVE,0.911
LN001177,20,0.1309,0.2289,0.0845,0.4947,Current,none,0.2043,month_index (-0.51); seasoning_pct (-0.48),APPROVE,0.916
LN001177,21,0.1309,0.2321,0.0845,0.4946,Current,none,0.2351,month_index (-0.51); seasoning_pct (-0.48),APPROVE,0.916
LN001177,22,0.6146,0.5692,0.1184,0.4632,60DPD,stale_record,0.3316,current_status_Current (+0.95); month_index (-0.46),APPROVE,0.882
LN001177,23,0.6145,0.577,0.1186,0.4641,60DPD,none,0.305,current_status_Current (+0.95); month_index (-0.46),APPROVE,0.881
LN001177,24,0.7215,0.6906,0.1767,0.4468,60DPD,none,0.3424,current_status_Current (+1.38); month_index (-0.49),WATCH_LIST,0.823
LN001177,25,0.7215,0.6906,0.1756,0.4468,60DPD,stale_record,0.3923,current_status_Current (+1.38); month_index (-0.49),WATCH_LIST,0.824
LN001177,26,0.6213,0.5685,0.1186,0.4641,60DPD,none,0.319,current_status_Current (+0.95); month_index (-0.46),APPROVE,0.881
LN001177,27,0.1414,0.2516,0.0845,0.4956,Current,none,0.2969,month_index (-0.51); seasoning_pct (-0.48),APPROVE,0.915
LN001177,28,0.1475,0.2516,0.0845,0.4956,Current,stale_record,0.3418,month_index (-0.51); seasoning_pct (-0.48),APPROVE,0.915
LN001177,29,0.1475,0.2516,0.0845,0.4956,Current,none,0.2968,month_index (-0.51); seasoning_pct (-0.48),APPROVE,0.915
LN001177,30,0.1469,0.2638,0.0845,0.4956,Current,none,0.2963,month_index (-0.51); seasoning_pct (-0.48),APPROVE,0.915
LN001177,31,0.1446,0.3039,0.0884,0.4966,Current,none,0.4135,seasoning_pct (-0.42); month_index (-0.37),ESCALATE,0.912
LN001177,32,0.145,0.2638,0.0845,0.4956,Current,none,0.2966,month_index (-0.51); seasoning_pct (-0.48),APPROVE,0.915
LN001177,33,0.145,0.2638,0.0845,0.4956,Current,none,0.2966,month_index (-0.51); seasoning_pct (-0.48),APPROVE,0.915
LN001177,34,0.6246,0.5814,0.1185,0.4641,60DPD,none,0.3206,current_status_Current (+0.95); month_index (-0.46),APPROVE,0.881
LN001179,9,0.1014,0.1995,0.1028,0.5159,Current,none,0.1808,current_status_Current (-0.27); combined_risk_index (-0.25),APPROVE,0.897
LN001179,10,0.0689,0.1537,0.0737,0.5364,Current,stale_record,0.1001,interest_rate (-0.87); current_status_Current (-0.24),APPROVE,0.926
LN001179,11,0.3517,0.4264,0.1218,0.5039,60DPD,none,0.1218,current_status_Current (+1.04); interest_rate (-0.93),APPROVE,0.878
LN001179,12,0.0721,0.1715,0.0737,0.5403,Current,none,0.0762,interest_rate (-0.85); current_status_Current (-0.24),APPROVE,0.926
LN001179,13,0.2996,0.4177,0.1183,0.5087,Current,none,0.3372,current_status_Current (+1.04); interest_rate (-0.91),APPROVE,0.882
LN001180,10,0.1006,0.1668,0.0757,0.4957,Current,none,0.036,state_OH (-0.55); current_status_Current (-0.26),APPROVE,0.924
LN001180,11,0.1062,0.1754,0.0834,0.5002,Current,stale_record,0.0951,state_OH (-0.78); interest_rate (-0.26),APPROVE,0.917
LN001180,12,0.1008,0.1698,0.0744,0.4983,Current,none,0.0549,state_OH (-0.55); current_status_Current (-0.26),APPROVE,0.926
LN001180,13,0.0986,0.1692,0.0738,0.4991,Current,stale_record,0.1073,state_OH (-0.58); current_status_Current (-0.26),APPROVE,0.926
LN001180,14,0.0992,0.1664,0.0718,0.4991,Current,none,0.0693,state_OH (-0.58); current_status_Current (-0.26),APPROVE,0.928
LN001180,15,0.0971,0.1633,0.0708,0.4986,Current,none,0.0867,state_OH (-0.58); current_status_Current (-0.26),APPROVE,0.929
LN001180,16,0.1102,0.1721,0.0669,0.5034,Current,none,0.1358,state_OH (-0.70); ltv_risk_tier (-0.25),APPROVE,0.933
LN001180,17,0.0809,0.1403,0.0692,0.493,Current,none,0.1166,state_OH (-0.58); current_status_Current (-0.26),APPROVE,0.931
LN001180,18,0.0753,0.1359,0.0691,0.4911,Current,source_conflict,0.2688,state_OH (-0.58); current_status_Current (-0.26),APPROVE,0.931
LN001180,19,0.064,0.1246,0.0663,0.4911,Prepaid,none,0.15,state_OH (-0.58); current_status_Current (-0.27),APPROVE,0.934
LN001180,20,0.0627,0.1223,0.0643,0.4911,Prepaid,none,0.1795,state_OH (-0.53); month_index (-0.42),APPROVE,0.936
LN001180,21,0.0627,0.1251,0.0643,0.4913,Current,none,0.2041,state_OH (-0.53); month_index (-0.42),APPROVE,0.936
LN001180,22,0.0623,0.1333,0.0643,0.4913,Current,none,0.2303,state_OH (-0.53); month_index (-0.42),APPROVE,0.936
LN001180,23,0.0626,0.1345,0.0646,0.4911,Current,stale_record,0.3011,state_OH (-0.53); month_index (-0.42),APPROVE,0.935
LN001180,24,0.062,0.1345,0.0644,0.4899,Current,none,0.2677,state_OH (-0.53); month_index (-0.42),APPROVE,0.936
LN001180,25,0.062,0.1343,0.0644,0.4899,Current,none,0.2761,state_OH (-0.53); month_index (-0.42),APPROVE,0.936
LN001180,26,0.062,0.1301,0.0644,0.4879,Current,none,0.2886,state_OH (-0.53); month_index (-0.42),APPROVE,0.936
LN001180,27,0.4078,0.4881,0.0831,0.4568,Current,none,0.4811,current_status_Current (+1.05); state_OH (-0.65),ESCALATE,0.917
LN001182,14,0.1245,0.229,0.0678,0.5185,Current,none,0.0785,combined_risk_index (-0.72); current_status_Current (-0.33),APPROVE,0.932
LN001182,15,0.142,0.2174,0.0718,0.5134,Current,none,0.25,combined_risk_index (-0.61); current_status_Current (-0.32),APPROVE,0.928
LN001182,16,0.1342,0.2136,0.0709,0.5129,Current,none,0.2615,combined_risk_index (-0.62); current_status_Current (-0.32),APPROVE,0.929
LN001182,17,0.0905,0.1589,0.0658,0.5118,Current,none,0.1271,combined_risk_index (-0.71); current_status_Current (-0.33),APPROVE,0.934
LN001182,18,0.0832,0.1508,0.0656,0.4973,Current,source_conflict,0.2796,combined_risk_index (-0.71); current_status_Current (-0.33),APPROVE,0.934
LN001182,19,0.0724,0.1408,0.0643,0.4973,Current,none,0.1616,combined_risk_index (-0.69); current_status_Current (-0.33),APPROVE,0.936
LN001182,20,0.0734,0.1376,0.0623,0.4973,Current,stale_record,0.2342,combined_risk_index (-0.68); month_index (-0.41),APPROVE,0.938
LN001182,21,0.0975,0.1888,0.0698,0.5066,30DPD,data_entry_error,0.5202,combined_risk_index (-0.60); month_index (-0.35),ESCALATE,0.93
LN001182,22,0.0736,0.1521,0.0627,0.4969,Current,stale_record,0.2791,combined_risk_index (-0.68); month_index (-0.41),APPROVE,0.937
LN001182,23,0.0736,0.1519,0.0627,0.4965,Current,none,0.2609,combined_risk_index (-0.68); month_index (-0.41),APPROVE,0.937
LN001182,24,0.0923,0.1753,0.0682,0.5147,Current,data_entry_error,0.6434,combined_risk_index (-0.72); month_index (-0.41),ESCALATE,0.932
LN001182,25,0.0727,0.1519,0.0628,0.4953,Current,stale_record,0.3268,combined_risk_index (-0.68); month_index (-0.41),APPROVE,0.937
LN001182,26,0.0721,0.1463,0.0626,0.4934,Current,source_conflict,0.4284,combined_risk_index (-0.68); month_index (-0.41),ESCALATE,0.937
LN001182,27,0.0717,0.1446,0.0626,0.4934,Current,none,0.2975,combined_risk_index (-0.68); month_index (-0.41),APPROVE,0.937
LN001182,28,0.0717,0.1441,0.0628,0.4934,Current,none,0.2975,combined_risk_index (-0.68); month_index (-0.41),APPROVE,0.937
LN001182,29,0.0725,0.1441,0.0625,0.4931,Current,none,0.2975,combined_risk_index (-0.68); month_index (-0.41),APPROVE,0.938
LN001182,30,0.352,0.2901,0.09,0.4793,Current,none,0.4869,current_status_Current (+1.39); combined_risk_index (-0.58),ESCALATE,0.91
LN001196,7,0.6299,0.6141,0.2469,0.5074,Current,none,0.2777,current_status_Current (+1.07); current_balance (-0.26),WATCH_LIST,0.753
LN001198,11,0.1332,0.2216,0.1124,0.5213,Prepaid,none,0.0346,state_CT (-0.32); current_status_Current (-0.31),APPROVE,0.888
LN001198,12,0.0983,0.1865,0.0849,0.5077,Current,none,0.0403,ltv_risk_tier (-0.57); combined_risk_index (-0.50),APPROVE,0.915
LN001198,13,0.101,0.1888,0.0828,0.5114,Prepaid,none,0.046,ltv_risk_tier (-0.57); combined_risk_index (-0.51),APPROVE,0.917
LN001198,14,0.0985,0.1756,0.0783,0.5114,Current,source_conflict,0.1907,ltv_risk_tier (-0.55); combined_risk_index (-0.51),APPROVE,0.922
LN001198,15,0.0974,0.1701,0.0758,0.5128,Prepaid,none,0.0724,ltv_risk_tier (-0.55); combined_risk_index (-0.51),APPROVE,0.924
LN001198,16,0.0908,0.1547,0.0714,0.509,Prepaid,none,0.0879,ltv_risk_tier (-0.55); combined_risk_index (-0.51),APPROVE,0.929
LN001198,17,0.082,0.1439,0.0691,0.5092,Current,none,0.1054,ltv_risk_tier (-0.54); combined_risk_index (-0.49),APPROVE,0.931
LN001198,18,0.0783,0.14,0.0677,0.5082,Current,none,0.1209,ltv_risk_tier (-0.54); combined_risk_index (-0.49),APPROVE,0.932
LN001198,19,0.5555,0.5299,0.0999,0.4668,30DPD,none,0.1913,current_status_Current (+1.27); ltv_risk_tier (-0.69),APPROVE,0.9
LN001198,20,0.0645,0.1276,0.0635,0.5083,Prepaid,none,0.1675,ltv_risk_tier (-0.53); combined_risk_index (-0.49),APPROVE,0.936
LN001198,21,0.0649,0.129,0.0635,0.5084,Prepaid,stale_record,0.261,ltv_risk_tier (-0.53); combined_risk_index (-0.48),APPROVE,0.936
LN001198,22,0.0657,0.133,0.0629,0.5084,Prepaid,none,0.2158,ltv_risk_tier (-0.53); combined_risk_index (-0.48),APPROVE,0.937
LN001202,6,0.3731,0.489,0.143,0.5093,Prepaid,none,0.1087,ltv_risk_tier (-0.82); interest_rate (+0.29),APPROVE,0.857
LN001202,7,0.3979,0.495,0.1377,0.5103,Prepaid,none,0.111,ltv_risk_tier (-0.82); interest_rate (+0.30),APPROVE,0.862
LN001202,8,0.4467,0.5002,0.1496,0.5076,Current,suspicious_transition,0.3142,ltv_risk_tier (-0.80); interest_rate (+0.26),APPROVE,0.85
LN001202,9,0.3954,0.4663,0.1267,0.5132,Prepaid,none,0.1311,ltv_risk_tier (-0.80); interest_rate (+0.30),APPROVE,0.873
LN001202,10,0.5982,0.6083,0.2182,0.4786,Current,none,0.3645,ltv_risk_tier (-1.03); current_status_Current (+0.91),WATCH_LIST,0.782
LN001209,9,0.7361,0.7276,0.2795,0.4812,60DPD,none,0.3183,current_status_Current (+0.91); state_IN (-0.66),WATCH_LIST,0.721
LN001209,10,0.7301,0.7268,0.2792,0.4808,60DPD,none,0.1703,current_status_Current (+0.95); state_IN (-0.68),WATCH_LIST,0.721
LN001209,11,0.7112,0.7096,0.2685,0.4797,60DPD,none,0.1806,current_status_Current (+0.93); state_IN (-0.68),WATCH_LIST,0.732
LN001209,12,0.7361,0.7261,0.3844,0.462,Default,none,0.2339,current_status_Current (+1.32); current_status_90DPD (+0.41),ESCALATE,0.616
LN001209,13,0.719,0.7062,0.2561,0.4783,60DPD,none,0.1999,current_status_Current (+0.89); state_IN (-0.67),WATCH_LIST,0.744
LN001209,14,0.1735,0.3117,0.1766,0.5135,Current,suspicious_transition,0.2752,combined_risk_index (+0.29); current_status_Current (-0.25),WATCH_LIST,0.823
LN001209,15,0.602,0.6333,0.2954,0.4623,Current,stale_record,0.4059,current_status_Current (+1.06); combined_risk_index (+0.20),ESCALATE,0.705
LN001212,14,0.5409,0.5416,0.2561,0.5049,60DPD,none,0.3165,current_status_Current (+1.02); seasoning_pct (-0.29),WATCH_LIST,0.744
LN001212,15,0.1463,0.2435,0.1425,0.5219,Current,none,0.2852,combined_risk_index (+0.36); interest_rate (-0.33),APPROVE,0.857
LN001212,16,0.1444,0.2419,0.1403,0.5219,Prepaid,source_conflict,0.442,combined_risk_index (+0.36); interest_rate (-0.33),ESCALATE,0.86
LN001212,17,0.1369,0.2462,0.1389,0.5214,Prepaid,none,0.3177,combined_risk_index (+0.36); interest_rate (-0.33),APPROVE,0.861
LN001212,18,0.497,0.5238,0.2242,0.5061,Current,none,0.5059,current_status_Current (+0.99); seasoning_pct (-0.35),ESCALATE,0.776
LN001213,11,0.1076,0.2024,0.0907,0.5091,Current,stale_record,0.098,combined_risk_index (-0.41); original_balance (-0.36),APPROVE,0.909
LN001213,12,0.104,0.1961,0.0894,0.5101,Current,none,0.0575,combined_risk_index (-0.41); original_balance (-0.36),APPROVE,0.911
LN001213,13,0.5909,0.5726,0.1743,0.4975,Current,none,0.3404,current_status_Current (+1.27); ltv_risk_tier (-0.34),WATCH_LIST,0.826
LN001217,21,0.1649,0.2217,0.0677,0.4687,Prepaid,none,0.2099,original_balance (-0.61); month_index (-0.52),APPROVE,0.932
LN001217,22,0.6526,0.6051,0.098,0.4396,60DPD,stale_record,0.3219,current_status_Current (+1.09); original_balance (-0.57),APPROVE,0.902
LN001217,23,0.1638,0.2324,0.0688,0.4676,Prepaid,none,0.2544,original_balance (-0.62); month_index (-0.50),APPROVE,0.931
LN001217,24,0.1602,0.2324,0.0687,0.4648,Prepaid,stale_record,0.3102,original_balance (-0.62); month_index (-0.50),APPROVE,0.931
LN001217,25,0.1571,0.248,0.072,0.4698,Current,none,0.311,original_balance (-0.57); month_index (-0.45),APPROVE,0.928
LN001217,26,0.1545,0.2317,0.0703,0.4663,Current,none,0.2839,original_balance (-0.57); month_index (-0.50),APPROVE,0.93
LN001217,27,0.1536,0.2317,0.0705,0.4663,Current,none,0.2911,original_balance (-0.57); month_index (-0.50),APPROVE,0.929
LN001217,28,0.1549,0.2173,0.0877,0.4626,Current,none,0.2911,original_balance (-0.55); month_index (-0.50),APPROVE,0.912
LN001217,29,0.1536,0.2315,0.0699,0.4664,Current,none,0.2911,original_balance (-0.57); month_index (-0.50),APPROVE,0.93
LN001217,30,0.1546,0.2315,0.0699,0.4664,Current,stale_record,0.3369,original_balance (-0.57); month_index (-0.50),APPROVE,0.93
LN001217,31,0.1382,0.2182,0.0699,0.4664,Current,none,0.2913,original_balance (-0.57); month_index (-0.50),APPROVE,0.93
LN001217,32,0.1387,0.2249,0.0699,0.4664,Current,none,0.2924,original_balance (-0.57); month_index (-0.50),APPROVE,0.93
LN001217,33,0.1387,0.2278,0.0699,0.4664,Current,stale_record,0.3374,original_balance (-0.57); month_index (-0.50),APPROVE,0.93
LN001218,17,0.2811,0.3498,0.0729,0.4817,Current,none,0.1879,monthly_interest_accrual (-0.58); seasoning_pct (-0.34),APPROVE,0.927
LN001218,18,0.2976,0.3364,0.0729,0.4807,Current,none,0.2015,monthly_interest_accrual (-0.56); seasoning_pct (-0.34),APPROVE,0.927
LN001218,19,0.2755,0.3169,0.0706,0.4807,Current,none,0.2237,monthly_interest_accrual (-0.57); seasoning_pct (-0.34),APPROVE,0.929
LN001218,20,0.2927,0.3165,0.0689,0.4807,Current,none,0.2418,monthly_interest_accrual (-0.57); month_index (-0.47),APPROVE,0.931
LN001218,21,0.2927,0.3165,0.0689,0.4807,Current,none,0.2715,monthly_interest_accrual (-0.57); month_index (-0.47),APPROVE,0.931
LN001218,22,0.2927,0.3221,0.0689,0.4807,Current,none,0.2843,monthly_interest_accrual (-0.57); month_index (-0.47),APPROVE,0.931
LN001218,23,0.5968,0.5873,0.1008,0.4623,Current,none,0.4858,current_status_Current (+0.92); monthly_interest_accrual (-0.55),ESCALATE,0.899
LN001219,6,0.7315,0.7273,0.3,0.5087,90DPD,none,0.1517,current_status_Current (+1.19); monthly_interest_accrual (-0.46),WATCH_LIST,0.7
LN001219,7,0.7474,0.7474,0.416,0.4683,60DPD,none,0.3345,current_status_Current (+1.33); days_past_due (+0.37),ESCALATE,0.584
LN001219,8,0.7323,0.7299,0.3324,0.5097,Current,none,0.366,current_status_Current (+1.30); monthly_interest_accrual (-0.41),WATCH_LIST,0.668
LN001226,8,0.7376,0.7453,0.2677,0.4565,60DPD,none,0.1175,current_status_Current (+1.27); ltv_risk_tier (-0.72),WATCH_LIST,0.732
LN001226,9,0.7574,0.7553,0.2662,0.4453,60DPD,stale_record,0.2118,current_status_Current (+1.33); ltv_risk_tier (-0.86),WATCH_LIST,0.734
LN001226,10,0.6343,0.6495,0.179,0.4953,Current,none,0.3057,current_status_Current (+1.02); ltv_risk_tier (-0.81),WATCH_LIST,0.821
LN001228,11,0.2255,0.3193,0.1575,0.4918,Current,none,0.0493,combined_risk_index (+0.39); state_TN (-0.26),WATCH_LIST,0.842
LN001228,12,0.2308,0.3182,0.1514,0.4931,30DPD,stale_record,0.0976,combined_risk_index (+0.39); state_TN (-0.26),WATCH_LIST,0.849
LN001228,13,0.2405,0.3195,0.1455,0.4931,30DPD,none,0.0579,combined_risk_index (+0.38); state_TN (-0.29),APPROVE,0.855
LN001228,14,0.2409,0.2977,0.1315,0.4923,30DPD,none,0.0674,combined_risk_index (+0.37); state_TN (-0.29),APPROVE,0.868
LN001228,15,0.233,0.2809,0.128,0.4922,30DPD,stale_record,0.127,combined_risk_index (+0.37); state_TN (-0.29),APPROVE,0.872
LN001228,16,0.2309,0.2678,0.1234,0.4904,30DPD,none,0.0946,combined_risk_index (+0.37); state_TN (-0.29),APPROVE,0.877
LN001228,17,0.2125,0.2404,0.1136,0.4874,30DPD,none,0.113,combined_risk_index (+0.37); state_TN (-0.29),APPROVE,0.886
LN001228,18,0.196,0.2378,0.1119,0.4893,30DPD,none,0.1302,combined_risk_index (+0.37); state_TN (-0.29),APPROVE,0.888
LN001228,19,0.1622,0.2124,0.0986,0.4893,30DPD,none,0.1504,combined_risk_index (+0.38); state_TN (-0.29),APPROVE,0.901
LN001228,20,0.1618,0.2171,0.089,0.4893,30DPD,stale_record,0.223,month_index (-0.40); combined_risk_index (+0.39),APPROVE,0.911
LN001228,21,0.1638,0.2251,0.089,0.4899,Current,none,0.204,month_index (-0.40); combined_risk_index (+0.39),APPROVE,0.911
LN001228,22,0.1495,0.2308,0.0897,0.4899,Current,none,0.2229,combined_risk_index (+0.40); month_index (-0.40),APPROVE,0.91
LN001228,23,0.1561,0.2371,0.0911,0.4899,Current,stale_record,0.2928,combined_risk_index (+0.40); month_index (-0.40),APPROVE,0.909
LN001228,24,0.1505,0.2363,0.0911,0.491,Current,none,0.2586,combined_risk_index (+0.40); month_index (-0.40),APPROVE,0.909
LN001232,12,0.0704,0.1826,0.1462,0.4703,Current,none,0.038,interest_rate (+0.52); state_MA (-0.29),APPROVE,0.854
LN001232,13,0.0707,0.1911,0.1445,0.4717,Current,source_conflict,0.1782,interest_rate (+0.53); state_MA (-0.29),APPROVE,0.856
LN001232,14,0.0717,0.2255,0.137,0.4716,Current,source_conflict,0.1847,interest_rate (+0.53); state_MA (-0.29),APPROVE,0.863
LN001232,15,0.0714,0.2315,0.1322,0.471,Current,none,0.0679,interest_rate (+0.53); state_MA (-0.29),APPROVE,0.868
LN001232,16,0.4765,0.5947,0.2497,0.4552,Current,none,0.3302,current_status_Current (+1.04); state_MA (-0.29),WATCH_LIST,0.75
LN001234,7,0.173,0.2967,0.0825,0.5117,Prepaid,stale_record,0.0885,combined_risk_index (-0.69); interest_rate (-0.55),APPROVE,0.917
LN001234,8,0.5015,0.532,0.1256,0.4888,Current,none,0.2997,current_status_Current (+0.98); interest_rate (-0.75),APPROVE,0.874
LN001235,8,0.4817,0.5196,0.0902,0.5073,Current,none,0.4062,current_status_Current (+1.05); combined_risk_index (-0.58),ESCALATE,0.91
LN001236,12,0.1843,0.2992,0.0787,0.5287,Prepaid,none,0.1426,interest_rate (-0.56); current_status_Current (-0.26),APPROVE,0.921
LN001236,13,0.1287,0.228,0.066,0.5441,Prepaid,none,0.1555,interest_rate (-0.75); ltv_risk_tier (-0.57),APPROVE,0.934
LN001236,14,0.1505,0.2254,0.0662,0.5444,Current,suspicious_transition,0.3258,interest_rate (-0.75); ltv_risk_tier (-0.58),APPROVE,0.934
LN001236,15,0.1324,0.2185,0.0651,0.5451,Prepaid,stale_record,0.2293,interest_rate (-0.75); ltv_risk_tier (-0.57),APPROVE,0.935
LN001236,16,0.1417,0.2136,0.065,0.5445,Prepaid,source_conflict,0.3364,interest_rate (-0.75); ltv_risk_tier (-0.57),APPROVE,0.935
LN001236,17,0.4252,0.5182,0.0845,0.5182,Current,stale_record,0.4768,current_status_Current (+0.97); ltv_risk_tier (-0.79),ESCALATE,0.915
LN001239,15,0.1275,0.2204,0.0867,0.4596,Current,none,0.1125,ltv_risk_tier (-0.70); current_status_Current (-0.24),APPROVE,0.913
LN001239,16,0.1267,0.2154,0.0863,0.4572,Current,none,0.1304,ltv_risk_tier (-0.70); current_status_Current (-0.24),APPROVE,0.914
LN001239,17,0.1286,0.2025,0.0855,0.4553,Current,none,0.1484,ltv_risk_tier (-0.70); current_status_Current (-0.24),APPROVE,0.914
LN001239,18,0.1189,0.1859,0.0845,0.4533,Current,none,0.1644,ltv_risk_tier (-0.70); current_status_Current (-0.24),APPROVE,0.915
LN001239,19,0.0949,0.1797,0.0769,0.4557,Current,none,0.1844,ltv_risk_tier (-0.66); combined_risk_index (-0.33),APPROVE,0.923
LN001239,20,0.094,0.1757,0.0751,0.4532,Current,stale_record,0.2727,ltv_risk_tier (-0.70); month_index (-0.47),APPROVE,0.925
LN001239,21,0.5573,0.5559,0.1229,0.4353,Current,none,0.4247,current_status_Current (+1.05); ltv_risk_tier (-0.83),ESCALATE,0.877
LN001241,14,0.6946,0.6629,0.2566,0.494,30DPD,none,0.1581,current_status_Current (+0.95); state_IN (-0.61),WATCH_LIST,0.743
LN001241,15,0.699,0.6615,0.255,0.4939,90DPD,none,0.177,current_status_Current (+0.95); state_IN (-0.61),WATCH_LIST,0.745
LN001241,16,0.707,0.666,0.3514,0.492,Current,none,0.3885,current_status_Current (+1.31); combined_risk_index (-0.55),ESCALATE,0.649
LN001247,6,0.1419,0.239,0.0846,0.5201,Current,stale_record,0.05,state_OH (-0.78); current_status_Current (-0.27),APPROVE,0.915
LN001247,7,0.1418,0.2401,0.0838,0.5202,Current,none,0.0034,state_OH (-0.77); current_status_Current (-0.27),APPROVE,0.916
LN001247,8,0.6171,0.6021,0.1925,0.4913,30DPD,none,0.0536,current_status_Current (+1.17); state_OH (-0.90),WATCH_LIST,0.808
LN001247,9,0.738,0.719,0.2757,0.4884,60DPD,none,0.1037,current_status_Current (+1.42); state_OH (-0.87),WATCH_LIST,0.724
LN001247,10,0.7347,0.7208,0.2726,0.4874,60DPD,none,0.1138,current_status_Current (+1.42); state_OH (-0.89),WATCH_LIST,0.727
LN001247,11,0.7298,0.7174,0.2666,0.4865,60DPD,source_conflict,0.2642,current_status_Current (+1.42); state_OH (-0.89),WATCH_LIST,0.733
LN001247,12,0.7416,0.7342,0.27,0.491,Current,none,0.3618,current_status_Current (+1.46); state_OH (-0.84),WATCH_LIST,0.73
LN001252,17,0.1264,0.205,0.1398,0.5281,Current,none,0.095,current_status_Current (-0.27); interest_rate (-0.15),APPROVE,0.86
LN001252,18,0.6283,0.6113,0.2335,0.5021,Current,none,0.3462,current_status_Current (+1.16); state_IN (-0.23),WATCH_LIST,0.767
LN001255,13,0.0963,0.1556,0.0643,0.5056,Current,none,0.1193,combined_risk_index (-1.25); ltv_risk_tier (-0.28),APPROVE,0.936
LN001255,14,0.1184,0.1901,0.092,0.4977,Prepaid,none,0.1284,combined_risk_index (-0.36); interest_rate (+0.33),APPROVE,0.908
LN001255,15,0.0884,0.1353,0.0638,0.5051,Prepaid,none,0.142,combined_risk_index (-1.25); ltv_risk_tier (-0.28),APPROVE,0.936
LN001255,16,0.0828,0.1332,0.0638,0.5021,Prepaid,none,0.1597,combined_risk_index (-1.25); ltv_risk_tier (-0.28),APPROVE,0.936
LN001255,17,0.0797,0.1283,0.0635,0.4993,Prepaid,none,0.1734,combined_risk_index (-1.25); ltv_risk_tier (-0.28),APPROVE,0.936
LN001255,18,0.0751,0.1236,0.0638,0.4963,Prepaid,stale_record,0.2297,combined_risk_index (-1.24); interest_rate (+0.30),APPROVE,0.936
LN001255,19,0.4665,0.4705,0.0796,0.476,60DPD,none,0.3512,combined_risk_index (-1.14); current_status_Current (+1.00),APPROVE,0.92
LN001255,20,0.4578,0.4452,0.0734,0.4773,60DPD,none,0.2639,combined_risk_index (-1.15); current_status_Current (+1.00),APPROVE,0.927
LN001255,21,0.0708,0.1161,0.061,0.496,Prepaid,none,0.2557,combined_risk_index (-1.23); month_index (-0.37),APPROVE,0.939
LN001255,22,0.3873,0.4081,0.0731,0.4783,Current,none,0.4632,combined_risk_index (-1.15); current_status_Current (+1.00),ESCALATE,0.927
LN001262,8,0.3156,0.4232,0.2501,0.5087,30DPD,none,0.0256,combined_risk_index (+0.41); interest_rate (+0.38),WATCH_LIST,0.75
LN001262,9,0.3133,0.4245,0.2518,0.5072,Prepaid,none,0.0284,combined_risk_index (+0.41); interest_rate (+0.40),WATCH_LIST,0.748
LN001262,10,0.3159,0.4173,0.2573,0.5174,Prepaid,source_conflict,0.1699,interest_rate (+0.43); combined_risk_index (+0.42),WATCH_LIST,0.743
LN001262,11,0.3241,0.4211,0.2588,0.5171,Current,none,0.0516,interest_rate (+0.43); combined_risk_index (+0.42),WATCH_LIST,0.741
LN001262,12,0.3162,0.4181,0.2551,0.5146,30DPD,none,0.0574,combined_risk_index (+0.42); interest_rate (+0.40),WATCH_LIST,0.745
LN001262,13,0.6577,0.6486,0.3778,0.4913,Current,stale_record,0.3563,current_status_Current (+1.04); interest_rate (+0.35),ESCALATE,0.622
LN001264,6,0.1116,0.2065,0.122,0.5029,Current,none,0.0081,monthly_interest_accrual (-0.62); current_status_Current (-0.28),APPROVE,0.878
LN001264,7,0.1172,0.2168,0.1302,0.5023,Current,none,0.0073,monthly_interest_accrual (-0.59); current_status_Current (-0.27),APPROVE,0.87
LN001264,8,0.1128,0.2037,0.1211,0.5065,Current,source_conflict,0.1462,monthly_interest_accrual (-0.62); current_status_Current (-0.28),APPROVE,0.879
LN001264,9,0.1089,0.2066,0.1377,0.5074,Current,none,0.0156,current_status_Current (-0.28); dti_risk_tier (-0.14),APPROVE,0.862
LN001264,10,0.108,0.2252,0.1483,0.5083,Current,none,0.0219,current_status_Current (-0.28); dti_risk_tier (-0.14),APPROVE,0.852
LN001264,11,0.1084,0.2264,0.1427,0.5123,Current,none,0.0362,current_status_Current (-0.28); dti_risk_tier (-0.15),APPROVE,0.857
LN001264,12,0.1082,0.2274,0.1384,0.5169,Current,none,0.0406,current_status_Current (-0.28); dti_risk_tier (-0.15),APPROVE,0.862
LN001264,13,0.1604,0.2459,0.1358,0.5159,Current,none,0.0449,current_status_Current (-0.28); dti_risk_tier (-0.16),APPROVE,0.864
LN001264,14,0.6014,0.5694,0.2827,0.4796,Current,none,0.3075,current_status_Current (+1.18); servicer_name_ServicerE (-0.18),WATCH_LIST,0.717
LN001265,9,0.5951,0.6376,0.2746,0.506,Current,none,0.3131,current_status_Current (+1.06); ltv_risk_tier (-0.36),WATCH_LIST,0.725
LN001268,14,0.0996,0.1728,0.0651,0.5181,Current,none,0.096,ltv_risk_tier (-0.68); combined_risk_index (-0.48),APPROVE,0.935
LN001268,15,0.0903,0.1848,0.0632,0.5325,Current,data_entry_error,0.358,ltv_risk_tier (-0.70); combined_risk_index (-0.60),APPROVE,0.937
LN001268,16,0.1029,0.1802,0.0789,0.5335,Current,none,0.126,current_status_Current (-0.31); seasoning_pct (-0.28),APPROVE,0.921
LN001268,17,0.0988,0.1495,0.0643,0.5145,Prepaid,none,0.1439,ltv_risk_tier (-0.68); combined_risk_index (-0.47),APPROVE,0.936
LN001268,18,0.0981,0.148,0.0643,0.5116,Current,stale_record,0.2046,ltv_risk_tier (-0.68); combined_risk_index (-0.47),APPROVE,0.936
LN001268,19,0.0764,0.1332,0.0629,0.5113,Current,none,0.1796,ltv_risk_tier (-0.67); combined_risk_index (-0.47),APPROVE,0.937
LN001268,20,0.0762,0.1318,0.0618,0.5113,Current,none,0.2012,ltv_risk_tier (-0.67); combined_risk_index (-0.47),APPROVE,0.938
LN001268,21,0.0762,0.1318,0.0618,0.5113,Current,none,0.2317,ltv_risk_tier (-0.67); combined_risk_index (-0.47),APPROVE,0.938
LN001268,22,0.0831,0.1444,0.0618,0.5113,Current,none,0.2441,ltv_risk_tier (-0.68); combined_risk_index (-0.47),APPROVE,0.938
LN001268,23,0.0833,0.1463,0.0618,0.5102,Current,none,0.2653,ltv_risk_tier (-0.68); combined_risk_index (-0.47),APPROVE,0.938
LN001268,24,0.0833,0.1463,0.0618,0.5102,Current,none,0.2766,ltv_risk_tier (-0.68); combined_risk_index (-0.47),APPROVE,0.938
LN001268,25,0.0833,0.1444,0.0616,0.5104,Current,none,0.2844,ltv_risk_tier (-0.68); combined_risk_index (-0.47),APPROVE,0.938
LN001268,26,0.0838,0.1427,0.0616,0.5104,Current,none,0.287,ltv_risk_tier (-0.68); combined_risk_index (-0.47),APPROVE,0.938
LN001268,27,0.096,0.1582,0.0618,0.5095,Current,suspicious_transition,0.425,ltv_risk_tier (-0.68); combined_risk_index (-0.47),ESCALATE,0.938
LN001268,28,0.0833,0.1428,0.0616,0.5104,Current,none,0.2888,ltv_risk_tier (-0.68); combined_risk_index (-0.47),APPROVE,0.938
LN001268,29,0.0831,0.1428,0.0616,0.5104,Current,none,0.289,ltv_risk_tier (-0.68); combined_risk_index (-0.47),APPROVE,0.938
LN001268,30,0.0831,0.1428,0.0616,0.5104,Current,none,0.2886,ltv_risk_tier (-0.68); combined_risk_index (-0.47),APPROVE,0.938
LN001268,31,0.0831,0.1428,0.0616,0.5104,Current,none,0.2888,ltv_risk_tier (-0.68); combined_risk_index (-0.47),APPROVE,0.938
LN001268,32,0.0831,0.1428,0.0616,0.5104,Current,none,0.2888,ltv_risk_tier (-0.68); combined_risk_index (-0.47),APPROVE,0.938
LN001275,20,0.1022,0.1948,0.0732,0.5023,Current,none,0.1569,month_index (-0.50); current_status_Current (-0.30),APPROVE,0.927
LN001275,21,0.0982,0.1993,0.0732,0.5019,Current,none,0.1817,month_index (-0.50); current_status_Current (-0.29),APPROVE,0.927
LN001275,22,0.0989,0.2483,0.0789,0.5067,Current,none,0.2022,month_index (-0.48); combined_risk_index (+0.35),APPROVE,0.921
LN001281,14,0.1496,0.2962,0.1077,0.4504,Current,none,0.1095,interest_rate (-0.73); current_status_Current (-0.33),APPROVE,0.892
LN001281,15,0.1453,0.2612,0.1054,0.4498,Current,none,0.1272,interest_rate (-0.70); current_status_Current (-0.33),APPROVE,0.895
LN001281,16,0.1372,0.2514,0.0995,0.4502,Current,none,0.1438,interest_rate (-0.70); current_status_Current (-0.33),APPROVE,0.901
LN001281,17,0.1312,0.2326,0.0949,0.4497,Prepaid,stale_record,0.205,interest_rate (-0.69); current_status_Current (-0.34),APPROVE,0.905
LN001281,18,0.1251,0.2187,0.0948,0.4491,Current,none,0.1765,interest_rate (-0.69); current_status_Current (-0.34),APPROVE,0.905
LN001281,19,0.0863,0.1978,0.0851,0.4491,Current,stale_record,0.2385,interest_rate (-0.69); current_status_Current (-0.34),APPROVE,0.915
LN001281,20,0.0856,0.1927,0.0814,0.4491,Current,none,0.2199,interest_rate (-0.69); month_index (-0.45),APPROVE,0.919
LN001281,21,0.085,0.2015,0.0814,0.4488,Current,stale_record,0.2821,interest_rate (-0.69); month_index (-0.45),APPROVE,0.919
LN001281,22,0.0848,0.2158,0.0814,0.4522,Current,none,0.2614,interest_rate (-0.69); month_index (-0.45),APPROVE,0.919
LN001281,23,0.0848,0.2176,0.0779,0.4519,Current,none,0.2894,interest_rate (-0.70); month_index (-0.45),APPROVE,0.922
LN001283,12,0.2379,0.3582,0.1512,0.5386,30DPD,none,0.0542,combined_risk_index (+0.31); current_status_Current (-0.25),WATCH_LIST,0.849
LN001283,13,0.2436,0.3596,0.1494,0.5394,30DPD,none,0.0617,combined_risk_index (+0.31); current_status_Current (-0.25),APPROVE,0.851
LN001283,14,0.2455,0.3392,0.138,0.5394,Prepaid,source_conflict,0.2051,combined_risk_index (+0.30); current_status_Current (-0.24),APPROVE,0.862
LN001283,15,0.6665,0.6533,0.2551,0.4829,Current,stale_record,0.3972,current_status_Current (+1.18); original_balance (-0.25),WATCH_LIST,0.745
LN001292,6,0.152,0.3045,0.0639,0.5033,Current,none,0.0153,combined_risk_index (-1.07); ltv_risk_tier (-0.60),APPROVE,0.936
LN001292,7,0.6354,0.6525,0.1882,0.4831,Current,none,0.2818,current_status_Current (+1.32); combined_risk_index (-0.47),WATCH_LIST,0.812
LN001293,9,0.2277,0.3832,0.1643,0.549,Prepaid,none,0.0185,combined_risk_index (+0.42); interest_rate (-0.25),WATCH_LIST,0.836
LN001293,10,0.227,0.3787,0.1631,0.5507,Current,none,0.0263,combined_risk_index (+0.40); interest_rate (-0.26),WATCH_LIST,0.837
LN001293,11,0.2327,0.375,0.1629,0.5516,Current,none,0.043,combined_risk_index (+0.40); interest_rate (-0.26),WATCH_LIST,0.837
LN001293,12,0.2351,0.3716,0.1614,0.5541,Current,none,0.0487,combined_risk_index (+0.40); interest_rate (-0.26),WATCH_LIST,0.839
LN001293,13,0.2083,0.3517,0.1501,0.554,Current,none,0.0542,combined_risk_index (+0.39); interest_rate (-0.26),WATCH_LIST,0.85
LN001293,14,0.1936,0.3172,0.1424,0.5539,Current,stale_record,0.1108,combined_risk_index (+0.37); interest_rate (-0.27),APPROVE,0.858
LN001293,15,0.5586,0.5043,0.2468,0.5201,Current,none,0.3256,current_status_Current (+0.94); interest_rate (-0.27),WATCH_LIST,0.753
LN001298,6,0.1713,0.2567,0.1296,0.5008,Prepaid,none,0.0073,current_status_Current (-0.30); combined_risk_index (-0.22),APPROVE,0.87
LN001298,7,0.6796,0.6348,0.3445,0.4779,30DPD,none,0.0556,current_status_Current (+1.28); days_past_due (-0.16),WATCH_LIST,0.656
LN001298,8,0.1756,0.2547,0.1283,0.4862,Prepaid,none,0.0077,current_status_Current (-0.31); combined_risk_index (-0.23),APPROVE,0.872
LN001298,9,0.1739,0.2525,0.1272,0.4844,Prepaid,stale_record,0.0549,current_status_Current (-0.31); combined_risk_index (-0.23),APPROVE,0.873
LN001298,10,0.1703,0.2576,0.127,0.4835,Prepaid,source_conflict,0.1972,current_status_Current (-0.31); combined_risk_index (-0.23),APPROVE,0.873
LN001298,11,0.1713,0.2644,0.1228,0.4818,Prepaid,none,0.0321,current_status_Current (-0.31); combined_risk_index (-0.24),APPROVE,0.877
LN001298,12,0.1734,0.2612,0.122,0.4819,Prepaid,none,0.0373,current_status_Current (-0.31); combined_risk_index (-0.24),APPROVE,0.878
LN001298,13,0.1729,0.2591,0.1197,0.4819,Prepaid,source_conflict,0.1775,current_status_Current (-0.29); combined_risk_index (-0.24),APPROVE,0.88
LN001298,14,0.1711,0.2374,0.1094,0.4819,Prepaid,none,0.0522,current_status_Current (-0.30); combined_risk_index (-0.23),APPROVE,0.891
LN001298,15,0.1758,0.2549,0.1171,0.4813,Prepaid,none,0.0704,current_status_Current (-0.29); interest_rate (-0.15),APPROVE,0.883
LN001298,16,0.1538,0.2213,0.1029,0.4781,Prepaid,none,0.0822,current_status_Current (-0.30); combined_risk_index (-0.23),APPROVE,0.897
LN001298,17,0.1407,0.202,0.1002,0.4755,Current,none,0.098,current_status_Current (-0.30); combined_risk_index (-0.24),APPROVE,0.9
LN001298,18,0.1426,0.2174,0.1059,0.4748,Current,stale_record,0.1595,current_status_Current (-0.29); interest_rate (-0.16),APPROVE,0.894
LN001298,19,0.1025,0.1688,0.0925,0.4725,Current,none,0.1338,current_status_Current (-0.31); combined_risk_index (-0.25),APPROVE,0.907
LN001298,20,0.0985,0.1678,0.0852,0.4725,Current,stale_record,0.2037,month_index (-0.48); current_status_Current (-0.31),APPROVE,0.915
LN001303,17,0.1314,0.2192,0.0805,0.426,Current,none,0.1123,interest_rate (-0.64); current_status_Current (-0.28),APPROVE,0.92
LN001303,18,0.1152,0.2124,0.0799,0.4251,Current,none,0.1278,interest_rate (-0.63); current_status_Current (-0.28),APPROVE,0.92
LN001303,19,0.097,0.1988,0.075,0.4249,Current,none,0.142,interest_rate (-0.63); current_status_Current (-0.29),APPROVE,0.925
LN001303,20,0.0969,0.1761,0.0694,0.4307,Current,none,0.1653,interest_rate (-0.61); month_index (-0.51),APPROVE,0.931
LN001303,21,0.0962,0.1865,0.0713,0.4247,Current,none,0.1896,interest_rate (-0.63); month_index (-0.51),APPROVE,0.929
LN001303,22,0.0908,0.186,0.0713,0.4247,Current,none,0.2144,interest_rate (-0.63); month_index (-0.51),APPROVE,0.929
LN001304,11,0.6638,0.6312,0.1359,0.5149,Current,none,0.4035,current_status_Current (+1.29); interest_rate (-0.33),ESCALATE,0.864
LN001305,19,0.1103,0.1993,0.0835,0.4647,Current,none,0.1763,current_status_Current (-0.32); combined_risk_index (-0.19),APPROVE,0.917
LN001305,20,0.085,0.1639,0.0722,0.4763,Current,none,0.1587,month_index (-0.49); current_status_Current (-0.33),APPROVE,0.928
LN001305,21,0.5782,0.5853,0.1464,0.4499,Current,none,0.3946,current_status_Current (+1.38); month_index (-0.46),APPROVE,0.854
LN001306,13,0.1014,0.2,0.0818,0.5234,Current,none,0.0492,interest_rate (-0.53); combined_risk_index (-0.46),APPROVE,0.918
LN001306,14,0.1044,0.1939,0.0783,0.5263,Current,none,0.0552,interest_rate (-0.54); combined_risk_index (-0.45),APPROVE,0.922
LN001306,15,0.112,0.1918,0.0779,0.5258,Current,none,0.0716,interest_rate (-0.53); combined_risk_index (-0.45),APPROVE,0.922
LN001306,16,0.146,0.2102,0.0764,0.5268,30DPD,none,0.2399,combined_risk_index (-0.42); current_status_Current (-0.34),APPROVE,0.924
LN001306,17,0.1098,0.177,0.0748,0.5237,Current,none,0.0994,interest_rate (-0.52); combined_risk_index (-0.44),APPROVE,0.925
LN001306,18,0.1018,0.1645,0.0746,0.523,Prepaid,none,0.1167,interest_rate (-0.52); combined_risk_index (-0.44),APPROVE,0.925
LN001306,19,0.5427,0.5226,0.1354,0.4879,Current,none,0.3597,current_status_Current (+1.46); interest_rate (-0.49),APPROVE,0.865
LN001308,7,0.0825,0.1532,0.0776,0.5318,Prepaid,none,0.03,interest_rate (-0.67); combined_risk_index (-0.54),APPROVE,0.922
LN001308,8,0.0835,0.1509,0.0807,0.5327,Prepaid,none,0.0329,interest_rate (-0.70); state_AZ (-0.44),APPROVE,0.919
LN001308,9,0.0834,0.164,0.0761,0.5345,Prepaid,source_conflict,0.1694,interest_rate (-0.68); combined_risk_index (-0.56),APPROVE,0.924
LN001308,10,0.0827,0.1724,0.0756,0.535,Prepaid,none,0.0439,interest_rate (-0.68); combined_risk_index (-0.55),APPROVE,0.924
LN001308,11,0.7108,0.7282,0.2516,0.4774,Current,none,0.3823,current_status_Current (+1.65); interest_rate (-0.72),WATCH_LIST,0.748
LN001309,15,0.1451,0.2006,0.0594,0.5213,Current,none,0.1381,state_OH (-0.65); combined_risk_index (-0.44),APPROVE,0.941
LN001309,16,0.1406,0.2309,0.0594,0.5216,Prepaid,none,0.1567,state_OH (-0.65); combined_risk_index (-0.44),APPROVE,0.941
LN001309,17,0.1315,0.2424,0.0593,0.5208,Current,none,0.1777,state_OH (-0.65); combined_risk_index (-0.44),APPROVE,0.941
LN001309,18,0.1348,0.235,0.0593,0.5221,Current,none,0.1907,state_OH (-0.65); combined_risk_index (-0.44),APPROVE,0.941
LN001309,19,0.1565,0.2218,0.0587,0.5221,Current,none,0.2148,state_OH (-0.65); combined_risk_index (-0.44),APPROVE,0.941
LN001309,20,0.1614,0.2149,0.0584,0.5221,Current,none,0.233,state_OH (-0.61); combined_risk_index (-0.44),APPROVE,0.942
LN001309,21,0.1615,0.2129,0.0584,0.5222,Current,none,0.2612,state_OH (-0.61); combined_risk_index (-0.44),APPROVE,0.942
LN001309,22,0.5258,0.5873,0.0646,0.4977,30DPD,none,0.3078,current_status_Current (+1.04); state_OH (-0.74),APPROVE,0.935
LN001309,23,0.5228,0.5803,0.0646,0.4977,30DPD,none,0.3248,current_status_Current (+1.04); state_OH (-0.74),APPROVE,0.935
LN001309,24,0.4623,0.5383,0.0691,0.4842,Current,none,0.5579,current_status_Current (+1.18); state_OH (-0.88),ESCALATE,0.931
LN001312,6,0.1276,0.2336,0.0975,0.5589,Prepaid,none,0.0076,current_status_Current (-0.28); interest_rate (-0.19),APPROVE,0.903
LN001312,7,0.137,0.2418,0.1037,0.5609,Prepaid,none,0.007,interest_rate (-0.28); current_status_Current (-0.27),APPROVE,0.896
LN001312,8,0.1265,0.2289,0.0937,0.5634,Prepaid,none,0.0102,current_status_Current (-0.28); interest_rate (-0.19),APPROVE,0.906
LN001312,9,0.1411,0.2393,0.1019,0.5638,Prepaid,stale_record,0.0591,current_status_Current (-0.28); interest_rate (-0.28),APPROVE,0.898
LN001312,10,0.136,0.245,0.1061,0.5643,Prepaid,none,0.0223,current_status_Current (-0.28); interest_rate (-0.27),APPROVE,0.894
LN001312,11,0.1363,0.2482,0.1044,0.5636,Prepaid,none,0.0378,current_status_Current (-0.27); interest_rate (-0.27),APPROVE,0.896
LN001312,12,0.1353,0.2481,0.1031,0.5641,Current,none,0.0396,current_status_Current (-0.27); interest_rate (-0.27),APPROVE,0.897
LN001312,13,0.1363,0.2495,0.1,0.5653,Prepaid,none,0.0442,current_status_Current (-0.27); interest_rate (-0.20),APPROVE,0.9
LN001312,14,0.5918,0.5572,0.1922,0.5346,Current,none,0.3036,current_status_Current (+1.16); interest_rate (-0.28),WATCH_LIST,0.808
LN001313,12,0.1493,0.2566,0.0783,0.5122,Current,none,0.0744,state_MI (-0.31); current_status_Current (-0.29),APPROVE,0.922
LN001313,13,0.1402,0.2454,0.0776,0.5111,Current,none,0.0395,state_MI (-0.31); current_status_Current (-0.31),APPROVE,0.922
LN001313,14,0.1695,0.2576,0.0778,0.5124,Current,none,0.2164,current_status_Current (-0.29); state_MI (-0.29),APPROVE,0.922
LN001313,15,0.1378,0.2253,0.0754,0.5103,Current,none,0.0676,current_status_Current (-0.30); state_MI (-0.29),APPROVE,0.925
LN001313,16,0.1309,0.2066,0.0743,0.5082,Current,none,0.0812,current_status_Current (-0.30); state_MI (-0.27),APPROVE,0.926
LN001313,17,0.1139,0.186,0.072,0.5073,Current,none,0.0973,combined_risk_index (-0.40); current_status_Current (-0.31),APPROVE,0.928
LN001313,18,0.1046,0.1761,0.0736,0.5039,Current,none,0.1146,current_status_Current (-0.31); state_MI (-0.27),APPROVE,0.926
LN001313,19,0.0821,0.1557,0.0694,0.5044,Current,none,0.1336,current_status_Current (-0.31); state_MI (-0.27),APPROVE,0.931
LN001313,20,0.0808,0.1535,0.0662,0.5044,Current,none,0.1584,month_index (-0.49); current_status_Current (-0.31),APPROVE,0.934
LN001313,21,0.0789,0.1562,0.0662,0.5039,Current,none,0.1828,month_index (-0.49); current_status_Current (-0.30),APPROVE,0.934
LN001313,22,0.0826,0.164,0.0655,0.5062,Current,none,0.2033,month_index (-0.49); combined_risk_index (-0.39),APPROVE,0.935
LN001313,23,0.0783,0.164,0.0674,0.5021,Current,none,0.2336,month_index (-0.49); current_status_Current (-0.29),APPROVE,0.933
LN001313,24,0.0772,0.164,0.0674,0.5008,Current,none,0.2462,month_index (-0.49); current_status_Current (-0.29),APPROVE,0.933
LN001313,25,0.0772,0.164,0.0674,0.5008,Current,none,0.2558,month_index (-0.49); current_status_Current (-0.29),APPROVE,0.933
LN001313,26,0.0782,0.1647,0.0669,0.4982,Current,stale_record,0.3343,month_index (-0.49); current_status_Current (-0.29),APPROVE,0.933
LN001313,27,0.0782,0.1627,0.0669,0.4982,Current,stale_record,0.3412,month_index (-0.49); current_status_Current (-0.29),APPROVE,0.933
LN001313,28,0.082,0.1675,0.0693,0.5016,Current,none,0.2737,month_index (-0.50); current_status_Current (-0.31),APPROVE,0.931
LN001313,29,0.0782,0.1632,0.066,0.4979,Current,none,0.2737,month_index (-0.49); seasoning_pct (-0.36),APPROVE,0.934
LN001313,30,0.0794,0.1628,0.066,0.4978,Current,none,0.2745,month_index (-0.49); seasoning_pct (-0.36),APPROVE,0.934
LN001313,31,0.0815,0.1633,0.0662,0.4978,Current,stale_record,0.3187,month_index (-0.49); seasoning_pct (-0.36),APPROVE,0.934
LN001314,17,0.1038,0.1861,0.0936,0.4414,Current,none,0.3617,monthly_interest_accrual (-0.62); seasoning_pct (-0.27),APPROVE,0.906
LN001314,18,0.0903,0.1823,0.0923,0.4414,Current,none,0.3697,monthly_interest_accrual (-0.62); seasoning_pct (-0.31),APPROVE,0.908
LN001314,19,0.0835,0.1705,0.0859,0.4411,Current,source_conflict,0.5143,monthly_interest_accrual (-0.61); seasoning_pct (-0.39),ESCALATE,0.914
LN001314,20,0.085,0.1639,0.0821,0.4411,Current,none,0.3915,monthly_interest_accrual (-0.58); month_index (-0.44),APPROVE,0.918
LN001314,21,0.0888,0.1862,0.0943,0.4388,Current,none,0.4095,month_index (-0.44); seasoning_pct (-0.35),ESCALATE,0.906
LN001314,22,0.0873,0.1753,0.0891,0.4423,Current,none,0.4165,month_index (-0.46); seasoning_pct (-0.39),ESCALATE,0.911
LN001317,17,0.1562,0.214,0.1492,0.5274,Prepaid,none,0.1045,interest_rate (-0.59); current_status_Current (-0.25),APPROVE,0.851
LN001317,18,0.1396,0.2057,0.1434,0.5274,Prepaid,none,0.1189,interest_rate (-0.59); current_status_Current (-0.25),APPROVE,0.857
LN001317,19,0.1013,0.1779,0.1335,0.5263,Prepaid,none,0.1357,interest_rate (-0.57); current_status_Current (-0.26),APPROVE,0.866
LN001317,20,0.1301,0.1856,0.1295,0.5184,Prepaid,stale_record,0.2055,interest_rate (-0.64); month_index (-0.39),APPROVE,0.871
LN001317,21,0.099,0.1721,0.1293,0.5315,Prepaid,none,0.1846,interest_rate (-0.57); month_index (-0.41),APPROVE,0.871
LN001317,22,0.6176,0.6127,0.2013,0.4923,60DPD,none,0.2588,current_status_Current (+1.00); interest_rate (-0.57),WATCH_LIST,0.799
LN001317,23,0.614,0.6031,0.1998,0.4906,60DPD,none,0.2822,current_status_Current (+0.99); interest_rate (-0.59),WATCH_LIST,0.8
LN001317,24,0.5989,0.597,0.1998,0.4936,60DPD,none,0.291,current_status_Current (+0.99); interest_rate (-0.59),WATCH_LIST,0.8
LN001317,25,0.7347,0.7151,0.3097,0.4877,Default,none,0.3653,current_status_Current (+1.39); month_index (-0.51),WATCH_LIST,0.69
LN001317,26,0.6626,0.6436,0.2318,0.4955,60DPD,source_conflict,0.5459,current_status_Current (+1.05); month_index (-0.34),ESCALATE,0.768
LN001317,27,0.5914,0.5819,0.1988,0.4935,60DPD,none,0.3126,current_status_Current (+0.99); interest_rate (-0.59),WATCH_LIST,0.801
LN001317,28,0.7217,0.7064,0.1977,0.495,60DPD,none,0.3423,current_status_Current (+0.96); state_IN (-0.71),WATCH_LIST,0.802
LN001317,29,0.0931,0.1685,0.1267,0.5327,Current,none,0.2822,interest_rate (-0.59); month_index (-0.41),APPROVE,0.873
LN001317,30,0.1186,0.2241,0.1383,0.5381,Prepaid,data_entry_error,0.5269,interest_rate (-0.60); month_index (-0.40),ESCALATE,0.862
LN001317,31,0.0934,0.1685,0.1267,0.5302,Current,none,0.2849,interest_rate (-0.59); month_index (-0.41),APPROVE,0.873
LN001321,20,0.0778,0.1487,0.1013,0.458,Current,none,0.167,month_index (-0.47); current_status_Current (-0.31),APPROVE,0.899
LN001321,21,0.0868,0.153,0.1128,0.4594,Current,none,0.1927,month_index (-0.46); current_status_Current (-0.29),APPROVE,0.887
LN001321,22,0.088,0.1575,0.1128,0.4594,Current,none,0.2168,month_index (-0.46); current_status_Current (-0.29),APPROVE,0.887
LN001321,23,0.088,0.1585,0.1128,0.4607,Current,stale_record,0.2871,month_index (-0.46); current_status_Current (-0.29),APPROVE,0.887
LN001321,24,0.0863,0.1585,0.1128,0.4596,Current,none,0.2545,month_index (-0.46); current_status_Current (-0.29),APPROVE,0.887
LN001321,25,0.0882,0.1585,0.1128,0.4596,Current,none,0.2627,month_index (-0.46); current_status_Current (-0.29),APPROVE,0.887
LN001321,26,0.5816,0.5518,0.2436,0.4316,Current,none,0.4593,current_status_Current (+1.21); month_index (-0.47),ESCALATE,0.756
LN001322,15,0.0904,0.1723,0.1077,0.4642,Current,none,0.1291,interest_rate (-0.39); state_CO (-0.37),APPROVE,0.892
LN001322,16,0.0762,0.1364,0.0907,0.462,Current,none,0.1033,interest_rate (-0.51); state_CO (-0.49),APPROVE,0.909
LN001322,17,0.0705,0.1288,0.0866,0.461,Current,source_conflict,0.2535,interest_rate (-0.51); state_CO (-0.49),APPROVE,0.913
LN001322,18,0.0935,0.1439,0.0913,0.4575,Current,suspicious_transition,0.3958,state_CO (-0.52); interest_rate (-0.48),APPROVE,0.909
LN001322,19,0.0649,0.1207,0.078,0.4621,Current,none,0.1515,interest_rate (-0.50); state_CO (-0.49),APPROVE,0.922
LN001322,20,0.0661,0.1146,0.0736,0.4621,Current,none,0.1745,interest_rate (-0.50); state_CO (-0.48),APPROVE,0.926
LN001322,21,0.4143,0.374,0.1077,0.4488,60DPD,none,0.2497,current_status_Current (+1.14); interest_rate (-0.55),APPROVE,0.892
LN001322,22,0.7052,0.6628,0.2878,0.4511,Current,none,0.4995,current_status_Current (+1.51); state_CO (-0.34),ESCALATE,0.712
LN001328,6,0.1311,0.2131,0.0612,0.5631,Prepaid,none,0.0724,combined_risk_index (-1.67); state_MN (-0.44),APPROVE,0.939
LN001328,7,0.1295,0.2154,0.0612,0.563,Current,none,0.0713,combined_risk_index (-1.67); state_MN (-0.44),APPROVE,0.939
LN001328,8,0.1298,0.2124,0.0612,0.5646,Current,none,0.0717,combined_risk_index (-1.68); state_MN (-0.44),APPROVE,0.939
LN001328,9,0.1297,0.2101,0.0615,0.5661,Current,none,0.078,combined_risk_index (-1.67); state_MN (-0.45),APPROVE,0.939
LN001328,10,0.1339,0.2107,0.0615,0.5687,Prepaid,none,0.0898,combined_risk_index (-1.68); state_MN (-0.45),APPROVE,0.939
LN001328,11,0.1469,0.2191,0.0615,0.5697,Prepaid,none,0.1028,combined_risk_index (-1.67); state_MN (-0.45),APPROVE,0.939
LN001328,12,0.1489,0.2241,0.0612,0.5707,Prepaid,none,0.1138,combined_risk_index (-1.67); state_MN (-0.45),APPROVE,0.939
LN001328,13,0.1368,0.2069,0.0612,0.5707,Prepaid,stale_record,0.1616,combined_risk_index (-1.66); state_MN (-0.45),APPROVE,0.939
LN001328,14,0.1365,0.1901,0.0611,0.5701,Prepaid,none,0.1315,combined_risk_index (-1.65); state_MN (-0.45),APPROVE,0.939
LN001328,15,0.1232,0.1772,0.0609,0.5692,Prepaid,none,0.1499,combined_risk_index (-1.65); state_MN (-0.45),APPROVE,0.939
LN001328,16,0.1104,0.172,0.0608,0.5683,Prepaid,none,0.1682,combined_risk_index (-1.65); state_MN (-0.45),APPROVE,0.939
LN001328,17,0.1011,0.1579,0.0603,0.5661,Prepaid,none,0.1837,combined_risk_index (-1.64); state_MN (-0.45),APPROVE,0.94
LN001328,18,0.096,0.1505,0.0602,0.5659,Prepaid,none,0.1989,combined_risk_index (-1.64); state_MN (-0.45),APPROVE,0.94
LN001328,19,0.09,0.1637,0.089,0.5522,Prepaid,none,0.2162,state_MN (-0.48); combined_risk_index (-0.33),APPROVE,0.911
LN001328,20,0.0836,0.1718,0.058,0.5498,Prepaid,data_entry_error,0.4164,combined_risk_index (-1.56); state_MN (-0.43),ESCALATE,0.942
LN001333,7,0.1346,0.2251,0.0833,0.491,Current,none,0.0166,ltv_risk_tier (-0.67); original_balance (-0.42),APPROVE,0.917
LN001333,8,0.1401,0.2233,0.0836,0.4919,Current,none,0.0218,ltv_risk_tier (-0.67); original_balance (-0.42),APPROVE,0.916
LN001333,9,0.1374,0.2269,0.0846,0.4936,Current,none,0.0267,ltv_risk_tier (-0.67); original_balance (-0.43),APPROVE,0.915
LN001333,10,0.1666,0.2655,0.0894,0.4857,Current,none,0.0659,ltv_risk_tier (-0.64); original_balance (-0.42),APPROVE,0.911
LN001333,11,0.1337,0.2597,0.0836,0.4935,Current,none,0.0465,ltv_risk_tier (-0.68); original_balance (-0.43),APPROVE,0.916
LN001333,12,0.1373,0.259,0.0818,0.4947,Current,none,0.0498,ltv_risk_tier (-0.68); original_balance (-0.43),APPROVE,0.918
LN001333,13,0.1533,0.2624,0.0814,0.496,Current,none,0.0546,ltv_risk_tier (-0.68); original_balance (-0.43),APPROVE,0.919
LN001333,14,0.1527,0.2484,0.0777,0.493,Current,none,0.0645,ltv_risk_tier (-0.68); original_balance (-0.42),APPROVE,0.922
LN001333,15,0.1487,0.2381,0.0758,0.4917,Current,none,0.0788,ltv_risk_tier (-0.68); original_balance (-0.42),APPROVE,0.924
LN001333,16,0.1795,0.2458,0.0752,0.4875,Current,source_conflict,0.3893,ltv_risk_tier (-0.69); combined_risk_index (-0.41),APPROVE,0.925
LN001333,17,0.1474,0.2011,0.0717,0.488,Prepaid,none,0.1082,ltv_risk_tier (-0.66); combined_risk_index (-0.42),APPROVE,0.928
LN001333,18,0.6282,0.5885,0.1184,0.476,Current,none,0.3615,current_status_Current (+1.05); ltv_risk_tier (-0.90),APPROVE,0.882
LN001343,7,0.2954,0.3928,0.2419,0.4821,30DPD,none,0.0285,combined_risk_index (+0.29); state_OK (-0.24),WATCH_LIST,0.758
LN001343,8,0.2797,0.3933,0.2414,0.4824,Prepaid,none,0.0311,combined_risk_index (+0.30); state_OK (-0.24),WATCH_LIST,0.759
LN001343,9,0.2948,0.3963,0.2467,0.4822,30DPD,none,0.0346,combined_risk_index (+0.30); interest_rate (+0.25),WATCH_LIST,0.753
LN001343,10,0.288,0.4065,0.2534,0.4827,30DPD,none,0.0442,combined_risk_index (+0.30); interest_rate (+0.26),WATCH_LIST,0.747
LN001343,11,0.3,0.4193,0.2537,0.4823,30DPD,none,0.0585,combined_risk_index (+0.30); interest_rate (+0.26),WATCH_LIST,0.746
LN001343,12,0.3034,0.4483,0.2656,0.4907,30DPD,stale_record,0.1308,combined_risk_index (+0.31); interest_rate (+0.26),WATCH_LIST,0.734
LN001343,13,0.2944,0.4113,0.2407,0.4866,30DPD,none,0.069,combined_risk_index (+0.30); interest_rate (+0.26),WATCH_LIST,0.759
LN001343,14,0.312,0.3909,0.2158,0.4865,30DPD,stale_record,0.1208,combined_risk_index (+0.29); interest_rate (+0.26),WATCH_LIST,0.784
LN001343,15,0.2981,0.3547,0.2013,0.4859,Prepaid,none,0.0946,combined_risk_index (+0.29); interest_rate (+0.26),WATCH_LIST,0.799
LN001343,16,0.2765,0.3303,0.1896,0.4834,Prepaid,none,0.1106,combined_risk_index (+0.29); interest_rate (+0.26),WATCH_LIST,0.81
LN001343,17,0.2368,0.2896,0.1731,0.4813,Prepaid,none,0.126,combined_risk_index (+0.29); interest_rate (+0.25),WATCH_LIST,0.827
LN001343,18,0.2102,0.2808,0.1661,0.4796,30DPD,none,0.1445,combined_risk_index (+0.29); interest_rate (+0.25),WATCH_LIST,0.834
LN001343,19,0.1618,0.2394,0.1481,0.4796,Prepaid,none,0.16,combined_risk_index (+0.30); interest_rate (+0.25),APPROVE,0.852
LN001343,20,0.1563,0.2356,0.1275,0.4796,Prepaid,none,0.1878,month_index (-0.42); combined_risk_index (+0.30),APPROVE,0.872
LN001343,21,0.1563,0.2534,0.1275,0.4795,Prepaid,none,0.2087,month_index (-0.42); seasoning_pct (-0.30),APPROVE,0.872
LN001343,22,0.1466,0.269,0.1275,0.4795,Prepaid,none,0.2319,month_index (-0.42); seasoning_pct (-0.31),APPROVE,0.872
LN001343,23,0.1466,0.2672,0.1259,0.4777,Prepaid,none,0.2595,month_index (-0.42); seasoning_pct (-0.31),APPROVE,0.874
LN001343,24,0.1458,0.269,0.1259,0.4788,Prepaid,none,0.2716,month_index (-0.42); seasoning_pct (-0.31),APPROVE,0.874
LN001343,25,0.1458,0.269,0.1259,0.4788,Prepaid,none,0.28,month_index (-0.42); seasoning_pct (-0.31),APPROVE,0.874
LN001343,26,0.1333,0.2603,0.1259,0.4796,Prepaid,none,0.2916,month_index (-0.42); seasoning_pct (-0.32),APPROVE,0.874
LN001343,27,0.1324,0.2585,0.1259,0.4797,Prepaid,none,0.2955,month_index (-0.42); seasoning_pct (-0.32),APPROVE,0.874
LN001343,28,0.1323,0.2569,0.1259,0.4797,Prepaid,none,0.2955,month_index (-0.42); seasoning_pct (-0.32),APPROVE,0.874
LN001343,29,0.6041,0.6087,0.1817,0.4696,60DPD,none,0.3207,current_status_Current (+0.69); month_index (-0.41),WATCH_LIST,0.818
LN001343,30,0.6045,0.6087,0.1817,0.4696,60DPD,none,0.3215,current_status_Current (+0.69); month_index (-0.41),WATCH_LIST,0.818
LN001343,31,0.6977,0.699,0.3439,0.4389,Current,none,0.4758,current_status_Current (+1.27); month_index (-0.46),ESCALATE,0.656
LN001345,18,0.1049,0.2029,0.0702,0.4964,Current,none,0.1159,state_OH (-1.02); monthly_interest_accrual (-0.48),APPROVE,0.93
LN001345,19,0.0916,0.1896,0.0682,0.4964,Current,none,0.1347,state_OH (-1.02); monthly_interest_accrual (-0.49),APPROVE,0.932
LN001345,20,0.0918,0.1885,0.0663,0.4964,Current,none,0.1613,state_OH (-0.98); monthly_interest_accrual (-0.49),APPROVE,0.934
LN001345,21,0.0909,0.1977,0.0663,0.495,Current,none,0.1875,state_OH (-0.98); monthly_interest_accrual (-0.49),APPROVE,0.934
LN001347,8,0.6932,0.6555,0.2671,0.4951,30DPD,none,0.2942,current_status_Current (+1.23); current_balance (-0.28),WATCH_LIST,0.733
LN001347,9,0.6538,0.6066,0.2527,0.5058,30DPD,none,0.1456,current_status_Current (+1.33); current_balance (-0.31),WATCH_LIST,0.747
LN001347,10,0.7404,0.7172,0.2937,0.499,60DPD,none,0.202,current_status_Current (+1.53); current_balance (-0.26),WATCH_LIST,0.706
LN001347,11,0.7283,0.7056,0.3008,0.4954,90DPD,stale_record,0.2563,current_status_Current (+1.52); remaining_term_months (-0.23),WATCH_LIST,0.699
LN001347,12,0.7254,0.7043,0.3092,0.4967,90DPD,none,0.2137,current_status_Current (+1.51); remaining_term_months (-0.23),WATCH_LIST,0.691
LN001347,13,0.71,0.6919,0.3517,0.4961,Default,none,0.2632,current_status_Current (+1.56); remaining_term_months (-0.40),ESCALATE,0.648
LN001347,14,0.7149,0.6981,0.3282,0.5031,Current,none,0.4098,current_status_Current (+1.56); remaining_term_months (-0.27),ESCALATE,0.672
LN001348,7,0.1431,0.2482,0.1102,0.5257,Current,none,0.0558,combined_risk_index (+0.30); current_status_Current (-0.29),APPROVE,0.89
LN001348,8,0.1431,0.251,0.1123,0.5228,Current,none,0.0559,combined_risk_index (+0.30); current_status_Current (-0.29),APPROVE,0.888
LN001348,9,0.1437,0.2521,0.1164,0.5236,Current,none,0.064,combined_risk_index (+0.30); current_status_Current (-0.29),APPROVE,0.884
LN001348,10,0.1434,0.2578,0.1168,0.5245,Current,none,0.0754,combined_risk_index (+0.31); current_status_Current (-0.29),APPROVE,0.883
LN001348,11,0.5962,0.5777,0.2554,0.4975,Current,none,0.3514,current_status_Current (+1.23); state_NC (+0.23),WATCH_LIST,0.745
LN001349,9,0.1603,0.2246,0.1165,0.5151,Current,none,0.0501,combined_risk_index (-0.49); current_status_Current (-0.32),APPROVE,0.884
LN001349,10,0.293,0.3839,0.1485,0.5356,Current,none,0.0614,current_status_Current (-0.28); state_PA (-0.21),APPROVE,0.851
LN001349,11,0.2801,0.3847,0.1365,0.5341,Current,stale_record,0.1189,current_status_Current (-0.29); state_PA (-0.20),APPROVE,0.864
LN001349,12,0.2534,0.3695,0.1232,0.536,Current,none,0.0816,current_status_Current (-0.29); state_PA (-0.20),APPROVE,0.877
LN001349,13,0.6096,0.6133,0.2821,0.5184,60DPD,none,0.145,current_status_Current (+1.19); days_past_due (-0.20),WATCH_LIST,0.718
LN001349,14,0.2296,0.3243,0.1123,0.5414,Prepaid,none,0.1058,current_status_Current (-0.28); seasoning_pct (-0.28),APPROVE,0.888
LN001349,15,0.2142,0.3116,0.1105,0.541,Prepaid,none,0.118,seasoning_pct (-0.29); current_status_Current (-0.28),APPROVE,0.889
LN001349,16,0.2151,0.2961,0.1105,0.5407,Prepaid,none,0.1397,seasoning_pct (-0.29); current_status_Current (-0.28),APPROVE,0.889
LN001349,17,0.2009,0.2807,0.1092,0.5373,Prepaid,none,0.1556,seasoning_pct (-0.29); current_status_Current (-0.28),APPROVE,0.891
LN001349,18,0.174,0.2734,0.1084,0.5366,Prepaid,none,0.1705,seasoning_pct (-0.30); current_status_Current (-0.28),APPROVE,0.892
LN001349,19,0.1514,0.2363,0.1043,0.5355,Prepaid,stale_record,0.233,seasoning_pct (-0.39); current_status_Current (-0.28),APPROVE,0.896
LN001349,20,0.1466,0.2294,0.0961,0.5355,Prepaid,none,0.2089,month_index (-0.45); seasoning_pct (-0.39),APPROVE,0.904
LN001349,21,0.1466,0.2294,0.0961,0.5355,Prepaid,none,0.2397,month_index (-0.45); seasoning_pct (-0.39),APPROVE,0.904
LN001349,22,0.169,0.3207,0.1123,0.515,Current,none,0.3841,month_index (-0.38); seasoning_pct (-0.32),APPROVE,0.888
LN001350,23,0.097,0.1605,0.0839,0.4625,Current,none,0.2357,month_index (-0.48); current_status_Current (-0.30),APPROVE,0.916
LN001358,6,0.142,0.2596,0.0905,0.5117,Current,stale_record,0.0528,interest_rate (-0.52); current_status_Current (-0.28),APPROVE,0.91
LN001358,7,0.1424,0.2567,0.089,0.5147,Current,none,0.0055,interest_rate (-0.53); current_status_Current (-0.28),APPROVE,0.911
LN001358,8,0.1446,0.2541,0.0883,0.5223,Current,none,0.0087,interest_rate (-0.53); current_status_Current (-0.28),APPROVE,0.912
LN001358,9,0.1526,0.2551,0.089,0.5226,Prepaid,none,0.0101,interest_rate (-0.52); current_status_Current (-0.28),APPROVE,0.911
LN001358,10,0.1417,0.2594,0.0924,0.5235,Current,none,0.0191,interest_rate (-0.51); current_status_Current (-0.28),APPROVE,0.908
LN001358,11,0.1432,0.2595,0.0915,0.5278,Current,stale_record,0.0793,interest_rate (-0.51); current_status_Current (-0.28),APPROVE,0.908
LN001358,12,0.1405,0.2591,0.0894,0.5285,Current,none,0.0393,interest_rate (-0.51); current_status_Current (-0.28),APPROVE,0.911
LN001358,13,0.1415,0.2574,0.0888,0.5279,Current,stale_record,0.091,interest_rate (-0.51); current_status_Current (-0.28),APPROVE,0.911
LN001358,14,0.1396,0.2555,0.0835,0.5287,Current,none,0.0515,interest_rate (-0.51); current_status_Current (-0.29),APPROVE,0.917
LN001358,15,0.1395,0.2374,0.0825,0.5279,Current,none,0.069,interest_rate (-0.50); current_status_Current (-0.28),APPROVE,0.917
LN001358,16,0.1352,0.2163,0.0802,0.5262,Current,none,0.0824,interest_rate (-0.49); current_status_Current (-0.28),APPROVE,0.92
LN001358,17,0.1176,0.1902,0.0786,0.5246,Current,none,0.0971,interest_rate (-0.49); current_status_Current (-0.29),APPROVE,0.921
LN001358,18,0.1034,0.1853,0.0782,0.5237,Current,none,0.1162,interest_rate (-0.50); current_status_Current (-0.29),APPROVE,0.922
LN001358,19,0.0856,0.1634,0.073,0.5229,Prepaid,none,0.1327,interest_rate (-0.50); current_status_Current (-0.29),APPROVE,0.927
LN001358,20,0.1177,0.2,0.078,0.5109,Prepaid,none,0.2987,month_index (-0.34); current_status_Current (-0.30),APPROVE,0.922
LN001358,21,0.086,0.1686,0.0691,0.5224,Current,none,0.1816,interest_rate (-0.51); month_index (-0.49),APPROVE,0.931
LN001358,22,0.0838,0.1758,0.0691,0.5224,Current,none,0.2106,interest_rate (-0.51); month_index (-0.49),APPROVE,0.931
LN001358,23,0.083,0.1746,0.0706,0.5206,Current,none,0.2405,interest_rate (-0.52); month_index (-0.49),APPROVE,0.929
LN001358,24,0.0819,0.1746,0.0708,0.5194,Current,stale_record,0.2989,interest_rate (-0.51); month_index (-0.49),APPROVE,0.929
LN001358,25,0.0822,0.1761,0.0708,0.5194,Current,none,0.2633,interest_rate (-0.51); month_index (-0.49),APPROVE,0.929
LN001358,26,0.5589,0.572,0.1088,0.4847,60DPD,none,0.2999,current_status_Current (+1.17); month_index (-0.45),APPROVE,0.891
LN001358,27,0.0793,0.1732,0.0706,0.5194,Current,stale_record,0.3276,interest_rate (-0.51); month_index (-0.49),APPROVE,0.929
LN001358,28,0.5048,0.5397,0.1107,0.4857,Current,none,0.4581,current_status_Current (+1.16); interest_rate (-0.52),ESCALATE,0.889
LN001364,10,0.1126,0.2,0.0626,0.5426,Current,none,0.0232,combined_risk_index (-1.41); current_status_Current (-0.27),APPROVE,0.937
LN001364,11,0.1335,0.2276,0.0635,0.5407,Prepaid,suspicious_transition,0.1986,combined_risk_index (-1.40); current_status_Current (-0.27),APPROVE,0.937
LN001364,12,0.1129,0.2166,0.0652,0.5315,Current,none,0.2119,combined_risk_index (-1.40); current_status_Current (-0.29),APPROVE,0.935
LN001364,13,0.1173,0.2101,0.0627,0.5435,Prepaid,stale_record,0.09,combined_risk_index (-1.38); current_status_Current (-0.27),APPROVE,0.937
LN001364,14,0.1129,0.208,0.0629,0.544,Current,source_conflict,0.1877,combined_risk_index (-1.37); current_status_Current (-0.27),APPROVE,0.937
LN001364,15,0.1275,0.2437,0.0639,0.536,Current,none,0.1016,combined_risk_index (-1.35); current_status_Current (-0.26),APPROVE,0.936
LN001364,16,0.1071,0.176,0.0622,0.543,Current,none,0.0809,combined_risk_index (-1.37); current_status_Current (-0.27),APPROVE,0.938
LN001364,17,0.0927,0.1542,0.0619,0.5406,Current,none,0.0975,combined_risk_index (-1.36); current_status_Current (-0.28),APPROVE,0.938
LN001364,18,0.089,0.1476,0.0619,0.5431,Current,none,0.1153,combined_risk_index (-1.36); current_status_Current (-0.28),APPROVE,0.938
LN001364,19,0.5137,0.4717,0.0829,0.5159,Current,none,0.3591,combined_risk_index (-1.28); current_status_Current (+1.17),APPROVE,0.917
LN001365,13,0.2052,0.2765,0.091,0.5378,Current,none,0.0933,interest_rate (-0.59); combined_risk_index (+0.33),APPROVE,0.909
LN001365,14,0.2116,0.2679,0.0885,0.5379,Current,none,0.1024,interest_rate (-0.59); combined_risk_index (+0.32),APPROVE,0.912
LN001365,15,0.5999,0.5446,0.1561,0.4923,Prepaid,none,0.1731,current_status_Current (+1.04); interest_rate (-0.59),WATCH_LIST,0.844
LN001365,16,0.1998,0.2348,0.0917,0.5372,Current,none,0.1382,interest_rate (-0.57); seasoning_pct (-0.33),APPROVE,0.908
LN001365,17,0.5741,0.537,0.1832,0.502,Current,none,0.496,current_status_Current (+1.14); combined_risk_index (+0.20),ESCALATE,0.817
LN001366,10,0.3041,0.4354,0.1106,0.4911,Current,none,0.0843,combined_risk_index (+0.29); seasoning_pct (-0.29),APPROVE,0.889
LN001366,11,0.3135,0.4426,0.1125,0.4908,Current,none,0.0931,seasoning_pct (-0.29); combined_risk_index (+0.29),APPROVE,0.888
LN001366,12,0.3113,0.4475,0.1123,0.4931,Current,none,0.0931,seasoning_pct (-0.30); combined_risk_index (+0.29),APPROVE,0.888
LN001366,13,0.2792,0.4457,0.1106,0.493,Current,none,0.1027,seasoning_pct (-0.34); combined_risk_index (+0.29),APPROVE,0.889
LN001366,14,0.1937,0.3647,0.0908,0.4797,Current,none,0.153,interest_rate (+0.33); seasoning_pct (-0.31),APPROVE,0.909
LN001366,15,0.3138,0.4457,0.1052,0.4926,Current,none,0.1345,seasoning_pct (-0.42); combined_risk_index (+0.29),APPROVE,0.895
LN001366,16,0.3276,0.4757,0.1051,0.4908,Current,none,0.1543,seasoning_pct (-0.42); combined_risk_index (+0.29),APPROVE,0.895
LN001366,17,0.2031,0.3867,0.0836,0.4733,Current,stale_record,0.2221,seasoning_pct (-0.39); interest_rate (+0.32),APPROVE,0.916
LN001366,18,0.3449,0.4749,0.1047,0.4878,Current,none,0.1895,seasoning_pct (-0.42); combined_risk_index (+0.29),APPROVE,0.895
LN001366,19,0.3874,0.435,0.0964,0.4878,Current,none,0.2134,seasoning_pct (-0.42); combined_risk_index (+0.29),APPROVE,0.904
LN001366,20,0.3809,0.4245,0.0897,0.4878,Current,none,0.2318,month_index (-0.48); seasoning_pct (-0.42),APPROVE,0.91
LN001366,21,0.3785,0.4245,0.0897,0.4878,Current,none,0.2626,month_index (-0.48); seasoning_pct (-0.42),APPROVE,0.91
LN001366,22,0.3681,0.4293,0.0897,0.4878,Current,none,0.2745,month_index (-0.48); seasoning_pct (-0.42),APPROVE,0.91
LN001366,23,0.382,0.4449,0.0955,0.4899,Current,none,0.2939,month_index (-0.46); seasoning_pct (-0.41),APPROVE,0.905
LN001366,24,0.3681,0.4293,0.0897,0.4867,Current,none,0.3031,month_index (-0.48); seasoning_pct (-0.42),APPROVE,0.91
LN001366,25,0.3681,0.4293,0.0897,0.4867,Current,stale_record,0.3545,month_index (-0.48); seasoning_pct (-0.42),APPROVE,0.91
LN001366,26,0.3681,0.4293,0.0897,0.4867,Current,none,0.3122,month_index (-0.48); seasoning_pct (-0.42),APPROVE,0.91
LN001366,27,0.3711,0.4293,0.0897,0.4867,Current,none,0.3139,month_index (-0.48); seasoning_pct (-0.42),APPROVE,0.91
LN001366,28,0.3711,0.4293,0.0897,0.4867,Current,none,0.3139,month_index (-0.48); seasoning_pct (-0.42),APPROVE,0.91
LN001366,29,0.3711,0.4293,0.0897,0.4867,Current,none,0.3139,month_index (-0.48); seasoning_pct (-0.42),APPROVE,0.91
LN001366,30,0.3711,0.4293,0.0897,0.4861,Current,none,0.3139,month_index (-0.48); seasoning_pct (-0.42),APPROVE,0.91
LN001366,31,0.2826,0.4451,0.0909,0.5029,30DPD,data_entry_error,0.546,seasoning_pct (-0.39); month_index (-0.37),ESCALATE,0.909
LN001366,32,0.3711,0.4293,0.0897,0.4861,Current,none,0.3139,month_index (-0.48); seasoning_pct (-0.42),APPROVE,0.91
LN001366,33,0.6731,0.6329,0.1269,0.4655,60DPD,none,0.3402,current_status_Current (+0.88); month_index (-0.45),APPROVE,0.873
LN001366,34,0.6779,0.654,0.1291,0.4544,60DPD,source_conflict,0.4752,current_status_Current (+0.86); month_index (-0.47),ESCALATE,0.871
LN001369,28,0.0925,0.1478,0.076,0.458,Current,source_conflict,0.4642,original_balance (-1.68); month_index (-0.39),ESCALATE,0.924
LN001372,14,0.6023,0.6372,0.132,0.5092,30DPD,none,0.1081,state_OH (-1.23); current_status_Current (+0.76),APPROVE,0.868
LN001372,15,0.7356,0.7242,0.1554,0.5393,60DPD,none,0.2136,state_OH (-1.12); current_status_Current (+1.08),WATCH_LIST,0.845
LN001372,16,0.7391,0.7103,0.2478,0.5294,Default,none,0.2363,current_status_Current (+1.25); state_OH (-1.08),WATCH_LIST,0.752
LN001372,17,0.7225,0.6947,0.1751,0.5336,90DPD,none,0.1993,current_status_Current (+1.21); state_OH (-1.10),WATCH_LIST,0.825
LN001372,18,0.7211,0.6954,0.1748,0.5332,90DPD,none,0.2089,current_status_Current (+1.21); state_OH (-1.10),WATCH_LIST,0.825
LN001372,19,0.5604,0.5914,0.0977,0.5072,30DPD,none,0.1822,state_OH (-1.23); current_status_Current (+0.83),APPROVE,0.902
LN001372,20,0.5657,0.5897,0.0917,0.5061,60DPD,none,0.2066,state_OH (-1.15); current_status_Current (+0.83),APPROVE,0.908
LN001372,21,0.1823,0.2502,0.0751,0.5081,Prepaid,none,0.1844,state_OH (-0.94); month_index (-0.47),APPROVE,0.925
LN001372,22,0.1832,0.2626,0.0751,0.5081,Prepaid,none,0.203,state_OH (-0.94); month_index (-0.47),APPROVE,0.925
LN001372,23,0.1849,0.2645,0.0782,0.5065,Prepaid,none,0.2314,state_OH (-0.83); month_index (-0.47),APPROVE,0.922
LN001372,24,0.1837,0.2645,0.0782,0.5117,Prepaid,none,0.2434,state_OH (-0.83); month_index (-0.47),APPROVE,0.922
LN001372,25,0.183,0.2609,0.0777,0.5113,Prepaid,none,0.2522,state_OH (-0.83); month_index (-0.47),APPROVE,0.922
LN001372,26,0.1881,0.3444,0.0869,0.4911,Current,none,0.3771,state_OH (-0.68); combined_risk_index (+0.38),APPROVE,0.913
LN001372,27,0.1686,0.2579,0.0777,0.5113,Prepaid,none,0.2676,state_OH (-0.83); month_index (-0.47),APPROVE,0.922
LN001372,28,0.1686,0.2595,0.0777,0.5112,Prepaid,stale_record,0.3126,state_OH (-0.83); month_index (-0.47),APPROVE,0.922
LN001372,29,0.1666,0.2602,0.077,0.5109,Prepaid,none,0.2676,state_OH (-0.83); month_index (-0.47),APPROVE,0.923
LN001372,30,0.1666,0.2602,0.077,0.5109,Prepaid,none,0.2683,state_OH (-0.83); month_index (-0.47),APPROVE,0.923
LN001376,9,0.26,0.3651,0.1522,0.4519,30DPD,none,0.0223,monthly_interest_accrual (-0.63); interest_rate (-0.46),WATCH_LIST,0.848
LN001376,10,0.2673,0.3661,0.1542,0.4563,30DPD,none,0.0284,monthly_interest_accrual (-0.62); interest_rate (-0.45),WATCH_LIST,0.846
LN001376,11,0.27,0.3535,0.1598,0.455,Current,none,0.0433,monthly_interest_accrual (-0.58); interest_rate (-0.44),WATCH_LIST,0.84
LN001376,12,0.2596,0.3505,0.1567,0.4603,Current,none,0.0469,monthly_interest_accrual (-0.58); interest_rate (-0.45),WATCH_LIST,0.843
LN001376,13,0.2672,0.3507,0.1551,0.4626,Current,none,0.0522,monthly_interest_accrual (-0.58); interest_rate (-0.45),WATCH_LIST,0.845
LN001376,14,0.2666,0.3472,0.144,0.4645,Current,none,0.058,monthly_interest_accrual (-0.58); interest_rate (-0.46),APPROVE,0.856
LN001376,15,0.6214,0.6076,0.2107,0.4457,Current,stale_record,0.3863,current_status_Current (+0.99); monthly_interest_accrual (-0.60),WATCH_LIST,0.789
LN001379,11,0.1491,0.2519,0.1117,0.5075,Prepaid,none,0.0901,state_MN (-0.57); interest_rate (-0.43),APPROVE,0.888
LN001379,12,0.1702,0.2511,0.1017,0.4943,Current,none,0.0973,interest_rate (-0.75); state_MN (-0.48),APPROVE,0.898
LN001379,13,0.1297,0.2287,0.0984,0.5088,Prepaid,none,0.111,state_MN (-0.57); interest_rate (-0.43),APPROVE,0.902
LN001379,14,0.1311,0.2236,0.0953,0.5082,Prepaid,none,0.1211,state_MN (-0.57); interest_rate (-0.44),APPROVE,0.905
LN001379,15,0.1284,0.2144,0.091,0.5081,Current,none,0.1341,state_MN (-0.57); interest_rate (-0.43),APPROVE,0.909
LN001379,16,0.1199,0.1904,0.0899,0.5069,Current,none,0.1586,state_MN (-0.55); interest_rate (-0.42),APPROVE,0.91
LN001379,17,0.1153,0.1703,0.0878,0.5055,Current,none,0.1735,state_MN (-0.55); interest_rate (-0.42),APPROVE,0.912
LN001379,18,0.0967,0.1619,0.0872,0.5062,Current,none,0.1873,state_MN (-0.55); interest_rate (-0.42),APPROVE,0.913
LN001379,19,0.0895,0.1675,0.0827,0.5159,Current,none,0.348,seasoning_pct (-0.34); current_status_Current (-0.30),APPROVE,0.917
LN001379,20,0.083,0.145,0.0795,0.5049,Current,none,0.231,state_MN (-0.52); month_index (-0.47),APPROVE,0.92
LN001379,21,0.6158,0.5803,0.1397,0.4671,60DPD,stale_record,0.3419,current_status_Current (+1.13); state_MN (-0.57),APPROVE,0.86
LN001379,22,0.7074,0.6896,0.2797,0.4521,Current,stale_record,0.5195,current_status_Current (+1.63); state_MN (-0.64),ESCALATE,0.72
LN001380,12,0.5977,0.5659,0.314,0.4995,Current,none,0.2877,current_status_Current (+1.06); monthly_interest_accrual (-0.26),WATCH_LIST,0.686
LN001387,12,0.2264,0.4561,0.1496,0.5465,Current,none,0.0857,monthly_interest_accrual (-0.32); occupancy_type_Second_Home (+0.30),APPROVE,0.85
LN001387,13,0.5647,0.63,0.2768,0.5331,Current,none,0.3422,current_status_Current (+1.07); monthly_interest_accrual (-0.35),WATCH_LIST,0.723
LN001388,16,0.5774,0.5506,0.1983,0.513,Current,none,0.3351,current_status_Current (+1.28); days_past_due (-0.20),WATCH_LIST,0.802
LN001394,7,0.1736,0.276,0.1352,0.5157,Current,none,0.0028,state_AZ (-0.54); current_status_Current (-0.25),APPROVE,0.865
LN001394,8,0.3784,0.5238,0.195,0.4722,90DPD,none,0.0051,state_AZ (-0.42); combined_risk_index (+0.25),WATCH_LIST,0.805
LN001394,9,0.3836,0.527,0.1973,0.4701,90DPD,none,0.0074,state_AZ (-0.42); combined_risk_index (+0.25),WATCH_LIST,0.803
LN001394,10,0.6965,0.7028,0.2813,0.4493,Current,none,0.2663,current_status_Current (+0.83); state_AZ (-0.43),WATCH_LIST,0.719
LN001396,11,0.6304,0.6192,0.1923,0.4546,60DPD,none,0.0822,current_status_Current (+1.27); combined_risk_index (-0.54),WATCH_LIST,0.808
LN001396,12,0.7088,0.7065,0.277,0.4331,Default,none,0.1389,current_status_Current (+1.54); combined_risk_index (-0.57),WATCH_LIST,0.723
LN001396,13,0.7273,0.7164,0.3248,0.423,Default,stale_record,0.2458,current_status_Current (+1.54); combined_risk_index (-0.69),WATCH_LIST,0.675
LN001396,14,0.6399,0.6279,0.18,0.4593,Current,none,0.3043,current_status_Current (+1.25); combined_risk_index (-0.54),WATCH_LIST,0.82
LN001397,7,0.144,0.2369,0.0832,0.5055,Prepaid,none,0.0163,combined_risk_index (-1.21); interest_rate (-0.56),APPROVE,0.917
LN001397,8,0.6704,0.6302,0.1975,0.4759,30DPD,none,0.0688,current_status_Current (+1.21); combined_risk_index (-1.03),WATCH_LIST,0.802
LN001397,9,0.1268,0.2129,0.0821,0.5074,Current,none,0.0253,combined_risk_index (-1.22); interest_rate (-0.55),APPROVE,0.918
LN001397,10,0.1272,0.2069,0.0856,0.5084,Current,none,0.031,combined_risk_index (-1.23); interest_rate (-0.56),APPROVE,0.914
LN001397,11,0.1245,0.2024,0.0859,0.5096,Current,none,0.0453,combined_risk_index (-1.22); interest_rate (-0.55),APPROVE,0.914
LN001397,12,0.1053,0.1916,0.0856,0.5137,Current,stale_record,0.0927,combined_risk_index (-1.22); interest_rate (-0.54),APPROVE,0.914
LN001397,13,0.105,0.1914,0.0851,0.5134,Current,none,0.0547,combined_risk_index (-1.21); interest_rate (-0.54),APPROVE,0.915
LN001397,14,0.1149,0.2082,0.085,0.5093,Current,none,0.0946,combined_risk_index (-1.19); interest_rate (-0.51),APPROVE,0.915
LN001397,15,0.6331,0.59,0.1745,0.4734,30DPD,none,0.1302,current_status_Current (+1.25); combined_risk_index (-1.00),WATCH_LIST,0.825
LN001397,16,0.1257,0.1952,0.1038,0.4826,Current,none,0.2391,combined_risk_index (-1.11); current_status_Current (-0.31),APPROVE,0.896
LN001397,17,0.093,0.1487,0.081,0.5078,Current,none,0.1056,combined_risk_index (-1.19); interest_rate (-0.55),APPROVE,0.919
LN001397,18,0.0913,0.1445,0.0809,0.5094,Current,stale_record,0.1675,combined_risk_index (-1.19); interest_rate (-0.55),APPROVE,0.919
LN001397,19,0.0757,0.1363,0.0767,0.5093,Current,none,0.1411,combined_risk_index (-1.17); interest_rate (-0.55),APPROVE,0.923
LN001397,20,0.0761,0.1345,0.0727,0.5093,Current,stale_record,0.2116,combined_risk_index (-1.17); interest_rate (-0.59),APPROVE,0.927
LN001400,8,0.1142,0.2401,0.0976,0.5249,Current,none,0.0085,combined_risk_index (-0.52); current_status_Current (-0.29),APPROVE,0.902
LN001400,9,0.1145,0.2404,0.0961,0.525,Current,none,0.0116,combined_risk_index (-0.51); current_status_Current (-0.29),APPROVE,0.904
LN001400,10,0.1176,0.2416,0.0955,0.5249,Current,none,0.0179,combined_risk_index (-0.53); current_status_Current (-0.29),APPROVE,0.905
LN001400,11,0.1182,0.2427,0.0912,0.525,Prepaid,none,0.0328,combined_risk_index (-0.54); ltv_risk_tier (-0.31),APPROVE,0.909
LN001400,12,0.1207,0.2369,0.0883,0.5276,Prepaid,none,0.038,combined_risk_index (-0.54); ltv_risk_tier (-0.31),APPROVE,0.912
LN001400,13,0.1251,0.2365,0.0877,0.527,Prepaid,none,0.043,combined_risk_index (-0.54); ltv_risk_tier (-0.31),APPROVE,0.912
LN001400,14,0.1493,0.2327,0.0849,0.527,Current,none,0.053,ltv_risk_tier (-0.34); current_status_Current (-0.27),APPROVE,0.915
LN001400,15,0.1539,0.2325,0.0917,0.5266,Prepaid,none,0.0713,ltv_risk_tier (-0.31); current_status_Current (-0.26),APPROVE,0.908
LN001400,16,0.1448,0.2111,0.0835,0.5198,Current,suspicious_transition,0.2568,combined_risk_index (-0.51); ltv_risk_tier (-0.32),APPROVE,0.916
LN001400,17,0.1086,0.1814,0.0813,0.5185,Current,stale_record,0.168,combined_risk_index (-0.52); ltv_risk_tier (-0.30),APPROVE,0.919
LN001400,18,0.1047,0.1735,0.081,0.5167,Current,none,0.1172,combined_risk_index (-0.52); ltv_risk_tier (-0.30),APPROVE,0.919
LN001400,19,0.0841,0.1514,0.077,0.5169,Current,none,0.1365,combined_risk_index (-0.50); ltv_risk_tier (-0.30),APPROVE,0.923
LN001400,20,0.6187,0.5849,0.1219,0.4889,60DPD,none,0.2114,current_status_Current (+1.18); month_index (-0.45),APPROVE,0.878
LN001400,21,0.6188,0.5918,0.1219,0.4891,60DPD,stale_record,0.3025,current_status_Current (+1.17); month_index (-0.45),APPROVE,0.878
LN001400,22,0.7205,0.6979,0.1342,0.4802,60DPD,none,0.2851,current_status_Current (+1.22); month_index (-0.54),APPROVE,0.866
LN001400,23,0.7211,0.703,0.1342,0.4789,60DPD,none,0.3026,current_status_Current (+1.22); month_index (-0.54),APPROVE,0.866
LN001400,24,0.0861,0.1682,0.0753,0.5134,Prepaid,none,0.2458,month_index (-0.44); ltv_risk_tier (-0.33),APPROVE,0.925
LN001400,25,0.569,0.5705,0.1163,0.4876,Current,none,0.443,current_status_Current (+1.13); month_index (-0.45),ESCALATE,0.884
LN001404,9,0.4298,0.466,0.2142,0.5139,Default,none,0.0233,state_TN (-0.62); combined_risk_index (+0.39),WATCH_LIST,0.786
LN001404,10,0.4396,0.466,0.2139,0.5171,Default,none,0.0319,state_TN (-0.62); combined_risk_index (+0.39),WATCH_LIST,0.786
LN001404,11,0.4424,0.4554,0.2181,0.5181,Default,none,0.0484,state_TN (-0.59); combined_risk_index (+0.39),WATCH_LIST,0.782
LN001404,12,0.4489,0.4664,0.2172,0.5199,30DPD,none,0.0544,state_TN (-0.59); combined_risk_index (+0.39),WATCH_LIST,0.783
LN001404,13,0.394,0.4551,0.2074,0.5197,30DPD,none,0.0594,state_TN (-0.59); combined_risk_index (+0.39),WATCH_LIST,0.793
LN001404,14,0.2378,0.3989,0.154,0.5269,Current,stale_record,0.2612,state_TN (-0.60); combined_risk_index (+0.30),WATCH_LIST,0.846
LN001404,15,0.2895,0.4096,0.185,0.5451,30DPD,data_entry_error,0.2531,state_TN (-0.52); combined_risk_index (+0.40),WATCH_LIST,0.815
LN001404,16,0.3653,0.4062,0.1653,0.5179,Current,none,0.0988,state_TN (-0.59); combined_risk_index (+0.39),WATCH_LIST,0.835
LN001404,17,0.3406,0.38,0.1555,0.5186,Current,source_conflict,0.2489,state_TN (-0.59); combined_risk_index (+0.39),WATCH_LIST,0.844
LN001404,18,0.2986,0.3811,0.1412,0.5277,Current,stale_record,0.2176,state_TN (-0.62); combined_risk_index (+0.46),APPROVE,0.859
LN001404,19,0.2442,0.3065,0.1386,0.5183,Current,stale_record,0.1988,state_TN (-0.57); combined_risk_index (+0.41),APPROVE,0.861
LN001404,20,0.6555,0.6332,0.2009,0.4864,Current,none,0.3936,current_status_Current (+1.05); state_TN (-0.56),WATCH_LIST,0.799
LN001405,19,0.1044,0.1845,0.0684,0.497,Current,none,0.1428,combined_risk_index (-0.63); interest_rate (-0.41),APPROVE,0.932
LN001405,20,0.1032,0.1752,0.0656,0.497,Current,none,0.1697,combined_risk_index (-0.63); month_index (-0.44),APPROVE,0.934
LN001405,21,0.1032,0.1814,0.0658,0.4967,Current,none,0.1936,combined_risk_index (-0.63); month_index (-0.44),APPROVE,0.934
LN001405,22,0.6045,0.6114,0.1062,0.4621,Current,source_conflict,0.5495,current_status_Current (+1.30); combined_risk_index (-0.49),ESCALATE,0.894
LN001407,15,0.1014,0.1435,0.0606,0.4604,Current,stale_record,0.1215,combined_risk_index (-1.36); ltv_risk_tier (-0.86),APPROVE,0.939
LN001407,16,0.1135,0.1351,0.0603,0.4587,Current,none,0.0889,combined_risk_index (-1.36); ltv_risk_tier (-0.86),APPROVE,0.94
LN001407,17,0.1035,0.1284,0.0603,0.4562,Current,none,0.1063,combined_risk_index (-1.34); ltv_risk_tier (-0.85),APPROVE,0.94
LN001407,18,0.1039,0.1561,0.085,0.471,Current,none,0.1232,combined_risk_index (-0.44); current_status_Current (-0.35),APPROVE,0.915
LN001407,19,0.5584,0.4514,0.0785,0.4424,Current,stale_record,0.417,current_status_Current (+1.28); combined_risk_index (-1.20),ESCALATE,0.922
LN001412,7,0.166,0.3551,0.1571,0.5006,Current,none,0.1277,monthly_interest_accrual (+0.31); original_balance (+0.31),WATCH_LIST,0.843
LN001412,8,0.177,0.3623,0.1575,0.5042,Current,none,0.1242,monthly_interest_accrual (+0.32); original_balance (+0.30),WATCH_LIST,0.843
LN001412,9,0.2062,0.378,0.153,0.5113,Current,stale_record,0.1749,monthly_interest_accrual (+0.32); original_balance (+0.29),WATCH_LIST,0.847
LN001412,10,0.5843,0.6252,0.2765,0.469,Current,none,0.3937,current_status_Current (+1.24); monthly_interest_accrual (+0.43),WATCH_LIST,0.723
LN001415,11,0.6418,0.612,0.1759,0.5202,Current,none,0.3196,current_status_Current (+1.19); ltv_risk_tier (-0.31),WATCH_LIST,0.824
LN001417,14,0.1228,0.1689,0.1315,0.5404,Prepaid,none,0.1947,state_FL (-0.61); current_status_Current (-0.30),APPROVE,0.868
LN001417,15,0.0912,0.1277,0.0666,0.5386,Prepaid,none,0.203,combined_risk_index (-0.84); state_FL (-0.58),APPROVE,0.933
LN001417,16,0.0835,0.1233,0.0658,0.5384,Prepaid,none,0.2157,combined_risk_index (-0.84); state_FL (-0.58),APPROVE,0.934
LN001417,17,0.0747,0.1172,0.0649,0.5382,Prepaid,source_conflict,0.3648,combined_risk_index (-0.83); state_FL (-0.58),APPROVE,0.935
LN001417,18,0.0708,0.1137,0.0648,0.5383,Prepaid,none,0.2439,combined_risk_index (-0.83); state_FL (-0.58),APPROVE,0.935
LN001417,19,0.0627,0.1091,0.0636,0.5403,Prepaid,none,0.261,combined_risk_index (-0.81); state_FL (-0.58),APPROVE,0.936
LN001417,20,0.0628,0.1098,0.0622,0.5403,Prepaid,none,0.2842,combined_risk_index (-0.81); state_FL (-0.50),APPROVE,0.938
LN001417,21,0.0632,0.1141,0.0622,0.5404,Prepaid,none,0.3011,combined_risk_index (-0.81); state_FL (-0.50),APPROVE,0.938
LN001417,22,0.3517,0.3724,0.0813,0.5311,60DPD,none,0.3424,current_status_Current (+1.25); combined_risk_index (-0.71),APPROVE,0.919
LN001417,23,0.2951,0.3494,0.0813,0.5374,Current,none,0.5131,current_status_Current (+1.25); combined_risk_index (-0.71),ESCALATE,0.919
LN001418,7,0.1812,0.2889,0.103,0.5292,Prepaid,none,0.0148,state_MN (-0.41); current_status_Current (-0.29),APPROVE,0.897
LN001418,8,0.1609,0.2895,0.1023,0.5295,Prepaid,none,0.0166,state_MN (-0.43); current_status_Current (-0.30),APPROVE,0.898
LN001418,9,0.1431,0.2728,0.0968,0.5317,Prepaid,source_conflict,0.1529,state_MN (-0.43); combined_risk_index (-0.28),APPROVE,0.903
LN001418,10,0.1417,0.2718,0.0968,0.5325,Prepaid,none,0.0271,state_MN (-0.43); current_status_Current (-0.28),APPROVE,0.903
LN001418,11,0.1431,0.2737,0.0958,0.5352,Prepaid,none,0.0421,state_MN (-0.43); combined_risk_index (-0.29),APPROVE,0.904
LN001418,12,0.1488,0.2729,0.0943,0.537,Prepaid,none,0.0485,state_MN (-0.43); combined_risk_index (-0.29),APPROVE,0.906
LN001418,13,0.142,0.2732,0.0937,0.5369,Prepaid,none,0.0541,state_MN (-0.43); combined_risk_index (-0.30),APPROVE,0.906
LN001418,14,0.1299,0.2416,0.0915,0.5371,Prepaid,stale_record,0.134,state_MN (-0.41); combined_risk_index (-0.29),APPROVE,0.908
LN001418,15,0.1221,0.2238,0.0894,0.5356,Prepaid,none,0.0829,state_MN (-0.41); combined_risk_index (-0.29),APPROVE,0.911
LN001418,16,0.1172,0.2113,0.0858,0.5344,Prepaid,none,0.0991,state_MN (-0.41); combined_risk_index (-0.29),APPROVE,0.914
LN001418,17,0.1063,0.188,0.0817,0.5326,Prepaid,none,0.1136,state_MN (-0.41); combined_risk_index (-0.29),APPROVE,0.918
LN001418,18,0.0988,0.1792,0.0814,0.5318,Prepaid,none,0.1271,state_MN (-0.41); combined_risk_index (-0.29),APPROVE,0.919
LN001418,19,0.0803,0.1565,0.0748,0.5318,Prepaid,none,0.1462,state_MN (-0.41); combined_risk_index (-0.31),APPROVE,0.925
LN001418,20,0.0782,0.1532,0.0721,0.5318,Prepaid,none,0.1749,month_index (-0.47); state_MN (-0.40),APPROVE,0.928
LN001418,21,0.6005,0.5967,0.1184,0.5043,60DPD,stale_record,0.2911,current_status_Current (+1.19); month_index (-0.43),APPROVE,0.882
LN001418,22,0.0788,0.1626,0.0721,0.5331,Prepaid,stale_record,0.2649,month_index (-0.47); state_MN (-0.40),APPROVE,0.928
LN001418,23,0.0788,0.1611,0.0732,0.5322,Prepaid,stale_record,0.2914,month_index (-0.47); state_MN (-0.40),APPROVE,0.927
LN001418,24,0.0791,0.1617,0.0732,0.531,Prepaid,none,0.2586,month_index (-0.47); state_MN (-0.40),APPROVE,0.927
LN001419,6,0.2741,0.4518,0.1458,0.5083,30DPD,none,0.0952,state_OH (-0.61); property_type_Townhouse (+0.24),APPROVE,0.854
LN001419,7,0.2843,0.4505,0.1372,0.5143,30DPD,none,0.0953,state_OH (-0.61); property_type_Townhouse (+0.24),APPROVE,0.863
LN001419,8,0.6104,0.6644,0.1911,0.5131,Current,none,0.3566,current_status_Current (+0.93); state_OH (-0.88),WATCH_LIST,0.809
LN001421,9,0.6017,0.5906,0.2018,0.5394,Current,none,0.2857,current_status_Current (+1.08); state_CA (-0.41),WATCH_LIST,0.798
LN001428,8,0.2227,0.3378,0.1776,0.5119,Current,none,0.0116,combined_risk_index (+0.25); current_status_Current (-0.23),WATCH_LIST,0.822
LN001428,9,0.2278,0.372,0.1742,0.5189,Current,none,0.0601,combined_risk_index (+0.26); interest_rate (-0.25),WATCH_LIST,0.826
LN001428,10,0.6136,0.593,0.2881,0.4884,60DPD,none,0.0741,current_status_Current (+0.99); days_past_due (-0.23),WATCH_LIST,0.712
LN001428,11,0.705,0.7125,0.3883,0.4625,90DPD,none,0.1367,current_status_Current (+1.29); days_past_due (+0.28),ESCALATE,0.612
LN001428,12,0.7196,0.7189,0.3825,0.4645,90DPD,none,0.145,current_status_Current (+1.28); days_past_due (+0.29),ESCALATE,0.618
LN001428,13,0.7382,0.7317,0.4062,0.467,Current,none,0.3703,current_status_Current (+1.36); days_past_due (+0.41),ESCALATE,0.594
LN001431,14,0.1754,0.2758,0.0979,0.5244,Prepaid,none,0.1542,original_balance (-0.28); interest_rate (-0.27),APPROVE,0.902
LN001431,15,0.164,0.2248,0.096,0.5232,Prepaid,source_conflict,0.3045,original_balance (-0.28); interest_rate (-0.27),APPROVE,0.904
LN001431,16,0.1362,0.2144,0.0928,0.5234,Prepaid,stale_record,0.2299,original_balance (-0.29); interest_rate (-0.27),APPROVE,0.907
LN001431,17,0.1187,0.1863,0.0904,0.5216,Prepaid,none,0.2005,original_balance (-0.29); interest_rate (-0.27),APPROVE,0.91
LN001431,18,0.1123,0.1822,0.0892,0.5226,Prepaid,none,0.2131,original_balance (-0.29); interest_rate (-0.27),APPROVE,0.911
LN001431,19,0.0915,0.1729,0.0816,0.5226,Prepaid,none,0.2288,original_balance (-0.29); interest_rate (-0.27),APPROVE,0.918
LN001431,20,0.091,0.1697,0.0757,0.5254,Prepaid,none,0.2518,month_index (-0.48); original_balance (-0.30),APPROVE,0.924
LN001431,21,0.0891,0.183,0.0757,0.5248,Prepaid,none,0.2692,month_index (-0.48); original_balance (-0.30),APPROVE,0.924
LN001431,22,0.0875,0.1918,0.0757,0.5248,Prepaid,none,0.2852,month_index (-0.48); original_balance (-0.30),APPROVE,0.924
LN001431,23,0.5447,0.5478,0.11,0.5048,60DPD,stale_record,0.3839,current_status_Current (+1.00); month_index (-0.44),APPROVE,0.89
LN001431,24,0.4973,0.5337,0.1095,0.5054,Current,none,0.5001,current_status_Current (+1.00); month_index (-0.44),ESCALATE,0.891
LN001433,6,0.5371,0.623,0.2797,0.5057,Current,none,0.3016,current_status_Current (+0.92); interest_rate (-0.29),WATCH_LIST,0.72
LN001434,16,0.0814,0.2104,0.1464,0.4694,Prepaid,none,0.1112,state_MA (-0.38); interest_rate (+0.31),APPROVE,0.854
LN001434,17,0.0746,0.1813,0.1358,0.4673,Prepaid,none,0.1244,state_MA (-0.38); interest_rate (+0.31),APPROVE,0.864
LN001434,18,0.067,0.178,0.1333,0.4654,Current,none,0.1427,state_MA (-0.38); interest_rate (+0.31),APPROVE,0.867
LN001434,19,0.0598,0.1576,0.1198,0.4654,Prepaid,none,0.158,state_MA (-0.36); interest_rate (+0.31),APPROVE,0.88
LN001434,20,0.0592,0.1508,0.1058,0.4655,Prepaid,none,0.1862,month_index (-0.39); seasoning_pct (-0.37),APPROVE,0.894
LN001434,21,0.0649,0.184,0.1149,0.4568,Current,none,0.2074,month_index (-0.39); state_MA (-0.36),APPROVE,0.885
LN001434,22,0.0587,0.1763,0.1058,0.4651,Prepaid,none,0.2304,month_index (-0.39); seasoning_pct (-0.38),APPROVE,0.894
LN001434,23,0.393,0.5602,0.1801,0.4571,Current,none,0.4578,current_status_Current (+0.97); month_index (-0.39),ESCALATE,0.82
LN001435,17,0.1175,0.1838,0.0598,0.5182,Current,none,0.0989,combined_risk_index (-0.98); ltv_risk_tier (-0.95),APPROVE,0.94
LN001435,18,0.1105,0.1786,0.0599,0.5173,Current,none,0.1184,combined_risk_index (-0.98); ltv_risk_tier (-0.95),APPROVE,0.94
LN001435,19,0.0949,0.1712,0.0803,0.5211,Current,none,0.1377,current_status_Current (-0.31); combined_risk_index (-0.30),APPROVE,0.92
LN001435,20,0.5744,0.5284,0.0659,0.4934,Current,none,0.373,current_status_Current (+1.16); ltv_risk_tier (-1.06),APPROVE,0.934
LN001446,8,0.6603,0.6179,0.2721,0.4908,60DPD,stale_record,0.1521,current_status_Current (+0.98); days_past_due (-0.25),WATCH_LIST,0.728
LN001446,9,0.7514,0.7373,0.4053,0.4503,60DPD,none,0.1734,current_status_Current (+1.41); days_past_due (+0.38),ESCALATE,0.595
LN001446,10,0.7514,0.7389,0.4084,0.4505,Default,none,0.1832,current_status_Current (+1.42); days_past_due (+0.38),ESCALATE,0.592
LN001446,11,0.7509,0.7331,0.369,0.4421,Default,none,0.1974,current_status_Current (+1.36); days_past_due (+0.42),ESCALATE,0.631
LN001446,12,0.7406,0.7285,0.3989,0.4481,Default,none,0.2064,current_status_Current (+1.39); days_past_due (+0.38),ESCALATE,0.601
LN001446,13,0.7347,0.723,0.3805,0.4542,Current,none,0.3837,current_status_Current (+1.37); days_past_due (+0.37),ESCALATE,0.62
LN001447,7,0.1734,0.2776,0.1033,0.583,Prepaid,none,0.1349,original_balance (+0.31); state_UT (-0.29),APPROVE,0.897
LN001447,8,0.1907,0.2768,0.1022,0.5832,Current,stale_record,0.1762,state_UT (-0.29); original_balance (+0.27),APPROVE,0.898
LN001447,9,0.6092,0.5973,0.2078,0.5664,Prepaid,none,0.1818,current_status_Current (+1.11); state_UT (-0.33),WATCH_LIST,0.792
LN001447,10,0.5934,0.5954,0.1705,0.5677,60DPD,none,0.1888,current_status_Current (+1.14); ltv_risk_tier (-0.31),WATCH_LIST,0.83
LN001447,11,0.2218,0.3099,0.1001,0.579,Prepaid,none,0.1577,state_UT (-0.29); original_balance (+0.26),APPROVE,0.9
LN001447,12,0.2281,0.3311,0.1,0.5763,Prepaid,none,0.1622,state_UT (-0.29); original_balance (+0.26),APPROVE,0.9
LN001447,13,0.1647,0.3378,0.1001,0.5755,Prepaid,none,0.1708,state_UT (-0.29); original_balance (+0.26),APPROVE,0.9
LN001447,14,0.139,0.3125,0.0852,0.5611,Current,data_entry_error,0.4195,combined_risk_index (-0.37); state_UT (-0.32),ESCALATE,0.915
LN001447,15,0.175,0.3277,0.0999,0.5685,Prepaid,stale_record,0.2495,seasoning_pct (-0.33); state_UT (-0.29),APPROVE,0.9
LN001447,16,0.168,0.3012,0.0998,0.5696,Prepaid,none,0.2252,seasoning_pct (-0.33); state_UT (-0.29),APPROVE,0.9
LN001447,17,0.1596,0.2912,0.0997,0.5684,Prepaid,none,0.2443,seasoning_pct (-0.33); state_UT (-0.29),APPROVE,0.9
LN001447,18,0.5382,0.6016,0.1703,0.5426,Current,source_conflict,0.5966,current_status_Current (+1.07); seasoning_pct (-0.30),ESCALATE,0.83
LN001449,7,0.1512,0.216,0.1133,0.4759,Current,stale_record,0.0506,ltv_risk_tier (-0.39); combined_risk_index (+0.32),APPROVE,0.887
LN001449,8,0.7272,0.6926,0.3674,0.4335,Default,none,0.1533,current_status_Current (+1.38); ltv_risk_tier (-0.56),ESCALATE,0.633
LN001449,9,0.716,0.6826,0.3385,0.4422,Current,none,0.3357,current_status_Current (+1.37); ltv_risk_tier (-0.48),WATCH_LIST,0.662
LN001453,7,0.6067,0.589,0.2294,0.4942,60DPD,none,0.1482,current_status_Current (+1.16); ltv_risk_tier (-0.38),WATCH_LIST,0.771
LN001453,8,0.0904,0.2011,0.0924,0.5114,Current,none,0.1015,state_MA (-0.30); ltv_risk_tier (-0.29),APPROVE,0.908
LN001453,9,0.5166,0.5381,0.2003,0.4968,Current,none,0.3648,current_status_Current (+1.20); ltv_risk_tier (-0.38),WATCH_LIST,0.8
LN001455,6,0.7322,0.6998,0.2457,0.5405,Current,none,0.3803,current_status_Current (+1.40); remaining_term_months (-0.37),WATCH_LIST,0.754
LN001456,17,0.5581,0.5238,0.2074,0.4672,30DPD,none,0.1531,current_status_Current (+1.30); monthly_interest_accrual (-0.67),WATCH_LIST,0.793
LN001456,18,0.131,0.2131,0.0833,0.4974,Current,none,0.1173,monthly_interest_accrual (-0.66); current_status_Current (-0.31),APPROVE,0.917
LN001456,19,0.1074,0.1943,0.0778,0.4974,Current,stale_record,0.1813,monthly_interest_accrual (-0.67); current_status_Current (-0.31),APPROVE,0.922
LN001456,20,0.1054,0.1805,0.0727,0.4956,Current,none,0.1627,monthly_interest_accrual (-0.66); month_index (-0.47),APPROVE,0.927
LN001456,21,0.1054,0.186,0.0727,0.4951,Current,none,0.189,monthly_interest_accrual (-0.66); month_index (-0.47),APPROVE,0.927
LN001456,22,0.1062,0.1943,0.0727,0.4951,Current,none,0.2122,monthly_interest_accrual (-0.66); month_index (-0.47),APPROVE,0.927
LN001456,23,0.1062,0.1933,0.0732,0.4951,Current,stale_record,0.285,monthly_interest_accrual (-0.66); month_index (-0.47),APPROVE,0.927
LN001456,24,0.1035,0.1933,0.0732,0.4939,Current,none,0.2504,monthly_interest_accrual (-0.66); month_index (-0.47),APPROVE,0.927
LN001456,25,0.1035,0.186,0.0732,0.4939,Current,stale_record,0.3049,monthly_interest_accrual (-0.66); month_index (-0.47),APPROVE,0.927
LN001456,26,0.1049,0.1868,0.0732,0.4918,Current,none,0.2709,monthly_interest_accrual (-0.66); month_index (-0.47),APPROVE,0.927
LN001456,27,0.1297,0.2676,0.0942,0.4894,Current,none,0.2779,monthly_interest_accrual (-0.60); month_index (-0.45),APPROVE,0.906
LN001456,28,0.448,0.4615,0.1855,0.4469,Current,none,0.4006,current_status_Current (+1.27); month_index (-0.42),ESCALATE,0.814
LN001457,10,0.1665,0.2491,0.0845,0.4803,Current,none,0.1006,combined_risk_index (+0.32); current_status_Current (-0.30),APPROVE,0.915
LN001457,11,0.1937,0.2598,0.0842,0.4789,Current,none,0.1087,combined_risk_index (+0.32); interest_rate (-0.29),APPROVE,0.916
LN001457,12,0.1962,0.2591,0.0842,0.4726,Current,none,0.1115,combined_risk_index (+0.32); interest_rate (-0.29),APPROVE,0.916
LN001457,13,0.152,0.212,0.0773,0.4894,Prepaid,none,0.1242,current_status_Current (-0.32); original_balance (-0.27),APPROVE,0.923
LN001457,14,0.1434,0.1874,0.0768,0.4912,Prepaid,none,0.1322,current_status_Current (-0.32); original_balance (-0.27),APPROVE,0.923
LN001457,15,0.1675,0.1964,0.0845,0.482,Current,none,0.1854,combined_risk_index (+0.31); interest_rate (-0.28),APPROVE,0.916
LN001457,16,0.198,0.2923,0.0808,0.4719,Current,none,0.173,combined_risk_index (+0.32); interest_rate (-0.31),APPROVE,0.919
LN001457,17,0.5734,0.6092,0.157,0.4588,30DPD,none,0.2403,current_status_Current (+1.18); seasoning_pct (-0.24),WATCH_LIST,0.843
LN001457,18,0.6875,0.6536,0.1803,0.451,Current,none,0.4351,current_status_Current (+1.39); remaining_term_months (-0.37),ESCALATE,0.82
LN001460,6,0.1617,0.2611,0.1369,0.4784,Current,none,0.0639,current_status_Current (-0.29); original_balance (+0.22),APPROVE,0.863
LN001460,7,0.158,0.2591,0.1302,0.475,Current,stale_record,0.1079,current_status_Current (-0.29); original_balance (+0.22),APPROVE,0.87
LN001460,8,0.1614,0.2573,0.1287,0.4712,Current,none,0.0672,current_status_Current (-0.30); original_balance (+0.21),APPROVE,0.871
LN001460,9,0.1494,0.2439,0.1292,0.4708,Current,none,0.0802,current_status_Current (-0.30); original_balance (+0.20),APPROVE,0.871
LN001460,10,0.133,0.2384,0.1155,0.4715,Current,none,0.0873,current_status_Current (-0.31); seasoning_pct (-0.26),APPROVE,0.884
LN001460,11,0.1435,0.2587,0.115,0.4696,Current,source_conflict,0.2347,current_status_Current (-0.30); seasoning_pct (-0.26),APPROVE,0.885
LN001460,12,0.135,0.2613,0.1141,0.4682,Current,none,0.1016,current_status_Current (-0.30); seasoning_pct (-0.27),APPROVE,0.886
LN001460,13,0.1286,0.2598,0.1113,0.4662,Current,none,0.1124,seasoning_pct (-0.31); current_status_Current (-0.29),APPROVE,0.889
LN001460,14,0.1319,0.2621,0.1085,0.4662,Current,none,0.1236,seasoning_pct (-0.31); current_status_Current (-0.29),APPROVE,0.891
LN001460,15,0.1492,0.2584,0.1034,0.4657,Current,none,0.1447,seasoning_pct (-0.39); current_status_Current (-0.30),APPROVE,0.897
LN001460,16,0.1832,0.3056,0.1027,0.4639,Current,source_conflict,0.2993,seasoning_pct (-0.39); current_status_Current (-0.30),APPROVE,0.897
LN001460,17,0.635,0.6263,0.2475,0.4381,Current,none,0.3987,current_status_Current (+1.26); seasoning_pct (-0.32),WATCH_LIST,0.753
LN001462,6,0.1604,0.3007,0.158,0.5052,Prepaid,stale_record,0.0498,current_status_Current (-0.27); original_balance (-0.23),WATCH_LIST,0.842
LN001462,7,0.1556,0.2893,0.1535,0.5051,Prepaid,none,0.0039,current_status_Current (-0.27); original_balance (-0.23),WATCH_LIST,0.847
LN001462,8,0.1458,0.2834,0.1533,0.5065,Prepaid,none,0.0065,current_status_Current (-0.28); original_balance (-0.22),WATCH_LIST,0.847
LN001462,9,0.1391,0.2698,0.1313,0.4833,Prepaid,none,0.0097,current_status_Current (-0.31); combined_risk_index (-0.28),APPROVE,0.869
LN001462,10,0.1375,0.2744,0.1588,0.5071,Prepaid,none,0.0184,current_status_Current (-0.28); original_balance (-0.22),WATCH_LIST,0.841
LN001462,11,0.1373,0.2665,0.158,0.51,Prepaid,none,0.0344,current_status_Current (-0.28); original_balance (-0.22),WATCH_LIST,0.842
LN001462,12,0.1392,0.2581,0.1551,0.5107,Prepaid,none,0.0397,current_status_Current (-0.28); original_balance (-0.22),WATCH_LIST,0.845
LN001462,13,0.1332,0.2528,0.1534,0.5169,Prepaid,none,0.0447,current_status_Current (-0.27); original_balance (-0.22),WATCH_LIST,0.847
LN001462,14,0.1315,0.2389,0.1428,0.5178,Prepaid,stale_record,0.1235,current_status_Current (-0.27); original_balance (-0.23),APPROVE,0.857
LN001462,15,0.1272,0.2365,0.1345,0.5159,Current,none,0.0707,current_status_Current (-0.27); original_balance (-0.23),APPROVE,0.865
LN001462,16,0.1284,0.2299,0.1277,0.5124,Current,none,0.0829,current_status_Current (-0.28); original_balance (-0.24),APPROVE,0.872
LN001462,17,0.1147,0.2131,0.1229,0.515,Prepaid,stale_record,0.1662,current_status_Current (-0.28); original_balance (-0.24),APPROVE,0.877
LN001462,18,0.1067,0.2033,0.1219,0.5144,Current,none,0.117,current_status_Current (-0.28); original_balance (-0.24),APPROVE,0.878
LN001462,19,0.0844,0.1754,0.1131,0.5144,Current,none,0.1363,current_status_Current (-0.29); original_balance (-0.24),APPROVE,0.887
LN001462,20,0.0828,0.1703,0.0983,0.5144,Current,none,0.162,month_index (-0.51); seasoning_pct (-0.30),APPROVE,0.902
LN001462,21,0.5392,0.5731,0.2035,0.4985,Current,none,0.3948,current_status_Current (+1.19); month_index (-0.44),WATCH_LIST,0.797
LN001463,11,0.1141,0.2254,0.1424,0.4822,Current,none,0.041,interest_rate (-0.62); ltv_risk_tier (+0.31),APPROVE,0.858
LN001463,12,0.1269,0.2434,0.1428,0.4822,Current,suspicious_transition,0.2123,interest_rate (-0.61); ltv_risk_tier (+0.31),APPROVE,0.857
LN001463,13,0.1064,0.214,0.1376,0.4879,Current,none,0.0507,interest_rate (-0.63); ltv_risk_tier (+0.31),APPROVE,0.862
LN001463,14,0.1038,0.2394,0.1287,0.4896,Current,none,0.0566,interest_rate (-0.63); ltv_risk_tier (+0.29),APPROVE,0.871
LN001463,15,0.105,0.239,0.1249,0.489,Current,none,0.0735,interest_rate (-0.62); ltv_risk_tier (+0.29),APPROVE,0.875
LN001463,16,0.1013,0.2337,0.1209,0.4868,Current,none,0.087,interest_rate (-0.62); ltv_risk_tier (+0.30),APPROVE,0.879
LN001463,17,0.0936,0.2128,0.1105,0.4861,Current,source_conflict,0.237,interest_rate (-0.61); current_status_Current (-0.25),APPROVE,0.89
LN001463,18,0.0852,0.2061,0.1083,0.4851,Current,none,0.1188,interest_rate (-0.61); current_status_Current (-0.25),APPROVE,0.892
LN001463,19,0.0762,0.1863,0.0933,0.4841,Prepaid,none,0.1369,interest_rate (-0.61); current_status_Current (-0.25),APPROVE,0.907
LN001463,20,0.0757,0.1852,0.088,0.4841,Prepaid,none,0.1604,interest_rate (-0.61); month_index (-0.52),APPROVE,0.912
LN001463,21,0.0754,0.1921,0.0827,0.4941,Prepaid,none,0.1827,interest_rate (-0.66); month_index (-0.50),APPROVE,0.917
LN001464,6,0.6875,0.6464,0.3349,0.4756,60DPD,none,0.0495,current_status_Current (+1.37); original_balance (+0.24),WATCH_LIST,0.665
LN001464,7,0.7406,0.7154,0.3968,0.4521,90DPD,source_conflict,0.2327,current_status_Current (+1.59); original_balance (+0.26),ESCALATE,0.603
LN001464,8,0.7295,0.6891,0.3946,0.454,90DPD,none,0.1,current_status_Current (+1.62); original_balance (+0.22),ESCALATE,0.605
LN001464,9,0.7519,0.7294,0.4427,0.4376,Default,none,0.1537,current_status_Current (+1.73); current_status_90DPD (+0.44),ESCALATE,0.557
LN001464,10,0.7379,0.7144,0.4098,0.4536,Current,none,0.3364,current_status_Current (+1.72); days_past_due (+0.31),ESCALATE,0.59
LN001468,6,0.2346,0.3819,0.1718,0.528,Prepaid,none,0.0501,current_balance (-0.34); combined_risk_index (+0.30),WATCH_LIST,0.828
LN001468,7,0.2379,0.3813,0.1724,0.5293,Prepaid,none,0.0502,current_balance (-0.34); combined_risk_index (+0.30),WATCH_LIST,0.828
LN001468,8,0.2434,0.3941,0.1722,0.5304,Prepaid,none,0.0511,current_balance (-0.31); combined_risk_index (+0.31),WATCH_LIST,0.828
LN001468,9,0.2484,0.3965,0.1753,0.5305,Prepaid,none,0.0587,current_balance (-0.31); combined_risk_index (+0.31),WATCH_LIST,0.825
LN001468,10,0.2116,0.339,0.1535,0.5371,Prepaid,none,0.0671,current_balance (-0.32); current_status_Current (-0.29),WATCH_LIST,0.846
LN001468,11,0.6234,0.6202,0.2783,0.5056,Current,stale_record,0.3898,current_status_Current (+1.07); current_balance (-0.28),WATCH_LIST,0.722
LN001469,8,0.5153,0.5757,0.1667,0.5272,Current,none,0.2954,current_status_Current (+0.97); monthly_interest_accrual (-0.36),WATCH_LIST,0.833
LN001475,16,0.1639,0.2452,0.0759,0.4762,Prepaid,none,0.0991,ltv_risk_tier (-0.81); original_balance (-0.40),APPROVE,0.924
LN001475,17,0.1474,0.2186,0.0744,0.476,Current,none,0.1137,ltv_risk_tier (-0.79); original_balance (-0.40),APPROVE,0.926
LN001475,18,0.1364,0.2121,0.0742,0.4749,Current,none,0.1306,ltv_risk_tier (-0.79); original_balance (-0.40),APPROVE,0.926
LN001475,19,0.0944,0.1867,0.0706,0.475,Prepaid,none,0.1505,ltv_risk_tier (-0.79); original_balance (-0.40),APPROVE,0.929
LN001475,20,0.0939,0.183,0.0676,0.4756,Prepaid,none,0.1769,ltv_risk_tier (-0.79); month_index (-0.50),APPROVE,0.932
LN001475,21,0.5431,0.5207,0.1063,0.4479,60DPD,source_conflict,0.384,ltv_risk_tier (-0.96); current_status_Current (+0.94),APPROVE,0.894
LN001475,22,0.0928,0.2043,0.0674,0.4749,Current,none,0.2217,ltv_risk_tier (-0.79); month_index (-0.50),APPROVE,0.933
LN001475,23,0.0928,0.2051,0.0684,0.474,Current,none,0.2469,ltv_risk_tier (-0.79); month_index (-0.50),APPROVE,0.932
LN001475,24,0.4927,0.5035,0.1075,0.445,Current,none,0.4501,ltv_risk_tier (-0.96); current_status_Current (+0.91),ESCALATE,0.893
LN001477,6,0.14,0.2089,0.097,0.4994,Current,none,0.0914,combined_risk_index (-0.54); current_status_Current (-0.27),APPROVE,0.903
LN001477,7,0.1604,0.2117,0.0978,0.4967,Current,none,0.0893,combined_risk_index (-0.54); current_status_Current (-0.28),APPROVE,0.902
LN001477,8,0.1718,0.2131,0.1069,0.4976,Prepaid,none,0.0944,combined_risk_index (-0.54); current_status_Current (-0.29),APPROVE,0.893
LN001477,9,0.1737,0.2168,0.1085,0.5005,Prepaid,none,0.1023,combined_risk_index (-0.52); current_status_Current (-0.28),APPROVE,0.892
LN001477,10,0.169,0.2206,0.1046,0.5,Prepaid,stale_record,0.1547,combined_risk_index (-0.53); current_status_Current (-0.28),APPROVE,0.895
LN001477,11,0.1507,0.2123,0.1047,0.4964,Current,none,0.1216,combined_risk_index (-0.51); current_status_Current (-0.28),APPROVE,0.895
LN001477,12,0.1504,0.2002,0.1049,0.4967,Current,none,0.1259,combined_risk_index (-0.51); current_status_Current (-0.28),APPROVE,0.895
LN001477,13,0.1384,0.195,0.1045,0.4966,Current,none,0.1385,combined_risk_index (-0.50); current_status_Current (-0.28),APPROVE,0.895
LN001477,14,0.1446,0.1835,0.1037,0.4973,Prepaid,none,0.1486,combined_risk_index (-0.50); current_status_Current (-0.28),APPROVE,0.896
LN001477,15,0.1305,0.2245,0.1142,0.4966,Prepaid,none,0.302,combined_risk_index (-0.50); current_status_Current (-0.27),APPROVE,0.886
LN001477,16,0.1174,0.1686,0.1031,0.4955,Prepaid,none,0.1787,combined_risk_index (-0.50); current_status_Current (-0.28),APPROVE,0.897
LN001477,17,0.1197,0.1666,0.1025,0.4914,Prepaid,none,0.1956,combined_risk_index (-0.50); current_status_Current (-0.28),APPROVE,0.897
LN001477,18,0.1185,0.1663,0.1017,0.4885,Prepaid,none,0.2063,combined_risk_index (-0.50); current_status_Current (-0.28),APPROVE,0.898
LN001477,19,0.1073,0.1552,0.0974,0.4882,Prepaid,none,0.2254,combined_risk_index (-0.50); current_status_Current (-0.28),APPROVE,0.903
LN001477,20,0.1099,0.1857,0.0971,0.4872,Prepaid,none,0.3672,combined_risk_index (-0.50); month_index (-0.33),APPROVE,0.903
LN001478,17,0.7161,0.7266,0.2957,0.4241,Default,none,0.3992,current_status_Current (+1.50); state_IL (-0.61),WATCH_LIST,0.704
LN001478,18,0.7038,0.7208,0.2262,0.4324,Default,none,0.3669,current_status_Current (+1.44); state_IL (-0.62),WATCH_LIST,0.774
LN001478,19,0.6964,0.7219,0.1732,0.4315,Default,none,0.3777,current_status_Current (+1.44); state_IL (-0.61),WATCH_LIST,0.827
LN001478,20,0.0971,0.2455,0.071,0.4461,Prepaid,none,0.3406,interest_rate (-0.54); state_IL (-0.48),APPROVE,0.929
LN001478,21,0.098,0.2747,0.071,0.4459,Prepaid,stale_record,0.4216,interest_rate (-0.54); state_IL (-0.48),ESCALATE,0.929
LN001478,22,0.0986,0.2864,0.071,0.4459,Prepaid,none,0.3656,interest_rate (-0.54); state_IL (-0.48),APPROVE,0.929
LN001481,24,0.0715,0.1488,0.0728,0.4702,Current,none,0.2763,combined_risk_index (-0.79); interest_rate (-0.64),APPROVE,0.927
LN001481,25,0.0715,0.1485,0.0728,0.4694,Current,none,0.2831,combined_risk_index (-0.79); interest_rate (-0.64),APPROVE,0.927
LN001481,26,0.0719,0.1444,0.0727,0.47,Current,none,0.2958,combined_risk_index (-0.79); interest_rate (-0.64),APPROVE,0.927
LN001481,27,0.0723,0.143,0.0727,0.47,Current,none,0.3029,combined_risk_index (-0.79); interest_rate (-0.64),APPROVE,0.927
LN001481,28,0.0722,0.143,0.0727,0.47,Current,none,0.3029,combined_risk_index (-0.79); interest_rate (-0.64),APPROVE,0.927
LN001481,29,0.0722,0.143,0.0725,0.47,Current,none,0.3029,combined_risk_index (-0.79); interest_rate (-0.63),APPROVE,0.927
LN001481,30,0.0852,0.1572,0.0787,0.4654,Current,suspicious_transition,0.4772,combined_risk_index (-0.77); interest_rate (-0.59),ESCALATE,0.921
LN001481,31,0.4291,0.3987,0.076,0.4549,Current,stale_record,0.5297,current_status_Current (+1.07); interest_rate (-0.88),ESCALATE,0.924
LN001486,9,0.1165,0.2142,0.0811,0.5178,Current,none,0.0797,combined_risk_index (-0.40); interest_rate (+0.34),APPROVE,0.919
LN001486,10,0.1127,0.2171,0.0784,0.5182,Current,none,0.087,combined_risk_index (-0.38); interest_rate (+0.36),APPROVE,0.922
LN001486,11,0.1217,0.2277,0.0784,0.5164,Current,none,0.098,combined_risk_index (-0.38); interest_rate (+0.36),APPROVE,0.922
LN001486,12,0.1321,0.2298,0.0791,0.514,Current,none,0.0993,combined_risk_index (-0.38); interest_rate (+0.35),APPROVE,0.921
LN001486,13,0.1258,0.2384,0.0781,0.5147,Current,source_conflict,0.2441,combined_risk_index (-0.38); interest_rate (+0.35),APPROVE,0.922
LN001486,14,0.1296,0.2412,0.0776,0.5147,Current,none,0.1176,combined_risk_index (-0.38); interest_rate (+0.35),APPROVE,0.922
LN001486,15,0.1276,0.2491,0.0712,0.5133,Prepaid,none,0.2901,combined_risk_index (-0.40); current_status_Current (-0.29),APPROVE,0.929
LN001486,16,0.1433,0.2617,0.0747,0.5124,Current,none,0.1572,combined_risk_index (-0.38); interest_rate (+0.36),APPROVE,0.925
LN001486,17,0.1356,0.2622,0.0741,0.5099,Current,none,0.1806,combined_risk_index (-0.38); interest_rate (+0.36),APPROVE,0.926
LN001486,18,0.1308,0.2549,0.0741,0.5097,Current,none,0.1938,combined_risk_index (-0.38); interest_rate (+0.36),APPROVE,0.926
LN001486,19,0.1324,0.2317,0.0713,0.5097,Current,none,0.2178,combined_risk_index (-0.38); interest_rate (+0.36),APPROVE,0.929
LN001486,20,0.1366,0.2331,0.0683,0.5103,Current,none,0.2354,month_index (-0.47); combined_risk_index (-0.38),APPROVE,0.932
LN001486,21,0.1281,0.2325,0.0685,0.5103,Current,none,0.2651,month_index (-0.47); combined_risk_index (-0.38),APPROVE,0.932
LN001486,22,0.122,0.2403,0.0685,0.5125,Current,none,0.2774,month_index (-0.47); combined_risk_index (-0.38),APPROVE,0.932
LN001486,23,0.122,0.2413,0.0687,0.5125,Current,none,0.2965,month_index (-0.47); combined_risk_index (-0.38),APPROVE,0.931
LN001486,24,0.122,0.2413,0.0687,0.5125,Current,none,0.304,month_index (-0.47); combined_risk_index (-0.38),APPROVE,0.931
LN001486,25,0.1201,0.2465,0.0688,0.5129,Current,none,0.3104,month_index (-0.47); combined_risk_index (-0.38),APPROVE,0.931
LN001486,26,0.1214,0.2465,0.0682,0.5144,Current,none,0.3131,month_index (-0.47); monthly_interest_accrual (-0.39),APPROVE,0.932
LN001486,27,0.1229,0.2465,0.0682,0.5144,Current,none,0.315,month_index (-0.47); monthly_interest_accrual (-0.39),APPROVE,0.932
LN001486,28,0.1229,0.2465,0.0686,0.5144,Current,none,0.315,month_index (-0.47); monthly_interest_accrual (-0.39),APPROVE,0.931
LN001486,29,0.1226,0.2465,0.0686,0.5144,Current,none,0.315,month_index (-0.47); monthly_interest_accrual (-0.39),APPROVE,0.931
LN001486,30,0.1226,0.2463,0.0686,0.5144,Current,none,0.315,month_index (-0.47); monthly_interest_accrual (-0.39),APPROVE,0.931
LN001486,31,0.1226,0.2463,0.0684,0.5144,Current,none,0.315,month_index (-0.47); monthly_interest_accrual (-0.39),APPROVE,0.932
LN001486,32,0.1359,0.2575,0.0695,0.5104,Current,suspicious_transition,0.4746,month_index (-0.50); monthly_interest_accrual (-0.38),ESCALATE,0.931
LN001486,33,0.1226,0.2463,0.0684,0.5144,Current,none,0.3166,month_index (-0.47); monthly_interest_accrual (-0.39),APPROVE,0.932
LN001486,34,0.1226,0.2463,0.0684,0.5144,Current,stale_record,0.3616,month_index (-0.47); monthly_interest_accrual (-0.39),APPROVE,0.932
LN001486,35,0.1679,0.282,0.0756,0.5156,Current,none,0.3166,month_index (-0.45); interest_rate (+0.40),APPROVE,0.924
LN001487,20,0.0737,0.135,0.0599,0.4526,Current,none,0.1751,combined_risk_index (-0.80); interest_rate (-0.73),APPROVE,0.94
LN001487,21,0.0735,0.1334,0.0602,0.4524,Current,none,0.1991,combined_risk_index (-0.79); interest_rate (-0.72),APPROVE,0.94
LN001487,22,0.0702,0.136,0.0602,0.4524,Current,stale_record,0.2706,combined_risk_index (-0.79); interest_rate (-0.72),APPROVE,0.94
LN001487,23,0.0702,0.1368,0.0601,0.4534,Current,none,0.2526,combined_risk_index (-0.79); interest_rate (-0.73),APPROVE,0.94
LN001487,24,0.0694,0.1368,0.0601,0.4527,Current,none,0.2654,combined_risk_index (-0.79); interest_rate (-0.73),APPROVE,0.94
LN001487,25,0.0694,0.1368,0.0601,0.4527,Prepaid,none,0.2734,combined_risk_index (-0.79); interest_rate (-0.73),APPROVE,0.94
LN001487,26,0.0698,0.1348,0.0601,0.4512,Current,none,0.2857,combined_risk_index (-0.79); interest_rate (-0.73),APPROVE,0.94
LN001487,27,0.0698,0.1337,0.0601,0.4512,Current,stale_record,0.3389,combined_risk_index (-0.79); interest_rate (-0.73),APPROVE,0.94
LN001489,22,0.0742,0.1577,0.0706,0.4676,Prepaid,none,0.2234,month_index (-0.45); combined_risk_index (-0.40),APPROVE,0.929
LN001489,23,0.0742,0.157,0.0706,0.4686,Prepaid,stale_record,0.2933,month_index (-0.45); combined_risk_index (-0.40),APPROVE,0.929
LN001489,24,0.0742,0.157,0.0706,0.4675,Prepaid,none,0.2591,month_index (-0.45); combined_risk_index (-0.40),APPROVE,0.929
LN001489,25,0.5987,0.5996,0.1425,0.4446,60DPD,none,0.2924,current_status_Current (+1.32); month_index (-0.43),APPROVE,0.857
LN001489,26,0.0731,0.1559,0.0706,0.465,Prepaid,none,0.2784,month_index (-0.45); combined_risk_index (-0.40),APPROVE,0.929
LN001489,27,0.0731,0.1554,0.0706,0.465,Prepaid,none,0.2867,month_index (-0.45); combined_risk_index (-0.40),APPROVE,0.929
LN001489,28,0.5394,0.5642,0.1408,0.4435,Current,source_conflict,0.6059,current_status_Current (+1.32); month_index (-0.43),ESCALATE,0.859
LN001491,11,0.4704,0.6056,0.2608,0.4672,Current,none,0.4804,current_status_Current (+1.33); monthly_interest_accrual (-0.59),ESCALATE,0.739
LN001494,17,0.6204,0.5651,0.2011,0.4803,30DPD,stale_record,0.2031,current_status_Current (+1.42); combined_risk_index (-0.25),WATCH_LIST,0.799
LN001494,18,0.1154,0.1957,0.0864,0.5144,Current,none,0.1141,combined_risk_index (-0.40); current_status_Current (-0.33),APPROVE,0.914
LN001494,19,0.0905,0.1762,0.0812,0.5146,Current,none,0.1328,combined_risk_index (-0.38); current_status_Current (-0.34),APPROVE,0.919
LN001494,20,0.0906,0.1773,0.0751,0.5153,Current,none,0.1582,month_index (-0.41); combined_risk_index (-0.39),APPROVE,0.925
LN001494,21,0.5638,0.5618,0.1556,0.483,Current,none,0.3933,current_status_Current (+1.41); month_index (-0.37),WATCH_LIST,0.844
LN001503,21,0.0962,0.1848,0.0709,0.4977,Current,stale_record,0.2503,month_index (-0.50); state_IL (-0.28),APPROVE,0.929
LN001503,22,0.1032,0.201,0.071,0.5075,Current,none,0.3412,month_index (-0.37); state_IL (-0.29),APPROVE,0.929
LN001503,23,0.0915,0.1989,0.0707,0.4947,Current,none,0.236,month_index (-0.50); state_IL (-0.28),APPROVE,0.929
LN001503,24,0.0983,0.2252,0.0783,0.5069,Current,none,0.2837,month_index (-0.45); seasoning_pct (-0.27),APPROVE,0.922
LN001503,25,0.0895,0.1989,0.0707,0.4936,Current,none,0.2575,month_index (-0.50); state_IL (-0.28),APPROVE,0.929
LN001503,26,0.0878,0.1978,0.0704,0.494,Current,stale_record,0.3138,month_index (-0.50); seasoning_pct (-0.31),APPROVE,0.93
LN001503,27,0.0878,0.1948,0.0704,0.494,Current,none,0.2757,month_index (-0.50); seasoning_pct (-0.31),APPROVE,0.93
LN001503,28,0.0878,0.194,0.0704,0.494,Current,stale_record,0.3207,month_index (-0.50); seasoning_pct (-0.31),APPROVE,0.93
LN001503,29,0.0878,0.1923,0.0699,0.4937,Current,none,0.2757,month_index (-0.50); seasoning_pct (-0.39),APPROVE,0.93
LN001503,30,0.088,0.1923,0.0699,0.4941,Current,none,0.2764,month_index (-0.50); seasoning_pct (-0.39),APPROVE,0.93
LN001510,21,0.1004,0.1474,0.0612,0.5226,Prepaid,none,0.2661,interest_rate (-0.55); month_index (-0.49),APPROVE,0.939
LN001510,22,0.0941,0.1503,0.0612,0.5226,Prepaid,none,0.2783,interest_rate (-0.55); month_index (-0.49),APPROVE,0.939
LN001510,23,0.1264,0.1604,0.0603,0.5231,Prepaid,source_conflict,0.4358,interest_rate (-0.57); month_index (-0.50),ESCALATE,0.94
LN001510,24,0.3451,0.3448,0.0784,0.495,60DPD,none,0.3371,current_status_Current (+1.26); interest_rate (-0.57),APPROVE,0.922
LN001510,25,0.2827,0.2984,0.0845,0.5055,60DPD,none,0.378,current_status_Current (+1.22); interest_rate (-0.56),APPROVE,0.916
LN001510,26,0.3512,0.3543,0.0784,0.4966,60DPD,stale_record,0.3868,current_status_Current (+1.25); interest_rate (-0.58),APPROVE,0.922
LN001510,27,0.6449,0.5957,0.1041,0.4911,60DPD,none,0.368,current_status_Current (+1.56); month_index (-0.49),APPROVE,0.896
LN001510,28,0.3187,0.3243,0.0785,0.4972,Current,none,0.4927,current_status_Current (+1.25); interest_rate (-0.58),ESCALATE,0.921
LN001513,8,0.2756,0.4018,0.1259,0.4647,Current,none,0.1106,combined_risk_index (-1.00); original_balance (+0.37),APPROVE,0.874
LN001513,9,0.3272,0.4346,0.3067,0.4732,Current,source_conflict,0.2469,original_balance (+0.57); monthly_interest_accrual (+0.42),WATCH_LIST,0.693
LN001513,10,0.2974,0.4157,0.1284,0.4711,Current,stale_record,0.1674,combined_risk_index (-1.00); original_balance (+0.36),APPROVE,0.872
LN001513,11,0.3071,0.4244,0.1301,0.4733,Current,none,0.1347,combined_risk_index (-0.98); original_balance (+0.36),APPROVE,0.87
LN001513,12,0.321,0.4242,0.1296,0.4754,Current,none,0.1468,combined_risk_index (-0.98); original_balance (+0.36),APPROVE,0.87
LN001513,13,0.3017,0.3961,0.1317,0.4779,Current,none,0.1554,combined_risk_index (-0.97); original_balance (+0.36),APPROVE,0.868
LN001513,14,0.297,0.3506,0.1309,0.4793,Current,none,0.1671,combined_risk_index (-0.97); original_balance (+0.36),APPROVE,0.869
LN001513,15,0.278,0.3246,0.1304,0.4796,Current,none,0.1791,combined_risk_index (-0.97); original_balance (+0.36),APPROVE,0.87
LN001513,16,0.6609,0.6364,0.208,0.4775,30DPD,source_conflict,0.3747,current_status_Current (+1.08); combined_risk_index (-0.89),WATCH_LIST,0.792
LN001513,17,0.6074,0.6018,0.2044,0.4797,Prepaid,none,0.2561,current_status_Current (+1.09); combined_risk_index (-0.88),WATCH_LIST,0.796
LN001513,18,0.2046,0.2583,0.1294,0.4811,30DPD,none,0.2244,combined_risk_index (-0.95); original_balance (+0.38),APPROVE,0.871
LN001513,19,0.1599,0.2361,0.1271,0.4811,30DPD,none,0.2377,combined_risk_index (-0.94); original_balance (+0.38),APPROVE,0.873
LN001513,20,0.1636,0.2322,0.1066,0.4811,Prepaid,none,0.2602,combined_risk_index (-0.93); month_index (-0.44),APPROVE,0.893
LN001513,21,0.1635,0.2628,0.1066,0.4808,Prepaid,none,0.2771,combined_risk_index (-0.93); month_index (-0.44),APPROVE,0.893
LN001513,22,0.1683,0.2853,0.1066,0.4808,Prepaid,none,0.2965,combined_risk_index (-0.93); month_index (-0.44),APPROVE,0.893
LN001513,23,0.1678,0.2829,0.1074,0.4858,Prepaid,none,0.3219,combined_risk_index (-0.93); month_index (-0.43),APPROVE,0.893
LN001513,24,0.1674,0.2829,0.1074,0.4849,Prepaid,none,0.3321,combined_risk_index (-0.93); month_index (-0.43),APPROVE,0.893
LN001513,25,0.1674,0.2829,0.1074,0.4849,Prepaid,none,0.3406,combined_risk_index (-0.93); month_index (-0.43),APPROVE,0.893
LN001513,26,0.177,0.2803,0.1074,0.4841,Prepaid,none,0.348,combined_risk_index (-0.93); month_index (-0.43),APPROVE,0.893
LN001513,27,0.1763,0.2795,0.1074,0.4841,Prepaid,none,0.3518,combined_risk_index (-0.93); month_index (-0.43),APPROVE,0.893
LN001513,28,0.2396,0.2995,0.1129,0.4818,Current,stale_record,0.5731,combined_risk_index (-0.95); month_index (-0.43),ESCALATE,0.887
LN001513,29,0.1485,0.2728,0.1846,0.4968,Prepaid,none,0.3518,original_balance (+0.61); month_index (-0.46),WATCH_LIST,0.815
LN001513,30,0.1774,0.2795,0.104,0.4841,Prepaid,source_conflict,0.5327,combined_risk_index (-0.93); month_index (-0.43),ESCALATE,0.896
LN001513,31,0.1774,0.2795,0.104,0.4841,Prepaid,none,0.3521,combined_risk_index (-0.93); month_index (-0.43),APPROVE,0.896
LN001513,32,0.1719,0.2816,0.104,0.4841,Prepaid,stale_record,0.3971,combined_risk_index (-0.93); month_index (-0.43),APPROVE,0.896
LN001513,33,0.1719,0.2827,0.104,0.4841,Prepaid,none,0.3523,combined_risk_index (-0.93); month_index (-0.43),APPROVE,0.896
LN001513,34,0.1719,0.2827,0.104,0.4841,Prepaid,none,0.3523,combined_risk_index (-0.93); month_index (-0.43),APPROVE,0.896
LN001514,10,0.2308,0.4334,0.1547,0.5299,Prepaid,none,0.0494,monthly_interest_accrual (-0.53); combined_risk_index (+0.45),WATCH_LIST,0.845
LN001514,11,0.6093,0.6563,0.2852,0.4953,Current,none,0.3171,current_status_Current (+1.05); monthly_interest_accrual (-0.55),WATCH_LIST,0.715
LN001516,7,0.1048,0.1763,0.0949,0.4812,Current,none,0.0277,ltv_risk_tier (-0.29); monthly_interest_accrual (-0.23),APPROVE,0.905
LN001516,8,0.1073,0.1768,0.096,0.482,Current,none,0.0311,ltv_risk_tier (-0.29); monthly_interest_accrual (-0.24),APPROVE,0.904
LN001516,9,0.1073,0.1792,0.0967,0.483,Current,none,0.0358,ltv_risk_tier (-0.29); original_balance (+0.23),APPROVE,0.903
LN001516,10,0.4519,0.4905,0.1401,0.4654,30DPD,none,0.0866,current_status_Current (+0.93); ltv_risk_tier (-0.32),APPROVE,0.86
LN001516,11,0.4153,0.4788,0.1209,0.467,Current,none,0.3061,current_status_Current (+0.88); ltv_risk_tier (-0.34),APPROVE,0.879
LN001518,13,0.1185,0.2465,0.0849,0.5141,Current,none,0.0901,current_status_Current (-0.32); remaining_term_months (-0.28),APPROVE,0.915
LN001518,14,0.6349,0.6281,0.2053,0.4707,60DPD,none,0.1578,current_status_Current (+1.37); remaining_term_months (-0.31),WATCH_LIST,0.795
LN001518,15,0.6361,0.627,0.1968,0.4707,30DPD,none,0.1709,current_status_Current (+1.33); remaining_term_months (-0.31),WATCH_LIST,0.803
LN001518,16,0.6197,0.6055,0.191,0.4702,Current,none,0.3672,current_status_Current (+1.33); remaining_term_months (-0.30),WATCH_LIST,0.809
LN001520,20,0.1599,0.248,0.1121,0.519,Current,none,0.2005,month_index (-0.48); current_status_Current (-0.28),APPROVE,0.888
LN001520,21,0.5966,0.6161,0.1894,0.4772,Current,none,0.4396,current_status_Current (+1.16); month_index (-0.42),ESCALATE,0.811
LN001521,6,0.7329,0.7068,0.4139,0.4385,90DPD,none,0.1084,current_status_Current (+1.32); combined_risk_index (+0.22),ESCALATE,0.586
LN001521,7,0.7433,0.7146,0.4476,0.4279,Default,none,0.1566,current_status_Current (+1.44); current_status_90DPD (+0.39),ESCALATE,0.552
LN001521,8,0.7308,0.6997,0.4336,0.441,Current,none,0.3457,current_status_Current (+1.44); days_past_due (+0.31),ESCALATE,0.566
LN001522,14,0.3809,0.4708,0.1561,0.5393,30DPD,stale_record,0.2186,interest_rate (+0.26); current_status_Current (-0.21),WATCH_LIST,0.844
LN001522,15,0.3552,0.4332,0.1584,0.5381,30DPD,none,0.185,interest_rate (+0.26); current_status_Current (-0.21),WATCH_LIST,0.842
LN001522,16,0.3282,0.4047,0.1488,0.5378,30DPD,none,0.1982,interest_rate (+0.26); current_status_Current (-0.23),APPROVE,0.851
LN001522,17,0.6244,0.6411,0.2602,0.5095,Current,none,0.4391,current_status_Current (+0.98); days_past_due (-0.29),ESCALATE,0.74
LN001538,11,0.1619,0.2969,0.1099,0.5051,Current,source_conflict,0.2372,seasoning_pct (-0.26); current_status_Current (-0.24),APPROVE,0.89
LN001538,12,0.1641,0.3045,0.1098,0.4983,Current,none,0.1043,seasoning_pct (-0.27); current_status_Current (-0.23),APPROVE,0.89
LN001538,13,0.1312,0.286,0.108,0.4957,Current,none,0.1164,seasoning_pct (-0.30); current_status_Current (-0.23),APPROVE,0.892
LN001538,14,0.1339,0.2626,0.1059,0.4957,Current,none,0.1271,seasoning_pct (-0.30); interest_rate (+0.23),APPROVE,0.894
LN001538,15,0.1391,0.2519,0.1007,0.4957,Current,none,0.1482,seasoning_pct (-0.39); current_status_Current (-0.23),APPROVE,0.899
LN001538,16,0.106,0.2308,0.0932,0.4912,Current,none,0.1686,seasoning_pct (-0.40); interest_rate (+0.34),APPROVE,0.907
LN001538,17,0.1221,0.2655,0.1,0.4905,Current,source_conflict,0.3227,seasoning_pct (-0.39); current_status_Current (-0.23),APPROVE,0.9
LN001538,18,0.1251,0.2591,0.1,0.4896,Current,none,0.2005,seasoning_pct (-0.39); current_status_Current (-0.23),APPROVE,0.9
LN001538,19,0.1593,0.2335,0.0923,0.4896,Current,none,0.227,seasoning_pct (-0.39); current_status_Current (-0.23),APPROVE,0.908
LN001538,20,0.1562,0.2289,0.0833,0.4896,Current,none,0.249,month_index (-0.47); seasoning_pct (-0.39),APPROVE,0.917
LN001538,21,0.1562,0.2289,0.0829,0.4896,Current,none,0.2785,month_index (-0.47); seasoning_pct (-0.39),APPROVE,0.917
LN001538,22,0.1504,0.235,0.0829,0.491,Current,none,0.2924,month_index (-0.47); seasoning_pct (-0.39),APPROVE,0.917
LN001538,23,0.6283,0.6113,0.1386,0.443,60DPD,none,0.3409,current_status_Current (+1.00); month_index (-0.46),APPROVE,0.861
LN001538,24,0.1116,0.1921,0.0784,0.5117,Prepaid,none,0.3215,month_index (-0.47); seasoning_pct (-0.40),APPROVE,0.922
LN001538,25,0.1498,0.235,0.0829,0.491,Current,stale_record,0.3719,month_index (-0.47); seasoning_pct (-0.39),APPROVE,0.917
LN001538,26,0.1498,0.235,0.0829,0.491,Current,none,0.3299,month_index (-0.47); seasoning_pct (-0.39),APPROVE,0.917
LN001538,27,0.1498,0.2315,0.0829,0.491,Current,none,0.3319,month_index (-0.47); seasoning_pct (-0.39),APPROVE,0.917
LN001538,28,0.1498,0.2315,0.0831,0.491,Current,stale_record,0.3769,month_index (-0.47); seasoning_pct (-0.39),APPROVE,0.917
LN001538,29,0.1498,0.2315,0.0831,0.491,Current,none,0.3319,month_index (-0.47); seasoning_pct (-0.39),APPROVE,0.917
LN001538,30,0.1498,0.2315,0.0831,0.491,Current,none,0.3324,month_index (-0.47); seasoning_pct (-0.39),APPROVE,0.917
LN001538,31,0.1498,0.2315,0.0831,0.4918,Current,stale_record,0.3774,month_index (-0.47); seasoning_pct (-0.39),APPROVE,0.917
LN001538,32,0.1525,0.2315,0.0838,0.4918,Current,none,0.3324,month_index (-0.47); seasoning_pct (-0.39),APPROVE,0.916
LN001538,33,0.1225,0.2081,0.0791,0.4883,Current,none,0.3324,month_index (-0.47); seasoning_pct (-0.40),APPROVE,0.921
LN001538,34,0.1519,0.2315,0.0838,0.4916,Current,none,0.3324,month_index (-0.47); seasoning_pct (-0.39),APPROVE,0.916
LN001538,35,0.1519,0.2315,0.0838,0.4916,Current,none,0.3336,month_index (-0.47); seasoning_pct (-0.39),APPROVE,0.916
LN001539,8,0.5729,0.5682,0.1317,0.4684,Current,none,0.4138,combined_risk_index (-1.16); current_status_Current (+1.09),ESCALATE,0.868
LN001540,13,0.0997,0.2669,0.0662,0.5021,Current,stale_record,0.0912,combined_risk_index (-1.15); ltv_risk_tier (-1.06),APPROVE,0.934
LN001540,14,0.0994,0.2567,0.0657,0.5033,Prepaid,none,0.0515,combined_risk_index (-1.15); ltv_risk_tier (-1.05),APPROVE,0.934
LN001540,15,0.1249,0.2573,0.0646,0.5031,Prepaid,none,0.0689,combined_risk_index (-1.15); ltv_risk_tier (-1.05),APPROVE,0.935
LN001540,16,0.1262,0.2352,0.0639,0.5032,Prepaid,none,0.0822,combined_risk_index (-1.15); ltv_risk_tier (-1.05),APPROVE,0.936
LN001540,17,0.1128,0.217,0.0625,0.5025,Prepaid,none,0.0969,combined_risk_index (-1.13); ltv_risk_tier (-1.04),APPROVE,0.938
LN001540,18,0.102,0.2099,0.0623,0.5016,Prepaid,none,0.1159,combined_risk_index (-1.14); ltv_risk_tier (-1.04),APPROVE,0.938
LN001540,19,0.0855,0.1534,0.0628,0.5297,Current,none,0.2903,combined_risk_index (-1.07); ltv_risk_tier (-0.74),APPROVE,0.937
LN001540,20,0.0818,0.1774,0.06,0.5016,Prepaid,none,0.1574,combined_risk_index (-1.11); ltv_risk_tier (-1.02),APPROVE,0.94
LN001540,21,0.0833,0.1832,0.06,0.5014,Prepaid,stale_record,0.2264,combined_risk_index (-1.11); ltv_risk_tier (-1.02),APPROVE,0.94
LN001540,22,0.0843,0.1955,0.06,0.5014,Current,none,0.2104,combined_risk_index (-1.11); ltv_risk_tier (-1.02),APPROVE,0.94
LN001540,23,0.1002,0.2307,0.0602,0.5153,Current,none,0.2753,combined_risk_index (-1.16); ltv_risk_tier (-0.97),APPROVE,0.94
LN001540,24,0.0845,0.1956,0.0601,0.4985,Current,none,0.2537,combined_risk_index (-1.11); ltv_risk_tier (-1.02),APPROVE,0.94
LN001540,25,0.5359,0.5973,0.0683,0.4816,Current,data_entry_error,0.5765,ltv_risk_tier (-1.09); current_status_Current (+1.01),ESCALATE,0.932
LN001542,8,0.308,0.3624,0.1755,0.5069,Prepaid,stale_record,0.1485,interest_rate (+0.34); state_CT (-0.32),WATCH_LIST,0.825
LN001542,9,0.3129,0.3622,0.1623,0.5073,Default,stale_record,0.1612,interest_rate (+0.35); state_CT (-0.32),WATCH_LIST,0.838
LN001542,10,0.5356,0.6159,0.2817,0.4784,60DPD,none,0.1677,current_status_Current (+0.99); state_CT (-0.31),WATCH_LIST,0.718
LN001542,11,0.2646,0.3524,0.1468,0.5149,Current,stale_record,0.1755,interest_rate (+0.35); combined_risk_index (+0.32),APPROVE,0.853
LN001542,12,0.2646,0.3639,0.1454,0.5183,Current,none,0.1337,interest_rate (+0.35); combined_risk_index (+0.32),APPROVE,0.855
LN001542,13,0.2552,0.3755,0.1404,0.5183,Current,stale_record,0.1867,interest_rate (+0.35); combined_risk_index (+0.32),APPROVE,0.86
LN001542,14,0.6961,0.686,0.3578,0.4707,Default,none,0.2817,current_status_Current (+1.16); remaining_term_months (-0.36),ESCALATE,0.642
LN001542,15,0.7149,0.6937,0.3416,0.4801,Current,none,0.4207,current_status_Current (+1.18); state_CT (-0.29),ESCALATE,0.658
LN001547,6,0.1951,0.2992,0.1176,0.527,Prepaid,none,0.2417,combined_risk_index (-0.31); remaining_term_months (-0.29),APPROVE,0.882
LN001547,7,0.1467,0.2612,0.0976,0.5269,Prepaid,none,0.0954,interest_rate (-0.73); combined_risk_index (-0.26),APPROVE,0.902
LN001547,8,0.1506,0.2451,0.0958,0.5301,Prepaid,none,0.1013,interest_rate (-0.75); combined_risk_index (-0.27),APPROVE,0.904
LN001547,9,0.138,0.2319,0.0924,0.5286,Prepaid,source_conflict,0.25,interest_rate (-0.75); combined_risk_index (-0.27),APPROVE,0.908
LN001547,10,0.1328,0.2185,0.087,0.5301,Prepaid,none,0.12,interest_rate (-0.76); combined_risk_index (-0.28),APPROVE,0.913
LN001547,11,0.1588,0.244,0.0802,0.5215,Current,none,0.1287,interest_rate (-0.91); combined_risk_index (+0.33),APPROVE,0.92
LN001547,12,0.1526,0.2343,0.0892,0.5337,Prepaid,none,0.1313,interest_rate (-0.75); combined_risk_index (-0.29),APPROVE,0.911
LN001547,13,0.1573,0.2417,0.0872,0.5335,Prepaid,none,0.145,interest_rate (-0.75); combined_risk_index (-0.29),APPROVE,0.913
LN001547,14,0.1526,0.2268,0.0854,0.5338,Prepaid,none,0.1521,interest_rate (-0.75); combined_risk_index (-0.29),APPROVE,0.915
LN001547,15,0.1383,0.2191,0.0832,0.5345,Prepaid,source_conflict,0.3024,interest_rate (-0.74); seasoning_pct (-0.37),APPROVE,0.917
LN001547,16,0.134,0.2525,0.0815,0.5336,Prepaid,none,0.1867,interest_rate (-0.75); seasoning_pct (-0.33),APPROVE,0.918
LN001547,17,0.1305,0.2624,0.0805,0.5306,Prepaid,none,0.2076,interest_rate (-0.75); seasoning_pct (-0.33),APPROVE,0.92
LN001547,18,0.1307,0.2848,0.0797,0.5321,Current,none,0.2511,interest_rate (-0.67); seasoning_pct (-0.37),APPROVE,0.92
LN001549,12,0.3748,0.4267,0.1495,0.5168,30DPD,none,0.0961,combined_risk_index (+0.36); seasoning_pct (-0.28),APPROVE,0.85
LN001549,13,0.3227,0.4196,0.1469,0.5166,30DPD,none,0.1058,combined_risk_index (+0.36); seasoning_pct (-0.31),APPROVE,0.853
LN001549,14,0.3159,0.426,0.1433,0.5166,30DPD,none,0.1179,combined_risk_index (+0.36); seasoning_pct (-0.31),APPROVE,0.857
LN001549,15,0.3374,0.4265,0.1372,0.5161,30DPD,none,0.1388,seasoning_pct (-0.39); combined_risk_index (+0.36),APPROVE,0.863
LN001549,16,0.372,0.502,0.1531,0.5089,Current,suspicious_transition,0.395,seasoning_pct (-0.39); current_status_Current (-0.35),WATCH_LIST,0.847
LN001549,17,0.3658,0.4862,0.1335,0.5117,30DPD,none,0.1814,seasoning_pct (-0.39); combined_risk_index (+0.36),APPROVE,0.866
LN001549,18,0.3776,0.4634,0.1335,0.5107,30DPD,none,0.1951,seasoning_pct (-0.39); combined_risk_index (+0.36),APPROVE,0.866
LN001549,19,0.3582,0.4169,0.122,0.5092,Current,none,0.2189,seasoning_pct (-0.39); combined_risk_index (+0.36),APPROVE,0.878
LN001549,20,0.3625,0.4081,0.114,0.5086,Current,none,0.2382,month_index (-0.43); seasoning_pct (-0.39),APPROVE,0.886
LN001549,21,0.6287,0.6227,0.1827,0.4748,Current,none,0.4551,current_status_Current (+1.07); month_index (-0.41),ESCALATE,0.817
LN001552,13,0.1486,0.2248,0.1087,0.4845,Current,none,0.0425,original_balance (-0.32); current_status_Current (-0.32),APPROVE,0.891
LN001552,14,0.151,0.2187,0.1007,0.4839,Current,none,0.051,original_balance (-0.32); current_status_Current (-0.32),APPROVE,0.899
LN001552,15,0.1505,0.2164,0.0964,0.4833,Current,none,0.0688,original_balance (-0.32); current_status_Current (-0.31),APPROVE,0.904
LN001552,16,0.1438,0.2006,0.0912,0.4816,Current,none,0.0812,original_balance (-0.35); current_status_Current (-0.32),APPROVE,0.909
LN001552,17,0.1274,0.1844,0.087,0.4794,Current,none,0.0983,original_balance (-0.35); current_status_Current (-0.32),APPROVE,0.913
LN001552,18,0.6323,0.5842,0.1957,0.4524,60DPD,none,0.3001,current_status_Current (+1.38); original_balance (-0.27),WATCH_LIST,0.804
LN001552,19,0.6316,0.5811,0.1806,0.4524,60DPD,stale_record,0.2293,current_status_Current (+1.40); original_balance (-0.27),WATCH_LIST,0.819
LN001552,20,0.0932,0.1557,0.0749,0.479,Current,none,0.1602,month_index (-0.39); original_balance (-0.37),APPROVE,0.925
LN001552,21,0.0931,0.1592,0.0749,0.4792,Current,none,0.1853,month_index (-0.39); original_balance (-0.37),APPROVE,0.925
LN001552,22,0.0763,0.1645,0.0755,0.492,Current,data_entry_error,0.3522,original_balance (-0.45); month_index (-0.39),APPROVE,0.924
LN001552,23,0.0925,0.1636,0.0749,0.478,Current,none,0.2353,month_index (-0.39); original_balance (-0.37),APPROVE,0.925
LN001552,24,0.0913,0.1636,0.0764,0.4768,Current,none,0.248,month_index (-0.39); original_balance (-0.37),APPROVE,0.924
LN001552,25,0.0913,0.1636,0.0764,0.4768,Current,none,0.2564,month_index (-0.39); original_balance (-0.37),APPROVE,0.924
LN001552,26,0.566,0.5526,0.1485,0.4488,Current,stale_record,0.4909,current_status_Current (+1.35); month_index (-0.36),ESCALATE,0.852
LN001557,19,0.7515,0.7184,0.1561,0.5198,Default,none,0.3583,current_status_Current (+1.48); interest_rate (-0.98),WATCH_LIST,0.844
LN001557,20,0.6058,0.5636,0.0843,0.521,Current,none,0.4134,current_status_Current (+1.07); interest_rate (-1.05),ESCALATE,0.916
LN001558,22,0.1679,0.3621,0.0707,0.5102,Current,none,0.2964,interest_rate (-0.84); month_index (-0.40),APPROVE,0.929
LN001558,23,0.1737,0.3857,0.0709,0.5111,Current,none,0.3116,interest_rate (-0.84); month_index (-0.40),APPROVE,0.929
LN001558,24,0.4749,0.6233,0.0875,0.4805,Current,none,0.4953,current_status_Current (+1.06); interest_rate (-0.69),ESCALATE,0.913
LN001559,20,0.0759,0.1496,0.0607,0.5346,Current,none,0.1678,interest_rate (-0.65); state_CT (-0.52),APPROVE,0.939
LN001559,21,0.0759,0.1526,0.0604,0.5339,Current,none,0.1934,interest_rate (-0.65); state_CT (-0.52),APPROVE,0.94
LN001559,22,0.0782,0.1598,0.0619,0.5327,Current,none,0.2171,interest_rate (-0.65); state_CT (-0.59),APPROVE,0.938
LN001559,23,0.0724,0.1452,0.0626,0.5329,Current,none,0.2472,interest_rate (-0.73); month_index (-0.49),APPROVE,0.937
LN001559,24,0.0743,0.1566,0.0604,0.535,Current,source_conflict,0.4386,interest_rate (-0.66); state_CT (-0.52),ESCALATE,0.94
LN001559,25,0.5216,0.4794,0.0596,0.5033,Current,stale_record,0.4883,interest_rate (-1.04); current_status_Current (+0.95),ESCALATE,0.94
LN001560,18,0.5858,0.6002,0.2169,0.4706,60DPD,none,0.3187,current_status_Current (+1.23); state_MN (-0.44),WATCH_LIST,0.783
LN001560,19,0.5869,0.6088,0.2041,0.4711,60DPD,none,0.2043,current_status_Current (+1.25); state_MN (-0.44),WATCH_LIST,0.796
LN001560,20,0.074,0.1666,0.0885,0.5144,Prepaid,none,0.1818,month_index (-0.43); state_MN (-0.40),APPROVE,0.911
LN001560,21,0.0747,0.17,0.0897,0.5141,Prepaid,none,0.2066,month_index (-0.43); state_MN (-0.40),APPROVE,0.91
LN001560,22,0.0741,0.1772,0.0897,0.5141,Prepaid,none,0.2294,month_index (-0.43); state_MN (-0.40),APPROVE,0.91
LN001560,23,0.0735,0.1837,0.0896,0.5131,Prepaid,none,0.2551,month_index (-0.43); state_MN (-0.40),APPROVE,0.91
LN001560,24,0.0722,0.1837,0.0896,0.5119,Prepaid,none,0.2676,month_index (-0.43); state_MN (-0.40),APPROVE,0.91
LN001560,25,0.0724,0.1837,0.0896,0.5119,Prepaid,none,0.2762,month_index (-0.43); state_MN (-0.40),APPROVE,0.91
LN001564,11,0.6897,0.6827,0.3506,0.4483,60DPD,none,0.1466,current_status_Current (+1.31); occupancy_type_Second_Home (+0.45),ESCALATE,0.649
LN001564,12,0.7238,0.7162,0.3685,0.4505,Current,none,0.3669,current_status_Current (+1.41); occupancy_type_Second_Home (+0.45),ESCALATE,0.631
LN001570,13,0.1026,0.1812,0.0634,0.5137,Prepaid,none,0.1057,state_OH (-0.67); combined_risk_index (-0.45),APPROVE,0.937
LN001570,14,0.104,0.1704,0.0633,0.514,Prepaid,stale_record,0.1605,state_OH (-0.67); combined_risk_index (-0.45),APPROVE,0.937
LN001570,15,0.0965,0.1563,0.063,0.5137,Prepaid,none,0.1291,state_OH (-0.67); combined_risk_index (-0.45),APPROVE,0.937
LN001570,16,0.089,0.1471,0.0629,0.5106,Prepaid,none,0.1485,state_OH (-0.67); combined_risk_index (-0.45),APPROVE,0.937
LN001570,17,0.0862,0.1448,0.0628,0.5055,Prepaid,none,0.1656,state_OH (-0.67); combined_risk_index (-0.45),APPROVE,0.937
LN001570,18,0.446,0.5299,0.0819,0.4811,30DPD,none,0.2265,current_status_Current (+1.21); state_OH (-0.99),APPROVE,0.918
LN001570,19,0.6892,0.6735,0.0999,0.5083,60DPD,none,0.299,current_status_Current (+1.52); state_OH (-0.83),APPROVE,0.9
LN001570,20,0.6937,0.6708,0.0875,0.5007,60DPD,stale_record,0.34,current_status_Current (+1.54); state_OH (-0.78),APPROVE,0.912
LN001570,21,0.6938,0.6701,0.0883,0.5007,60DPD,stale_record,0.3635,current_status_Current (+1.54); state_OH (-0.78),APPROVE,0.912
LN001570,22,0.0735,0.1355,0.0615,0.5022,Prepaid,stale_record,0.31,state_OH (-0.63); combined_risk_index (-0.45),APPROVE,0.938
LN001570,23,0.0748,0.1365,0.0615,0.5011,Prepaid,none,0.2833,state_OH (-0.63); combined_risk_index (-0.45),APPROVE,0.938
LN001570,24,0.0748,0.1365,0.0615,0.5011,Prepaid,none,0.2926,state_OH (-0.63); combined_risk_index (-0.45),APPROVE,0.938
LN001570,25,0.3934,0.4784,0.0776,0.4805,Current,none,0.4801,current_status_Current (+1.24); state_OH (-0.91),ESCALATE,0.922
LN001572,7,0.1586,0.2111,0.1062,0.4825,Prepaid,none,0.0034,ltv_risk_tier (-0.49); current_status_Current (-0.27),APPROVE,0.894
LN001572,8,0.151,0.2111,0.1016,0.4826,Current,none,0.0064,ltv_risk_tier (-0.49); current_status_Current (-0.28),APPROVE,0.898
LN001572,9,0.6017,0.5799,0.2356,0.4561,Current,none,0.2645,current_status_Current (+1.19); ltv_risk_tier (-0.64),WATCH_LIST,0.764
LN001573,12,0.1031,0.1864,0.0636,0.5232,Current,data_entry_error,0.2067,interest_rate (-0.83); monthly_interest_accrual (-0.68),APPROVE,0.936
LN001573,13,0.099,0.1703,0.0685,0.5011,Current,none,0.1108,interest_rate (-0.85); current_status_Current (-0.28),APPROVE,0.932
LN001573,14,0.098,0.1639,0.0673,0.5003,Current,none,0.1195,interest_rate (-0.85); seasoning_pct (-0.26),APPROVE,0.933
LN001573,15,0.088,0.1528,0.0671,0.4983,Current,none,0.129,interest_rate (-0.85); seasoning_pct (-0.27),APPROVE,0.933
LN001573,16,0.0819,0.1471,0.0657,0.5012,Current,none,0.147,interest_rate (-0.83); seasoning_pct (-0.26),APPROVE,0.934
LN001573,17,0.0789,0.1418,0.0666,0.5004,Current,none,0.1634,interest_rate (-0.84); seasoning_pct (-0.27),APPROVE,0.933
LN001573,18,0.0736,0.1411,0.0663,0.4994,Current,none,0.177,interest_rate (-0.84); seasoning_pct (-0.31),APPROVE,0.934
LN001573,19,0.0669,0.1333,0.0641,0.4991,Current,none,0.1961,interest_rate (-0.83); seasoning_pct (-0.38),APPROVE,0.936
LN001573,20,0.0688,0.1343,0.0625,0.4981,Current,none,0.2162,interest_rate (-0.83); month_index (-0.48),APPROVE,0.937
LN001573,21,0.5326,0.5239,0.0803,0.4806,Current,stale_record,0.4819,current_status_Current (+1.11); interest_rate (-0.89),ESCALATE,0.92
LN001578,11,0.1598,0.2645,0.0904,0.5115,Current,none,0.0908,current_status_Current (-0.31); original_balance (-0.16),APPROVE,0.91
LN001578,12,0.1402,0.2502,0.089,0.511,Current,none,0.0956,current_status_Current (-0.31); original_balance (-0.16),APPROVE,0.911
LN001578,13,0.1356,0.2425,0.0839,0.5192,Current,none,0.1098,current_status_Current (-0.31); original_balance (-0.16),APPROVE,0.916
LN001578,14,0.5605,0.5573,0.1861,0.4947,Current,none,0.3629,current_status_Current (+1.27); servicer_name_ServicerE (-0.19),WATCH_LIST,0.814
LN001579,6,0.2784,0.3683,0.1498,0.5119,Current,none,0.0646,current_status_Current (-0.27); ltv_risk_tier (+0.23),APPROVE,0.85
LN001579,7,0.2927,0.3631,0.1428,0.5153,Current,none,0.0639,current_status_Current (-0.28); ltv_risk_tier (+0.23),APPROVE,0.857
LN001579,8,0.306,0.3546,0.1387,0.5171,Current,none,0.0679,current_status_Current (-0.28); ltv_risk_tier (+0.23),APPROVE,0.861
LN001579,9,0.2762,0.3365,0.1282,0.5172,Current,none,0.0797,current_status_Current (-0.30); seasoning_pct (-0.19),APPROVE,0.872
LN001579,10,0.2565,0.3199,0.116,0.5181,Current,none,0.0875,seasoning_pct (-0.33); current_status_Current (-0.30),APPROVE,0.884
LN001579,11,0.2687,0.3372,0.1154,0.5181,Current,source_conflict,0.2328,seasoning_pct (-0.34); current_status_Current (-0.30),APPROVE,0.885
LN001579,12,0.2538,0.3417,0.1154,0.524,Prepaid,stale_record,0.1447,seasoning_pct (-0.35); current_status_Current (-0.29),APPROVE,0.885
LN001579,13,0.61,0.5549,0.2613,0.4874,Current,none,0.3334,current_status_Current (+1.23); seasoning_pct (-0.31),WATCH_LIST,0.739
LN001581,7,0.1666,0.2902,0.0809,0.4999,Current,stale_record,0.0845,loan_purpose_Refinance_NoCashout (-0.44); current_status_Current (-0.26),APPROVE,0.919
LN001581,8,0.1814,0.3175,0.0846,0.5007,Current,none,0.0454,loan_purpose_Refinance_NoCashout (-0.44); current_status_Current (-0.26),APPROVE,0.915
LN001581,9,0.1793,0.3185,0.0831,0.5016,Current,none,0.0531,loan_purpose_Refinance_NoCashout (-0.44); interest_rate (-0.27),APPROVE,0.917
LN001581,10,0.1848,0.3298,0.0824,0.5022,Current,source_conflict,0.1934,loan_purpose_Refinance_NoCashout (-0.44); interest_rate (-0.30),APPROVE,0.918
LN001581,11,0.1894,0.3363,0.0822,0.5001,Current,none,0.0723,loan_purpose_Refinance_NoCashout (-0.44); interest_rate (-0.31),APPROVE,0.918
LN001581,12,0.1973,0.3351,0.0818,0.5009,Current,none,0.0754,loan_purpose_Refinance_NoCashout (-0.44); interest_rate (-0.31),APPROVE,0.918
LN001581,13,0.1939,0.3273,0.0801,0.5032,Current,none,0.0805,loan_purpose_Refinance_NoCashout (-0.44); interest_rate (-0.33),APPROVE,0.92
LN001581,14,0.1924,0.3063,0.0768,0.5025,Current,none,0.0921,loan_purpose_Refinance_NoCashout (-0.44); interest_rate (-0.33),APPROVE,0.923
LN001581,15,0.1858,0.2838,0.0757,0.5036,Current,none,0.1081,loan_purpose_Refinance_NoCashout (-0.44); interest_rate (-0.33),APPROVE,0.924
LN001581,16,0.1782,0.2631,0.0742,0.5024,Current,none,0.1197,loan_purpose_Refinance_NoCashout (-0.44); interest_rate (-0.34),APPROVE,0.926
LN001581,17,0.1729,0.2459,0.073,0.4989,Current,none,0.1367,loan_purpose_Refinance_NoCashout (-0.44); interest_rate (-0.34),APPROVE,0.927
LN001581,18,0.1724,0.2354,0.0721,0.4979,Current,none,0.1536,loan_purpose_Refinance_NoCashout (-0.46); interest_rate (-0.34),APPROVE,0.928
LN001581,19,0.1275,0.2158,0.069,0.4945,Current,stale_record,0.2216,loan_purpose_Refinance_NoCashout (-0.47); interest_rate (-0.34),APPROVE,0.931
LN001581,20,0.1259,0.2068,0.0667,0.4945,Current,stale_record,0.2485,month_index (-0.48); loan_purpose_Refinance_NoCashout (-0.47),APPROVE,0.933
LN001581,21,0.1263,0.201,0.0667,0.4939,Current,none,0.2298,month_index (-0.48); loan_purpose_Refinance_NoCashout (-0.47),APPROVE,0.933
LN001584,7,0.1834,0.3671,0.1156,0.5154,Prepaid,none,0.0158,original_balance (-0.52); interest_rate (-0.27),APPROVE,0.884
LN001584,8,0.1746,0.3683,0.1151,0.5181,Prepaid,none,0.0184,original_balance (-0.53); interest_rate (-0.30),APPROVE,0.885
LN001584,9,0.1699,0.3696,0.1179,0.5185,Prepaid,none,0.0211,original_balance (-0.53); interest_rate (-0.33),APPROVE,0.882
LN001584,10,0.6775,0.6714,0.2379,0.4938,60DPD,stale_record,0.1205,current_status_Current (+1.14); original_balance (-0.53),WATCH_LIST,0.762
LN001584,11,0.6793,0.6694,0.223,0.4955,60DPD,none,0.0922,current_status_Current (+1.13); original_balance (-0.52),WATCH_LIST,0.777
LN001584,12,0.7475,0.7432,0.3299,0.4684,Current,none,0.3656,current_status_Current (+1.52); original_balance (-0.53),WATCH_LIST,0.67
LN001588,7,0.1627,0.3053,0.1909,0.5399,Prepaid,none,0.0221,state_MO (-0.78); combined_risk_index (+0.46),WATCH_LIST,0.809
LN001588,8,0.1677,0.3032,0.1811,0.5399,Prepaid,none,0.0268,state_MO (-0.78); combined_risk_index (+0.46),WATCH_LIST,0.819
LN001588,9,0.1685,0.3001,0.1711,0.5408,Prepaid,none,0.0333,state_MO (-0.78); combined_risk_index (+0.46),WATCH_LIST,0.829
LN001588,10,0.1326,0.319,0.1604,0.5452,Prepaid,data_entry_error,0.313,state_MO (-0.76); combined_risk_index (+0.47),WATCH_LIST,0.84
LN001588,11,0.1712,0.323,0.1668,0.536,Prepaid,none,0.0524,state_MO (-0.78); combined_risk_index (+0.47),WATCH_LIST,0.833
LN001588,12,0.5373,0.6078,0.257,0.5017,Current,none,0.3007,current_status_Current (+1.09); state_MO (-0.71),WATCH_LIST,0.743
LN001591,8,0.1524,0.3021,0.1076,0.553,Current,none,0.0196,current_status_Current (-0.29); combined_risk_index (-0.25),APPROVE,0.892
LN001591,9,0.1465,0.3023,0.1064,0.5529,Current,none,0.0213,current_status_Current (-0.29); combined_risk_index (-0.25),APPROVE,0.894
LN001591,10,0.1436,0.3029,0.1068,0.5531,Current,none,0.0326,current_status_Current (-0.29); combined_risk_index (-0.25),APPROVE,0.893
LN001591,11,0.1497,0.2928,0.1064,0.5538,Current,none,0.0463,current_status_Current (-0.28); combined_risk_index (-0.25),APPROVE,0.894
LN001591,12,0.1506,0.2873,0.1042,0.5551,Prepaid,none,0.0531,current_status_Current (-0.28); combined_risk_index (-0.25),APPROVE,0.896
LN001591,13,0.1424,0.2826,0.1032,0.5549,Current,none,0.0596,current_status_Current (-0.28); combined_risk_index (-0.24),APPROVE,0.897
LN001591,14,0.1252,0.2247,0.0848,0.5579,Prepaid,stale_record,0.1172,combined_risk_index (-0.48); current_status_Current (-0.32),APPROVE,0.915
LN001591,15,0.114,0.2273,0.0928,0.5533,Prepaid,none,0.0877,current_status_Current (-0.28); combined_risk_index (-0.23),APPROVE,0.907
LN001591,16,0.1113,0.2114,0.0891,0.5509,Prepaid,none,0.1057,current_status_Current (-0.28); combined_risk_index (-0.24),APPROVE,0.911
LN001591,17,0.1041,0.1876,0.0859,0.5467,Prepaid,none,0.1202,current_status_Current (-0.29); combined_risk_index (-0.24),APPROVE,0.914
LN001591,18,0.0954,0.1776,0.0854,0.5457,Current,none,0.1343,current_status_Current (-0.29); combined_risk_index (-0.24),APPROVE,0.915
LN001593,16,0.381,0.4181,0.1758,0.4863,30DPD,none,0.2311,current_status_Current (+1.18); current_balance (+0.18),WATCH_LIST,0.824
LN001593,17,0.3866,0.402,0.1683,0.4841,Current,none,0.4243,current_status_Current (+1.18); current_balance (+0.18),ESCALATE,0.832
LN001599,10,0.6839,0.6745,0.3691,0.4696,60DPD,stale_record,0.1872,current_status_Current (+1.36); ltv_risk_tier (-0.49),ESCALATE,0.631
LN001599,11,0.652,0.6214,0.3776,0.4661,Default,none,0.2053,current_status_Current (+1.38); ltv_risk_tier (-0.64),ESCALATE,0.622
LN001599,12,0.6458,0.6069,0.3674,0.4662,Prepaid,none,0.2127,current_status_Current (+1.35); ltv_risk_tier (-0.68),ESCALATE,0.633
LN001599,13,0.6845,0.6514,0.3806,0.4706,Current,none,0.3824,current_status_Current (+1.34); ltv_risk_tier (-0.54),ESCALATE,0.619
LN001607,6,0.2151,0.3585,0.1489,0.4922,Current,none,0.0187,interest_rate (-0.66); ltv_risk_tier (+0.40),APPROVE,0.851
LN001607,7,0.2036,0.3457,0.1517,0.4983,Current,none,0.0171,interest_rate (-0.67); ltv_risk_tier (+0.38),WATCH_LIST,0.848
LN001607,8,0.2068,0.3241,0.1492,0.5015,Current,none,0.0203,interest_rate (-0.69); ltv_risk_tier (+0.35),APPROVE,0.851
LN001607,9,0.2032,0.3165,0.1452,0.5029,Current,none,0.0209,interest_rate (-0.69); ltv_risk_tier (+0.34),APPROVE,0.855
LN001607,10,0.2113,0.3274,0.1611,0.5028,Current,none,0.0304,interest_rate (-0.67); ltv_risk_tier (+0.35),WATCH_LIST,0.839
LN001607,11,0.0888,0.1771,0.0878,0.5162,Current,none,0.0446,interest_rate (-0.74); combined_risk_index (-0.50),APPROVE,0.912
LN001607,12,0.1944,0.3251,0.1631,0.5043,Current,none,0.0489,interest_rate (-0.67); ltv_risk_tier (+0.35),WATCH_LIST,0.837
LN001607,13,0.1893,0.3242,0.1617,0.5048,Current,none,0.0563,interest_rate (-0.67); ltv_risk_tier (+0.35),WATCH_LIST,0.838
LN001607,14,0.1861,0.3185,0.1476,0.5048,Current,none,0.0639,interest_rate (-0.67); ltv_risk_tier (+0.34),APPROVE,0.852
LN001607,15,0.0841,0.1662,0.0838,0.5146,Current,none,0.08,interest_rate (-0.66); combined_risk_index (-0.49),APPROVE,0.916
LN001607,16,0.1736,0.2717,0.1406,0.5044,Prepaid,none,0.0949,interest_rate (-0.61); ltv_risk_tier (+0.34),APPROVE,0.859
LN001607,17,0.1643,0.2497,0.1342,0.5028,Current,none,0.1104,interest_rate (-0.60); ltv_risk_tier (+0.30),APPROVE,0.866
LN001607,18,0.4684,0.4919,0.2145,0.4738,Current,none,0.3676,current_status_Current (+1.03); interest_rate (-0.64),WATCH_LIST,0.786
LN001608,10,0.7393,0.7364,0.4135,0.4547,Current,none,0.3477,current_status_Current (+1.29); interest_rate (+0.45),ESCALATE,0.586
LN001610,6,0.7457,0.7278,0.3504,0.4604,Current,none,0.3798,current_status_Current (+1.18); interest_rate (-0.28),ESCALATE,0.65
LN001613,10,0.1408,0.2479,0.1225,0.4758,Current,none,0.0394,combined_risk_index (-0.44); current_status_Current (-0.32),APPROVE,0.878
LN001613,11,0.1439,0.2621,0.1217,0.4768,Current,none,0.0524,combined_risk_index (-0.44); current_status_Current (-0.32),APPROVE,0.878
LN001613,12,0.1439,0.2623,0.1189,0.478,Current,none,0.0569,combined_risk_index (-0.44); current_status_Current (-0.32),APPROVE,0.881
LN001613,13,0.1438,0.2632,0.1178,0.4783,Current,none,0.0626,combined_risk_index (-0.43); current_status_Current (-0.32),APPROVE,0.882
LN001613,14,0.1449,0.2588,0.1138,0.4781,Current,none,0.0717,combined_risk_index (-0.42); current_status_Current (-0.32),APPROVE,0.886
LN001613,15,0.1324,0.2486,0.1456,0.4871,Current,data_entry_error,0.2254,combined_risk_index (-0.40); current_status_Current (-0.30),APPROVE,0.854
LN001613,16,0.1144,0.2156,0.1045,0.4774,Current,none,0.1054,combined_risk_index (-0.43); current_status_Current (-0.32),APPROVE,0.896
LN001613,17,0.1039,0.1935,0.1034,0.4754,Prepaid,none,0.1198,combined_risk_index (-0.41); current_status_Current (-0.32),APPROVE,0.897
LN001613,18,0.1108,0.1988,0.1192,0.4946,Current,none,0.2847,combined_risk_index (-0.43); current_status_Current (-0.32),APPROVE,0.881
LN001613,19,0.0787,0.1691,0.1045,0.4744,Prepaid,none,0.1546,combined_risk_index (-0.40); current_status_Current (-0.32),APPROVE,0.895
LN001613,20,0.0782,0.1625,0.0933,0.4744,Prepaid,none,0.1835,month_index (-0.40); combined_risk_index (-0.40),APPROVE,0.907
LN001613,21,0.0787,0.1704,0.0939,0.4742,Prepaid,none,0.2069,month_index (-0.40); combined_risk_index (-0.40),APPROVE,0.906
LN001613,22,0.0797,0.1839,0.0939,0.4742,Current,none,0.23,month_index (-0.40); combined_risk_index (-0.40),APPROVE,0.906
LN001613,23,0.5138,0.5479,0.1983,0.4641,Current,stale_record,0.5221,current_status_Current (+1.33); month_index (-0.38),ESCALATE,0.802
LN001625,7,0.5912,0.5749,0.2549,0.5236,60DPD,none,0.1529,current_status_Current (+0.87); remaining_term_months (-0.23),WATCH_LIST,0.745
LN001625,8,0.2605,0.3529,0.1462,0.5464,Current,none,0.1092,combined_risk_index (+0.40); interest_rate (-0.30),APPROVE,0.854
LN001625,9,0.2658,0.3445,0.1321,0.5471,Current,none,0.1175,combined_risk_index (+0.40); interest_rate (-0.30),APPROVE,0.868
LN001625,10,0.3278,0.436,0.1517,0.5212,Current,none,0.2861,combined_risk_index (+0.37); interest_rate (-0.26),WATCH_LIST,0.848
LN001625,11,0.2361,0.3555,0.1218,0.5473,Current,none,0.1378,combined_risk_index (+0.41); seasoning_pct (-0.32),APPROVE,0.878
LN001625,12,0.2569,0.3867,0.1236,0.549,Current,source_conflict,0.2749,combined_risk_index (+0.41); seasoning_pct (-0.33),APPROVE,0.876
LN001625,13,0.225,0.3569,0.1234,0.5488,Current,none,0.1506,combined_risk_index (+0.41); seasoning_pct (-0.37),APPROVE,0.877
LN001625,14,0.1942,0.3431,0.1227,0.5491,Current,none,0.165,combined_risk_index (+0.41); seasoning_pct (-0.37),APPROVE,0.877
LN001625,15,0.1282,0.2275,0.0833,0.548,Prepaid,none,0.1854,seasoning_pct (-0.41); current_status_Current (-0.28),APPROVE,0.917
LN001625,16,0.2187,0.3236,0.1151,0.5466,Prepaid,none,0.2047,seasoning_pct (-0.45); combined_risk_index (+0.41),APPROVE,0.885
LN001625,17,0.2157,0.3227,0.1147,0.5445,Prepaid,none,0.2243,seasoning_pct (-0.45); combined_risk_index (+0.41),APPROVE,0.885
LN001625,18,0.4355,0.4764,0.1702,0.5276,Current,none,0.4455,current_status_Current (+0.92); seasoning_pct (-0.35),ESCALATE,0.83
LN001628,8,0.2189,0.3122,0.1356,0.5172,Current,none,0.0347,current_status_Current (-0.27); ltv_risk_tier (-0.14),APPROVE,0.864
LN001628,9,0.6727,0.6397,0.3248,0.4724,60DPD,none,0.0841,current_status_Current (+1.01); combined_risk_index (+0.22),WATCH_LIST,0.675
LN001628,10,0.7381,0.7251,0.3662,0.4624,Default,none,0.1389,current_status_Current (+1.31); ltv_risk_tier (-0.30),ESCALATE,0.634
LN001628,11,0.187,0.2916,0.1345,0.5241,Current,none,0.0855,current_status_Current (-0.26); ltv_risk_tier (-0.19),APPROVE,0.865
LN001628,12,0.2134,0.3195,0.1183,0.5207,Prepaid,stale_record,0.108,current_status_Current (-0.26); ltv_risk_tier (-0.26),APPROVE,0.882
LN001628,13,0.1928,0.3104,0.1146,0.5201,Prepaid,none,0.0681,ltv_risk_tier (-0.26); current_status_Current (-0.26),APPROVE,0.885
LN001628,14,0.1777,0.2864,0.1075,0.52,Prepaid,none,0.08,current_status_Current (-0.26); ltv_risk_tier (-0.26),APPROVE,0.892
LN001628,15,0.1724,0.2662,0.1022,0.5196,Prepaid,none,0.0951,current_status_Current (-0.26); ltv_risk_tier (-0.26),APPROVE,0.898
LN001628,16,0.1665,0.2429,0.0988,0.5183,Prepaid,none,0.1077,current_status_Current (-0.26); ltv_risk_tier (-0.26),APPROVE,0.901
LN001628,17,0.1483,0.2146,0.0938,0.5168,Prepaid,none,0.1228,current_status_Current (-0.27); ltv_risk_tier (-0.25),APPROVE,0.906
LN001628,18,0.1509,0.2067,0.0938,0.5182,Current,none,0.1385,current_status_Current (-0.27); ltv_risk_tier (-0.25),APPROVE,0.906
LN001628,19,0.1088,0.1839,0.0843,0.5182,Prepaid,stale_record,0.2028,current_status_Current (-0.27); ltv_risk_tier (-0.25),APPROVE,0.916
LN001628,20,0.1077,0.1809,0.0784,0.5182,Prepaid,none,0.1859,month_index (-0.50); current_status_Current (-0.27),APPROVE,0.922
LN001628,21,0.5838,0.5505,0.1547,0.4878,Current,source_conflict,0.5554,current_status_Current (+1.11); month_index (-0.45),ESCALATE,0.845
LN001630,10,0.0815,0.1529,0.0581,0.5475,Current,none,0.0264,combined_risk_index (-1.15); monthly_interest_accrual (-0.63),APPROVE,0.942
LN001630,11,0.0812,0.1531,0.0581,0.548,Current,none,0.0414,combined_risk_index (-1.15); monthly_interest_accrual (-0.60),APPROVE,0.942
LN001630,12,0.0809,0.1769,0.0638,0.548,Current,none,0.0446,interest_rate (-0.64); monthly_interest_accrual (-0.52),APPROVE,0.936
LN001630,13,0.0758,0.1794,0.0584,0.5568,Prepaid,none,0.0504,combined_risk_index (-1.14); monthly_interest_accrual (-0.60),APPROVE,0.942
LN001630,14,0.0756,0.1714,0.0584,0.5583,Prepaid,none,0.0568,combined_risk_index (-1.13); interest_rate (-0.59),APPROVE,0.942
LN001630,15,0.0904,0.1654,0.0584,0.5581,Prepaid,none,0.0712,combined_risk_index (-1.13); monthly_interest_accrual (-0.58),APPROVE,0.942
LN001630,16,0.0962,0.1574,0.0583,0.5577,Prepaid,source_conflict,0.2196,combined_risk_index (-1.13); interest_rate (-0.59),APPROVE,0.942
LN001630,17,0.0867,0.1467,0.0583,0.5563,Prepaid,none,0.1005,combined_risk_index (-1.12); interest_rate (-0.57),APPROVE,0.942
LN001630,18,0.0808,0.139,0.0583,0.5557,Prepaid,stale_record,0.1641,combined_risk_index (-1.12); interest_rate (-0.57),APPROVE,0.942
LN001630,19,0.0664,0.1247,0.058,0.5529,Current,none,0.1372,combined_risk_index (-1.10); interest_rate (-0.57),APPROVE,0.942
LN001630,20,0.0762,0.1327,0.0589,0.538,Current,none,0.2016,combined_risk_index (-1.07); interest_rate (-0.53),APPROVE,0.941
LN001630,21,0.0692,0.1217,0.0577,0.5527,Current,none,0.1859,combined_risk_index (-1.10); interest_rate (-0.57),APPROVE,0.942
LN001630,22,0.0678,0.1246,0.0577,0.5527,Current,none,0.2109,combined_risk_index (-1.09); interest_rate (-0.57),APPROVE,0.942
LN001630,23,0.5997,0.5449,0.0663,0.5148,60DPD,none,0.311,current_status_Current (+1.23); combined_risk_index (-0.96),APPROVE,0.934
LN001630,24,0.0672,0.1239,0.0578,0.553,Current,none,0.2529,combined_risk_index (-1.08); interest_rate (-0.58),APPROVE,0.942
LN001630,25,0.0665,0.1239,0.0578,0.553,Current,none,0.2605,combined_risk_index (-1.08); interest_rate (-0.58),APPROVE,0.942
LN001630,26,0.6205,0.5389,0.0795,0.5174,60DPD,none,0.3621,current_status_Current (+1.27); combined_risk_index (-1.04),APPROVE,0.921
LN001630,27,0.6205,0.5424,0.0795,0.5174,60DPD,none,0.3666,current_status_Current (+1.27); combined_risk_index (-1.04),APPROVE,0.921
LN001630,28,0.614,0.5469,0.0713,0.5174,60DPD,none,0.3666,current_status_Current (+1.27); combined_risk_index (-1.04),APPROVE,0.929
LN001630,29,0.6119,0.5418,0.0713,0.5172,60DPD,none,0.3666,current_status_Current (+1.30); combined_risk_index (-1.04),APPROVE,0.929
LN001630,30,0.6259,0.5438,0.0758,0.5194,Current,none,0.4635,current_status_Current (+1.28); combined_risk_index (-1.01),ESCALATE,0.924
LN001634,18,0.124,0.1966,0.073,0.4854,Current,none,0.1782,interest_rate (-0.82); current_balance (-0.32),APPROVE,0.927
LN001634,19,0.6305,0.6296,0.1106,0.4624,30DPD,none,0.3599,current_status_Current (+1.01); interest_rate (-0.96),APPROVE,0.889
LN001634,20,0.6309,0.6326,0.1044,0.4609,60DPD,source_conflict,0.4011,current_status_Current (+1.00); interest_rate (-0.96),ESCALATE,0.896
LN001634,21,0.0856,0.177,0.0673,0.4855,Current,none,0.2375,interest_rate (-0.82); month_index (-0.50),APPROVE,0.933
LN001634,22,0.0843,0.1857,0.0673,0.4855,Current,none,0.2616,interest_rate (-0.82); month_index (-0.50),APPROVE,0.933
LN001634,23,0.0848,0.187,0.0672,0.4846,Current,none,0.2896,interest_rate (-0.83); month_index (-0.50),APPROVE,0.933
LN001634,24,0.0856,0.187,0.0672,0.4864,Current,none,0.3017,interest_rate (-0.83); month_index (-0.50),APPROVE,0.933
LN001634,25,0.088,0.1931,0.0742,0.5065,Current,none,0.405,month_index (-0.38); state_CT (-0.33),ESCALATE,0.926
LN001634,26,0.0854,0.1841,0.0671,0.4845,Current,none,0.3181,interest_rate (-0.83); month_index (-0.50),APPROVE,0.933
LN001634,27,0.086,0.1839,0.0671,0.4845,Current,none,0.3218,interest_rate (-0.83); month_index (-0.50),APPROVE,0.933
LN001634,28,0.086,0.1837,0.0671,0.4845,Current,none,0.3218,interest_rate (-0.83); month_index (-0.50),APPROVE,0.933
LN001634,29,0.6023,0.6132,0.1023,0.4584,60DPD,none,0.3468,interest_rate (-1.01); current_status_Current (+0.91),APPROVE,0.898
LN001650,9,0.3084,0.4034,0.2724,0.4715,Prepaid,stale_record,0.1034,combined_risk_index (+0.37); state_LA (+0.26),WATCH_LIST,0.728
LN001650,10,0.316,0.407,0.2778,0.4693,Prepaid,none,0.0642,combined_risk_index (+0.38); state_LA (+0.26),WATCH_LIST,0.722
LN001650,11,0.3196,0.4193,0.2814,0.4694,Prepaid,none,0.0801,combined_risk_index (+0.38); state_LA (+0.26),WATCH_LIST,0.719
LN001650,12,0.3281,0.4196,0.2744,0.4731,Current,none,0.0848,combined_risk_index (+0.38); state_LA (+0.26),WATCH_LIST,0.726
LN001650,13,0.319,0.4011,0.2773,0.4739,Current,none,0.0904,combined_risk_index (+0.39); state_LA (+0.26),WATCH_LIST,0.723
LN001650,14,0.2894,0.3989,0.2696,0.4739,Current,none,0.1009,combined_risk_index (+0.38); state_LA (+0.26),WATCH_LIST,0.73
LN001650,15,0.7207,0.7141,0.4029,0.4261,Current,none,0.4058,current_status_Current (+1.19); days_past_due (+0.33),ESCALATE,0.597
LN001651,22,0.5776,0.5536,0.2194,0.4478,60DPD,none,0.3401,current_status_Current (+0.96); month_index (-0.44),WATCH_LIST,0.781
LN001651,23,0.7114,0.6249,0.2178,0.4422,60DPD,stale_record,0.4428,current_status_Current (+0.90); state_IN (-0.63),ESCALATE,0.782
LN001651,24,0.7107,0.6261,0.3956,0.4361,Default,none,0.4086,current_status_Current (+1.25); month_index (-0.43),ESCALATE,0.604
LN001651,25,0.7077,0.6224,0.3637,0.4431,Current,none,0.494,current_status_Current (+1.24); month_index (-0.44),ESCALATE,0.636
LN001654,6,0.5494,0.5546,0.2434,0.4971,60DPD,none,0.2068,current_status_Current (+1.07); monthly_interest_accrual (-0.72),WATCH_LIST,0.757
LN001654,7,0.6971,0.6688,0.3411,0.4857,90DPD,none,0.1026,current_status_Current (+1.28); days_past_due (+0.21),WATCH_LIST,0.659
LN001654,8,0.1243,0.2352,0.1406,0.5313,Current,none,0.0096,current_status_Current (-0.26); combined_risk_index (+0.23),APPROVE,0.859
LN001654,9,0.1226,0.2381,0.1487,0.5254,Current,none,0.014,current_status_Current (-0.26); combined_risk_index (+0.23),APPROVE,0.851
LN001654,10,0.1211,0.2581,0.1485,0.526,Current,none,0.0203,current_status_Current (-0.26); combined_risk_index (+0.23),APPROVE,0.851
LN001654,11,0.1381,0.2831,0.1467,0.5255,Current,none,0.0346,current_status_Current (-0.26); combined_risk_index (+0.24),APPROVE,0.853
LN001654,12,0.1545,0.2945,0.1458,0.5291,Current,none,0.0391,current_status_Current (-0.26); combined_risk_index (+0.24),APPROVE,0.854
LN001654,13,0.2035,0.2925,0.1452,0.5295,Prepaid,none,0.0434,current_status_Current (-0.26); combined_risk_index (+0.24),APPROVE,0.855
LN001654,14,0.2026,0.2902,0.1336,0.5295,Current,none,0.0542,current_status_Current (-0.26); combined_risk_index (+0.23),APPROVE,0.866
LN001654,15,0.2049,0.2784,0.1312,0.529,Current,none,0.0696,current_status_Current (-0.26); combined_risk_index (+0.23),APPROVE,0.869
LN001654,16,0.5684,0.5567,0.2719,0.4955,Current,source_conflict,0.4657,current_status_Current (+1.19); days_past_due (-0.17),ESCALATE,0.728
LN001656,21,0.0926,0.1703,0.0592,0.5108,Current,none,0.2388,combined_risk_index (-0.89); interest_rate (-0.78),APPROVE,0.941
LN001656,22,0.0995,0.2048,0.0713,0.5296,Current,none,0.2559,interest_rate (-0.79); combined_risk_index (-0.51),APPROVE,0.929
LN001659,12,0.2567,0.3378,0.1604,0.5159,Prepaid,none,0.1306,combined_risk_index (+0.38); seasoning_pct (-0.28),WATCH_LIST,0.84
LN001659,13,0.6019,0.613,0.2815,0.4962,60DPD,source_conflict,0.3216,current_status_Current (+1.03); seasoning_pct (-0.31),WATCH_LIST,0.719
LN001659,14,0.6905,0.6715,0.3389,0.4784,90DPD,data_entry_error,0.3527,current_status_Current (+1.19); seasoning_pct (-0.29),WATCH_LIST,0.661
LN001659,15,0.7116,0.7081,0.3623,0.4811,90DPD,none,0.2551,current_status_Current (+1.22); seasoning_pct (-0.32),ESCALATE,0.638
LN001659,16,0.2425,0.346,0.145,0.5143,Prepaid,stale_record,0.2315,seasoning_pct (-0.40); combined_risk_index (+0.38),APPROVE,0.855
LN001659,17,0.2472,0.3558,0.1423,0.5134,Prepaid,none,0.2074,seasoning_pct (-0.40); combined_risk_index (+0.38),APPROVE,0.858
LN001659,18,0.2419,0.3284,0.1423,0.5124,Prepaid,none,0.2214,seasoning_pct (-0.40); combined_risk_index (+0.38),APPROVE,0.858
LN001659,19,0.213,0.2913,0.1296,0.5118,Prepaid,none,0.2445,seasoning_pct (-0.40); combined_risk_index (+0.38),APPROVE,0.87
LN001659,20,0.2186,0.2872,0.1179,0.5107,Prepaid,none,0.2584,month_index (-0.47); seasoning_pct (-0.40),APPROVE,0.882
LN001659,21,0.6149,0.6093,0.2091,0.4939,Current,none,0.4731,current_status_Current (+1.07); month_index (-0.44),ESCALATE,0.791
LN001660,7,0.1741,0.2657,0.1102,0.4944,Current,none,0.019,state_MO (-0.76); combined_risk_index (+0.31),APPROVE,0.89
LN001660,8,0.1731,0.2653,0.1145,0.4967,Current,source_conflict,0.1568,state_MO (-0.69); combined_risk_index (+0.31),APPROVE,0.886
LN001660,9,0.7255,0.6966,0.3545,0.4425,90DPD,none,0.1168,current_status_Current (+1.41); state_MO (-0.63),ESCALATE,0.645
LN001660,10,0.7276,0.7016,0.3569,0.4426,60DPD,none,0.1274,current_status_Current (+1.41); state_MO (-0.63),ESCALATE,0.643
LN001660,11,0.174,0.2808,0.117,0.4979,Current,none,0.047,state_MO (-0.69); combined_risk_index (+0.32),APPROVE,0.883
LN001660,12,0.1736,0.28,0.1171,0.5006,Current,none,0.0529,state_MO (-0.69); combined_risk_index (+0.32),APPROVE,0.883
LN001660,13,0.167,0.2782,0.1191,0.5006,Current,none,0.0591,state_MO (-0.69); combined_risk_index (+0.32),APPROVE,0.881
LN001660,14,0.1658,0.2642,0.1134,0.5006,Current,none,0.0711,state_MO (-0.69); combined_risk_index (+0.31),APPROVE,0.887
LN001660,15,0.1577,0.2545,0.1121,0.5003,Current,none,0.0892,state_MO (-0.69); combined_risk_index (+0.31),APPROVE,0.888
LN001660,16,0.1418,0.2449,0.1074,0.5012,Current,none,0.1064,state_MO (-0.69); combined_risk_index (+0.31),APPROVE,0.893
LN001660,17,0.1295,0.2209,0.1022,0.4984,Current,none,0.1206,state_MO (-0.69); combined_risk_index (+0.31),APPROVE,0.898
LN001660,18,0.1552,0.2328,0.1126,0.4941,Current,suspicious_transition,0.3913,state_MO (-0.64); current_status_Current (-0.37),APPROVE,0.887
LN001660,19,0.0935,0.1872,0.0906,0.503,Current,none,0.1563,state_MO (-0.69); combined_risk_index (+0.32),APPROVE,0.909
LN001660,20,0.0927,0.1884,0.0838,0.503,Current,none,0.1847,state_MO (-0.69); month_index (-0.43),APPROVE,0.916
LN001660,21,0.0923,0.1942,0.0838,0.5025,Current,none,0.2086,state_MO (-0.69); month_index (-0.43),APPROVE,0.916
LN001660,22,0.0912,0.2009,0.0838,0.5025,Current,none,0.2318,state_MO (-0.69); month_index (-0.43),APPROVE,0.916
LN001660,23,0.0912,0.2079,0.0838,0.5015,Current,none,0.2576,state_MO (-0.69); month_index (-0.43),APPROVE,0.916
LN001660,24,0.5925,0.6148,0.1715,0.4545,Current,none,0.5385,current_status_Current (+1.17); state_MO (-0.64),ESCALATE,0.828
LN001662,9,0.211,0.2841,0.0711,0.5194,Current,none,0.0089,combined_risk_index (-0.80); state_CT (-0.38),APPROVE,0.929
LN001662,10,0.1942,0.2754,0.0686,0.5224,Current,none,0.0194,combined_risk_index (-0.78); state_CT (-0.54),APPROVE,0.931
LN001662,11,0.1919,0.2753,0.0687,0.5265,Current,source_conflict,0.1687,combined_risk_index (-0.77); state_CT (-0.54),APPROVE,0.931
LN001662,12,0.1908,0.2747,0.0685,0.5354,Current,none,0.0377,combined_risk_index (-0.77); state_CT (-0.54),APPROVE,0.931
LN001662,13,0.1865,0.2661,0.068,0.546,Current,stale_record,0.0874,combined_risk_index (-0.78); state_CT (-0.52),APPROVE,0.932
LN001662,14,0.6906,0.6352,0.112,0.5136,30DPD,none,0.1049,current_status_Current (+1.33); combined_risk_index (-0.63),APPROVE,0.888
LN001662,15,0.1905,0.2486,0.0667,0.5457,Current,none,0.0681,combined_risk_index (-0.77); state_CT (-0.52),APPROVE,0.933
LN001662,16,0.1654,0.2197,0.0661,0.5443,Prepaid,none,0.0808,combined_risk_index (-0.78); state_CT (-0.52),APPROVE,0.934
LN001662,17,0.1497,0.1997,0.0655,0.5442,Prepaid,stale_record,0.1412,combined_risk_index (-0.76); state_CT (-0.52),APPROVE,0.935
LN001662,18,0.1349,0.1879,0.065,0.5434,Prepaid,none,0.1145,combined_risk_index (-0.77); state_CT (-0.52),APPROVE,0.935
LN001662,19,0.1079,0.1596,0.0632,0.5432,Current,none,0.132,combined_risk_index (-0.75); state_CT (-0.52),APPROVE,0.937
LN001662,20,0.1066,0.1559,0.0615,0.5432,Current,none,0.157,combined_risk_index (-0.75); state_CT (-0.52),APPROVE,0.938
LN001662,21,0.106,0.157,0.0615,0.5433,Current,none,0.1814,combined_risk_index (-0.75); state_CT (-0.52),APPROVE,0.938
LN001662,22,0.6339,0.5681,0.0766,0.5128,Current,none,0.3981,current_status_Current (+1.26); combined_risk_index (-0.62),APPROVE,0.923
LN001673,12,0.2355,0.3623,0.1432,0.4858,Prepaid,none,0.0381,current_status_Current (-0.25); ltv_risk_tier (+0.17),APPROVE,0.857
LN001673,13,0.2404,0.3557,0.1416,0.4858,Prepaid,stale_record,0.088,current_status_Current (-0.25); ltv_risk_tier (+0.17),APPROVE,0.858
LN001673,14,0.2438,0.3453,0.1276,0.4858,Prepaid,none,0.0527,current_status_Current (-0.25); ltv_risk_tier (+0.18),APPROVE,0.872
LN001673,15,0.249,0.3363,0.1247,0.4858,Prepaid,none,0.071,current_status_Current (-0.25); ltv_risk_tier (+0.18),APPROVE,0.875
LN001673,16,0.2409,0.3081,0.12,0.4833,Prepaid,none,0.0844,current_status_Current (-0.25); ltv_risk_tier (+0.18),APPROVE,0.88
LN001673,17,0.2097,0.2757,0.1109,0.4816,Prepaid,none,0.0998,current_status_Current (-0.27); seasoning_pct (-0.17),APPROVE,0.889
LN001673,18,0.5689,0.58,0.2074,0.4609,Current,none,0.3495,current_status_Current (+1.17); state_OK (-0.23),WATCH_LIST,0.793
LN001676,6,0.1223,0.2174,0.1085,0.5285,Current,none,0.0106,interest_rate (-0.64); current_status_Current (-0.29),APPROVE,0.891
LN001676,7,0.6298,0.6061,0.2371,0.4894,Current,none,0.2699,current_status_Current (+1.25); interest_rate (-0.68),WATCH_LIST,0.763
LN001679,20,0.1945,0.3126,0.0765,0.5158,Prepaid,none,0.1671,state_OH (-1.06); month_index (-0.42),APPROVE,0.924
LN001688,16,0.5167,0.5092,0.1949,0.4699,Current,none,0.3523,current_status_Current (+1.28); state_LA (-0.30),WATCH_LIST,0.805
LN001689,18,0.1138,0.1843,0.0866,0.5084,Current,none,0.1216,current_status_Current (-0.30); current_balance (-0.19),APPROVE,0.913
LN001689,19,0.0871,0.1627,0.0793,0.5084,Prepaid,none,0.1406,current_status_Current (-0.30); seasoning_pct (-0.20),APPROVE,0.921
LN001689,20,0.6379,0.6181,0.1324,0.4828,60DPD,stale_record,0.264,current_status_Current (+1.27); month_index (-0.46),APPROVE,0.868
LN001689,21,0.6379,0.6227,0.1287,0.4829,60DPD,none,0.2433,current_status_Current (+1.26); month_index (-0.46),APPROVE,0.871
LN001689,22,0.6385,0.6196,0.1229,0.4829,60DPD,stale_record,0.3042,current_status_Current (+1.23); month_index (-0.46),APPROVE,0.877
LN001689,23,0.0847,0.1683,0.0741,0.5071,Prepaid,stale_record,0.2862,month_index (-0.51); seasoning_pct (-0.33),APPROVE,0.926
LN001689,24,0.1104,0.19,0.0802,0.5037,Prepaid,none,0.2912,month_index (-0.45); seasoning_pct (-0.32),APPROVE,0.92
LN001689,25,0.5952,0.5812,0.1292,0.4811,Current,none,0.4548,current_status_Current (+1.22); month_index (-0.46),ESCALATE,0.871
LN001691,26,0.0853,0.221,0.0606,0.4668,Current,none,0.3606,interest_rate (-1.16); combined_risk_index (-0.87),APPROVE,0.939
LN001701,17,0.7166,0.7232,0.3387,0.4382,Default,none,0.3308,current_status_Current (+1.14); ltv_risk_tier (-0.44),WATCH_LIST,0.661
LN001701,18,0.717,0.7212,0.3392,0.4382,Default,none,0.3371,current_status_Current (+1.14); ltv_risk_tier (-0.44),WATCH_LIST,0.661
LN001701,19,0.7151,0.7175,0.3249,0.4387,Default,none,0.3499,current_status_Current (+1.15); ltv_risk_tier (-0.44),WATCH_LIST,0.675
LN001701,20,0.7127,0.7181,0.2909,0.44,Current,none,0.48,current_status_Current (+1.16); ltv_risk_tier (-0.36),ESCALATE,0.709
LN001702,6,0.3483,0.5316,0.2327,0.4955,Current,none,0.016,combined_risk_index (+0.36); original_balance (-0.22),WATCH_LIST,0.767
LN001702,7,0.3527,0.5269,0.2259,0.4955,Current,none,0.0167,combined_risk_index (+0.36); original_balance (-0.23),WATCH_LIST,0.774
LN001702,8,0.3467,0.529,0.2224,0.4958,Prepaid,none,0.02,combined_risk_index (+0.36); original_balance (-0.23),WATCH_LIST,0.778
LN001702,9,0.1557,0.2626,0.1184,0.5019,Current,none,0.0242,original_balance (-0.35); current_status_Current (-0.33),APPROVE,0.882
LN001702,10,0.3522,0.5456,0.2255,0.4959,Prepaid,stale_record,0.0766,combined_risk_index (+0.36); current_status_Current (-0.23),WATCH_LIST,0.775
LN001702,11,0.3591,0.5484,0.2192,0.4958,Current,none,0.0454,combined_risk_index (+0.37); current_status_Current (-0.23),WATCH_LIST,0.781
LN001702,12,0.359,0.546,0.2118,0.4928,Current,none,0.0484,combined_risk_index (+0.37); current_status_Current (-0.23),WATCH_LIST,0.788
LN001702,13,0.2992,0.4474,0.1488,0.489,Current,data_entry_error,0.1671,state_FL (-0.43); combined_risk_index (+0.31),APPROVE,0.851
LN001702,14,0.3714,0.5261,0.1807,0.4929,Current,none,0.0612,combined_risk_index (+0.34); current_status_Current (-0.24),WATCH_LIST,0.819
LN001702,15,0.3453,0.4881,0.1679,0.4924,Current,none,0.0769,combined_risk_index (+0.34); current_status_Current (-0.24),WATCH_LIST,0.832
LN001702,16,0.2975,0.4551,0.1627,0.49,30DPD,stale_record,0.1343,combined_risk_index (+0.34); current_status_Current (-0.24),WATCH_LIST,0.837
LN001702,17,0.2594,0.4102,0.1485,0.4872,30DPD,none,0.1078,combined_risk_index (+0.34); current_status_Current (-0.25),APPROVE,0.851
LN001702,18,0.2424,0.4028,0.1451,0.4888,30DPD,none,0.1245,combined_risk_index (+0.34); current_status_Current (-0.25),APPROVE,0.855
LN001702,19,0.1821,0.3222,0.1417,0.4837,Current,none,0.1775,combined_risk_index (+0.32); current_status_Current (-0.25),APPROVE,0.858
LN001702,20,0.6261,0.5942,0.1945,0.4596,Current,none,0.3898,current_status_Current (+1.07); month_index (-0.41),WATCH_LIST,0.806
LN001703,7,0.1293,0.2028,0.1276,0.447,Current,none,0.0526,interest_rate (-0.58); current_status_Current (-0.32),APPROVE,0.872
LN001703,8,0.1294,0.1966,0.1236,0.4473,Current,none,0.0553,interest_rate (-0.58); current_status_Current (-0.32),APPROVE,0.876
LN001703,9,0.1315,0.1958,0.1165,0.4495,Current,none,0.0606,interest_rate (-0.58); current_status_Current (-0.32),APPROVE,0.884
LN001703,10,0.1352,0.1994,0.1175,0.4509,Current,none,0.0712,interest_rate (-0.56); current_status_Current (-0.32),APPROVE,0.883
LN001703,11,0.6379,0.5903,0.264,0.4234,60DPD,none,0.1351,current_status_Current (+1.37); interest_rate (-0.55),WATCH_LIST,0.736
LN001703,12,0.607,0.5695,0.2434,0.4249,Current,none,0.3411,current_status_Current (+1.35); interest_rate (-0.55),WATCH_LIST,0.757
LN001705,11,0.2121,0.2762,0.0686,0.5089,Current,source_conflict,0.4214,ltv_risk_tier (-0.80); combined_risk_index (-0.55),ESCALATE,0.931
LN001705,12,0.2041,0.2799,0.0691,0.5033,Current,none,0.294,ltv_risk_tier (-0.82); combined_risk_index (-0.42),APPROVE,0.931
LN001705,13,0.4197,0.3708,0.1208,0.4707,60DPD,none,0.331,current_status_Current (+1.08); ltv_risk_tier (-1.00),APPROVE,0.879
LN001705,14,0.4372,0.4005,0.1194,0.4703,60DPD,none,0.3469,current_status_Current (+1.05); ltv_risk_tier (-1.00),APPROVE,0.881
LN001705,15,0.6823,0.6189,0.1822,0.4704,60DPD,none,0.3756,current_status_Current (+1.26); ltv_risk_tier (-0.99),WATCH_LIST,0.818
LN001705,16,0.3738,0.3671,0.1134,0.4716,Current,none,0.5202,current_status_Current (+1.08); ltv_risk_tier (-1.00),ESCALATE,0.887
LN001707,9,0.1292,0.2361,0.0736,0.5537,Current,none,0.0088,combined_risk_index (-1.20); credit_risk_tier (+0.40),APPROVE,0.926
LN001707,10,0.1219,0.2395,0.0731,0.5527,Current,stale_record,0.0633,combined_risk_index (-1.21); credit_risk_tier (+0.40),APPROVE,0.927
LN001707,11,0.1219,0.2491,0.0732,0.5547,Current,none,0.033,combined_risk_index (-1.20); credit_risk_tier (+0.40),APPROVE,0.927
LN001707,12,0.1217,0.2491,0.0734,0.5503,Current,none,0.0384,combined_risk_index (-1.20); credit_risk_tier (+0.40),APPROVE,0.927
LN001707,13,0.6105,0.5994,0.1487,0.5214,Current,none,0.3031,current_status_Current (+1.26); combined_risk_index (-1.10),APPROVE,0.851
LN001708,18,0.7462,0.7258,0.3984,0.4304,Default,source_conflict,0.407,current_status_Current (+1.28); days_past_due (+0.33),ESCALATE,0.602
LN001708,19,0.7379,0.7225,0.3874,0.4313,Default,none,0.3915,current_status_Current (+1.28); days_past_due (+0.33),ESCALATE,0.613
LN001708,20,0.7392,0.721,0.3627,0.4313,Default,none,0.4101,current_status_Current (+1.28); month_index (-0.44),ESCALATE,0.637
LN001708,21,0.7384,0.7206,0.331,0.4397,Current,stale_record,0.4884,current_status_Current (+1.26); month_index (-0.42),ESCALATE,0.669
LN001710,14,0.1171,0.2363,0.0728,0.5538,Current,none,0.0985,interest_rate (-0.79); combined_risk_index (-0.78),APPROVE,0.927
LN001710,15,0.1091,0.2159,0.0717,0.554,Current,none,0.1121,interest_rate (-0.78); combined_risk_index (-0.78),APPROVE,0.928
LN001710,16,0.1063,0.2021,0.071,0.5539,Prepaid,none,0.1284,interest_rate (-0.78); combined_risk_index (-0.78),APPROVE,0.929
LN001710,17,0.097,0.1847,0.0691,0.5507,Prepaid,none,0.1401,interest_rate (-0.78); combined_risk_index (-0.77),APPROVE,0.931
LN001710,18,0.0883,0.1762,0.0686,0.5511,Prepaid,none,0.1572,interest_rate (-0.77); combined_risk_index (-0.77),APPROVE,0.931
LN001710,19,0.1004,0.2106,0.0702,0.5515,Current,suspicious_transition,0.4185,combined_risk_index (-0.76); interest_rate (-0.76),ESCALATE,0.93
LN001710,20,0.0773,0.1622,0.0636,0.5511,Prepaid,none,0.1963,interest_rate (-0.77); combined_risk_index (-0.74),APPROVE,0.936
LN001710,21,0.0773,0.1653,0.0635,0.5506,Prepaid,none,0.2168,interest_rate (-0.78); combined_risk_index (-0.74),APPROVE,0.936
LN001710,22,0.0766,0.17,0.063,0.5506,Prepaid,none,0.2416,interest_rate (-0.78); combined_risk_index (-0.74),APPROVE,0.937
LN001710,23,0.0995,0.2134,0.0651,0.5442,Current,none,0.2987,combined_risk_index (-0.75); interest_rate (-0.65),APPROVE,0.935
LN001710,24,0.0759,0.1711,0.063,0.5501,Prepaid,none,0.2841,interest_rate (-0.78); combined_risk_index (-0.74),APPROVE,0.937
LN001710,25,0.0755,0.1681,0.0623,0.5625,Current,none,0.2902,combined_risk_index (-1.13); interest_rate (-0.71),APPROVE,0.938
LN001710,26,0.076,0.1637,0.0624,0.5631,Current,none,0.3029,combined_risk_index (-1.11); interest_rate (-0.71),APPROVE,0.938
LN001710,27,0.0751,0.1641,0.0629,0.5501,Current,none,0.307,interest_rate (-0.78); combined_risk_index (-0.74),APPROVE,0.937
LN001710,28,0.5452,0.5387,0.0687,0.5308,60DPD,none,0.3336,interest_rate (-1.03); current_status_Current (+0.98),APPROVE,0.931
LN001710,29,0.0751,0.1641,0.0627,0.5499,Current,source_conflict,0.4861,interest_rate (-0.77); combined_risk_index (-0.74),ESCALATE,0.937
LN001710,30,0.0974,0.2171,0.0673,0.5414,Prepaid,data_entry_error,0.5453,combined_risk_index (-0.74); interest_rate (-0.68),ESCALATE,0.933
LN001710,31,0.0748,0.1641,0.0628,0.5505,Current,stale_record,0.3757,interest_rate (-0.75); combined_risk_index (-0.74),APPROVE,0.937
LN001710,32,0.0747,0.1641,0.0628,0.5505,Current,none,0.3094,interest_rate (-0.75); combined_risk_index (-0.74),APPROVE,0.937
LN001710,33,0.0747,0.165,0.0628,0.5505,Prepaid,source_conflict,0.4444,interest_rate (-0.75); combined_risk_index (-0.74),ESCALATE,0.937
LN001710,34,0.0747,0.165,0.0628,0.5505,Prepaid,none,0.3094,interest_rate (-0.75); combined_risk_index (-0.74),APPROVE,0.937
LN001712,16,0.1135,0.1754,0.0697,0.5379,Current,none,0.0864,interest_rate (-0.79); combined_risk_index (-0.55),APPROVE,0.93
LN001712,17,0.0998,0.1556,0.0682,0.5369,Prepaid,none,0.1035,interest_rate (-0.79); combined_risk_index (-0.54),APPROVE,0.932
LN001712,18,0.1051,0.1656,0.0685,0.536,Current,stale_record,0.1655,interest_rate (-0.79); combined_risk_index (-0.54),APPROVE,0.931
LN001712,19,0.0834,0.1392,0.0679,0.5222,Current,none,0.1781,interest_rate (-0.71); combined_risk_index (-0.47),APPROVE,0.932
LN001713,17,0.1625,0.3481,0.0974,0.4763,Current,none,0.1496,combined_risk_index (+0.35); current_status_Current (-0.27),APPROVE,0.903
LN001713,18,0.1593,0.4072,0.1094,0.4856,Current,data_entry_error,0.4066,combined_risk_index (+0.37); current_status_Current (-0.26),ESCALATE,0.891
LN001713,19,0.1501,0.3085,0.0894,0.4755,Current,stale_record,0.2288,combined_risk_index (+0.35); seasoning_pct (-0.29),APPROVE,0.911
LN001713,20,0.5907,0.6646,0.1783,0.4452,60DPD,none,0.2446,current_status_Current (+1.19); month_index (-0.44),WATCH_LIST,0.822
LN001713,21,0.6946,0.718,0.2283,0.4307,60DPD,none,0.3079,current_status_Current (+1.47); month_index (-0.47),WATCH_LIST,0.772
LN001717,9,0.6251,0.5809,0.3061,0.5333,60DPD,none,0.2086,current_status_Current (+1.16); combined_risk_index (-0.36),WATCH_LIST,0.694
LN001717,10,0.7234,0.6979,0.3896,0.529,Current,none,0.3521,current_status_Current (+1.41); days_past_due (+0.38),ESCALATE,0.61
LN001718,10,0.1073,0.1779,0.0764,0.5213,Current,none,0.087,current_status_Current (-0.29); seasoning_pct (-0.24),APPROVE,0.924
LN001718,11,0.1196,0.1861,0.0764,0.5219,Current,none,0.0968,current_status_Current (-0.29); seasoning_pct (-0.25),APPROVE,0.924
LN001718,12,0.5411,0.4439,0.1622,0.4712,60DPD,none,0.1449,current_status_Current (+1.18); ltv_risk_tier (-0.34),WATCH_LIST,0.838
LN001718,13,0.7006,0.6681,0.1391,0.4706,30DPD,data_entry_error,0.452,current_status_Current (+1.09); ltv_risk_tier (-0.51),ESCALATE,0.861
LN001718,14,0.115,0.1763,0.0749,0.5193,Prepaid,none,0.1231,seasoning_pct (-0.29); current_status_Current (-0.27),APPROVE,0.925
LN001718,15,0.147,0.1829,0.0781,0.5146,Current,suspicious_transition,0.3479,seasoning_pct (-0.37); current_status_Current (-0.33),APPROVE,0.922
LN001718,16,0.1163,0.1715,0.0734,0.5175,Prepaid,none,0.1665,seasoning_pct (-0.37); current_status_Current (-0.28),APPROVE,0.927
LN001718,17,0.1119,0.1723,0.0736,0.5132,Prepaid,none,0.1871,seasoning_pct (-0.37); current_status_Current (-0.28),APPROVE,0.926
LN001718,18,0.1208,0.1658,0.0736,0.5122,Prepaid,none,0.2001,seasoning_pct (-0.37); current_status_Current (-0.28),APPROVE,0.926
LN001718,19,0.1402,0.1559,0.0706,0.5126,Prepaid,source_conflict,0.3602,seasoning_pct (-0.37); current_status_Current (-0.28),APPROVE,0.929
LN001718,20,0.145,0.1516,0.0679,0.5126,Prepaid,stale_record,0.2908,month_index (-0.48); seasoning_pct (-0.37),APPROVE,0.932
LN001718,21,0.1407,0.1516,0.0679,0.5126,Prepaid,none,0.2761,month_index (-0.48); seasoning_pct (-0.37),APPROVE,0.932
LN001718,22,0.1407,0.1557,0.0679,0.5126,Prepaid,stale_record,0.3349,month_index (-0.48); seasoning_pct (-0.37),APPROVE,0.932
LN001718,23,0.1407,0.1557,0.0679,0.5127,Prepaid,none,0.3092,month_index (-0.48); seasoning_pct (-0.37),APPROVE,0.932
LN001723,7,0.1148,0.1827,0.0648,0.5289,Current,none,0.0377,ltv_risk_tier (-0.88); combined_risk_index (-0.77),APPROVE,0.935
LN001723,8,0.1122,0.1825,0.0643,0.5331,Current,none,0.0403,ltv_risk_tier (-0.88); combined_risk_index (-0.78),APPROVE,0.936
LN001723,9,0.1128,0.1807,0.064,0.5335,Current,none,0.0452,ltv_risk_tier (-0.89); combined_risk_index (-0.78),APPROVE,0.936
LN001723,10,0.1112,0.1917,0.0646,0.5334,Current,none,0.056,ltv_risk_tier (-0.89); combined_risk_index (-0.79),APPROVE,0.935
LN001723,11,0.1134,0.1899,0.0646,0.5343,Current,none,0.0673,ltv_risk_tier (-0.91); combined_risk_index (-0.77),APPROVE,0.935
LN001723,12,0.1606,0.3552,0.1229,0.5436,Current,data_entry_error,0.2792,monthly_interest_accrual (-0.46); interest_rate (-0.40),APPROVE,0.877
LN001723,13,0.1148,0.1924,0.0646,0.5363,Current,none,0.0807,ltv_risk_tier (-0.91); combined_risk_index (-0.76),APPROVE,0.935
LN001723,14,0.1175,0.184,0.0643,0.5363,Prepaid,none,0.0889,ltv_risk_tier (-0.93); combined_risk_index (-0.76),APPROVE,0.936
LN001723,15,0.1158,0.1782,0.0639,0.5357,Prepaid,stale_record,0.1529,ltv_risk_tier (-0.93); combined_risk_index (-0.76),APPROVE,0.936
LN001723,16,0.5359,0.4627,0.0819,0.5122,Current,none,0.38,current_status_Current (+1.13); ltv_risk_tier (-1.05),APPROVE,0.918
LN001725,20,0.1053,0.1549,0.0591,0.4828,Prepaid,none,0.2541,combined_risk_index (-1.35); ltv_risk_tier (-0.87),APPROVE,0.941
LN001725,21,0.5604,0.5144,0.0758,0.4628,60DPD,none,0.3142,combined_risk_index (-1.29); ltv_risk_tier (-1.10),APPROVE,0.924
LN001725,22,0.5604,0.5202,0.0778,0.4628,60DPD,none,0.4195,combined_risk_index (-1.29); ltv_risk_tier (-1.09),ESCALATE,0.922
LN001725,23,0.5604,0.5144,0.076,0.4627,60DPD,source_conflict,0.4726,combined_risk_index (-1.29); ltv_risk_tier (-1.10),ESCALATE,0.924
LN001725,24,0.5604,0.5144,0.076,0.4626,60DPD,none,0.3425,combined_risk_index (-1.29); ltv_risk_tier (-1.10),APPROVE,0.924
LN001725,25,0.5604,0.5144,0.076,0.4626,60DPD,none,0.3474,combined_risk_index (-1.29); ltv_risk_tier (-1.10),APPROVE,0.924
LN001726,8,0.2319,0.4105,0.174,0.5368,Current,none,0.0089,monthly_interest_accrual (-0.66); interest_rate (-0.42),WATCH_LIST,0.826
LN001726,9,0.2351,0.4079,0.1737,0.5274,Current,none,0.0131,monthly_interest_accrual (-0.61); interest_rate (-0.42),WATCH_LIST,0.826
LN001726,10,0.2375,0.4146,0.1797,0.5284,30DPD,none,0.021,monthly_interest_accrual (-0.59); interest_rate (-0.40),WATCH_LIST,0.82
LN001726,11,0.2477,0.4068,0.1767,0.5285,Current,none,0.037,monthly_interest_accrual (-0.59); interest_rate (-0.40),WATCH_LIST,0.823
LN001726,12,0.2477,0.407,0.1753,0.531,Current,none,0.0408,monthly_interest_accrual (-0.59); interest_rate (-0.40),WATCH_LIST,0.825
LN001726,13,0.2572,0.4211,0.1736,0.5324,Prepaid,none,0.0441,monthly_interest_accrual (-0.58); interest_rate (-0.40),WATCH_LIST,0.826
LN001726,14,0.6689,0.6703,0.2499,0.5053,30DPD,none,0.1045,current_status_Current (+1.12); monthly_interest_accrual (-0.62),WATCH_LIST,0.75
LN001726,15,0.2705,0.3825,0.1489,0.5357,Prepaid,none,0.0691,monthly_interest_accrual (-0.57); interest_rate (-0.41),APPROVE,0.851
LN001726,16,0.2627,0.3591,0.144,0.533,Prepaid,none,0.0816,monthly_interest_accrual (-0.57); interest_rate (-0.41),APPROVE,0.856
LN001726,17,0.2367,0.3217,0.1349,0.5312,Prepaid,none,0.0979,monthly_interest_accrual (-0.57); interest_rate (-0.39),APPROVE,0.865
LN001726,18,0.2109,0.3229,0.1091,0.5153,Current,stale_record,0.1629,monthly_interest_accrual (-0.64); interest_rate (-0.44),APPROVE,0.891
LN001726,19,0.165,0.2678,0.1196,0.5295,Prepaid,stale_record,0.1811,monthly_interest_accrual (-0.64); interest_rate (-0.40),APPROVE,0.88
LN001726,20,0.1514,0.2604,0.0874,0.5149,Current,stale_record,0.2064,monthly_interest_accrual (-0.71); month_index (-0.50),APPROVE,0.913
LN001726,21,0.1667,0.2625,0.1053,0.5505,Current,stale_record,0.2564,monthly_interest_accrual (-0.63); month_index (-0.47),APPROVE,0.895
LN001726,22,0.1585,0.2683,0.1053,0.5505,Prepaid,none,0.2133,monthly_interest_accrual (-0.63); month_index (-0.47),APPROVE,0.895
LN001726,23,0.1585,0.2671,0.103,0.5527,Prepaid,none,0.2426,monthly_interest_accrual (-0.63); month_index (-0.47),APPROVE,0.897
LN001726,24,0.1638,0.2897,0.1106,0.5459,Current,none,0.253,monthly_interest_accrual (-0.60); month_index (-0.45),APPROVE,0.889
LN001726,25,0.1746,0.2582,0.1113,0.5284,Prepaid,data_entry_error,0.3712,month_index (-0.48); interest_rate (-0.47),APPROVE,0.889
LN001726,26,0.1535,0.2652,0.1027,0.5677,Current,none,0.2728,monthly_interest_accrual (-0.63); month_index (-0.47),APPROVE,0.897
LN001726,27,0.139,0.2637,0.0835,0.5567,Current,none,0.2797,monthly_interest_accrual (-0.70); month_index (-0.50),APPROVE,0.916
LN001726,28,0.1535,0.2657,0.1027,0.5677,Prepaid,none,0.2797,monthly_interest_accrual (-0.63); month_index (-0.47),APPROVE,0.897
LN001726,29,0.1535,0.2657,0.1021,0.5674,Prepaid,none,0.2797,monthly_interest_accrual (-0.63); month_index (-0.47),APPROVE,0.898
LN001726,30,0.1535,0.2687,0.1027,0.5674,Prepaid,none,0.278,monthly_interest_accrual (-0.63); month_index (-0.47),APPROVE,0.897
LN001726,31,0.1535,0.2687,0.102,0.5674,Prepaid,none,0.2769,monthly_interest_accrual (-0.63); month_index (-0.47),APPROVE,0.898
LN001726,32,0.1616,0.2826,0.102,0.5674,Prepaid,none,0.2769,monthly_interest_accrual (-0.65); month_index (-0.47),APPROVE,0.898
LN001726,33,0.595,0.5892,0.1433,0.5413,Current,source_conflict,0.5908,current_status_Current (+1.17); monthly_interest_accrual (-0.65),ESCALATE,0.857
LN001727,8,0.3841,0.3286,0.1064,0.487,Current,stale_record,0.3197,current_status_Current (+1.27); combined_risk_index (-0.69),APPROVE,0.894
LN001728,7,0.1126,0.2181,0.1088,0.4942,Current,none,0.0265,ltv_risk_tier (-0.58); combined_risk_index (-0.27),APPROVE,0.891
LN001728,8,0.1137,0.218,0.1113,0.496,Current,none,0.0311,ltv_risk_tier (-0.58); combined_risk_index (-0.28),APPROVE,0.889
LN001728,9,0.1125,0.2202,0.1172,0.4961,Current,stale_record,0.0805,ltv_risk_tier (-0.58); combined_risk_index (-0.28),APPROVE,0.883
LN001728,10,0.139,0.239,0.1097,0.4909,Current,none,0.0716,ltv_risk_tier (-0.53); current_status_Current (-0.25),APPROVE,0.89
LN001728,11,0.4867,0.5049,0.2508,0.4712,60DPD,stale_record,0.2795,current_status_Current (+1.08); ltv_risk_tier (-0.76),WATCH_LIST,0.749
LN001728,12,0.1211,0.2631,0.1124,0.4953,Current,none,0.0577,ltv_risk_tier (-0.59); combined_risk_index (-0.28),APPROVE,0.888
LN001728,13,0.1759,0.2692,0.1131,0.4937,Current,suspicious_transition,0.2225,ltv_risk_tier (-0.60); combined_risk_index (-0.29),APPROVE,0.887
LN001728,14,0.1697,0.2572,0.1033,0.4962,Current,stale_record,0.1188,ltv_risk_tier (-0.59); combined_risk_index (-0.29),APPROVE,0.897
LN001728,15,0.1629,0.2495,0.0993,0.4947,Current,none,0.0893,ltv_risk_tier (-0.59); combined_risk_index (-0.29),APPROVE,0.901
LN001728,16,0.1584,0.2316,0.0967,0.4974,Current,none,0.1011,ltv_risk_tier (-0.58); combined_risk_index (-0.29),APPROVE,0.903
LN001728,17,0.1505,0.2118,0.093,0.495,Current,none,0.1174,ltv_risk_tier (-0.56); combined_risk_index (-0.29),APPROVE,0.907
LN001728,18,0.146,0.2075,0.093,0.494,Current,none,0.133,ltv_risk_tier (-0.56); combined_risk_index (-0.29),APPROVE,0.907
LN001728,19,0.116,0.1857,0.0874,0.494,Current,none,0.1529,ltv_risk_tier (-0.56); combined_risk_index (-0.30),APPROVE,0.913
LN001728,20,0.1147,0.1774,0.0802,0.4922,Current,none,0.1814,ltv_risk_tier (-0.55); month_index (-0.42),APPROVE,0.92
LN001728,21,0.1198,0.1805,0.0814,0.4922,Prepaid,none,0.2088,ltv_risk_tier (-0.55); month_index (-0.42),APPROVE,0.919
LN001728,22,0.117,0.1853,0.0814,0.4922,Prepaid,none,0.2278,ltv_risk_tier (-0.55); month_index (-0.42),APPROVE,0.919
LN001728,23,0.1099,0.1894,0.1007,0.5037,Current,stale_record,0.2979,month_index (-0.42); current_status_Current (-0.29),APPROVE,0.899
LN001729,13,0.1272,0.2096,0.0706,0.5519,Current,none,0.0433,state_OH (-0.86); monthly_interest_accrual (-0.66),APPROVE,0.929
LN001729,14,0.528,0.5691,0.1023,0.5272,Current,none,0.3095,current_status_Current (+1.18); state_OH (-1.11),APPROVE,0.898
LN001733,12,0.4704,0.515,0.1823,0.4436,60DPD,none,0.1416,current_status_Current (+1.14); ltv_risk_tier (-0.55),WATCH_LIST,0.818
LN001733,13,0.6583,0.6869,0.2405,0.4277,60DPD,none,0.2037,current_status_Current (+1.24); ltv_risk_tier (-0.70),WATCH_LIST,0.76
LN001733,14,0.6674,0.6978,0.2332,0.428,60DPD,none,0.218,current_status_Current (+1.23); ltv_risk_tier (-0.70),WATCH_LIST,0.767
LN001733,15,0.679,0.7043,0.23,0.428,60DPD,none,0.2389,current_status_Current (+1.27); ltv_risk_tier (-0.70),WATCH_LIST,0.77
LN001733,16,0.5304,0.6002,0.1692,0.4389,30DPD,none,0.2086,current_status_Current (+1.14); ltv_risk_tier (-0.55),WATCH_LIST,0.831
LN001733,17,0.6944,0.7125,0.2588,0.4234,Default,none,0.3025,current_status_Current (+1.29); ltv_risk_tier (-0.83),WATCH_LIST,0.741
LN001733,18,0.686,0.7153,0.2453,0.4281,Current,source_conflict,0.5736,current_status_Current (+1.28); ltv_risk_tier (-0.73),ESCALATE,0.755
LN001734,9,0.2956,0.385,0.1102,0.5265,Current,none,0.1717,current_status_Current (-0.29); combined_risk_index (+0.28),APPROVE,0.89
LN001734,10,0.2285,0.3291,0.1083,0.5495,Prepaid,stale_record,0.2212,current_status_Current (-0.33); remaining_term_months (-0.20),APPROVE,0.892
LN001734,11,0.2704,0.3737,0.1031,0.5421,Prepaid,none,0.1885,current_status_Current (-0.29); combined_risk_index (+0.26),APPROVE,0.897
LN001734,12,0.2402,0.3326,0.1004,0.5428,Prepaid,none,0.1989,current_status_Current (-0.29); combined_risk_index (+0.26),APPROVE,0.9
LN001734,13,0.5266,0.401,0.215,0.5243,Current,none,0.4365,current_status_Current (+1.25); seasoning_pct (-0.20),ESCALATE,0.785
LN001735,10,0.7243,0.7072,0.2683,0.4793,Default,none,0.199,current_status_Current (+1.37); combined_risk_index (-0.63),WATCH_LIST,0.732
LN001735,11,0.7308,0.7114,0.3302,0.4632,Default,none,0.2568,current_status_Current (+1.42); combined_risk_index (-0.71),WATCH_LIST,0.67
LN001735,12,0.7233,0.6921,0.2931,0.4804,Current,none,0.405,current_status_Current (+1.42); combined_risk_index (-0.64),ESCALATE,0.707
LN001736,6,0.1331,0.2594,0.152,0.4935,Prepaid,none,0.0339,current_status_Current (-0.29); current_balance (-0.20),WATCH_LIST,0.848
LN001736,7,0.1345,0.2589,0.1503,0.4933,Prepaid,none,0.0312,current_status_Current (-0.29); current_balance (-0.20),WATCH_LIST,0.85
LN001736,8,0.1331,0.2583,0.1519,0.4974,Prepaid,none,0.0337,current_status_Current (-0.30); current_balance (-0.20),WATCH_LIST,0.848
LN001736,9,0.1314,0.2581,0.1466,0.4984,Prepaid,source_conflict,0.1741,current_status_Current (-0.30); current_balance (-0.20),APPROVE,0.853
LN001736,10,0.1286,0.2562,0.1471,0.4997,Prepaid,none,0.0487,current_status_Current (-0.30); current_balance (-0.20),APPROVE,0.853
LN001736,11,0.1286,0.2551,0.1495,0.4997,Prepaid,none,0.0623,current_status_Current (-0.30); current_balance (-0.20),APPROVE,0.85
LN001736,12,0.1317,0.2587,0.1468,0.5006,Prepaid,none,0.069,current_status_Current (-0.29); current_balance (-0.20),APPROVE,0.853
LN001736,13,0.1529,0.2628,0.1474,0.4971,Prepaid,stale_record,0.3279,current_status_Current (-0.38); current_balance (-0.20),APPROVE,0.853
LN001736,14,0.1158,0.2091,0.1325,0.5014,Current,none,0.0882,current_status_Current (-0.29); current_balance (-0.22),APPROVE,0.867
LN001736,15,0.1179,0.1998,0.128,0.5013,Current,none,0.1052,current_status_Current (-0.29); current_balance (-0.22),APPROVE,0.872
LN001736,16,0.1169,0.1852,0.1234,0.5008,Prepaid,none,0.122,current_status_Current (-0.29); current_balance (-0.22),APPROVE,0.877
LN001736,17,0.1136,0.1765,0.1194,0.4971,Prepaid,none,0.136,current_status_Current (-0.29); current_balance (-0.22),APPROVE,0.881
LN001736,18,0.1109,0.1738,0.1189,0.4966,Prepaid,none,0.1506,current_status_Current (-0.29); current_balance (-0.22),APPROVE,0.881
LN001736,19,0.0882,0.1648,0.1042,0.4966,Prepaid,none,0.1697,current_status_Current (-0.30); current_balance (-0.22),APPROVE,0.896
LN001736,20,0.0871,0.167,0.0965,0.4965,Prepaid,none,0.1974,month_index (-0.49); seasoning_pct (-0.32),APPROVE,0.903
LN001736,21,0.089,0.1786,0.0965,0.496,Prepaid,none,0.218,month_index (-0.49); seasoning_pct (-0.32),APPROVE,0.903
LN001736,22,0.55,0.5391,0.1692,0.4773,60DPD,stale_record,0.3234,current_status_Current (+1.22); month_index (-0.45),WATCH_LIST,0.831
LN001736,23,0.0881,0.1996,0.0984,0.4952,Prepaid,none,0.263,month_index (-0.49); seasoning_pct (-0.33),APPROVE,0.902
LN001736,24,0.0864,0.1984,0.0984,0.4941,Prepaid,stale_record,0.3202,month_index (-0.49); seasoning_pct (-0.33),APPROVE,0.902
LN001736,25,0.5508,0.5542,0.1716,0.4756,60DPD,none,0.3122,current_status_Current (+1.22); month_index (-0.45),WATCH_LIST,0.828
LN001736,26,0.4535,0.4493,0.1213,0.5019,30DPD,data_entry_error,0.4869,current_status_Current (+1.18); monthly_interest_accrual (-0.44),ESCALATE,0.879
LN001738,6,0.645,0.6201,0.2897,0.4965,60DPD,none,0.1077,current_status_Current (+0.81); current_balance (-0.28),WATCH_LIST,0.71
LN001738,7,0.1478,0.314,0.1862,0.544,Current,none,0.0585,combined_risk_index (+0.32); current_balance (-0.27),WATCH_LIST,0.814
LN001738,8,0.1501,0.2948,0.1976,0.5261,Current,none,0.0582,combined_risk_index (+0.35); interest_rate (-0.27),WATCH_LIST,0.802
LN001738,9,0.5823,0.5888,0.2769,0.5008,Current,none,0.3384,current_status_Current (+0.86); interest_rate (-0.27),WATCH_LIST,0.723
LN001747,13,0.269,0.4254,0.1614,0.4682,30DPD,none,0.0554,interest_rate (-0.52); state_CA (-0.40),WATCH_LIST,0.839
LN001747,14,0.2619,0.4135,0.1448,0.4694,30DPD,none,0.0601,interest_rate (-0.52); state_CA (-0.40),APPROVE,0.855
LN001747,15,0.2654,0.3941,0.1411,0.469,30DPD,none,0.0762,interest_rate (-0.51); state_CA (-0.40),APPROVE,0.859
LN001747,16,0.2609,0.3619,0.1356,0.4685,30DPD,none,0.0894,interest_rate (-0.51); state_CA (-0.40),APPROVE,0.864
LN001747,17,0.2314,0.3097,0.1276,0.4713,30DPD,none,0.1048,interest_rate (-0.50); state_CA (-0.31),APPROVE,0.872
LN001747,18,0.2054,0.3021,0.1277,0.4725,30DPD,none,0.1212,interest_rate (-0.51); state_CA (-0.29),APPROVE,0.872
LN001747,19,0.1481,0.2655,0.1103,0.4724,30DPD,none,0.1392,interest_rate (-0.51); state_CA (-0.29),APPROVE,0.89
LN001747,20,0.1449,0.264,0.1001,0.4701,30DPD,none,0.1632,month_index (-0.53); interest_rate (-0.50),APPROVE,0.9
LN001747,21,0.1449,0.2822,0.1001,0.4686,Current,none,0.1871,month_index (-0.53); interest_rate (-0.50),APPROVE,0.9
LN001747,22,0.156,0.3374,0.101,0.4834,Current,none,0.2524,month_index (-0.48); interest_rate (-0.44),APPROVE,0.899
LN001747,23,0.1538,0.3348,0.1003,0.4817,Current,none,0.2787,month_index (-0.48); interest_rate (-0.45),APPROVE,0.9
LN001747,24,0.143,0.2903,0.0992,0.4669,Current,none,0.2564,month_index (-0.53); interest_rate (-0.51),APPROVE,0.901
LN001747,25,0.5426,0.5795,0.1388,0.4493,Current,none,0.3883,current_status_Current (+0.91); interest_rate (-0.60),APPROVE,0.861
LN001759,13,0.3547,0.4696,0.1315,0.4911,Prepaid,none,0.0804,combined_risk_index (+0.35); interest_rate (+0.30),APPROVE,0.868
LN001759,14,0.3352,0.479,0.1272,0.4911,Current,none,0.0925,combined_risk_index (+0.35); interest_rate (+0.33),APPROVE,0.873
LN001759,15,0.3349,0.4899,0.1254,0.4905,Current,stale_record,0.1542,combined_risk_index (+0.36); interest_rate (+0.32),APPROVE,0.875
LN001759,16,0.2843,0.4067,0.1069,0.4737,Current,stale_record,0.285,interest_rate (-0.31); current_status_Current (-0.27),APPROVE,0.893
LN001759,17,0.2996,0.491,0.118,0.4869,Current,stale_record,0.176,combined_risk_index (+0.37); interest_rate (+0.33),APPROVE,0.882
LN001759,18,0.2857,0.4619,0.117,0.4862,Current,none,0.1478,combined_risk_index (+0.37); interest_rate (+0.33),APPROVE,0.883
LN001759,19,0.2417,0.4132,0.1052,0.4862,Current,none,0.1661,combined_risk_index (+0.38); interest_rate (+0.33),APPROVE,0.895
LN001759,20,0.2514,0.4087,0.0929,0.4862,Current,stale_record,0.2322,month_index (-0.50); combined_risk_index (+0.39),APPROVE,0.907
LN001759,21,0.2544,0.3992,0.0929,0.4858,Current,none,0.2107,month_index (-0.50); combined_risk_index (+0.39),APPROVE,0.907
LN001759,22,0.6572,0.665,0.1459,0.4488,60DPD,none,0.2733,current_status_Current (+1.03); month_index (-0.47),APPROVE,0.854
LN001759,23,0.2464,0.4213,0.0947,0.4905,Current,none,0.2553,month_index (-0.50); combined_risk_index (+0.39),APPROVE,0.905
LN001759,24,0.7242,0.7295,0.2874,0.4258,Current,none,0.4616,current_status_Current (+1.33); month_index (-0.51),ESCALATE,0.713
LN001766,27,0.102,0.1909,0.0653,0.4767,Current,none,0.2973,month_index (-0.46); combined_risk_index (-0.43),APPROVE,0.935
LN001766,28,0.102,0.1915,0.0653,0.4767,Prepaid,none,0.2973,month_index (-0.46); combined_risk_index (-0.43),APPROVE,0.935
LN001766,29,0.102,0.1915,0.0649,0.4764,Prepaid,none,0.2973,month_index (-0.46); combined_risk_index (-0.43),APPROVE,0.935
LN001766,30,0.1026,0.1922,0.0649,0.4764,Prepaid,none,0.2981,month_index (-0.46); combined_risk_index (-0.43),APPROVE,0.935
LN001766,31,0.1026,0.1922,0.0649,0.4764,Prepaid,none,0.297,month_index (-0.46); combined_risk_index (-0.43),APPROVE,0.935
LN001766,32,0.1038,0.1973,0.0649,0.4764,Prepaid,none,0.297,month_index (-0.46); combined_risk_index (-0.43),APPROVE,0.935
LN001766,33,0.4738,0.4977,0.1047,0.4502,60DPD,none,0.3215,current_status_Current (+1.26); month_index (-0.45),APPROVE,0.895
LN001766,34,0.4724,0.4977,0.1047,0.4502,60DPD,none,0.3215,current_status_Current (+1.26); month_index (-0.45),APPROVE,0.895
LN001766,35,0.4724,0.4977,0.1047,0.4502,60DPD,none,0.3215,current_status_Current (+1.26); month_index (-0.45),APPROVE,0.895
LN001766,36,0.7123,0.6925,0.1419,0.4438,60DPD,none,0.3493,current_status_Current (+1.46); month_index (-0.49),APPROVE,0.858
LN001767,8,0.1487,0.2747,0.1184,0.5283,Current,none,0.0105,monthly_interest_accrual (-0.65); interest_rate (-0.61),APPROVE,0.882
LN001767,9,0.1469,0.2698,0.116,0.528,Current,none,0.0145,monthly_interest_accrual (-0.63); interest_rate (-0.61),APPROVE,0.884
LN001767,10,0.5959,0.5819,0.185,0.5089,30DPD,none,0.0731,current_status_Current (+1.03); monthly_interest_accrual (-0.65),WATCH_LIST,0.815
LN001767,11,0.6144,0.5941,0.1856,0.5097,60DPD,none,0.0881,current_status_Current (+1.02); monthly_interest_accrual (-0.63),WATCH_LIST,0.814
LN001767,12,0.6013,0.5688,0.1784,0.5144,60DPD,stale_record,0.1395,current_status_Current (+1.02); monthly_interest_accrual (-0.63),WATCH_LIST,0.822
LN001767,13,0.1579,0.3085,0.1121,0.546,Current,none,0.0454,monthly_interest_accrual (-0.60); interest_rate (-0.58),APPROVE,0.888
LN001767,14,0.1573,0.2932,0.1033,0.5476,Prepaid,none,0.0526,interest_rate (-0.59); monthly_interest_accrual (-0.58),APPROVE,0.897
LN001767,15,0.1564,0.2732,0.1003,0.5473,Prepaid,none,0.0685,interest_rate (-0.58); monthly_interest_accrual (-0.58),APPROVE,0.9
LN001767,16,0.1497,0.2469,0.0971,0.5468,Prepaid,none,0.0808,interest_rate (-0.60); monthly_interest_accrual (-0.57),APPROVE,0.903
LN001767,17,0.1347,0.2301,0.0919,0.547,Prepaid,none,0.0966,interest_rate (-0.59); monthly_interest_accrual (-0.57),APPROVE,0.908
LN001767,18,0.1222,0.231,0.0909,0.5448,Prepaid,none,0.1165,interest_rate (-0.59); monthly_interest_accrual (-0.57),APPROVE,0.909
LN001767,19,0.0905,0.1985,0.0818,0.5438,Prepaid,none,0.1351,interest_rate (-0.58); monthly_interest_accrual (-0.58),APPROVE,0.918
LN001767,20,0.0921,0.1965,0.0766,0.5438,Prepaid,none,0.1594,interest_rate (-0.58); monthly_interest_accrual (-0.57),APPROVE,0.923
LN001767,21,0.0921,0.2069,0.0766,0.5435,Prepaid,none,0.1857,interest_rate (-0.59); monthly_interest_accrual (-0.57),APPROVE,0.923
LN001767,22,0.0887,0.2125,0.0766,0.5435,Prepaid,none,0.2135,interest_rate (-0.59); monthly_interest_accrual (-0.57),APPROVE,0.923
LN001768,25,0.1166,0.3286,0.06,0.4747,Current,none,0.278,combined_risk_index (-1.24); ltv_risk_tier (-0.48),APPROVE,0.94
LN001768,26,0.117,0.3212,0.06,0.4755,Current,stale_record,0.3356,combined_risk_index (-1.23); ltv_risk_tier (-0.48),APPROVE,0.94
LN001768,27,0.114,0.3233,0.06,0.4755,Current,none,0.2976,combined_risk_index (-1.23); ltv_risk_tier (-0.48),APPROVE,0.94
LN001768,28,0.114,0.3233,0.06,0.4755,Current,none,0.2976,combined_risk_index (-1.23); ltv_risk_tier (-0.48),APPROVE,0.94
LN001771,14,0.1327,0.2328,0.1071,0.512,Current,none,0.052,interest_rate (-0.78); combined_risk_index (+0.29),APPROVE,0.893
LN001771,15,0.134,0.2188,0.1017,0.5098,Current,none,0.0695,interest_rate (-0.74); combined_risk_index (+0.29),APPROVE,0.898
LN001771,16,0.1297,0.2004,0.0962,0.5064,Current,none,0.0829,interest_rate (-0.73); combined_risk_index (+0.29),APPROVE,0.904
LN001771,17,0.494,0.4931,0.2051,0.4673,Current,none,0.3392,current_status_Current (+1.18); interest_rate (-0.70),WATCH_LIST,0.795
LN001772,6,0.262,0.365,0.1618,0.4788,Current,none,0.0338,original_balance (-0.46); combined_risk_index (+0.35),WATCH_LIST,0.838
LN001772,7,0.2432,0.3912,0.1659,0.4983,Current,data_entry_error,0.2613,original_balance (-0.44); combined_risk_index (+0.36),WATCH_LIST,0.834
LN001772,8,0.2743,0.3639,0.1651,0.4813,Current,none,0.0405,original_balance (-0.46); combined_risk_index (+0.36),WATCH_LIST,0.835
LN001772,9,0.268,0.3672,0.1649,0.4828,Current,none,0.0477,original_balance (-0.45); combined_risk_index (+0.36),WATCH_LIST,0.835
LN001772,10,0.6478,0.6309,0.3148,0.4548,30DPD,none,0.0996,current_status_Current (+1.11); original_balance (-0.39),WATCH_LIST,0.685
LN001772,11,0.7535,0.7436,0.3957,0.4263,Default,none,0.2067,current_status_Current (+1.39); current_status_90DPD (+0.46),ESCALATE,0.604
LN001772,12,0.746,0.7266,0.3978,0.4377,Default,data_entry_error,0.3271,current_status_Current (+1.41); original_balance (-0.52),ESCALATE,0.602
LN001772,13,0.6282,0.6205,0.2888,0.4536,Current,none,0.3297,current_status_Current (+1.08); original_balance (-0.39),WATCH_LIST,0.711
LN001774,12,0.7491,0.7305,0.4131,0.4752,Current,none,0.3997,current_status_Current (+1.42); days_past_due (+0.36),ESCALATE,0.587
LN001783,26,0.3947,0.4642,0.0779,0.4621,30DPD,none,0.3237,month_index (-0.47); combined_risk_index (+0.33),APPROVE,0.922
LN001783,27,0.4024,0.4783,0.098,0.4638,30DPD,none,0.3257,month_index (-0.45); combined_risk_index (+0.38),APPROVE,0.902
LN001783,28,0.3947,0.4642,0.0779,0.4621,30DPD,stale_record,0.3707,month_index (-0.47); combined_risk_index (+0.33),APPROVE,0.922
LN001783,29,0.601,0.6311,0.1403,0.4422,Current,source_conflict,0.6385,current_status_Current (+0.99); month_index (-0.47),ESCALATE,0.86
LN001788,14,0.1424,0.2961,0.0977,0.5186,Current,data_entry_error,0.3578,interest_rate (+0.49); combined_risk_index (-0.44),APPROVE,0.902
LN001788,15,0.6031,0.6055,0.1878,0.4463,30DPD,none,0.1884,current_status_Current (+0.82); ltv_risk_tier (-0.40),WATCH_LIST,0.812
LN001788,16,0.1426,0.2684,0.0986,0.5082,Current,none,0.1988,interest_rate (+0.47); combined_risk_index (-0.40),APPROVE,0.901
LN001788,17,0.1546,0.2398,0.1,0.4822,Current,source_conflict,0.314,interest_rate (+0.48); combined_risk_index (-0.39),APPROVE,0.9
LN001788,18,0.1729,0.2375,0.1,0.4813,Current,none,0.1922,interest_rate (+0.48); combined_risk_index (-0.39),APPROVE,0.9
LN001792,8,0.1382,0.2557,0.0875,0.5249,Prepaid,none,0.0921,state_UT (-0.29); current_status_Current (-0.27),APPROVE,0.912
LN001792,9,0.1461,0.2657,0.0859,0.526,Current,stale_record,0.1444,state_UT (-0.29); current_status_Current (-0.28),APPROVE,0.914
LN001792,10,0.1499,0.2679,0.086,0.5279,Prepaid,none,0.1125,state_UT (-0.29); current_status_Current (-0.28),APPROVE,0.914
LN001792,11,0.1475,0.2736,0.089,0.53,Prepaid,none,0.1231,state_UT (-0.29); current_status_Current (-0.29),APPROVE,0.911
LN001792,12,0.1479,0.2672,0.0884,0.5299,Current,source_conflict,0.2678,state_UT (-0.29); current_status_Current (-0.28),APPROVE,0.912
LN001792,13,0.1622,0.3126,0.0883,0.5264,Current,none,0.144,current_status_Current (-0.28); state_UT (-0.27),APPROVE,0.912
LN001792,14,0.1756,0.2925,0.0895,0.5256,Current,none,0.1545,current_status_Current (-0.28); seasoning_pct (-0.21),APPROVE,0.911
LN001792,15,0.153,0.2903,0.0821,0.5303,Current,none,0.1684,state_UT (-0.29); current_status_Current (-0.27),APPROVE,0.918
LN001792,16,0.1452,0.2665,0.0821,0.5298,Current,none,0.1946,state_UT (-0.29); current_status_Current (-0.27),APPROVE,0.918
LN001792,17,0.1736,0.3196,0.0837,0.5086,Current,none,0.2202,current_status_Current (-0.27); state_UT (-0.27),APPROVE,0.916
LN001792,18,0.139,0.2431,0.0828,0.5252,Current,none,0.2242,seasoning_pct (-0.30); state_UT (-0.29),APPROVE,0.917
LN001792,19,0.1113,0.2188,0.078,0.5249,Current,none,0.2441,seasoning_pct (-0.38); state_UT (-0.29),APPROVE,0.922
LN001792,20,0.1164,0.2112,0.0732,0.5249,Current,source_conflict,0.4463,month_index (-0.39); seasoning_pct (-0.37),ESCALATE,0.927
LN001792,21,0.5893,0.5938,0.1202,0.4996,Current,none,0.479,current_status_Current (+1.17); month_index (-0.35),ESCALATE,0.88
LN001793,24,0.1324,0.178,0.0711,0.5152,Prepaid,none,0.3165,interest_rate (-0.58); month_index (-0.50),APPROVE,0.929
LN001793,25,0.0727,0.1285,0.0608,0.5044,Current,none,0.3227,ltv_risk_tier (-0.96); combined_risk_index (-0.72),APPROVE,0.939
LN001793,26,0.4207,0.4289,0.0713,0.4778,Current,none,0.5025,current_status_Current (+1.14); ltv_risk_tier (-1.12),ESCALATE,0.929
LN001796,22,0.0698,0.1417,0.0883,0.5117,Current,none,0.2269,state_VA (-0.58); month_index (-0.53),APPROVE,0.912
LN001796,23,0.0694,0.1451,0.0899,0.5108,Current,none,0.2517,state_VA (-0.58); month_index (-0.53),APPROVE,0.91
LN001796,24,0.0693,0.1449,0.0899,0.501,Current,source_conflict,0.3978,state_VA (-0.58); month_index (-0.53),APPROVE,0.91
LN001796,25,0.0693,0.1465,0.0899,0.501,Current,none,0.2712,state_VA (-0.58); month_index (-0.53),APPROVE,0.91
LN001796,26,0.4639,0.496,0.1577,0.4681,Current,stale_record,0.5169,current_status_Current (+1.07); state_VA (-0.58),ESCALATE,0.842
LN001797,11,0.5712,0.5256,0.2602,0.5164,Current,none,0.3216,current_status_Current (+1.03); monthly_interest_accrual (-0.26),WATCH_LIST,0.74
LN001799,19,0.1007,0.1657,0.1681,0.5205,Current,none,0.1333,combined_risk_index (+0.28); current_status_Current (-0.24),WATCH_LIST,0.832
LN001799,20,0.0849,0.1474,0.1081,0.5291,Current,none,0.1588,month_index (-0.49); current_status_Current (-0.25),APPROVE,0.892
LN001799,21,0.5775,0.5494,0.1585,0.5118,Current,none,0.3936,current_status_Current (+1.02); month_index (-0.42),WATCH_LIST,0.842
LN001800,19,0.6758,0.6853,0.2541,0.4442,60DPD,none,0.3507,current_status_Current (+1.35); combined_risk_index (+0.26),WATCH_LIST,0.746
LN001800,20,0.6614,0.6954,0.308,0.4451,Default,none,0.3215,current_status_Current (+1.34); month_index (-0.49),WATCH_LIST,0.692
LN001800,21,0.658,0.6957,0.308,0.445,Default,stale_record,0.3853,current_status_Current (+1.34); month_index (-0.49),WATCH_LIST,0.692
LN001800,22,0.643,0.6909,0.3023,0.4448,Default,none,0.3488,current_status_Current (+1.34); month_index (-0.49),WATCH_LIST,0.698
LN001800,23,0.6285,0.6922,0.2813,0.4532,Current,none,0.4618,current_status_Current (+1.27); monthly_interest_accrual (-0.49),ESCALATE,0.719
LN001802,9,0.2282,0.3463,0.1597,0.4867,Prepaid,stale_record,0.055,interest_rate (-0.46); combined_risk_index (+0.30),WATCH_LIST,0.84
LN001802,10,0.2159,0.3503,0.1623,0.4831,Prepaid,none,0.0201,interest_rate (-0.45); combined_risk_index (+0.30),WATCH_LIST,0.838
LN001802,11,0.5283,0.615,0.275,0.4461,Current,none,0.2379,current_status_Current (+1.08); interest_rate (-0.36),WATCH_LIST,0.725
LN001804,17,0.1307,0.1689,0.0626,0.5045,Current,none,0.1588,ltv_risk_tier (-0.90); combined_risk_index (-0.76),APPROVE,0.937
LN001804,18,0.1204,0.1613,0.0626,0.5043,Current,none,0.1735,ltv_risk_tier (-0.90); combined_risk_index (-0.76),APPROVE,0.937
LN001804,19,0.1008,0.148,0.0609,0.5043,Current,none,0.192,ltv_risk_tier (-0.90); combined_risk_index (-0.74),APPROVE,0.939
LN001804,20,0.1028,0.1513,0.0604,0.5043,Current,none,0.2204,ltv_risk_tier (-0.88); combined_risk_index (-0.73),APPROVE,0.94
LN001804,21,0.106,0.1702,0.0604,0.504,Current,none,0.2376,ltv_risk_tier (-0.88); combined_risk_index (-0.73),APPROVE,0.94
LN001804,22,0.1036,0.1816,0.0604,0.504,Current,none,0.2577,ltv_risk_tier (-0.88); combined_risk_index (-0.73),APPROVE,0.94
LN001804,23,0.1036,0.2016,0.0605,0.5037,Current,none,0.2848,ltv_risk_tier (-0.88); combined_risk_index (-0.73),APPROVE,0.94
LN001804,24,0.5005,0.3848,0.0666,0.4683,60DPD,none,0.3287,current_status_Current (+1.13); ltv_risk_tier (-1.02),APPROVE,0.933
LN001804,25,0.4555,0.3666,0.0662,0.4691,Current,none,0.4894,current_status_Current (+1.13); ltv_risk_tier (-1.02),ESCALATE,0.934
LN001806,29,0.0741,0.2117,0.082,0.4733,Current,none,0.295,month_index (-0.44); seasoning_pct (-0.43),APPROVE,0.918
LN001809,12,0.1846,0.3611,0.0963,0.5599,Current,data_entry_error,0.4305,current_status_Current (-0.26); remaining_term_months (-0.25),ESCALATE,0.904
LN001809,13,0.1501,0.304,0.1091,0.5515,Prepaid,none,0.1536,state_CA (-0.28); current_status_Current (-0.27),APPROVE,0.891
LN001809,14,0.1413,0.2837,0.1076,0.5509,Prepaid,stale_record,0.2152,seasoning_pct (-0.32); remaining_term_months (-0.27),APPROVE,0.892
LN001809,15,0.1341,0.2632,0.1063,0.5508,Prepaid,none,0.1824,seasoning_pct (-0.33); remaining_term_months (-0.27),APPROVE,0.894
LN001809,16,0.1266,0.2461,0.106,0.5514,Prepaid,none,0.2102,seasoning_pct (-0.33); remaining_term_months (-0.27),APPROVE,0.894
LN001809,17,0.1213,0.2438,0.1054,0.5499,Prepaid,none,0.226,seasoning_pct (-0.33); remaining_term_months (-0.27),APPROVE,0.895
LN001809,18,0.1078,0.2248,0.1046,0.5456,Prepaid,none,0.2377,seasoning_pct (-0.37); remaining_term_months (-0.27),APPROVE,0.895
LN001809,19,0.0995,0.1967,0.0916,0.5471,Prepaid,none,0.2577,seasoning_pct (-0.44); remaining_term_months (-0.29),APPROVE,0.908
LN001809,20,0.0923,0.2021,0.0891,0.5472,Prepaid,none,0.2798,month_index (-0.50); seasoning_pct (-0.45),APPROVE,0.911
LN001809,21,0.5943,0.5841,0.1521,0.543,Current,source_conflict,0.5442,current_status_Current (+1.15); month_index (-0.43),ESCALATE,0.848
LN001810,9,0.0841,0.1672,0.1143,0.5178,Current,none,0.0612,interest_rate (-0.70); combined_risk_index (-0.58),APPROVE,0.886
LN001810,10,0.0879,0.1673,0.1194,0.5196,Current,none,0.0718,interest_rate (-0.69); combined_risk_index (-0.58),APPROVE,0.881
LN001810,11,0.0977,0.1961,0.127,0.5238,Current,none,0.0842,interest_rate (-0.69); state_AZ (-0.46),APPROVE,0.873
LN001810,12,0.0775,0.181,0.1133,0.5224,Current,stale_record,0.135,interest_rate (-0.65); combined_risk_index (-0.57),APPROVE,0.887
LN001810,13,0.074,0.1783,0.1041,0.5232,Current,stale_record,0.147,interest_rate (-0.65); combined_risk_index (-0.55),APPROVE,0.896
LN001810,14,0.0867,0.1801,0.1051,0.525,Current,none,0.112,interest_rate (-0.73); state_AZ (-0.45),APPROVE,0.895
LN001810,15,0.0781,0.1677,0.1,0.5271,Current,none,0.1251,interest_rate (-0.65); combined_risk_index (-0.55),APPROVE,0.9
LN001810,16,0.0757,0.1629,0.0988,0.5287,Current,none,0.1488,interest_rate (-0.64); combined_risk_index (-0.55),APPROVE,0.901
LN001810,17,0.0758,0.1629,0.0966,0.5254,Current,none,0.1645,interest_rate (-0.64); combined_risk_index (-0.55),APPROVE,0.903
LN001810,18,0.0764,0.1595,0.0962,0.5244,Current,source_conflict,0.356,interest_rate (-0.64); combined_risk_index (-0.55),APPROVE,0.904
LN001810,19,0.0745,0.1503,0.0935,0.5228,Current,none,0.1945,interest_rate (-0.63); combined_risk_index (-0.55),APPROVE,0.907
LN001810,20,0.0737,0.1491,0.0899,0.5228,Current,none,0.2176,interest_rate (-0.63); combined_risk_index (-0.55),APPROVE,0.91
LN001810,21,0.0746,0.1526,0.0899,0.5228,Current,none,0.2455,interest_rate (-0.63); combined_risk_index (-0.55),APPROVE,0.91
LN001810,22,0.0743,0.1546,0.0899,0.5228,Current,stale_record,0.3113,interest_rate (-0.63); combined_risk_index (-0.55),APPROVE,0.91
LN001810,23,0.0863,0.191,0.0784,0.5331,Prepaid,none,0.3223,interest_rate (-0.63); combined_risk_index (-0.59),APPROVE,0.922
LN001810,24,0.0747,0.157,0.0899,0.523,Prepaid,none,0.302,interest_rate (-0.64); combined_risk_index (-0.55),APPROVE,0.91
LN001810,25,0.0747,0.1578,0.0899,0.523,Prepaid,none,0.3083,interest_rate (-0.64); combined_risk_index (-0.55),APPROVE,0.91
LN001810,26,0.087,0.1887,0.0784,0.5331,Prepaid,none,0.3454,interest_rate (-0.63); combined_risk_index (-0.59),APPROVE,0.922
LN001814,15,0.638,0.6152,0.2122,0.5485,Current,none,0.4284,current_status_Current (+0.74); days_past_due (-0.27),ESCALATE,0.788
LN001816,14,0.2653,0.3945,0.1232,0.5285,Prepaid,none,0.0996,seasoning_pct (-0.25); current_status_Current (-0.25),APPROVE,0.877
LN001816,15,0.5961,0.6282,0.1861,0.4864,Current,none,0.3427,current_status_Current (+1.02); seasoning_pct (-0.28),WATCH_LIST,0.814
LN001817,11,0.2388,0.4262,0.2937,0.446,Current,none,0.0974,occupancy_type_Second_Home (+0.35); combined_risk_index (+0.33),WATCH_LIST,0.706
LN001817,12,0.7403,0.7376,0.4434,0.4233,Current,none,0.3925,current_status_Current (+1.24); occupancy_type_Second_Home (+0.33),ESCALATE,0.557
LN001818,13,0.133,0.2436,0.061,0.5145,Current,none,0.0498,combined_risk_index (-0.88); interest_rate (-0.53),APPROVE,0.939
LN001818,14,0.1315,0.2308,0.0608,0.5181,Current,none,0.0558,combined_risk_index (-0.87); interest_rate (-0.52),APPROVE,0.939
LN001818,15,0.1397,0.2198,0.0607,0.5175,Current,source_conflict,0.2071,combined_risk_index (-0.87); interest_rate (-0.52),APPROVE,0.939
LN001818,16,0.1338,0.2046,0.0759,0.5207,Current,none,0.0842,combined_risk_index (-0.55); interest_rate (-0.50),APPROVE,0.924
LN001818,17,0.125,0.1872,0.0604,0.5148,Current,source_conflict,0.2784,combined_risk_index (-0.86); interest_rate (-0.51),APPROVE,0.94
LN001818,18,0.1116,0.1747,0.0603,0.5157,Prepaid,none,0.115,combined_risk_index (-0.86); interest_rate (-0.51),APPROVE,0.94
LN001818,19,0.0851,0.1581,0.0593,0.5155,Current,none,0.133,combined_risk_index (-0.84); interest_rate (-0.51),APPROVE,0.941
LN001818,20,0.0826,0.1546,0.0586,0.5156,Current,none,0.1564,combined_risk_index (-0.84); interest_rate (-0.51),APPROVE,0.941
LN001820,17,0.2369,0.2727,0.0788,0.5232,Prepaid,none,0.2408,state_CT (-0.26); monthly_interest_accrual (+0.24),APPROVE,0.921
LN001820,18,0.1991,0.2551,0.0783,0.5233,30DPD,source_conflict,0.4359,state_CT (-0.26); monthly_interest_accrual (+0.23),ESCALATE,0.922
LN001820,19,0.1453,0.2285,0.0728,0.5233,30DPD,none,0.2688,state_CT (-0.26); monthly_interest_accrual (+0.24),APPROVE,0.927
LN001820,20,0.1484,0.2277,0.0683,0.5233,Prepaid,none,0.2879,month_index (-0.50); seasoning_pct (-0.28),APPROVE,0.932
LN001820,21,0.1484,0.2497,0.0683,0.5235,Prepaid,none,0.3028,month_index (-0.50); seasoning_pct (-0.29),APPROVE,0.932
LN001820,22,0.1494,0.2669,0.0683,0.5235,Prepaid,none,0.3191,month_index (-0.50); seasoning_pct (-0.29),APPROVE,0.932
LN001820,23,0.148,0.2697,0.0689,0.5268,Prepaid,none,0.3422,month_index (-0.50); seasoning_pct (-0.29),APPROVE,0.931
LN001827,7,0.2326,0.242,0.0677,0.4856,Current,none,0.1521,combined_risk_index (-1.44); ltv_risk_tier (-0.69),APPROVE,0.932
LN001827,8,0.2337,0.2514,0.0678,0.488,Current,stale_record,0.1954,combined_risk_index (-1.45); ltv_risk_tier (-0.68),APPROVE,0.932
LN001827,9,0.2455,0.2682,0.0679,0.4984,Current,none,0.1552,combined_risk_index (-1.44); ltv_risk_tier (-0.68),APPROVE,0.932
LN001827,10,0.246,0.2822,0.0682,0.4999,Current,none,0.1672,combined_risk_index (-1.45); ltv_risk_tier (-0.68),APPROVE,0.932
LN001827,11,0.2555,0.2837,0.0678,0.5075,Current,stale_record,0.2449,combined_risk_index (-1.45); ltv_risk_tier (-0.69),APPROVE,0.932
LN001827,12,0.2764,0.2853,0.0675,0.5059,Current,none,0.1931,combined_risk_index (-1.45); ltv_risk_tier (-0.69),APPROVE,0.933
LN001827,13,0.2659,0.2879,0.0673,0.5085,Current,none,0.2016,combined_risk_index (-1.44); ltv_risk_tier (-0.69),APPROVE,0.933
LN001827,14,0.2687,0.2649,0.0668,0.5087,Current,none,0.2107,combined_risk_index (-1.43); ltv_risk_tier (-0.67),APPROVE,0.933
LN001827,15,0.2565,0.2437,0.0673,0.5104,Current,none,0.2185,combined_risk_index (-1.43); ltv_risk_tier (-0.67),APPROVE,0.933
LN001827,16,0.2438,0.2168,0.0668,0.5132,Prepaid,none,0.2304,combined_risk_index (-1.43); ltv_risk_tier (-0.67),APPROVE,0.933
LN001827,17,0.2213,0.2055,0.0662,0.528,Prepaid,none,0.2438,combined_risk_index (-1.44); ltv_risk_tier (-0.66),APPROVE,0.934
LN001827,18,0.201,0.1964,0.066,0.5282,30DPD,none,0.2585,combined_risk_index (-1.44); ltv_risk_tier (-0.66),APPROVE,0.934
LN001827,19,0.1437,0.1619,0.0748,0.5181,Prepaid,stale_record,0.3166,combined_risk_index (-0.87); ltv_risk_tier (-0.68),APPROVE,0.925
LN001827,20,0.163,0.181,0.0625,0.5291,Prepaid,none,0.2908,combined_risk_index (-1.42); ltv_risk_tier (-0.64),APPROVE,0.938
LN001830,22,0.2169,0.4161,0.0731,0.4389,30DPD,none,0.2946,interest_rate (-0.74); month_index (-0.51),APPROVE,0.927
LN001831,14,0.6715,0.6635,0.2839,0.471,Prepaid,none,0.1302,current_status_Current (+0.95); state_VA (-0.62),WATCH_LIST,0.716
LN001831,15,0.7484,0.7364,0.4291,0.4297,Default,none,0.2378,current_status_Current (+1.36); state_VA (-0.64),ESCALATE,0.571
LN001831,16,0.7435,0.7291,0.4241,0.43,Default,none,0.2465,current_status_Current (+1.36); state_VA (-0.64),ESCALATE,0.576
LN001831,17,0.6402,0.6175,0.2499,0.4659,Prepaid,none,0.1752,current_status_Current (+1.02); state_VA (-0.62),WATCH_LIST,0.75
LN001831,18,0.1733,0.3085,0.1625,0.5181,Current,none,0.1353,state_VA (-0.62); combined_risk_index (+0.41),WATCH_LIST,0.838
LN001831,19,0.152,0.2826,0.1596,0.5104,Current,suspicious_transition,0.3552,state_VA (-0.62); combined_risk_index (+0.41),WATCH_LIST,0.84
LN001831,20,0.5637,0.591,0.1999,0.4678,Current,none,0.4025,current_status_Current (+1.02); state_VA (-0.62),ESCALATE,0.8
LN001832,13,0.6476,0.6524,0.329,0.4931,Current,none,0.2901,current_status_Current (+1.22); days_past_due (-0.19),WATCH_LIST,0.671
LN001833,6,0.1883,0.2824,0.1251,0.5042,Prepaid,none,0.0086,interest_rate (+0.32); current_status_Current (-0.25),APPROVE,0.875
LN001833,7,0.1879,0.2841,0.1236,0.5039,Prepaid,none,0.0073,interest_rate (+0.32); current_status_Current (-0.25),APPROVE,0.876
LN001833,8,0.6389,0.6184,0.2265,0.4828,Current,none,0.2667,current_status_Current (+1.07); days_past_due (-0.27),WATCH_LIST,0.774
LN001837,7,0.1327,0.262,0.1237,0.4574,Current,none,0.005,current_status_Current (-0.30); interest_rate (-0.29),APPROVE,0.876
LN001837,8,0.139,0.2632,0.1225,0.4652,Current,none,0.0079,current_status_Current (-0.30); interest_rate (-0.29),APPROVE,0.877
LN001837,9,0.1546,0.2645,0.1246,0.4655,Current,none,0.0094,current_status_Current (-0.30); interest_rate (-0.28),APPROVE,0.875
LN001837,10,0.1455,0.2688,0.1271,0.4665,Current,none,0.0184,current_status_Current (-0.31); interest_rate (-0.27),APPROVE,0.873
LN001837,11,0.1476,0.2817,0.1252,0.4678,Current,stale_record,0.0781,current_status_Current (-0.30); interest_rate (-0.26),APPROVE,0.875
LN001837,12,0.1452,0.2834,0.1228,0.4684,Current,none,0.0381,current_status_Current (-0.30); interest_rate (-0.26),APPROVE,0.877
LN001837,13,0.1481,0.2827,0.1217,0.4679,Current,none,0.0441,current_status_Current (-0.30); interest_rate (-0.25),APPROVE,0.878
LN001837,14,0.1493,0.284,0.1152,0.4678,Current,none,0.0497,current_status_Current (-0.31); interest_rate (-0.25),APPROVE,0.885
LN001837,15,0.5481,0.5695,0.2716,0.4521,60DPD,none,0.1257,current_status_Current (+1.28); days_past_due (-0.24),WATCH_LIST,0.728
LN001837,16,0.603,0.5998,0.268,0.4507,30DPD,none,0.139,current_status_Current (+1.30); days_past_due (-0.24),WATCH_LIST,0.732
LN001837,17,0.1195,0.224,0.1018,0.4634,Current,none,0.0958,current_status_Current (-0.31); interest_rate (-0.22),APPROVE,0.898
LN001837,18,0.5289,0.5955,0.244,0.45,Current,none,0.352,current_status_Current (+1.29); days_past_due (-0.26),WATCH_LIST,0.756
LN001839,18,0.1174,0.1772,0.0845,0.5045,Current,suspicious_transition,0.3771,current_status_Current (-0.39); current_balance (-0.27),APPROVE,0.916
LN001839,19,0.0853,0.1683,0.0759,0.509,Prepaid,none,0.1928,current_status_Current (-0.30); current_balance (-0.25),APPROVE,0.924
LN001839,20,0.0847,0.1714,0.0705,0.509,Prepaid,none,0.2202,month_index (-0.46); seasoning_pct (-0.30),APPROVE,0.93
LN001839,21,0.0857,0.1877,0.0705,0.5091,Prepaid,none,0.2374,month_index (-0.46); seasoning_pct (-0.31),APPROVE,0.93
LN001839,22,0.0854,0.1998,0.0705,0.5115,Prepaid,none,0.257,month_index (-0.46); seasoning_pct (-0.31),APPROVE,0.93
LN001839,23,0.0854,0.2082,0.0708,0.5111,Prepaid,none,0.2841,month_index (-0.46); seasoning_pct (-0.31),APPROVE,0.929
LN001839,24,0.5032,0.4922,0.119,0.486,60DPD,none,0.3265,current_status_Current (+1.22); month_index (-0.43),APPROVE,0.881
LN001839,25,0.6774,0.6653,0.1621,0.458,60DPD,none,0.36,current_status_Current (+1.51); month_index (-0.47),WATCH_LIST,0.838
LN001839,26,0.5073,0.4871,0.119,0.4849,60DPD,none,0.3357,current_status_Current (+1.22); month_index (-0.43),APPROVE,0.881
LN001839,27,0.5112,0.4871,0.119,0.4849,60DPD,none,0.3412,current_status_Current (+1.22); month_index (-0.43),APPROVE,0.881
LN001839,28,0.0859,0.2046,0.0708,0.5088,Prepaid,none,0.3144,month_index (-0.46); seasoning_pct (-0.33),APPROVE,0.929
LN001839,29,0.0859,0.2046,0.0701,0.5085,Prepaid,none,0.3144,month_index (-0.46); seasoning_pct (-0.41),APPROVE,0.93
LN001839,30,0.0862,0.2046,0.0701,0.5085,Prepaid,none,0.3152,month_index (-0.46); seasoning_pct (-0.41),APPROVE,0.93
LN001839,31,0.0862,0.2046,0.0701,0.5085,Prepaid,none,0.3149,month_index (-0.46); seasoning_pct (-0.41),APPROVE,0.93
LN001843,9,0.6709,0.6507,0.3059,0.4505,30DPD,none,0.0599,current_status_Current (+0.92); days_past_due (-0.31),WATCH_LIST,0.694
LN001843,10,0.1506,0.2638,0.159,0.4612,Current,none,0.0193,interest_rate (+0.31); current_status_Current (-0.22),WATCH_LIST,0.841
LN001843,11,0.1497,0.2636,0.1564,0.4624,Current,none,0.035,interest_rate (+0.32); current_status_Current (-0.22),WATCH_LIST,0.844
LN001843,12,0.1569,0.2636,0.1517,0.4655,Current,none,0.0386,interest_rate (+0.32); current_status_Current (-0.21),WATCH_LIST,0.848
LN001843,13,0.165,0.2623,0.1503,0.4671,Current,none,0.043,interest_rate (+0.33); current_status_Current (-0.22),WATCH_LIST,0.85
LN001843,14,0.2078,0.2624,0.1102,0.4743,Current,none,0.2145,current_status_Current (-0.27); interest_rate (-0.26),APPROVE,0.89
LN001843,15,0.1552,0.2186,0.1292,0.4666,Current,stale_record,0.1122,interest_rate (+0.33); current_status_Current (-0.21),APPROVE,0.871
LN001843,16,0.1508,0.204,0.1224,0.4636,Current,none,0.0796,interest_rate (+0.33); current_status_Current (-0.22),APPROVE,0.878
LN001843,17,0.1329,0.1884,0.1186,0.4618,Current,none,0.0945,interest_rate (+0.33); current_status_Current (-0.22),APPROVE,0.881
LN001843,18,0.1238,0.1814,0.1186,0.4603,Current,none,0.1126,interest_rate (+0.33); current_status_Current (-0.22),APPROVE,0.881
LN001843,19,0.1012,0.156,0.1044,0.4603,Current,none,0.131,interest_rate (+0.33); current_status_Current (-0.23),APPROVE,0.896
LN001843,20,0.6714,0.6123,0.1643,0.4465,60DPD,none,0.2057,current_status_Current (+0.97); month_index (-0.45),WATCH_LIST,0.836
LN001843,21,0.6714,0.6192,0.1643,0.4467,60DPD,none,0.2329,current_status_Current (+0.96); month_index (-0.45),WATCH_LIST,0.836
LN001843,22,0.7215,0.6682,0.2201,0.4341,60DPD,none,0.2893,current_status_Current (+1.35); month_index (-0.50),WATCH_LIST,0.78
LN001843,23,0.6479,0.601,0.16,0.4448,60DPD,none,0.2724,current_status_Current (+0.93); month_index (-0.45),WATCH_LIST,0.84
LN001843,24,0.6426,0.602,0.16,0.4472,60DPD,none,0.2771,current_status_Current (+0.93); month_index (-0.45),WATCH_LIST,0.84
LN001843,25,0.6426,0.602,0.16,0.4472,60DPD,none,0.2819,current_status_Current (+0.93); month_index (-0.45),WATCH_LIST,0.84
LN001843,26,0.6435,0.5983,0.1588,0.4472,60DPD,none,0.2895,current_status_Current (+0.93); month_index (-0.45),WATCH_LIST,0.841
LN001843,27,0.0885,0.1469,0.091,0.4608,Current,none,0.2702,month_index (-0.48); seasoning_pct (-0.34),APPROVE,0.909
LN001843,28,0.0885,0.1475,0.091,0.4625,Current,stale_record,0.3152,month_index (-0.48); seasoning_pct (-0.34),APPROVE,0.909
LN001843,29,0.0955,0.1462,0.0887,0.4613,Current,none,0.2702,month_index (-0.48); seasoning_pct (-0.38),APPROVE,0.911
LN001843,30,0.0887,0.1475,0.0895,0.4623,Current,none,0.271,month_index (-0.48); seasoning_pct (-0.42),APPROVE,0.911
LN001843,31,0.0887,0.1481,0.0895,0.4623,Current,none,0.2702,month_index (-0.48); seasoning_pct (-0.42),APPROVE,0.911
LN001843,32,0.6462,0.6118,0.1555,0.4473,60DPD,none,0.2985,current_status_Current (+0.97); month_index (-0.45),WATCH_LIST,0.845
LN001843,33,0.0906,0.1562,0.0888,0.4623,Current,stale_record,0.3152,month_index (-0.48); seasoning_pct (-0.42),APPROVE,0.911
LN001843,34,0.6433,0.6135,0.1555,0.4473,60DPD,none,0.2985,current_status_Current (+0.97); month_index (-0.45),WATCH_LIST,0.845
LN001843,35,0.0922,0.1562,0.0888,0.4623,Current,none,0.2702,month_index (-0.48); seasoning_pct (-0.42),APPROVE,0.911
LN001843,36,0.0946,0.1562,0.0888,0.4623,Current,none,0.2702,month_index (-0.48); seasoning_pct (-0.42),APPROVE,0.911
LN001845,8,0.1447,0.2146,0.0898,0.5303,Prepaid,none,0.2507,combined_risk_index (-0.54); current_status_Current (-0.29),APPROVE,0.91
LN001845,9,0.1453,0.2036,0.0869,0.5288,Prepaid,none,0.0976,combined_risk_index (-0.55); current_status_Current (-0.30),APPROVE,0.913
LN001845,10,0.4945,0.5045,0.1505,0.5231,Current,stale_record,0.392,current_status_Current (+1.25); combined_risk_index (-0.34),WATCH_LIST,0.85
LN001847,13,0.5826,0.6111,0.1918,0.4334,60DPD,none,0.2487,current_status_Current (+1.13); current_balance (+0.22),WATCH_LIST,0.808
LN001847,14,0.1943,0.2896,0.1082,0.4518,Current,none,0.0818,current_status_Current (-0.27); current_balance (+0.27),APPROVE,0.892
LN001847,15,0.1861,0.2841,0.106,0.4515,Current,none,0.0986,current_status_Current (-0.27); current_balance (+0.27),APPROVE,0.894
LN001847,16,0.1857,0.2876,0.1028,0.4499,Current,none,0.1111,current_status_Current (-0.27); current_balance (+0.27),APPROVE,0.897
LN001847,17,0.1832,0.2835,0.0994,0.446,Current,none,0.1298,current_status_Current (-0.27); current_balance (+0.27),APPROVE,0.901
LN001847,18,0.1802,0.2737,0.0989,0.4452,Current,none,0.1454,current_status_Current (-0.27); current_balance (+0.27),APPROVE,0.901
LN001847,19,0.1492,0.2435,0.0956,0.4452,Current,source_conflict,0.2999,current_status_Current (-0.27); current_balance (+0.27),APPROVE,0.904
LN001847,20,0.1525,0.2379,0.0863,0.4452,Current,none,0.194,month_index (-0.42); current_status_Current (-0.27),APPROVE,0.914
LN001847,21,0.1466,0.2579,0.0978,0.4453,Current,none,0.3351,month_index (-0.30); current_status_Current (-0.25),APPROVE,0.902
LN001847,22,0.1492,0.2496,0.0863,0.4447,Current,none,0.2407,month_index (-0.42); current_status_Current (-0.26),APPROVE,0.914
LN001847,23,0.148,0.2568,0.0866,0.4547,Current,stale_record,0.3103,month_index (-0.42); current_status_Current (-0.26),APPROVE,0.913
LN001847,24,0.1429,0.2568,0.0866,0.4538,Current,none,0.2763,month_index (-0.42); current_status_Current (-0.26),APPROVE,0.913
LN001847,25,0.1429,0.2657,0.0866,0.4538,Current,none,0.2856,month_index (-0.42); current_status_Current (-0.26),APPROVE,0.913
LN001847,26,0.1397,0.2837,0.0866,0.4541,Current,none,0.2971,month_index (-0.42); current_status_Current (-0.26),APPROVE,0.913
LN001847,27,0.1397,0.2802,0.0866,0.4541,Current,none,0.3055,month_index (-0.42); current_status_Current (-0.26),APPROVE,0.913
LN001847,28,0.1388,0.2785,0.0883,0.4541,Current,none,0.3055,month_index (-0.42); current_status_Current (-0.26),APPROVE,0.912
LN001847,29,0.1388,0.2785,0.0868,0.4538,Current,stale_record,0.3505,month_index (-0.42); current_status_Current (-0.27),APPROVE,0.913
LN001847,30,0.5413,0.6118,0.137,0.4352,Current,none,0.4791,current_status_Current (+1.14); month_index (-0.44),ESCALATE,0.863
LN001848,16,0.0894,0.16,0.0632,0.4855,Current,none,0.1394,interest_rate (-0.62); state_IL (-0.47),APPROVE,0.937
LN001848,17,0.1195,0.1912,0.0664,0.4926,Prepaid,none,0.3066,state_IL (-0.48); combined_risk_index (-0.27),APPROVE,0.934
LN001848,18,0.0784,0.145,0.0626,0.482,Current,none,0.166,interest_rate (-0.61); state_IL (-0.47),APPROVE,0.937
LN001848,19,0.0671,0.1323,0.0614,0.4817,Current,none,0.1842,interest_rate (-0.59); state_IL (-0.46),APPROVE,0.939
LN001848,20,0.0674,0.1288,0.0606,0.4817,Current,none,0.2053,interest_rate (-0.59); state_IL (-0.46),APPROVE,0.939
LN001848,21,0.0674,0.1263,0.0606,0.4817,Current,none,0.2339,interest_rate (-0.59); state_IL (-0.46),APPROVE,0.939
LN001848,22,0.0673,0.1303,0.0606,0.4817,Current,none,0.2535,interest_rate (-0.59); state_IL (-0.46),APPROVE,0.939
LN001848,23,0.4893,0.4933,0.0715,0.4519,Current,none,0.4609,current_status_Current (+1.07); state_IL (-0.69),ESCALATE,0.929
LN001849,9,0.3516,0.4063,0.1584,0.4949,Current,none,0.2126,combined_risk_index (-0.29); current_status_Current (-0.23),WATCH_LIST,0.842
LN001849,10,0.3424,0.3916,0.1581,0.4986,30DPD,none,0.2289,combined_risk_index (-0.30); current_status_Current (-0.23),WATCH_LIST,0.842
LN001849,11,0.3965,0.465,0.1505,0.4998,30DPD,none,0.2392,combined_risk_index (-0.30); current_status_Current (-0.23),WATCH_LIST,0.85
LN001849,12,0.7376,0.727,0.3086,0.4654,Default,source_conflict,0.4445,current_status_Current (+1.25); combined_risk_index (-0.30),ESCALATE,0.691
LN001849,13,0.7226,0.7177,0.2971,0.4671,Default,none,0.3213,current_status_Current (+1.27); combined_risk_index (-0.31),WATCH_LIST,0.703
LN001849,14,0.7359,0.7193,0.3175,0.4651,Default,none,0.3743,current_status_Current (+1.27); combined_risk_index (-0.37),WATCH_LIST,0.683
LN001849,15,0.7356,0.7194,0.3104,0.4649,Default,none,0.3803,current_status_Current (+1.22); combined_risk_index (-0.36),WATCH_LIST,0.69
LN001849,16,0.7262,0.7154,0.2906,0.4741,Current,none,0.4818,current_status_Current (+1.19); days_past_due (+0.35),ESCALATE,0.709
LN001850,7,0.1751,0.2911,0.1386,0.5269,Current,none,0.0248,current_status_Current (-0.29); combined_risk_index (-0.11),APPROVE,0.861
LN001850,8,0.1801,0.2922,0.1427,0.5232,Current,source_conflict,0.1632,current_status_Current (-0.29); combined_risk_index (-0.10),APPROVE,0.857
LN001850,9,0.6438,0.6016,0.336,0.5014,60DPD,none,0.0746,current_status_Current (+1.23); days_past_due (-0.20),WATCH_LIST,0.664
LN001850,10,0.7219,0.7128,0.3706,0.4776,60DPD,none,0.1327,current_status_Current (+1.49); days_past_due (+0.24),ESCALATE,0.629
LN001850,11,0.7389,0.7337,0.3947,0.4737,Current,none,0.3604,current_status_Current (+1.57); days_past_due (+0.37),ESCALATE,0.605
LN001851,6,0.3339,0.5304,0.1708,0.5262,Current,none,0.2028,interest_rate (-0.47); combined_risk_index (+0.31),WATCH_LIST,0.829
LN001851,7,0.6714,0.6805,0.3488,0.5324,Current,none,0.3388,current_status_Current (+1.04); interest_rate (+0.45),WATCH_LIST,0.651
LN001870,20,0.7399,0.7304,0.3652,0.4144,Default,none,0.3131,current_status_Current (+1.29); month_index (-0.48),ESCALATE,0.635
LN001870,21,0.6943,0.6809,0.2624,0.4309,Current,data_entry_error,0.5524,current_status_Current (+1.29); monthly_interest_accrual (-0.69),ESCALATE,0.738
LN001875,26,0.1392,0.2372,0.0626,0.4809,Current,none,0.2769,ltv_risk_tier (-0.87); combined_risk_index (-0.51),APPROVE,0.937
LN001875,27,0.1392,0.2364,0.0626,0.4809,Current,none,0.2841,ltv_risk_tier (-0.87); combined_risk_index (-0.52),APPROVE,0.937
LN001875,28,0.1392,0.2388,0.0626,0.4809,Prepaid,none,0.2841,ltv_risk_tier (-0.87); combined_risk_index (-0.52),APPROVE,0.937
LN001875,29,0.1392,0.2388,0.0625,0.4807,Prepaid,none,0.2841,ltv_risk_tier (-0.87); combined_risk_index (-0.52),APPROVE,0.938
LN001876,10,0.1085,0.2042,0.0813,0.5223,Current,none,0.06,combined_risk_index (-0.72); interest_rate (+0.38),APPROVE,0.919
LN001876,11,0.1028,0.2047,0.0814,0.5223,Current,none,0.0736,combined_risk_index (-0.69); interest_rate (+0.39),APPROVE,0.919
LN001876,12,0.1019,0.2043,0.0811,0.5248,Prepaid,none,0.0784,combined_risk_index (-0.69); interest_rate (+0.39),APPROVE,0.919
LN001876,13,0.095,0.2002,0.0788,0.5033,Prepaid,none,0.0914,combined_risk_index (-0.68); interest_rate (+0.39),APPROVE,0.921
LN001876,14,0.0973,0.202,0.0776,0.5029,Prepaid,none,0.1004,combined_risk_index (-0.67); interest_rate (+0.39),APPROVE,0.922
LN001876,15,0.0951,0.1901,0.078,0.5032,Current,none,0.1145,combined_risk_index (-0.67); interest_rate (+0.40),APPROVE,0.922
LN001876,16,0.0908,0.1769,0.0806,0.5014,Current,none,0.1371,combined_risk_index (-0.69); interest_rate (+0.40),APPROVE,0.919
LN001876,17,0.0857,0.1697,0.0799,0.4982,Current,none,0.1515,combined_risk_index (-0.69); interest_rate (+0.40),APPROVE,0.92
LN001876,18,0.0823,0.1566,0.0796,0.4954,Current,none,0.1645,combined_risk_index (-0.69); interest_rate (+0.40),APPROVE,0.92
LN001876,19,0.0771,0.1409,0.0786,0.4952,Current,none,0.1829,combined_risk_index (-0.69); interest_rate (+0.36),APPROVE,0.921
LN001876,20,0.0968,0.1539,0.0737,0.4938,Current,none,0.2406,combined_risk_index (-0.75); month_index (-0.37),APPROVE,0.926
LN001876,21,0.0782,0.138,0.0738,0.4952,Current,none,0.234,combined_risk_index (-0.69); month_index (-0.42),APPROVE,0.926
LN001876,22,0.0782,0.1453,0.0738,0.4952,Current,none,0.2506,combined_risk_index (-0.69); month_index (-0.42),APPROVE,0.926
LN001876,23,0.0809,0.1521,0.0755,0.4966,Current,none,0.2731,combined_risk_index (-0.67); month_index (-0.42),APPROVE,0.924
LN001876,24,0.5194,0.5288,0.0985,0.4653,Current,none,0.4648,current_status_Current (+0.96); combined_risk_index (-0.61),ESCALATE,0.901
LN001886,6,0.146,0.2391,0.1234,0.535,Prepaid,none,0.006,state_LA (+0.40); combined_risk_index (+0.30),APPROVE,0.877
LN001886,7,0.5545,0.5736,0.248,0.4902,Current,none,0.2694,current_status_Current (+1.08); state_LA (+0.33),WATCH_LIST,0.752
LN001909,12,0.3575,0.3867,0.0806,0.5135,Prepaid,stale_record,0.1348,ltv_risk_tier (-0.71); interest_rate (-0.68),APPROVE,0.919
LN001909,13,0.3301,0.3844,0.0817,0.5146,Prepaid,none,0.0942,ltv_risk_tier (-0.71); interest_rate (-0.68),APPROVE,0.918
LN001909,14,0.3307,0.3684,0.0804,0.5146,Prepaid,none,0.1057,ltv_risk_tier (-0.73); interest_rate (-0.68),APPROVE,0.92
LN001909,15,0.6964,0.661,0.1337,0.4677,Current,none,0.3597,current_status_Current (+1.02); ltv_risk_tier (-0.95),APPROVE,0.866
LN001918,13,0.1198,0.1788,0.0809,0.5026,Prepaid,none,0.2932,ltv_risk_tier (-0.43); remaining_term_months (-0.32),APPROVE,0.919
LN001918,14,0.1083,0.1688,0.0809,0.5027,Prepaid,none,0.3035,ltv_risk_tier (-0.43); remaining_term_months (-0.32),APPROVE,0.919
LN001918,15,0.1093,0.1535,0.0789,0.5016,Prepaid,stale_record,0.3601,ltv_risk_tier (-0.43); seasoning_pct (-0.36),APPROVE,0.921
LN001918,16,0.1048,0.1596,0.0785,0.5021,Prepaid,source_conflict,0.5102,ltv_risk_tier (-0.43); seasoning_pct (-0.36),ESCALATE,0.921
LN001918,17,0.3913,0.4176,0.161,0.5214,Current,none,0.5165,current_status_Current (+1.17); ltv_risk_tier (-0.51),ESCALATE,0.839
LN001926,7,0.2295,0.2967,0.1132,0.5062,Prepaid,none,0.0959,original_balance (+0.40); state_OR (-0.29),APPROVE,0.887
LN001926,8,0.2214,0.2982,0.1247,0.5026,Prepaid,none,0.1005,original_balance (+0.48); state_OR (-0.29),APPROVE,0.875
LN001926,9,0.191,0.283,0.1347,0.5017,Prepaid,none,0.1127,original_balance (+0.51); current_balance (+0.28),APPROVE,0.865
LN001926,10,0.1766,0.2776,0.1313,0.4994,Current,none,0.1194,original_balance (+0.53); current_balance (+0.33),APPROVE,0.869
LN001926,11,0.1778,0.2831,0.1349,0.499,Current,none,0.1272,original_balance (+0.53); current_balance (+0.33),APPROVE,0.865
LN001926,12,0.1825,0.2863,0.1352,0.4965,Prepaid,none,0.1294,original_balance (+0.53); current_balance (+0.33),APPROVE,0.865
LN001926,13,0.1703,0.2828,0.1349,0.4969,Prepaid,source_conflict,0.2792,original_balance (+0.55); current_balance (+0.33),APPROVE,0.865
LN001926,14,0.1687,0.2639,0.1331,0.4969,Prepaid,none,0.1533,original_balance (+0.55); current_balance (+0.33),APPROVE,0.867
LN001926,15,0.1632,0.2589,0.1237,0.4968,Prepaid,none,0.1752,original_balance (+0.55); current_balance (+0.27),APPROVE,0.876
LN001926,16,0.153,0.2698,0.1212,0.4961,Prepaid,stale_record,0.2377,original_balance (+0.55); current_balance (+0.27),APPROVE,0.879
LN001926,17,0.1498,0.2707,0.1209,0.4916,Prepaid,source_conflict,0.3497,original_balance (+0.55); current_balance (+0.27),APPROVE,0.879
LN001926,18,0.1401,0.288,0.0981,0.4925,Current,none,0.2505,original_balance (+0.46); property_type_Multi_Family (-0.32),APPROVE,0.902
LN001926,19,0.1905,0.2473,0.1137,0.4926,Prepaid,none,0.3623,original_balance (+0.55); current_balance (+0.26),APPROVE,0.886
LN001926,20,0.441,0.5245,0.1442,0.4674,Current,none,0.4621,current_status_Current (+0.91); month_index (-0.42),ESCALATE,0.856
LN001933,20,0.7318,0.6893,0.1638,0.4593,60DPD,none,0.3087,current_status_Current (+1.45); interest_rate (-0.48),WATCH_LIST,0.836
LN001933,21,0.4611,0.4405,0.1087,0.4977,60DPD,none,0.2794,current_status_Current (+1.14); month_index (-0.46),APPROVE,0.891
LN001933,22,0.0784,0.1587,0.0703,0.5198,Prepaid,none,0.249,month_index (-0.52); interest_rate (-0.46),APPROVE,0.93
LN001933,23,0.0784,0.166,0.0708,0.5222,Prepaid,none,0.274,month_index (-0.52); interest_rate (-0.45),APPROVE,0.929
LN001936,23,0.6791,0.697,0.2385,0.4395,60DPD,none,0.4374,current_status_Current (+1.20); month_index (-0.51),ESCALATE,0.761
LN001936,24,0.6907,0.7119,0.3552,0.4313,Default,none,0.5408,current_status_Current (+1.32); month_index (-0.53),ESCALATE,0.645
LN001936,25,0.6812,0.7043,0.3247,0.4418,Current,none,0.5325,current_status_Current (+1.28); month_index (-0.51),ESCALATE,0.675
LN001937,8,0.0795,0.1455,0.0704,0.5309,Prepaid,stale_record,0.0763,interest_rate (-0.69); combined_risk_index (-0.48),APPROVE,0.93
LN001937,9,0.0797,0.147,0.0701,0.5319,Current,none,0.0326,interest_rate (-0.69); combined_risk_index (-0.48),APPROVE,0.93
LN001937,10,0.0795,0.152,0.0699,0.5316,Current,stale_record,0.0878,interest_rate (-0.70); combined_risk_index (-0.49),APPROVE,0.93
LN001937,11,0.0868,0.1576,0.0695,0.5326,Current,none,0.06,interest_rate (-0.69); combined_risk_index (-0.49),APPROVE,0.93
LN001937,12,0.0891,0.1583,0.0695,0.5324,Current,none,0.0635,interest_rate (-0.66); combined_risk_index (-0.49),APPROVE,0.93
LN001937,13,0.0878,0.1609,0.0694,0.533,Current,stale_record,0.142,interest_rate (-0.65); combined_risk_index (-0.49),APPROVE,0.931
LN001937,14,0.0843,0.1527,0.0682,0.533,Current,none,0.0802,interest_rate (-0.65); combined_risk_index (-0.48),APPROVE,0.932
LN001937,15,0.0836,0.1532,0.0674,0.5323,Current,none,0.092,interest_rate (-0.65); combined_risk_index (-0.48),APPROVE,0.933
LN001937,16,0.0817,0.1471,0.0664,0.533,Current,source_conflict,0.24,interest_rate (-0.65); combined_risk_index (-0.49),APPROVE,0.934
LN001937,17,0.0825,0.1437,0.0655,0.5307,Current,none,0.1191,interest_rate (-0.65); combined_risk_index (-0.47),APPROVE,0.935
LN001937,18,0.3331,0.3448,0.0928,0.5044,Current,none,0.3708,current_status_Current (+1.20); interest_rate (-0.82),APPROVE,0.907
LN001941,8,0.2362,0.3228,0.1285,0.4933,Prepaid,stale_record,0.0669,state_SC (-0.30); combined_risk_index (+0.26),APPROVE,0.872
LN001941,9,0.2383,0.3218,0.1269,0.4942,Prepaid,none,0.0239,state_SC (-0.30); combined_risk_index (+0.26),APPROVE,0.873
LN001941,10,0.2416,0.323,0.1262,0.4948,Prepaid,none,0.0361,state_SC (-0.30); combined_risk_index (+0.26),APPROVE,0.874
LN001941,11,0.237,0.327,0.1246,0.4959,Current,none,0.0498,state_SC (-0.30); combined_risk_index (+0.26),APPROVE,0.875
LN001941,12,0.6576,0.6375,0.1937,0.4668,60DPD,none,0.1081,current_status_Current (+0.84); days_past_due (-0.29),WATCH_LIST,0.806
LN001941,13,0.2283,0.3244,0.1222,0.4951,Prepaid,none,0.063,state_SC (-0.30); combined_risk_index (+0.26),APPROVE,0.878
LN001941,14,0.2266,0.3217,0.1148,0.4949,Prepaid,none,0.0715,state_SC (-0.30); combined_risk_index (+0.25),APPROVE,0.885
LN001941,15,0.2178,0.296,0.1119,0.4945,Prepaid,stale_record,0.1333,state_SC (-0.29); combined_risk_index (+0.25),APPROVE,0.888
LN001941,16,0.2056,0.2739,0.1094,0.4948,Prepaid,none,0.1048,state_SC (-0.29); combined_risk_index (+0.25),APPROVE,0.891
LN001941,17,0.1717,0.2456,0.1047,0.4918,Current,none,0.1171,state_SC (-0.26); combined_risk_index (+0.25),APPROVE,0.895
LN001941,18,0.1538,0.2322,0.1024,0.4912,Current,none,0.1337,state_SC (-0.26); combined_risk_index (+0.25),APPROVE,0.898
LN001941,19,0.0779,0.1508,0.0825,0.5146,Prepaid,none,0.1512,interest_rate (+0.41); property_type_Multi_Family (-0.28),APPROVE,0.918
LN001941,20,0.1211,0.2058,0.084,0.4892,Prepaid,stale_record,0.226,month_index (-0.46); seasoning_pct (-0.29),APPROVE,0.916
LN001941,21,0.1211,0.2124,0.084,0.489,Current,none,0.2059,month_index (-0.46); seasoning_pct (-0.29),APPROVE,0.916
LN001941,22,0.1162,0.2202,0.084,0.489,Current,none,0.229,month_index (-0.46); seasoning_pct (-0.30),APPROVE,0.916
LN001941,23,0.1175,0.2281,0.0833,0.488,Current,none,0.2539,month_index (-0.46); seasoning_pct (-0.30),APPROVE,0.917
LN001941,24,0.5544,0.5708,0.1157,0.4646,Current,none,0.4558,current_status_Current (+0.85); month_index (-0.44),ESCALATE,0.884
LN001945,6,0.129,0.2213,0.0849,0.5235,Prepaid,none,0.0553,loan_purpose_Refinance_NoCashout (-0.40); state_LA (-0.37),APPROVE,0.915
LN001945,7,0.2086,0.3495,0.1084,0.5094,Current,none,0.0722,loan_purpose_Refinance_NoCashout (-0.43); state_LA (-0.37),APPROVE,0.892
LN001945,8,0.1965,0.3758,0.1012,0.5128,Prepaid,none,0.2185,state_LA (-0.39); loan_purpose_Refinance_NoCashout (-0.34),APPROVE,0.899
LN001945,9,0.1958,0.3772,0.1048,0.5118,Current,stale_record,0.2812,state_LA (-0.39); loan_purpose_Refinance_NoCashout (-0.34),APPROVE,0.895
LN001945,10,0.1302,0.2196,0.0856,0.5283,Prepaid,none,0.0748,loan_purpose_Refinance_NoCashout (-0.41); state_LA (-0.32),APPROVE,0.914
LN001945,11,0.1404,0.2212,0.086,0.5284,Prepaid,none,0.0878,loan_purpose_Refinance_NoCashout (-0.41); state_LA (-0.32),APPROVE,0.914
LN001945,12,0.1414,0.2292,0.0858,0.5317,Prepaid,none,0.0958,loan_purpose_Refinance_NoCashout (-0.42); state_LA (-0.32),APPROVE,0.914
LN001945,13,0.1889,0.343,0.1004,0.5122,Current,none,0.1151,loan_purpose_Refinance_NoCashout (-0.43); state_LA (-0.36),APPROVE,0.9
LN001945,14,0.13,0.2376,0.0833,0.5325,Prepaid,none,0.1159,loan_purpose_Refinance_NoCashout (-0.42); state_LA (-0.32),APPROVE,0.917
LN001945,15,0.1298,0.2239,0.0832,0.5322,Prepaid,none,0.1341,loan_purpose_Refinance_NoCashout (-0.41); state_LA (-0.32),APPROVE,0.917
LN001945,16,0.1406,0.2055,0.0816,0.5306,Prepaid,none,0.1522,loan_purpose_Refinance_NoCashout (-0.41); state_LA (-0.32),APPROVE,0.918
LN001945,17,0.1293,0.1943,0.0774,0.5275,Prepaid,none,0.1681,loan_purpose_Refinance_NoCashout (-0.41); state_LA (-0.32),APPROVE,0.923
LN001945,18,0.1196,0.1874,0.0768,0.5275,Prepaid,none,0.1825,loan_purpose_Refinance_NoCashout (-0.41); state_LA (-0.32),APPROVE,0.923
LN001945,19,0.1005,0.177,0.0713,0.5275,Prepaid,none,0.2011,loan_purpose_Refinance_NoCashout (-0.42); state_LA (-0.32),APPROVE,0.929
LN001945,20,0.0947,0.1729,0.068,0.527,Prepaid,none,0.2285,month_index (-0.50); loan_purpose_Refinance_NoCashout (-0.42),APPROVE,0.932
LN001945,21,0.5495,0.5369,0.1251,0.4837,60DPD,none,0.2895,current_status_Current (+1.12); month_index (-0.45),APPROVE,0.875
LN001948,6,0.1364,0.2425,0.1117,0.5397,Prepaid,none,0.0044,state_FL (-0.32); current_status_Current (-0.29),APPROVE,0.888
LN001948,7,0.1391,0.2394,0.11,0.5402,Prepaid,none,0.0033,state_FL (-0.32); current_status_Current (-0.29),APPROVE,0.89
LN001948,8,0.1461,0.2382,0.1095,0.5398,Prepaid,none,0.0056,state_FL (-0.32); current_status_Current (-0.30),APPROVE,0.89
LN001948,9,0.1436,0.2391,0.1108,0.5399,Prepaid,none,0.0076,state_FL (-0.32); current_status_Current (-0.30),APPROVE,0.889
LN001948,10,0.1452,0.2397,0.1108,0.5396,Prepaid,none,0.0155,state_FL (-0.32); current_status_Current (-0.30),APPROVE,0.889
LN001948,11,0.1447,0.2568,0.1094,0.5401,Prepaid,none,0.031,state_FL (-0.32); current_status_Current (-0.29),APPROVE,0.891
LN001948,12,0.5546,0.5908,0.2322,0.4996,Current,none,0.2862,current_status_Current (+1.25); state_FL (-0.32),WATCH_LIST,0.768
LN001950,9,0.6261,0.6076,0.2913,0.4923,Current,none,0.2765,current_status_Current (+1.08); ltv_risk_tier (+0.19),WATCH_LIST,0.709
LN001959,7,0.2881,0.443,0.2316,0.5276,Prepaid,none,0.2151,ltv_risk_tier (+0.31); interest_rate (-0.27),WATCH_LIST,0.768
LN001959,8,0.2704,0.4149,0.2242,0.5057,Current,none,0.0712,interest_rate (-0.86); ltv_risk_tier (+0.34),WATCH_LIST,0.776
LN001959,9,0.288,0.39,0.2783,0.5284,30DPD,none,0.0774,interest_rate (-0.67); ltv_risk_tier (+0.47),WATCH_LIST,0.722
LN001959,10,0.2972,0.3719,0.277,0.5286,Prepaid,none,0.087,interest_rate (-0.66); ltv_risk_tier (+0.47),WATCH_LIST,0.723
LN001959,11,0.3272,0.4619,0.2894,0.5204,Prepaid,none,0.1136,interest_rate (-0.58); ltv_risk_tier (+0.43),WATCH_LIST,0.711
LN001959,12,0.258,0.355,0.2746,0.5247,Prepaid,none,0.1069,interest_rate (-0.64); ltv_risk_tier (+0.47),WATCH_LIST,0.725
LN001959,13,0.239,0.3549,0.272,0.5254,Prepaid,none,0.1112,interest_rate (-0.64); ltv_risk_tier (+0.47),WATCH_LIST,0.728
LN001959,14,0.2346,0.3454,0.2579,0.526,Prepaid,none,0.1209,interest_rate (-0.64); ltv_risk_tier (+0.46),WATCH_LIST,0.742
LN001959,15,0.2192,0.3206,0.2598,0.5258,Prepaid,none,0.1367,interest_rate (-0.60); ltv_risk_tier (+0.46),WATCH_LIST,0.74
LN001959,16,0.2083,0.2986,0.2499,0.5234,Prepaid,none,0.1559,interest_rate (-0.60); ltv_risk_tier (+0.46),WATCH_LIST,0.75
LN001959,17,0.5233,0.5444,0.3015,0.5056,Current,none,0.4138,current_status_Current (+1.00); interest_rate (-0.64),ESCALATE,0.698
LN001960,19,0.0858,0.1307,0.0728,0.501,Current,none,0.1366,monthly_interest_accrual (-0.64); interest_rate (-0.45),APPROVE,0.927
LN001960,20,0.0847,0.1269,0.0694,0.501,Current,none,0.1616,monthly_interest_accrual (-0.64); month_index (-0.48),APPROVE,0.931
LN001960,21,0.0845,0.1294,0.0694,0.5009,Current,none,0.188,monthly_interest_accrual (-0.64); month_index (-0.48),APPROVE,0.931
LN001960,22,0.078,0.131,0.0694,0.5009,Current,none,0.215,monthly_interest_accrual (-0.64); month_index (-0.48),APPROVE,0.931
LN001960,23,0.0783,0.132,0.0694,0.5037,Current,none,0.2444,monthly_interest_accrual (-0.64); month_index (-0.48),APPROVE,0.931
LN001960,24,0.0764,0.132,0.0694,0.5025,Current,none,0.2544,monthly_interest_accrual (-0.64); month_index (-0.48),APPROVE,0.931
LN001960,25,0.0764,0.1328,0.0694,0.4991,Current,none,0.2631,monthly_interest_accrual (-0.64); month_index (-0.48),APPROVE,0.931
LN001960,26,0.0741,0.1279,0.0684,0.5008,Current,stale_record,0.3202,monthly_interest_accrual (-0.65); month_index (-0.48),APPROVE,0.932
LN001963,7,0.0761,0.1452,0.0812,0.5229,Current,none,0.0722,interest_rate (-0.64); monthly_interest_accrual (-0.46),APPROVE,0.919
LN001963,8,0.0773,0.1429,0.0808,0.5227,Current,stale_record,0.1227,interest_rate (-0.64); monthly_interest_accrual (-0.45),APPROVE,0.919
LN001963,9,0.077,0.1482,0.0807,0.5238,Prepaid,none,0.0925,interest_rate (-0.64); state_AZ (-0.46),APPROVE,0.919
LN001963,10,0.0723,0.1452,0.0788,0.5243,Current,stale_record,0.143,interest_rate (-0.63); state_AZ (-0.46),APPROVE,0.921
LN001963,11,0.0876,0.1589,0.0788,0.5254,Current,none,0.1088,interest_rate (-0.63); state_AZ (-0.46),APPROVE,0.921
LN001963,12,0.0903,0.1609,0.0792,0.526,Prepaid,none,0.1098,interest_rate (-0.61); state_AZ (-0.46),APPROVE,0.921
LN001963,13,0.0878,0.1561,0.0781,0.5296,Prepaid,none,0.1182,interest_rate (-0.61); state_AZ (-0.46),APPROVE,0.922
LN001963,14,0.0882,0.1687,0.0836,0.5413,Current,none,0.1646,interest_rate (-0.49); state_AZ (-0.47),APPROVE,0.916
LN001963,15,0.088,0.1499,0.0757,0.5348,Prepaid,none,0.1459,interest_rate (-0.60); state_AZ (-0.46),APPROVE,0.924
LN001963,16,0.0885,0.1734,0.0753,0.5358,Prepaid,none,0.1632,interest_rate (-0.60); state_AZ (-0.46),APPROVE,0.925
LN001963,17,0.0858,0.177,0.0744,0.5351,Prepaid,none,0.1844,interest_rate (-0.59); state_AZ (-0.45),APPROVE,0.926
LN001963,18,0.0914,0.1797,0.0743,0.5345,Current,stale_record,0.2414,interest_rate (-0.59); state_AZ (-0.45),APPROVE,0.926
LN001963,19,0.1123,0.1716,0.0715,0.5082,Current,none,0.2201,interest_rate (-0.59); state_AZ (-0.43),APPROVE,0.929
LN001963,20,0.1189,0.1666,0.0699,0.5082,Current,none,0.2379,interest_rate (-0.58); month_index (-0.44),APPROVE,0.93
LN001963,21,0.1197,0.1676,0.0699,0.5082,Current,none,0.2653,interest_rate (-0.58); month_index (-0.44),APPROVE,0.93
LN001963,22,0.1113,0.1722,0.0699,0.5082,Current,stale_record,0.3224,interest_rate (-0.58); month_index (-0.44),APPROVE,0.93
LN001963,23,0.1142,0.1722,0.069,0.5082,Current,none,0.2983,interest_rate (-0.58); month_index (-0.44),APPROVE,0.931
LN001974,9,0.1881,0.306,0.1643,0.4761,Prepaid,none,0.0262,interest_rate (+0.37); current_status_Current (-0.24),WATCH_LIST,0.836
LN001974,10,0.19,0.3056,0.1671,0.4767,Prepaid,none,0.0349,interest_rate (+0.37); current_status_Current (-0.24),WATCH_LIST,0.833
LN001974,11,0.1832,0.3176,0.171,0.4763,Prepaid,none,0.0487,interest_rate (+0.38); current_status_Current (-0.24),WATCH_LIST,0.829
LN001974,12,0.1787,0.3112,0.1711,0.4779,Prepaid,none,0.0542,interest_rate (+0.38); current_status_Current (-0.24),WATCH_LIST,0.829
LN001974,13,0.1707,0.3184,0.1702,0.4789,Prepaid,none,0.0611,interest_rate (+0.39); current_status_Current (-0.24),WATCH_LIST,0.83
LN001974,14,0.1714,0.3198,0.1607,0.4789,Current,source_conflict,0.205,interest_rate (+0.39); current_status_Current (-0.24),WATCH_LIST,0.839
LN001974,15,0.1696,0.2921,0.1538,0.4784,Current,source_conflict,0.222,interest_rate (+0.40); current_status_Current (-0.23),WATCH_LIST,0.846
LN001974,16,0.1573,0.2669,0.1456,0.4773,Prepaid,none,0.1037,interest_rate (+0.41); current_status_Current (-0.24),APPROVE,0.854
LN001974,17,0.1373,0.2373,0.1386,0.4733,Current,none,0.1171,interest_rate (+0.40); current_status_Current (-0.25),APPROVE,0.861
LN001974,18,0.1453,0.2311,0.1344,0.4716,Current,none,0.1344,interest_rate (+0.40); current_status_Current (-0.25),APPROVE,0.866
LN001974,19,0.112,0.2159,0.1136,0.4716,Prepaid,none,0.1519,interest_rate (+0.40); current_status_Current (-0.26),APPROVE,0.886
LN001974,20,0.0819,0.1696,0.0929,0.4603,Prepaid,none,0.1807,interest_rate (+0.52); month_index (-0.46),APPROVE,0.907
LN001974,21,0.1132,0.2118,0.1027,0.4713,Prepaid,none,0.2056,month_index (-0.47); interest_rate (+0.43),APPROVE,0.897
LN001974,22,0.1106,0.2159,0.1027,0.4713,Prepaid,none,0.2286,month_index (-0.47); interest_rate (+0.43),APPROVE,0.897
LN001974,23,0.1106,0.2147,0.1017,0.4705,Prepaid,stale_record,0.2994,month_index (-0.47); interest_rate (+0.41),APPROVE,0.898
LN001976,15,0.1223,0.1938,0.0662,0.5001,Prepaid,none,0.1422,combined_risk_index (-0.51); seasoning_pct (-0.31),APPROVE,0.934
LN001976,16,0.1223,0.2213,0.0659,0.4986,Current,none,0.1615,combined_risk_index (-0.51); seasoning_pct (-0.31),APPROVE,0.934
LN001976,17,0.1248,0.2187,0.0655,0.4961,Current,none,0.1862,combined_risk_index (-0.51); seasoning_pct (-0.31),APPROVE,0.934
LN001976,18,0.1203,0.2128,0.0655,0.4952,Current,none,0.2003,combined_risk_index (-0.51); seasoning_pct (-0.31),APPROVE,0.934
LN001976,19,0.1123,0.1948,0.0639,0.4952,Prepaid,stale_record,0.2691,combined_risk_index (-0.51); seasoning_pct (-0.31),APPROVE,0.936
LN001976,20,0.1092,0.1944,0.0629,0.4952,Prepaid,none,0.2413,combined_risk_index (-0.51); month_index (-0.48),APPROVE,0.937
LN001976,21,0.1044,0.1934,0.0629,0.4952,Prepaid,none,0.2713,combined_risk_index (-0.51); month_index (-0.48),APPROVE,0.937
LN001976,22,0.1044,0.1981,0.0629,0.4953,Prepaid,none,0.2833,combined_risk_index (-0.51); month_index (-0.48),APPROVE,0.937
LN001980,6,0.0988,0.1845,0.1284,0.5537,Current,none,0.0609,interest_rate (+0.26); current_status_Current (-0.25),APPROVE,0.872
LN001980,7,0.0988,0.1842,0.1283,0.5547,Current,none,0.0589,interest_rate (+0.26); current_status_Current (-0.25),APPROVE,0.872
LN001980,8,0.0983,0.1816,0.1256,0.5584,Current,none,0.0587,interest_rate (+0.26); current_status_Current (-0.25),APPROVE,0.874
LN001980,9,0.5365,0.5165,0.2446,0.5296,Current,none,0.3357,current_status_Current (+1.10); state_NJ (+0.36),WATCH_LIST,0.755
LN001983,25,0.2377,0.385,0.0677,0.4965,Current,none,0.3139,month_index (-0.50); seasoning_pct (-0.39),APPROVE,0.932
LN001983,26,0.2368,0.3816,0.0677,0.4947,Current,none,0.3166,month_index (-0.50); seasoning_pct (-0.39),APPROVE,0.932
LN001983,27,0.2203,0.4019,0.0626,0.4838,Current,none,0.3185,ltv_risk_tier (-0.50); combined_risk_index (-0.49),APPROVE,0.937
LN001983,28,0.2182,0.4019,0.0626,0.4838,Current,none,0.3185,ltv_risk_tier (-0.50); combined_risk_index (-0.49),APPROVE,0.937
LN001983,29,0.2167,0.4019,0.0626,0.4838,Current,source_conflict,0.4535,ltv_risk_tier (-0.50); combined_risk_index (-0.49),ESCALATE,0.937
LN001983,30,0.1731,0.3913,0.0625,0.4958,Prepaid,none,0.4204,ltv_risk_tier (-0.47); combined_risk_index (-0.42),ESCALATE,0.937
LN001988,9,0.0982,0.1732,0.1475,0.527,Current,none,0.1528,state_MA (-0.45); combined_risk_index (+0.29),APPROVE,0.853
LN001988,10,0.0986,0.1776,0.1323,0.5229,Current,none,0.1664,state_MA (-0.45); combined_risk_index (+0.29),APPROVE,0.868
LN001988,11,0.1089,0.2464,0.1467,0.5214,Current,data_entry_error,0.4075,combined_risk_index (+0.36); ltv_risk_tier (+0.29),ESCALATE,0.853
LN001988,12,0.1119,0.178,0.1318,0.5324,Current,none,0.1947,state_MA (-0.45); combined_risk_index (+0.29),APPROVE,0.868
LN001988,13,0.1158,0.1695,0.1294,0.5334,Prepaid,none,0.2029,state_MA (-0.45); combined_risk_index (+0.29),APPROVE,0.871
LN001988,14,0.1289,0.1954,0.1287,0.5327,Prepaid,stale_record,0.4191,state_MA (-0.45); combined_risk_index (+0.29),ESCALATE,0.871
LN001988,15,0.1038,0.1828,0.13,0.535,Prepaid,none,0.2259,state_MA (-0.45); combined_risk_index (+0.30),APPROVE,0.87
LN001988,16,0.0989,0.1765,0.1286,0.5374,Prepaid,none,0.2375,state_MA (-0.45); combined_risk_index (+0.31),APPROVE,0.871
LN001988,17,0.0894,0.1695,0.1206,0.5391,Prepaid,stale_record,0.2961,state_MA (-0.45); combined_risk_index (+0.31),APPROVE,0.879
LN001988,18,0.0796,0.1672,0.1179,0.5389,Prepaid,none,0.2652,state_MA (-0.45); combined_risk_index (+0.31),APPROVE,0.882
LN001988,19,0.0741,0.159,0.1061,0.5389,Prepaid,none,0.2793,state_MA (-0.43); combined_risk_index (+0.32),APPROVE,0.894
LN001988,20,0.0748,0.1621,0.095,0.5386,Prepaid,none,0.2993,month_index (-0.44); state_MA (-0.43),APPROVE,0.905
LN001988,21,0.0752,0.1802,0.095,0.5383,Prepaid,none,0.3129,month_index (-0.44); state_MA (-0.43),APPROVE,0.905
LN001988,22,0.075,0.1914,0.0958,0.5383,Prepaid,none,0.3252,state_MA (-0.43); month_index (-0.42),APPROVE,0.904
LN001988,23,0.1159,0.2478,0.0994,0.5225,Current,data_entry_error,0.7363,month_index (-0.47); combined_risk_index (+0.38),IMMEDIATE_REVIEW,0.901
LN001988,24,0.0745,0.2002,0.0958,0.5424,Prepaid,none,0.3547,month_index (-0.42); state_MA (-0.42),APPROVE,0.904
LN001988,25,0.0745,0.2002,0.0958,0.5424,Prepaid,none,0.3631,month_index (-0.42); state_MA (-0.42),APPROVE,0.904
LN001988,26,0.0733,0.2,0.0951,0.5424,Prepaid,stale_record,0.4123,month_index (-0.42); state_MA (-0.42),ESCALATE,0.905
LN001988,27,0.3248,0.4808,0.1303,0.4978,Current,none,0.5378,current_status_Current (+0.95); month_index (-0.44),ESCALATE,0.87
LN001989,12,0.4659,0.4571,0.1046,0.5739,Current,none,0.3996,state_OH (-1.20); current_status_Current (+1.00),APPROVE,0.895
LN001993,13,0.5462,0.5593,0.126,0.4849,30DPD,none,0.1306,original_balance (-1.34); current_status_Current (+1.01),APPROVE,0.874
LN001993,14,0.5434,0.5677,0.1195,0.4845,30DPD,none,0.1425,original_balance (-1.34); current_status_Current (+1.02),APPROVE,0.881
LN001993,15,0.5299,0.5552,0.1169,0.4842,60DPD,none,0.1608,original_balance (-1.34); current_status_Current (+1.02),APPROVE,0.883
LN001993,16,0.7099,0.712,0.2216,0.456,90DPD,none,0.2682,current_status_Current (+1.40); original_balance (-1.22),WATCH_LIST,0.778
LN001993,17,0.7003,0.7047,0.1983,0.4555,90DPD,none,0.2773,current_status_Current (+1.41); original_balance (-1.22),WATCH_LIST,0.802
LN001993,18,0.7056,0.7066,0.2003,0.4551,90DPD,none,0.2875,current_status_Current (+1.41); original_balance (-1.22),WATCH_LIST,0.8
LN001993,19,0.7066,0.6997,0.1708,0.464,Current,none,0.431,current_status_Current (+1.42); original_balance (-1.33),ESCALATE,0.829
LN001995,11,0.6419,0.6217,0.3392,0.4957,Current,none,0.3016,current_status_Current (+1.08); days_past_due (-0.25),WATCH_LIST,0.661
LN002005,6,0.643,0.6373,0.2906,0.4887,Current,none,0.3995,current_status_Current (+1.13); state_AZ (-0.34),WATCH_LIST,0.709
LN002013,17,0.4618,0.4419,0.1997,0.4639,Current,stale_record,0.4018,current_status_Current (+1.21); original_balance (-0.27),ESCALATE,0.8
LN002016,7,0.1978,0.284,0.1943,0.5324,Current,none,0.0019,combined_risk_index (+0.34); current_status_Current (-0.26),WATCH_LIST,0.806
LN002016,8,0.1935,0.2861,0.1944,0.5342,Prepaid,none,0.0042,combined_risk_index (+0.35); current_status_Current (-0.26),WATCH_LIST,0.806
LN002016,9,0.5811,0.5885,0.3262,0.4677,Current,none,0.2614,current_status_Current (+1.14); combined_risk_index (+0.23),WATCH_LIST,0.674
LN002017,17,0.1131,0.1687,0.1153,0.486,Current,none,0.0979,current_status_Current (-0.29); combined_risk_index (+0.28),APPROVE,0.885
LN002017,18,0.1024,0.1639,0.1155,0.4855,Current,none,0.1139,current_status_Current (-0.29); combined_risk_index (+0.28),APPROVE,0.885
LN002017,19,0.0839,0.1529,0.1055,0.4855,Current,none,0.1339,combined_risk_index (+0.29); current_status_Current (-0.29),APPROVE,0.895
LN002017,20,0.0803,0.1551,0.0957,0.4855,Current,none,0.1599,month_index (-0.47); combined_risk_index (+0.30),APPROVE,0.904
LN002017,21,0.0803,0.1589,0.0957,0.4851,Current,none,0.1867,month_index (-0.47); combined_risk_index (+0.30),APPROVE,0.904
LN002017,22,0.0767,0.1618,0.0957,0.4851,Current,none,0.2069,month_index (-0.47); combined_risk_index (+0.30),APPROVE,0.904
LN002017,23,0.0767,0.1645,0.0964,0.4872,Current,none,0.2357,month_index (-0.47); combined_risk_index (+0.30),APPROVE,0.904
LN002017,24,0.0753,0.1645,0.0962,0.4861,Current,none,0.246,month_index (-0.47); combined_risk_index (+0.30),APPROVE,0.904
LN002017,25,0.585,0.5652,0.1784,0.467,60DPD,none,0.283,current_status_Current (+1.16); month_index (-0.46),WATCH_LIST,0.822
LN002017,26,0.5194,0.5392,0.1754,0.466,Current,none,0.451,current_status_Current (+1.16); month_index (-0.46),ESCALATE,0.825
LN002021,11,0.1073,0.2155,0.0731,0.4742,Current,none,0.1035,combined_risk_index (-0.48); current_status_Current (-0.31),APPROVE,0.927
LN002021,12,0.1247,0.2311,0.0765,0.4696,Current,none,0.108,ltv_risk_tier (-0.30); current_status_Current (-0.29),APPROVE,0.924
LN002021,13,0.0992,0.2114,0.0731,0.4662,Current,none,0.1194,combined_risk_index (-0.48); current_status_Current (-0.30),APPROVE,0.927
LN002021,14,0.095,0.1883,0.0721,0.4662,Prepaid,none,0.1326,combined_risk_index (-0.48); current_status_Current (-0.30),APPROVE,0.928
LN002021,15,0.0944,0.1737,0.0707,0.4648,Current,none,0.1529,combined_risk_index (-0.48); seasoning_pct (-0.36),APPROVE,0.929
LN002021,16,0.0884,0.1625,0.0704,0.463,Current,none,0.1736,combined_risk_index (-0.48); seasoning_pct (-0.36),APPROVE,0.93
LN002021,17,0.0935,0.192,0.0755,0.4622,Prepaid,none,0.1951,seasoning_pct (-0.41); current_status_Current (-0.32),APPROVE,0.924
LN002021,18,0.4576,0.4488,0.1291,0.4408,Current,none,0.4233,current_status_Current (+1.29); ltv_risk_tier (-0.40),ESCALATE,0.871
LN002023,25,0.21,0.3723,0.078,0.4746,Prepaid,none,0.2561,original_balance (-0.56); month_index (-0.49),APPROVE,0.922
LN002023,26,0.1893,0.3591,0.0798,0.4746,Current,none,0.2674,original_balance (-0.56); month_index (-0.49),APPROVE,0.92
LN002023,27,0.1925,0.3697,0.0877,0.4701,Current,stale_record,0.3544,original_balance (-0.51); state_AZ (-0.45),APPROVE,0.912
LN002023,28,0.1806,0.3494,0.0798,0.4746,Prepaid,none,0.2743,original_balance (-0.56); month_index (-0.49),APPROVE,0.92
LN002023,29,0.1806,0.3494,0.0817,0.474,Prepaid,none,0.2743,original_balance (-0.56); month_index (-0.49),APPROVE,0.918
LN002025,12,0.2458,0.4068,0.0948,0.5155,Prepaid,none,0.0791,interest_rate (-0.40); state_MO (-0.39),APPROVE,0.905
LN002025,13,0.217,0.3866,0.0885,0.5211,Prepaid,stale_record,0.159,interest_rate (-0.40); state_MO (-0.39),APPROVE,0.912
LN002025,14,0.2221,0.3728,0.0864,0.5207,Prepaid,none,0.1005,interest_rate (-0.40); state_MO (-0.39),APPROVE,0.914
LN002025,15,0.2194,0.3495,0.0801,0.5205,Current,none,0.2745,state_MO (-0.49); interest_rate (-0.36),APPROVE,0.92
LN002025,16,0.2005,0.3345,0.0837,0.5198,Prepaid,stale_record,0.202,interest_rate (-0.40); state_MO (-0.39),APPROVE,0.916
LN002025,17,0.6085,0.6413,0.1361,0.4834,Current,none,0.3801,current_status_Current (+1.13); interest_rate (-0.40),APPROVE,0.864
LN002030,26,0.149,0.3698,0.0758,0.4792,Current,none,0.3465,month_index (-0.44); seasoning_pct (-0.36),APPROVE,0.924
LN002030,27,0.149,0.3698,0.0758,0.4792,Current,none,0.3485,month_index (-0.44); seasoning_pct (-0.36),APPROVE,0.924
LN002030,28,0.149,0.3806,0.0758,0.4781,Current,none,0.3485,month_index (-0.44); seasoning_pct (-0.36),APPROVE,0.924
LN002030,29,0.5591,0.6436,0.1319,0.4523,Current,none,0.5265,current_status_Current (+1.28); month_index (-0.41),ESCALATE,0.868
LN002035,9,0.1923,0.294,0.0807,0.5041,Prepaid,none,0.058,original_balance (-1.56); state_CT (-0.35),APPROVE,0.919
LN002035,10,0.5791,0.597,0.0995,0.4845,60DPD,none,0.1065,original_balance (-1.63); current_status_Current (+1.22),APPROVE,0.901
LN002035,11,0.5776,0.6058,0.0967,0.4978,60DPD,none,0.1194,original_balance (-1.59); current_status_Current (+1.10),APPROVE,0.903
LN002035,12,0.5881,0.614,0.0954,0.5102,60DPD,none,0.1265,original_balance (-1.53); current_status_Current (+1.12),APPROVE,0.905
LN002035,13,0.6032,0.6178,0.0942,0.5133,60DPD,none,0.1342,original_balance (-1.53); current_status_Current (+1.11),APPROVE,0.906
LN002035,14,0.6134,0.6167,0.0907,0.5121,60DPD,stale_record,0.1922,original_balance (-1.53); current_status_Current (+1.13),APPROVE,0.909
LN002035,15,0.6146,0.6114,0.0918,0.5118,60DPD,none,0.1638,original_balance (-1.53); current_status_Current (+1.13),APPROVE,0.908
LN002035,16,0.7326,0.7051,0.1539,0.4844,90DPD,none,0.2192,original_balance (-1.57); current_status_Current (+1.38),WATCH_LIST,0.846
LN002035,17,0.7198,0.6972,0.2694,0.4662,Default,none,0.2838,current_status_Current (+1.53); original_balance (-1.49),WATCH_LIST,0.731
LN002035,18,0.7381,0.7236,0.2281,0.4607,Default,none,0.2823,current_status_Current (+1.51); original_balance (-1.47),WATCH_LIST,0.772
LN002035,19,0.7313,0.7085,0.1769,0.4828,Current,none,0.4297,original_balance (-1.55); current_status_Current (+1.50),ESCALATE,0.823
LN002040,10,0.7544,0.7475,0.3082,0.433,Default,stale_record,0.2662,current_status_Current (+1.37); state_CT (-0.43),WATCH_LIST,0.692
LN002040,11,0.5675,0.6517,0.1475,0.4447,60DPD,none,0.1374,current_status_Current (+0.94); state_CT (-0.48),APPROVE,0.853
LN002040,12,0.6991,0.7139,0.1915,0.4436,60DPD,none,0.1909,current_status_Current (+1.25); state_CT (-0.43),WATCH_LIST,0.808
LN002040,13,0.731,0.7138,0.2759,0.4369,Default,none,0.2488,current_status_Current (+1.36); state_CT (-0.43),WATCH_LIST,0.724
LN002040,14,0.2577,0.4448,0.0804,0.4977,Current,none,0.1155,state_CT (-0.48); original_balance (-0.36),APPROVE,0.92
LN002040,15,0.2526,0.4515,0.0796,0.498,Current,none,0.129,state_CT (-0.48); original_balance (-0.36),APPROVE,0.92
LN002040,16,0.2418,0.4366,0.08,0.4987,Current,none,0.1488,state_CT (-0.48); original_balance (-0.34),APPROVE,0.92
LN002040,17,0.2253,0.438,0.0796,0.4987,Current,none,0.164,state_CT (-0.48); original_balance (-0.34),APPROVE,0.92
LN002040,18,0.2176,0.4257,0.0796,0.4981,Current,none,0.1787,state_CT (-0.48); original_balance (-0.32),APPROVE,0.92
LN002040,19,0.1824,0.346,0.0833,0.4988,Current,none,0.227,state_CT (-0.43); original_balance (-0.34),APPROVE,0.917
LN002040,20,0.2028,0.3734,0.0709,0.4978,Current,none,0.2214,state_CT (-0.46); month_index (-0.45),APPROVE,0.929
LN002040,21,0.2004,0.3703,0.0709,0.4978,Current,none,0.2489,state_CT (-0.46); month_index (-0.45),APPROVE,0.929
LN002040,22,0.2038,0.3873,0.0709,0.4978,Current,none,0.2641,state_CT (-0.46); month_index (-0.45),APPROVE,0.929
LN002040,23,0.5334,0.6148,0.0993,0.4594,Current,none,0.4682,current_status_Current (+0.90); state_CT (-0.47),ESCALATE,0.901
LN002041,6,0.1743,0.2586,0.1197,0.4794,Current,none,0.0217,interest_rate (+0.35); current_status_Current (-0.24),APPROVE,0.88
LN002041,7,0.1759,0.2605,0.1196,0.475,Current,stale_record,0.0653,interest_rate (+0.35); current_status_Current (-0.24),APPROVE,0.88
LN002041,8,0.6888,0.6494,0.2701,0.4469,30DPD,stale_record,0.123,current_status_Current (+1.04); days_past_due (-0.25),WATCH_LIST,0.73
LN002041,9,0.1693,0.2569,0.122,0.4639,Current,none,0.025,interest_rate (+0.37); current_status_Current (-0.25),APPROVE,0.878
LN002041,10,0.1679,0.2593,0.1225,0.4636,Current,none,0.0359,interest_rate (+0.37); current_status_Current (-0.25),APPROVE,0.878
LN002041,11,0.159,0.2539,0.122,0.4619,Current,none,0.0497,interest_rate (+0.38); current_status_Current (-0.25),APPROVE,0.878
LN002041,12,0.1506,0.2363,0.1196,0.464,Current,none,0.0551,interest_rate (+0.38); current_status_Current (-0.25),APPROVE,0.88
LN002041,13,0.6863,0.6408,0.247,0.4416,60DPD,none,0.1177,current_status_Current (+1.04); days_past_due (-0.25),WATCH_LIST,0.753
LN002041,14,0.6879,0.6463,0.2478,0.442,30DPD,none,0.1312,current_status_Current (+1.04); days_past_due (-0.26),WATCH_LIST,0.752
LN002041,15,0.7327,0.6995,0.3541,0.4313,Default,none,0.202,current_status_Current (+1.40); days_past_due (+0.30),ESCALATE,0.646
LN002041,16,0.7293,0.6933,0.3483,0.4296,Default,none,0.2122,current_status_Current (+1.41); days_past_due (+0.30),WATCH_LIST,0.652
LN002041,17,0.724,0.6949,0.3611,0.4229,Default,none,0.2656,current_status_Current (+1.49); days_past_due (+0.34),ESCALATE,0.639
LN002041,18,0.7203,0.696,0.3721,0.4262,Current,none,0.4224,current_status_Current (+1.47); days_past_due (+0.34),ESCALATE,0.628
LN002044,11,0.6001,0.5301,0.2529,0.4753,30DPD,stale_record,0.1683,current_status_Current (+1.44); days_past_due (-0.18),WATCH_LIST,0.747
LN002044,12,0.6847,0.6486,0.3669,0.4636,60DPD,stale_record,0.2215,current_status_Current (+1.66); days_past_due (+0.26),ESCALATE,0.633
LN002044,13,0.7155,0.6872,0.4271,0.457,Default,none,0.2334,current_status_Current (+1.77); days_past_due (+0.37),ESCALATE,0.573
LN002044,14,0.7083,0.683,0.3938,0.4694,Current,none,0.4007,current_status_Current (+1.76); days_past_due (+0.40),ESCALATE,0.606
LN002045,11,0.1896,0.2791,0.0992,0.5017,Current,none,0.0299,current_status_Current (-0.31); property_type_Multi_Family (-0.22),APPROVE,0.901
LN002045,12,0.1889,0.2782,0.098,0.4993,Current,none,0.0344,current_status_Current (-0.31); property_type_Multi_Family (-0.22),APPROVE,0.902
LN002045,13,0.1813,0.2712,0.0968,0.4993,30DPD,none,0.0399,current_status_Current (-0.31); property_type_Multi_Family (-0.22),APPROVE,0.903
LN002045,14,0.5814,0.6245,0.2075,0.4657,Current,data_entry_error,0.4449,current_status_Current (+1.21); combined_risk_index (-0.18),ESCALATE,0.792
LN002050,6,0.0972,0.2194,0.0739,0.526,Prepaid,stale_record,0.0498,combined_risk_index (-0.69); current_status_Current (-0.30),APPROVE,0.926
LN002050,7,0.0986,0.2181,0.0745,0.527,Current,none,0.0037,combined_risk_index (-0.69); current_status_Current (-0.30),APPROVE,0.926
LN002050,8,0.1024,0.2201,0.0738,0.5266,Current,stale_record,0.0509,combined_risk_index (-0.70); current_status_Current (-0.30),APPROVE,0.926
LN002050,9,0.5344,0.5033,0.1416,0.4946,30DPD,none,0.0558,current_status_Current (+1.25); combined_risk_index (-0.66),APPROVE,0.858
LN002050,10,0.107,0.2194,0.0755,0.5247,Current,stale_record,0.0609,combined_risk_index (-0.69); current_status_Current (-0.30),APPROVE,0.924
LN002050,11,0.1088,0.2047,0.0744,0.5279,Current,none,0.0314,combined_risk_index (-0.69); current_status_Current (-0.30),APPROVE,0.926
LN002050,12,0.1087,0.2103,0.074,0.5268,Current,none,0.0372,combined_risk_index (-0.69); current_status_Current (-0.30),APPROVE,0.926
LN002050,13,0.1117,0.2011,0.0737,0.5266,Current,none,0.0433,combined_risk_index (-0.68); current_status_Current (-0.30),APPROVE,0.926
LN002050,14,0.1133,0.1979,0.0725,0.5266,Current,none,0.0518,combined_risk_index (-0.68); current_status_Current (-0.30),APPROVE,0.927
LN002050,15,0.1106,0.185,0.0704,0.526,Current,stale_record,0.1135,combined_risk_index (-0.68); current_status_Current (-0.30),APPROVE,0.93
LN002050,16,0.1074,0.1739,0.0694,0.5264,Current,none,0.082,combined_risk_index (-0.68); original_balance (-0.31),APPROVE,0.931
LN002050,17,0.0942,0.153,0.0679,0.5209,Prepaid,stale_record,0.1657,combined_risk_index (-0.66); original_balance (-0.31),APPROVE,0.932
LN002050,18,0.5063,0.4161,0.2066,0.4832,Current,none,0.3497,current_status_Current (+1.27); combined_risk_index (-0.27),WATCH_LIST,0.793
LN002052,10,0.5434,0.4616,0.2262,0.5293,Default,none,0.0952,current_status_Current (+1.05); interest_rate (-0.89),WATCH_LIST,0.774
LN002052,11,0.5334,0.4808,0.2118,0.5307,60DPD,none,0.1104,current_status_Current (+1.05); interest_rate (-0.87),WATCH_LIST,0.788
LN002052,12,0.6904,0.671,0.3352,0.5031,60DPD,none,0.162,current_status_Current (+1.45); interest_rate (-0.72),WATCH_LIST,0.665
LN002052,13,0.4486,0.439,0.2009,0.5337,Current,stale_record,0.3869,current_status_Current (+1.05); interest_rate (-0.86),WATCH_LIST,0.799
LN002056,14,0.287,0.3649,0.0884,0.4953,Prepaid,none,0.1695,interest_rate (-0.35); state_IL (-0.32),APPROVE,0.912
LN002056,15,0.2508,0.3153,0.0738,0.4879,Current,none,0.1699,state_IL (-0.54); interest_rate (-0.32),APPROVE,0.926
LN002056,16,0.2387,0.3065,0.073,0.4886,Current,none,0.1951,state_IL (-0.54); interest_rate (-0.33),APPROVE,0.927
LN002056,17,0.2179,0.3093,0.0725,0.4879,Current,none,0.2108,state_IL (-0.54); interest_rate (-0.33),APPROVE,0.927
LN002056,18,0.183,0.2945,0.0722,0.4884,Current,stale_record,0.2683,state_IL (-0.54); interest_rate (-0.33),APPROVE,0.928
LN002058,8,0.1192,0.2147,0.1392,0.5145,Prepaid,none,0.0061,state_LA (+0.42); current_status_Current (-0.30),APPROVE,0.861
LN002058,9,0.1168,0.212,0.1417,0.5147,Prepaid,source_conflict,0.143,state_LA (+0.42); current_status_Current (-0.30),APPROVE,0.858
LN002058,10,0.1173,0.215,0.1443,0.5159,Prepaid,none,0.0163,state_LA (+0.42); current_status_Current (-0.31),APPROVE,0.856
LN002058,11,0.6066,0.5966,0.313,0.4676,60DPD,none,0.0793,current_status_Current (+1.23); state_LA (+0.29),WATCH_LIST,0.687
LN002058,12,0.6134,0.6,0.3026,0.4653,60DPD,none,0.0901,current_status_Current (+1.22); state_LA (+0.29),WATCH_LIST,0.697
LN002058,13,0.6193,0.6054,0.2968,0.4646,60DPD,none,0.097,current_status_Current (+1.20); state_LA (+0.29),WATCH_LIST,0.703
LN002058,14,0.6226,0.6103,0.2846,0.4638,30DPD,none,0.1108,current_status_Current (+1.21); state_LA (+0.29),WATCH_LIST,0.715
LN002058,15,0.1186,0.2102,0.1203,0.5114,Prepaid,none,0.0705,state_LA (+0.42); current_status_Current (-0.29),APPROVE,0.88
LN002058,16,0.1203,0.1982,0.1195,0.5094,Prepaid,none,0.0837,state_LA (+0.42); current_status_Current (-0.29),APPROVE,0.881
LN002058,17,0.1131,0.1842,0.1152,0.5052,Prepaid,none,0.0992,state_LA (+0.42); current_status_Current (-0.29),APPROVE,0.885
LN002058,18,0.1056,0.1766,0.1143,0.5042,Current,none,0.117,state_LA (+0.42); current_status_Current (-0.29),APPROVE,0.886
LN002058,19,0.0847,0.1568,0.1007,0.5042,Prepaid,none,0.1343,state_LA (+0.42); current_status_Current (-0.30),APPROVE,0.899
LN002058,20,0.081,0.1514,0.089,0.504,Prepaid,none,0.1598,month_index (-0.49); state_LA (+0.43),APPROVE,0.911
LN002058,21,0.079,0.153,0.089,0.504,Current,none,0.185,month_index (-0.49); state_LA (+0.43),APPROVE,0.911
LN002058,22,0.0772,0.1448,0.089,0.504,Current,none,0.2075,month_index (-0.49); state_LA (+0.43),APPROVE,0.911
LN002058,23,0.5887,0.5723,0.1703,0.4585,60DPD,none,0.2731,current_status_Current (+1.19); month_index (-0.47),WATCH_LIST,0.83
LN002058,24,0.5265,0.5353,0.1685,0.4582,Current,none,0.434,current_status_Current (+1.19); month_index (-0.47),ESCALATE,0.832
LN002059,8,0.2191,0.3705,0.1889,0.5088,Prepaid,none,0.022,combined_risk_index (+0.42); original_balance (-0.30),WATCH_LIST,0.811
LN002059,9,0.2109,0.366,0.1844,0.5085,Prepaid,none,0.0272,combined_risk_index (+0.41); original_balance (-0.29),WATCH_LIST,0.816
LN002059,10,0.6182,0.651,0.2915,0.4921,Current,none,0.2904,current_status_Current (+0.97); original_balance (-0.23),WATCH_LIST,0.708
LN002060,7,0.3037,0.3549,0.1818,0.5474,Prepaid,none,0.202,monthly_interest_accrual (+0.36); combined_risk_index (+0.34),WATCH_LIST,0.818
LN002060,8,0.3099,0.3562,0.1747,0.5465,Prepaid,none,0.1988,combined_risk_index (+0.36); interest_rate (-0.36),WATCH_LIST,0.825
LN002060,9,0.2943,0.3368,0.1587,0.5479,Prepaid,none,0.2031,interest_rate (-0.37); combined_risk_index (+0.36),WATCH_LIST,0.841
LN002060,10,0.316,0.3317,0.145,0.5491,Prepaid,none,0.212,interest_rate (-0.37); combined_risk_index (+0.37),APPROVE,0.855
LN002060,11,0.3057,0.3333,0.145,0.5495,Prepaid,none,0.2231,interest_rate (-0.37); combined_risk_index (+0.37),APPROVE,0.855
LN002060,12,0.3037,0.3497,0.145,0.5492,Prepaid,none,0.2298,interest_rate (-0.37); combined_risk_index (+0.37),APPROVE,0.855
LN002060,13,0.1989,0.3209,0.1455,0.5492,Prepaid,stale_record,0.2851,interest_rate (-0.37); monthly_interest_accrual (+0.37),APPROVE,0.854
LN002060,14,0.1901,0.313,0.1436,0.5495,Prepaid,none,0.2549,interest_rate (-0.37); monthly_interest_accrual (+0.37),APPROVE,0.856
LN002060,15,0.2058,0.2966,0.1395,0.5494,Prepaid,none,0.2686,seasoning_pct (-0.44); interest_rate (-0.37),APPROVE,0.861
LN002060,16,0.4936,0.4808,0.2148,0.5235,30DPD,none,0.3155,current_status_Current (+1.01); seasoning_pct (-0.43),WATCH_LIST,0.785
LN002060,17,0.4824,0.4746,0.2077,0.527,30DPD,stale_record,0.3981,current_status_Current (+1.01); seasoning_pct (-0.43),WATCH_LIST,0.792
LN002060,18,0.2041,0.2813,0.1378,0.5507,Prepaid,none,0.3068,seasoning_pct (-0.44); interest_rate (-0.37),APPROVE,0.862
LN002060,19,0.1726,0.2476,0.1259,0.5507,Prepaid,none,0.3285,seasoning_pct (-0.44); interest_rate (-0.37),APPROVE,0.874
LN002060,20,0.1765,0.2439,0.1154,0.5507,Prepaid,none,0.3438,month_index (-0.51); seasoning_pct (-0.44),APPROVE,0.885
LN002065,11,0.487,0.5095,0.0918,0.5439,Current,none,0.2933,current_status_Current (+1.17); original_balance (-0.57),APPROVE,0.908
LN002070,17,0.218,0.2364,0.116,0.4658,Current,none,0.1466,combined_risk_index (+0.32); seasoning_pct (-0.30),APPROVE,0.884
LN002070,18,0.2041,0.2296,0.115,0.4654,Current,none,0.162,seasoning_pct (-0.34); combined_risk_index (+0.32),APPROVE,0.885
LN002070,19,0.172,0.2177,0.1042,0.4651,Current,none,0.1817,seasoning_pct (-0.42); combined_risk_index (+0.32),APPROVE,0.896
LN002070,20,0.174,0.2195,0.0962,0.4643,Current,source_conflict,0.3386,month_index (-0.49); seasoning_pct (-0.42),APPROVE,0.904
LN002075,8,0.3833,0.4129,0.1219,0.5188,Current,none,0.3262,current_status_Current (+1.21); interest_rate (-0.70),APPROVE,0.878
LN002076,10,0.1765,0.2634,0.1873,0.4774,Current,none,0.0169,current_status_Current (-0.26); original_balance (+0.19),WATCH_LIST,0.813
LN002076,11,0.6487,0.6213,0.3208,0.4558,60DPD,none,0.0795,current_status_Current (+1.09); original_balance (+0.21),WATCH_LIST,0.679
LN002076,12,0.6513,0.6253,0.3179,0.4559,60DPD,none,0.0885,current_status_Current (+1.09); original_balance (+0.21),WATCH_LIST,0.682
LN002076,13,0.1854,0.2606,0.1843,0.4753,Current,none,0.0402,current_status_Current (-0.25); original_balance (+0.19),WATCH_LIST,0.816
LN002076,14,0.1777,0.2501,0.1664,0.4753,Current,none,0.0511,current_status_Current (-0.26); original_balance (+0.18),WATCH_LIST,0.834
LN002076,15,0.1695,0.2429,0.1647,0.4745,Current,none,0.0676,current_status_Current (-0.26); original_balance (+0.18),WATCH_LIST,0.835
LN002076,16,0.154,0.2264,0.162,0.4711,Current,none,0.0799,current_status_Current (-0.26); original_balance (+0.19),WATCH_LIST,0.838
LN002076,17,0.1544,0.2574,0.1791,0.4722,Current,none,0.0975,combined_risk_index (+0.35); current_status_Current (-0.24),WATCH_LIST,0.821
LN002076,18,0.5898,0.554,0.2701,0.4506,Current,stale_record,0.3854,current_status_Current (+1.09); original_balance (+0.21),WATCH_LIST,0.73
LN002077,14,0.2846,0.4276,0.1446,0.4855,Prepaid,none,0.1377,interest_rate (+0.31); original_balance (+0.31),APPROVE,0.855
LN002077,15,0.2506,0.3853,0.1434,0.4869,Prepaid,none,0.1521,interest_rate (+0.32); original_balance (+0.31),APPROVE,0.857
LN002077,16,0.2336,0.3645,0.1431,0.4859,Prepaid,stale_record,0.2148,interest_rate (+0.32); original_balance (+0.31),APPROVE,0.857
LN002077,17,0.2257,0.3471,0.1423,0.4811,Prepaid,stale_record,0.2309,interest_rate (+0.32); original_balance (+0.31),APPROVE,0.858
LN002077,18,0.2127,0.3354,0.1423,0.4802,Prepaid,none,0.1954,original_balance (+0.33); interest_rate (+0.32),APPROVE,0.858
LN002077,19,0.1782,0.3188,0.1367,0.4799,Prepaid,none,0.2142,seasoning_pct (-0.33); original_balance (+0.33),APPROVE,0.863
LN002077,20,0.1752,0.2629,0.0923,0.4883,Current,data_entry_error,0.3422,seasoning_pct (-0.35); month_index (-0.31),APPROVE,0.908
LN002077,21,0.1813,0.3146,0.1207,0.4799,Prepaid,stale_record,0.3129,original_balance (+0.35); seasoning_pct (-0.33),APPROVE,0.879
LN002077,22,0.6266,0.6138,0.1666,0.4561,60DPD,none,0.3183,current_status_Current (+0.80); month_index (-0.30),WATCH_LIST,0.833
LN002077,23,0.7368,0.7123,0.1977,0.4512,60DPD,none,0.3611,current_status_Current (+1.08); month_index (-0.33),WATCH_LIST,0.802
LN002077,24,0.7359,0.7224,0.1681,0.4467,60DPD,none,0.3659,current_status_Current (+1.09); month_index (-0.37),WATCH_LIST,0.832
LN002077,25,0.7368,0.7092,0.1967,0.4512,60DPD,none,0.371,current_status_Current (+1.08); month_index (-0.33),WATCH_LIST,0.803
LN002077,26,0.7368,0.7072,0.1967,0.4512,60DPD,none,0.3719,current_status_Current (+1.08); month_index (-0.33),WATCH_LIST,0.803
LN002077,27,0.5994,0.586,0.1702,0.4587,Current,none,0.5005,current_status_Current (+0.80); month_index (-0.30),ESCALATE,0.83
LN002078,7,0.1119,0.2101,0.0712,0.527,Prepaid,none,0.0287,interest_rate (-1.17); combined_risk_index (-0.78),APPROVE,0.929
LN002078,8,0.5912,0.5664,0.1175,0.5072,Current,none,0.2881,interest_rate (-1.20); current_status_Current (+1.07),APPROVE,0.882
LN002081,7,0.2632,0.3893,0.1515,0.5147,Prepaid,none,0.0631,combined_risk_index (+0.36); state_VA (-0.36),WATCH_LIST,0.849
LN002081,8,0.2674,0.3381,0.138,0.5082,Prepaid,none,0.0645,state_VA (-0.34); combined_risk_index (+0.30),APPROVE,0.862
LN002081,9,0.629,0.6369,0.2886,0.479,Current,none,0.3175,current_status_Current (+1.17); state_VA (-0.34),WATCH_LIST,0.711
LN002082,18,0.1151,0.1648,0.0883,0.5203,Current,none,0.117,state_MO (-0.84); current_status_Current (-0.29),APPROVE,0.912
LN002082,19,0.091,0.146,0.0807,0.5206,Current,stale_record,0.1815,state_MO (-0.84); current_status_Current (-0.29),APPROVE,0.919
LN002082,20,0.6225,0.5626,0.1459,0.4853,60DPD,none,0.2096,current_status_Current (+1.24); state_MO (-0.76),APPROVE,0.854
LN002082,21,0.5788,0.5306,0.1442,0.4861,Current,stale_record,0.4365,current_status_Current (+1.23); state_MO (-0.76),ESCALATE,0.856
LN002085,6,0.1046,0.1988,0.0969,0.4968,Current,none,0.0136,current_status_Current (-0.32); current_balance (-0.30),APPROVE,0.903
LN002085,7,0.104,0.1957,0.0963,0.4969,Current,none,0.0141,current_status_Current (-0.32); current_balance (-0.30),APPROVE,0.904
LN002085,8,0.5235,0.5113,0.2534,0.4791,60DPD,none,0.0637,current_status_Current (+1.36); current_balance (-0.23),WATCH_LIST,0.747
LN002085,9,0.1042,0.1966,0.0992,0.498,Current,none,0.0236,current_status_Current (-0.32); original_balance (-0.29),APPROVE,0.901
LN002085,10,0.101,0.2185,0.0991,0.4983,Current,none,0.0302,current_status_Current (-0.32); original_balance (-0.29),APPROVE,0.901
LN002085,11,0.1033,0.2215,0.0983,0.4968,Current,none,0.0436,current_status_Current (-0.32); current_balance (-0.29),APPROVE,0.902
LN002085,12,0.1125,0.2302,0.0971,0.4963,Current,none,0.0472,current_status_Current (-0.32); current_balance (-0.29),APPROVE,0.903
LN002085,13,0.1443,0.2298,0.0966,0.4974,Current,none,0.0513,current_status_Current (-0.32); current_balance (-0.29),APPROVE,0.903
LN002085,14,0.1437,0.2231,0.0889,0.4974,Current,none,0.0606,current_status_Current (-0.32); original_balance (-0.30),APPROVE,0.911
LN002085,15,0.5264,0.5314,0.2125,0.4715,Current,source_conflict,0.4625,current_status_Current (+1.35); current_balance (-0.24),ESCALATE,0.787
LN002090,22,0.7137,0.7139,0.2551,0.4242,60DPD,none,0.3332,current_status_Current (+1.19); month_index (-0.35),WATCH_LIST,0.745
LN002090,23,0.713,0.7153,0.2551,0.4251,60DPD,none,0.347,current_status_Current (+1.19); month_index (-0.35),WATCH_LIST,0.745
LN002090,24,0.6977,0.6997,0.2556,0.4267,Current,none,0.476,current_status_Current (+1.22); month_index (-0.41),ESCALATE,0.744
LN002091,10,0.7521,0.731,0.4563,0.4335,Default,none,0.2416,current_status_Current (+1.59); days_past_due (+0.38),ESCALATE,0.544
LN002091,11,0.7402,0.7216,0.438,0.4459,Current,none,0.3939,current_status_Current (+1.60); days_past_due (+0.38),ESCALATE,0.562
LN002093,6,0.5787,0.5687,0.1974,0.4871,60DPD,none,0.0626,current_status_Current (+1.23); interest_rate (-0.51),WATCH_LIST,0.803
LN002093,7,0.11,0.2125,0.0849,0.5192,Prepaid,none,0.0076,interest_rate (-0.49); current_status_Current (-0.29),APPROVE,0.915
LN002093,8,0.5766,0.5462,0.1975,0.4893,60DPD,none,0.0622,current_status_Current (+1.25); interest_rate (-0.51),WATCH_LIST,0.803
LN002093,9,0.1157,0.2114,0.0838,0.5229,Prepaid,none,0.0113,interest_rate (-0.49); current_status_Current (-0.29),APPROVE,0.916
LN002093,10,0.1131,0.2153,0.0856,0.5233,Prepaid,none,0.0201,interest_rate (-0.47); current_status_Current (-0.29),APPROVE,0.914
LN002093,11,0.1145,0.2168,0.0853,0.5241,Current,stale_record,0.0805,interest_rate (-0.45); current_status_Current (-0.29),APPROVE,0.915
LN002093,12,0.1152,0.2151,0.0845,0.5254,Current,none,0.041,interest_rate (-0.45); current_status_Current (-0.28),APPROVE,0.915
LN002093,13,0.1132,0.214,0.0858,0.5247,Prepaid,none,0.0465,interest_rate (-0.44); current_status_Current (-0.28),APPROVE,0.914
LN002093,14,0.1124,0.2069,0.0834,0.5238,Prepaid,none,0.0537,interest_rate (-0.44); current_status_Current (-0.29),APPROVE,0.917
LN002093,15,0.1118,0.1986,0.0828,0.523,Prepaid,none,0.0724,interest_rate (-0.44); current_status_Current (-0.28),APPROVE,0.917
LN002093,16,0.5247,0.4931,0.1806,0.4772,Current,none,0.3502,current_status_Current (+1.20); interest_rate (-0.47),WATCH_LIST,0.819
LN002097,16,0.1074,0.1671,0.0687,0.4463,Current,none,0.1436,combined_risk_index (-1.03); interest_rate (-0.72),APPROVE,0.931
LN002097,17,0.1022,0.1612,0.0679,0.4445,Current,none,0.1568,combined_risk_index (-1.01); interest_rate (-0.72),APPROVE,0.932
LN002097,18,0.0972,0.1647,0.0675,0.4441,Prepaid,none,0.172,combined_risk_index (-1.01); interest_rate (-0.70),APPROVE,0.933
LN002097,19,0.0823,0.1514,0.0654,0.4441,Current,none,0.1844,combined_risk_index (-1.00); interest_rate (-0.70),APPROVE,0.935
LN002097,20,0.0845,0.1538,0.0638,0.4441,Current,none,0.2111,combined_risk_index (-0.99); interest_rate (-0.70),APPROVE,0.936
LN002097,21,0.5431,0.5026,0.0786,0.4277,60DPD,none,0.2757,current_status_Current (+1.04); combined_risk_index (-0.93),APPROVE,0.921
LN002097,22,0.6843,0.6582,0.077,0.4189,60DPD,none,0.3255,current_status_Current (+1.19); interest_rate (-1.04),APPROVE,0.923
LN002097,23,0.7125,0.6727,0.0804,0.4182,60DPD,none,0.3771,ltv_risk_tier (-1.19); current_status_Current (+1.19),APPROVE,0.92
LN002097,24,0.6807,0.6604,0.0796,0.4188,60DPD,none,0.4588,current_status_Current (+1.19); interest_rate (-1.04),ESCALATE,0.92
LN002097,25,0.7076,0.663,0.0804,0.4184,Default,none,0.3855,current_status_Current (+1.19); ltv_risk_tier (-1.19),APPROVE,0.92
LN002097,26,0.5063,0.4877,0.0803,0.427,60DPD,none,0.3335,current_status_Current (+1.03); interest_rate (-0.91),APPROVE,0.92
LN002097,27,0.0932,0.1688,0.0654,0.4417,Current,none,0.3431,combined_risk_index (-0.91); interest_rate (-0.57),APPROVE,0.935
LN002097,28,0.0793,0.1686,0.0645,0.4446,Current,none,0.3156,combined_risk_index (-0.97); interest_rate (-0.70),APPROVE,0.935
LN002097,29,0.0793,0.1686,0.0643,0.4444,Current,none,0.3156,combined_risk_index (-0.97); interest_rate (-0.69),APPROVE,0.936
LN002097,30,0.0784,0.1686,0.0643,0.4444,Current,none,0.3164,combined_risk_index (-0.97); interest_rate (-0.69),APPROVE,0.936
LN002097,31,0.0784,0.1686,0.0643,0.4444,Current,none,0.3158,combined_risk_index (-0.97); interest_rate (-0.69),APPROVE,0.936
LN002097,32,0.1159,0.2396,0.0666,0.4504,Current,data_entry_error,0.4686,combined_risk_index (-0.99); interest_rate (-0.65),ESCALATE,0.933
LN002099,9,0.2626,0.374,0.1247,0.473,30DPD,none,0.2264,interest_rate (-0.30); combined_risk_index (+0.29),APPROVE,0.875
LN002099,10,0.2222,0.2606,0.1144,0.4912,Current,none,0.0586,combined_risk_index (+0.30); state_NJ (-0.28),APPROVE,0.886
LN002099,11,0.615,0.5317,0.2579,0.4528,60DPD,none,0.1235,current_status_Current (+1.17); days_past_due (-0.20),WATCH_LIST,0.742
LN002099,12,0.1792,0.2715,0.1022,0.4944,30DPD,none,0.0784,combined_risk_index (+0.32); state_NJ (-0.28),APPROVE,0.898
LN002099,13,0.1706,0.2689,0.0964,0.5058,Prepaid,none,0.09,combined_risk_index (+0.33); state_NJ (-0.28),APPROVE,0.904
LN002099,14,0.189,0.2555,0.0918,0.5056,Prepaid,source_conflict,0.2368,seasoning_pct (-0.35); combined_risk_index (+0.33),APPROVE,0.908
LN002099,15,0.1989,0.2651,0.091,0.5059,Prepaid,none,0.1142,seasoning_pct (-0.36); combined_risk_index (+0.33),APPROVE,0.909
LN002099,16,0.1972,0.2631,0.091,0.5066,Prepaid,stale_record,0.1795,seasoning_pct (-0.36); combined_risk_index (+0.33),APPROVE,0.909
LN002099,17,0.2201,0.3695,0.0957,0.4823,Current,none,0.3061,combined_risk_index (+0.32); seasoning_pct (-0.29),APPROVE,0.904
LN002099,18,0.7193,0.6941,0.3647,0.437,90DPD,none,0.2969,current_status_Current (+1.45); current_status_90DPD (+0.32),ESCALATE,0.635
LN002099,19,0.7171,0.6905,0.3526,0.4371,Default,none,0.3081,current_status_Current (+1.48); current_status_90DPD (+0.32),ESCALATE,0.647
LN002099,20,0.7139,0.6864,0.2798,0.4478,Current,none,0.4397,current_status_Current (+1.44); month_index (-0.49),ESCALATE,0.72
LN002109,27,0.1128,0.2053,0.0711,0.4642,Current,none,0.2956,month_index (-0.50); interest_rate (-0.46),APPROVE,0.929
LN002109,28,0.6299,0.6279,0.1141,0.4467,60DPD,none,0.3186,current_status_Current (+1.01); interest_rate (-0.54),APPROVE,0.886
LN002109,29,0.6263,0.626,0.1143,0.4473,60DPD,none,0.3186,current_status_Current (+1.01); interest_rate (-0.54),APPROVE,0.886
LN002109,30,0.7221,0.7066,0.1325,0.4352,60DPD,none,0.3484,current_status_Current (+1.44); month_index (-0.53),APPROVE,0.868
LN002109,31,0.7222,0.7086,0.1325,0.437,60DPD,none,0.3487,current_status_Current (+1.44); month_index (-0.53),APPROVE,0.868
LN002109,32,0.6263,0.6272,0.1143,0.45,60DPD,none,0.3184,current_status_Current (+1.01); interest_rate (-0.54),APPROVE,0.886
LN002116,11,0.0758,0.1476,0.0624,0.4695,Current,none,0.0903,original_balance (-1.06); combined_risk_index (-0.99),APPROVE,0.938
LN002116,12,0.0752,0.1509,0.0629,0.4719,Current,none,0.0935,original_balance (-1.05); combined_risk_index (-0.99),APPROVE,0.937
LN002116,13,0.0825,0.1516,0.0627,0.4741,Current,none,0.0992,original_balance (-1.05); combined_risk_index (-1.00),APPROVE,0.937
LN002116,14,0.0836,0.1491,0.0619,0.4734,Current,none,0.1091,original_balance (-1.03); combined_risk_index (-0.99),APPROVE,0.938
LN002116,15,0.0835,0.142,0.0614,0.4735,Current,none,0.1289,original_balance (-1.03); combined_risk_index (-0.99),APPROVE,0.939
LN002116,16,0.4528,0.3817,0.074,0.4418,Current,none,0.3753,current_status_Current (+1.20); original_balance (-1.07),APPROVE,0.926
LN002118,10,0.1391,0.1986,0.1071,0.5042,Current,none,0.0518,state_FL (-0.60); interest_rate (+0.39),APPROVE,0.893
LN002118,11,0.1444,0.1975,0.1056,0.5047,Current,none,0.0635,state_FL (-0.60); interest_rate (+0.41),APPROVE,0.894
LN002118,12,0.1436,0.2021,0.1033,0.5061,Current,none,0.0689,state_FL (-0.60); interest_rate (+0.42),APPROVE,0.897
LN002118,13,0.1349,0.1982,0.1036,0.5047,Current,none,0.0769,state_FL (-0.60); interest_rate (+0.42),APPROVE,0.896
LN002118,14,0.135,0.1838,0.0993,0.5045,Current,none,0.0849,state_FL (-0.60); interest_rate (+0.43),APPROVE,0.901
LN002118,15,0.5463,0.5271,0.1982,0.4767,30DPD,source_conflict,0.4209,current_status_Current (+1.00); state_FL (-0.60),ESCALATE,0.802
LN002118,16,0.1109,0.1539,0.0927,0.5024,Current,none,0.1181,state_FL (-0.60); interest_rate (+0.44),APPROVE,0.907
LN002118,17,0.1014,0.143,0.0894,0.5002,Prepaid,none,0.1341,state_FL (-0.60); interest_rate (+0.44),APPROVE,0.911
LN002118,18,0.0945,0.1402,0.0891,0.4993,Current,none,0.1492,state_FL (-0.60); interest_rate (+0.44),APPROVE,0.911
LN002118,19,0.0769,0.1275,0.0826,0.4993,Current,none,0.1664,state_FL (-0.60); interest_rate (+0.43),APPROVE,0.917
LN002118,20,0.0766,0.1258,0.0789,0.4993,Current,none,0.1941,state_FL (-0.52); month_index (-0.46),APPROVE,0.921
LN002118,21,0.0766,0.128,0.0789,0.4994,Current,none,0.214,state_FL (-0.52); month_index (-0.46),APPROVE,0.921
LN002118,22,0.0747,0.1326,0.0789,0.4994,Current,stale_record,0.2812,state_FL (-0.52); month_index (-0.46),APPROVE,0.921
LN002118,23,0.0747,0.1334,0.0793,0.4984,Current,none,0.2625,state_FL (-0.52); month_index (-0.46),APPROVE,0.921
LN002118,24,0.0744,0.1334,0.0793,0.4972,Current,none,0.2748,state_FL (-0.52); month_index (-0.46),APPROVE,0.921
LN002118,25,0.0721,0.1331,0.0793,0.4972,Current,none,0.2832,state_FL (-0.52); month_index (-0.46),APPROVE,0.921
LN002118,26,0.0736,0.132,0.0783,0.4949,Current,none,0.2949,state_FL (-0.52); month_index (-0.46),APPROVE,0.922
LN002118,27,0.0736,0.1315,0.0783,0.4952,Current,none,0.2988,state_FL (-0.52); month_index (-0.46),APPROVE,0.922
LN002118,28,0.4882,0.4718,0.128,0.4705,60DPD,none,0.3231,current_status_Current (+0.99); state_FL (-0.52),APPROVE,0.872
LN002118,29,0.075,0.1409,0.0868,0.4934,Current,none,0.2988,state_FL (-0.50); month_index (-0.47),APPROVE,0.913
LN002118,30,0.0737,0.1311,0.0786,0.495,Current,none,0.2996,state_FL (-0.52); month_index (-0.46),APPROVE,0.921
LN002118,31,0.0735,0.1311,0.0786,0.495,Current,none,0.299,state_FL (-0.52); month_index (-0.46),APPROVE,0.921
LN002118,32,0.0736,0.1323,0.0749,0.495,Current,none,0.3002,state_FL (-0.52); month_index (-0.46),APPROVE,0.925
LN002118,33,0.0748,0.1428,0.0822,0.4841,Current,none,0.3002,state_FL (-0.52); month_index (-0.46),APPROVE,0.918
LN002118,34,0.0737,0.132,0.0749,0.4969,Current,none,0.3002,state_FL (-0.52); month_index (-0.46),APPROVE,0.925
LN002118,35,0.0735,0.132,0.0754,0.4969,Current,none,0.3002,state_FL (-0.52); month_index (-0.46),APPROVE,0.925
LN002118,36,0.0735,0.1312,0.0754,0.4969,Current,stale_record,0.3449,state_FL (-0.52); month_index (-0.46),APPROVE,0.925
LN002119,16,0.1503,0.2025,0.0721,0.47,Prepaid,none,0.2097,interest_rate (-0.59); state_IL (-0.47),APPROVE,0.928
LN002119,17,0.1516,0.2073,0.0715,0.4673,Prepaid,none,0.2237,interest_rate (-0.59); state_IL (-0.47),APPROVE,0.928
LN002119,18,0.1733,0.2356,0.0775,0.5097,Prepaid,stale_record,0.4037,state_IL (-0.43); combined_risk_index (-0.37),ESCALATE,0.923
LN002119,19,0.1101,0.1954,0.0691,0.4666,Prepaid,none,0.2539,interest_rate (-0.58); state_IL (-0.45),APPROVE,0.931
LN002119,20,0.1061,0.1921,0.0668,0.4671,Prepaid,none,0.2746,interest_rate (-0.58); state_IL (-0.45),APPROVE,0.933
LN002119,21,0.1061,0.1945,0.0668,0.4671,Prepaid,none,0.2978,interest_rate (-0.58); state_IL (-0.45),APPROVE,0.933
LN002120,10,0.2109,0.3392,0.1084,0.5309,Current,none,0.1069,combined_risk_index (-0.44); interest_rate (+0.40),APPROVE,0.892
LN002120,11,0.2112,0.3403,0.1051,0.5311,Prepaid,none,0.1176,combined_risk_index (-0.43); interest_rate (+0.40),APPROVE,0.895
LN002120,12,0.2028,0.3248,0.1026,0.5328,Current,none,0.1267,combined_risk_index (-0.43); interest_rate (+0.40),APPROVE,0.897
LN002120,13,0.1908,0.326,0.0968,0.5333,Current,none,0.1393,combined_risk_index (-0.42); interest_rate (+0.40),APPROVE,0.903
LN002120,14,0.193,0.3088,0.0941,0.533,Current,none,0.1488,combined_risk_index (-0.42); interest_rate (+0.40),APPROVE,0.906
LN002120,15,0.1853,0.3422,0.1237,0.5097,Current,data_entry_error,0.398,interest_rate (+0.33); original_balance (-0.23),APPROVE,0.876
LN002120,16,0.1781,0.2593,0.0915,0.5297,Current,none,0.1898,combined_risk_index (-0.42); interest_rate (+0.41),APPROVE,0.908
LN002120,17,0.1694,0.2501,0.0904,0.526,Current,none,0.2056,combined_risk_index (-0.42); interest_rate (+0.41),APPROVE,0.91
LN002120,18,0.159,0.237,0.0897,0.5236,30DPD,none,0.2165,combined_risk_index (-0.42); interest_rate (+0.41),APPROVE,0.91
LN002120,19,0.1328,0.2069,0.0827,0.5221,Prepaid,none,0.2374,combined_risk_index (-0.42); interest_rate (+0.41),APPROVE,0.917
LN002124,25,0.5157,0.5892,0.2601,0.4304,60DPD,none,0.3029,current_status_Current (+1.02); interest_rate (-0.52),WATCH_LIST,0.74
LN002124,26,0.6931,0.7072,0.3969,0.4108,Default,none,0.372,current_status_Current (+1.54); days_past_due (+0.44),ESCALATE,0.603
LN002124,27,0.6875,0.7069,0.3905,0.415,Current,none,0.473,current_status_Current (+1.51); days_past_due (+0.44),ESCALATE,0.61
LN002126,10,0.2239,0.3788,0.0909,0.5087,Current,none,0.0903,interest_rate (-1.20); current_balance (-0.37),APPROVE,0.909
LN002126,11,0.2145,0.3821,0.0915,0.5094,Current,none,0.1004,interest_rate (-1.17); current_balance (-0.36),APPROVE,0.908
LN002126,12,0.2028,0.3697,0.0876,0.5074,Current,none,0.1074,interest_rate (-1.16); current_balance (-0.36),APPROVE,0.912
LN002126,13,0.1623,0.3564,0.087,0.5083,Current,none,0.1143,interest_rate (-1.15); current_balance (-0.36),APPROVE,0.913
LN002126,14,0.156,0.3299,0.0841,0.5093,Current,none,0.1236,interest_rate (-1.16); current_balance (-0.36),APPROVE,0.916
LN002126,15,0.1505,0.2793,0.0843,0.5084,Current,none,0.1405,interest_rate (-1.07); current_balance (-0.36),APPROVE,0.916
LN002126,16,0.6021,0.5758,0.1267,0.4959,Current,data_entry_error,0.544,interest_rate (-1.27); current_status_Current (+1.06),ESCALATE,0.873
LN002127,23,0.0901,0.1886,0.0655,0.4401,Current,none,0.2732,ltv_risk_tier (-0.82); month_index (-0.52),APPROVE,0.934
LN002127,24,0.0901,0.1886,0.0655,0.4401,Current,none,0.2851,ltv_risk_tier (-0.82); month_index (-0.52),APPROVE,0.934
LN002127,25,0.0901,0.1889,0.0655,0.4401,Current,none,0.2932,ltv_risk_tier (-0.82); month_index (-0.52),APPROVE,0.934
LN002127,26,0.0979,0.1902,0.065,0.4371,Current,none,0.2958,ltv_risk_tier (-0.82); combined_risk_index (-0.55),APPROVE,0.935
LN002127,27,0.0911,0.1917,0.0658,0.4404,Current,none,0.2974,ltv_risk_tier (-0.82); month_index (-0.52),APPROVE,0.934
LN002127,28,0.0979,0.1902,0.065,0.4374,Current,none,0.2974,ltv_risk_tier (-0.82); combined_risk_index (-0.55),APPROVE,0.935
LN002127,29,0.0939,0.1917,0.0658,0.4414,Current,none,0.2977,ltv_risk_tier (-0.82); month_index (-0.52),APPROVE,0.934
LN002127,30,0.0939,0.1917,0.0658,0.4414,Current,stale_record,0.3422,ltv_risk_tier (-0.82); month_index (-0.52),APPROVE,0.934
LN002127,31,0.5549,0.5827,0.1005,0.4281,Current,none,0.4734,ltv_risk_tier (-1.08); current_status_Current (+1.07),ESCALATE,0.9
LN002133,15,0.6236,0.5744,0.0886,0.4464,60DPD,none,0.1238,current_status_Current (+1.03); combined_risk_index (-0.65),APPROVE,0.911
LN002133,16,0.6196,0.5624,0.0895,0.4463,60DPD,none,0.2764,current_status_Current (+1.05); combined_risk_index (-0.65),APPROVE,0.91
LN002133,17,0.1102,0.1802,0.0674,0.4787,Prepaid,source_conflict,0.2705,combined_risk_index (-0.66); state_MO (-0.47),APPROVE,0.933
LN002133,18,0.0969,0.1565,0.0667,0.4741,Current,none,0.1145,combined_risk_index (-0.68); state_MO (-0.47),APPROVE,0.933
LN002133,19,0.0814,0.1482,0.065,0.474,Prepaid,none,0.132,combined_risk_index (-0.66); state_MO (-0.47),APPROVE,0.935
LN002133,20,0.0874,0.1483,0.0636,0.479,Prepaid,none,0.1951,combined_risk_index (-0.65); state_MO (-0.47),APPROVE,0.936
LN002133,21,0.0841,0.1396,0.0632,0.4738,Prepaid,source_conflict,0.3164,combined_risk_index (-0.66); state_MO (-0.47),APPROVE,0.937
LN002133,22,0.0823,0.1454,0.0632,0.4749,Prepaid,none,0.2061,combined_risk_index (-0.66); state_MO (-0.47),APPROVE,0.937
LN002133,23,0.0821,0.1458,0.0632,0.4707,Prepaid,none,0.2384,combined_risk_index (-0.66); state_MO (-0.47),APPROVE,0.937
LN002133,24,0.081,0.1461,0.0632,0.4696,Prepaid,none,0.2525,combined_risk_index (-0.66); state_MO (-0.47),APPROVE,0.937
LN002133,25,0.081,0.1461,0.0635,0.4696,Prepaid,stale_record,0.3062,combined_risk_index (-0.66); state_MO (-0.47),APPROVE,0.936
LN002133,26,0.4075,0.3402,0.0857,0.4519,Current,data_entry_error,0.59,current_status_Current (+0.96); state_MO (-0.62),ESCALATE,0.914
LN002135,20,0.6106,0.5541,0.1231,0.4667,60DPD,none,0.2104,current_status_Current (+1.35); interest_rate (-0.59),APPROVE,0.877
LN002135,21,0.7142,0.6717,0.1471,0.4569,60DPD,none,0.2775,current_status_Current (+1.68); monthly_interest_accrual (-0.52),APPROVE,0.853
LN002135,22,0.7181,0.6643,0.2752,0.4482,Default,none,0.3354,current_status_Current (+1.78); monthly_interest_accrual (-0.51),WATCH_LIST,0.725
LN002135,23,0.7149,0.6957,0.2219,0.4585,60DPD,none,0.4056,current_status_Current (+1.61); month_index (-0.36),ESCALATE,0.778
LN002135,24,0.7045,0.67,0.1494,0.4562,60DPD,none,0.3186,current_status_Current (+1.67); monthly_interest_accrual (-0.51),APPROVE,0.851
LN002135,25,0.7012,0.6691,0.1492,0.4562,60DPD,none,0.3219,current_status_Current (+1.67); monthly_interest_accrual (-0.51),APPROVE,0.851
LN002135,26,0.6999,0.6689,0.1506,0.456,60DPD,none,0.3307,current_status_Current (+1.66); monthly_interest_accrual (-0.51),WATCH_LIST,0.849
LN002135,27,0.7007,0.6682,0.2761,0.4472,60DPD,none,0.368,current_status_Current (+1.77); monthly_interest_accrual (-0.51),WATCH_LIST,0.724
LN002135,28,0.6989,0.6615,0.2374,0.4573,Current,none,0.4647,current_status_Current (+1.73); monthly_interest_accrual (-0.54),ESCALATE,0.763
LN002140,16,0.1274,0.2205,0.0857,0.5125,Current,none,0.0803,current_status_Current (-0.32); interest_rate (-0.22),APPROVE,0.914
LN002140,17,0.5864,0.5569,0.2039,0.4771,Current,none,0.3398,current_status_Current (+1.38); days_past_due (-0.16),WATCH_LIST,0.796
LN002143,14,0.1458,0.2221,0.0695,0.4975,Current,none,0.0921,original_balance (-1.33); ltv_risk_tier (-0.33),APPROVE,0.931
LN002143,15,0.1337,0.1984,0.0683,0.5014,Current,none,0.1107,original_balance (-1.42); ltv_risk_tier (-0.37),APPROVE,0.932
LN002143,16,0.5088,0.5086,0.0766,0.4714,60DPD,none,0.3004,original_balance (-1.37); current_status_Current (+1.01),APPROVE,0.923
LN002143,17,0.4604,0.4657,0.0725,0.4718,60DPD,none,0.1893,original_balance (-1.48); current_status_Current (+0.95),APPROVE,0.928
LN002143,18,0.4762,0.4837,0.0725,0.4715,60DPD,none,0.1999,original_balance (-1.48); current_status_Current (+0.95),APPROVE,0.928
LN002143,19,0.0882,0.1647,0.0649,0.5061,Current,none,0.1767,original_balance (-1.37); ltv_risk_tier (-0.36),APPROVE,0.935
LN002143,20,0.0947,0.1874,0.0665,0.5015,Current,none,0.2034,original_balance (-1.50); dti_risk_tier (-0.36),APPROVE,0.933
LN002143,21,0.0888,0.1643,0.0636,0.5057,Current,none,0.2267,original_balance (-1.31); ltv_risk_tier (-0.35),APPROVE,0.936
LN002143,22,0.0862,0.1712,0.0636,0.5057,Current,none,0.2476,original_balance (-1.31); ltv_risk_tier (-0.35),APPROVE,0.936
LN002143,23,0.0846,0.1731,0.0636,0.506,Current,none,0.2699,original_balance (-1.32); ltv_risk_tier (-0.35),APPROVE,0.936
LN002143,24,0.0835,0.1724,0.0636,0.5048,Current,none,0.2813,original_balance (-1.32); ltv_risk_tier (-0.35),APPROVE,0.936
LN002143,25,0.0835,0.1694,0.0636,0.5048,Current,source_conflict,0.4257,original_balance (-1.32); ltv_risk_tier (-0.35),ESCALATE,0.936
LN002143,26,0.4432,0.477,0.0667,0.4689,60DPD,none,0.324,original_balance (-1.42); current_status_Current (+0.92),APPROVE,0.933
LN002143,27,0.4464,0.4809,0.0667,0.4689,60DPD,stale_record,0.4019,original_balance (-1.42); current_status_Current (+0.92),ESCALATE,0.933
LN002143,28,0.0785,0.1611,0.0648,0.5014,Current,data_entry_error,0.4938,original_balance (-1.09); dti_risk_tier (-0.45),ESCALATE,0.935
LN002148,18,0.1302,0.1958,0.0803,0.4871,Current,none,0.1299,current_status_Current (-0.36); original_balance (-0.28),APPROVE,0.92
LN002148,19,0.2056,0.2609,0.0977,0.481,Current,none,0.1484,combined_risk_index (+0.38); current_status_Current (-0.29),APPROVE,0.902
LN002148,20,0.2027,0.2434,0.0882,0.481,Current,none,0.1768,month_index (-0.43); combined_risk_index (+0.38),APPROVE,0.912
LN002148,21,0.2027,0.2499,0.0882,0.4804,Current,source_conflict,0.3371,month_index (-0.43); combined_risk_index (+0.38),APPROVE,0.912
LN002148,22,0.1996,0.2607,0.088,0.4804,Current,none,0.2232,month_index (-0.43); combined_risk_index (+0.38),APPROVE,0.912
LN002148,23,0.1687,0.2816,0.0946,0.5156,Current,data_entry_error,0.4652,month_index (-0.39); combined_risk_index (+0.37),ESCALATE,0.905
LN002148,24,0.1758,0.2596,0.088,0.4814,Current,stale_record,0.3048,month_index (-0.43); combined_risk_index (+0.38),APPROVE,0.912
LN002148,25,0.1639,0.2816,0.0946,0.5167,Current,data_entry_error,0.5283,month_index (-0.39); combined_risk_index (+0.37),ESCALATE,0.905
LN002148,26,0.1553,0.2531,0.088,0.4817,Current,none,0.2796,month_index (-0.43); combined_risk_index (+0.38),APPROVE,0.912
LN002148,27,0.1414,0.2508,0.088,0.4836,Current,none,0.2879,month_index (-0.43); combined_risk_index (+0.38),APPROVE,0.912
LN002148,28,0.1414,0.2536,0.088,0.4836,Current,none,0.2879,month_index (-0.43); combined_risk_index (+0.38),APPROVE,0.912
LN002148,29,0.1414,0.2536,0.0873,0.4918,Current,none,0.2879,month_index (-0.43); combined_risk_index (+0.38),APPROVE,0.913
LN002148,30,0.1671,0.2793,0.0875,0.491,Current,suspicious_transition,0.4252,month_index (-0.43); combined_risk_index (+0.38),ESCALATE,0.913
LN002151,7,0.146,0.2809,0.09,0.5235,Current,suspicious_transition,0.262,monthly_interest_accrual (-0.69); interest_rate (-0.55),APPROVE,0.91
LN002151,8,0.5862,0.6213,0.1944,0.5012,Current,none,0.298,current_status_Current (+1.25); monthly_interest_accrual (-0.65),WATCH_LIST,0.806
LN002163,14,0.1432,0.1815,0.0732,0.4975,Current,stale_record,0.2087,property_type_Multi_Family (-0.28); current_status_Current (-0.27),APPROVE,0.927
LN002163,15,0.158,0.178,0.0742,0.4886,Prepaid,none,0.1733,property_type_Multi_Family (-0.28); state_PA (-0.27),APPROVE,0.926
LN002163,16,0.1443,0.1654,0.0722,0.494,Prepaid,none,0.1888,property_type_Multi_Family (-0.28); state_PA (-0.27),APPROVE,0.928
LN002163,17,0.1284,0.1503,0.0708,0.5098,Prepaid,none,0.2048,property_type_Multi_Family (-0.28); current_status_Current (-0.27),APPROVE,0.929
LN002163,18,0.1198,0.1443,0.0705,0.5087,Prepaid,none,0.2182,property_type_Multi_Family (-0.28); current_status_Current (-0.27),APPROVE,0.929
LN002163,19,0.095,0.1337,0.0683,0.5087,Prepaid,none,0.2348,current_status_Current (-0.28); property_type_Multi_Family (-0.28),APPROVE,0.932
LN002163,20,0.0947,0.1332,0.0654,0.5087,Prepaid,none,0.2575,month_index (-0.49); current_status_Current (-0.28),APPROVE,0.935
LN002163,21,0.0947,0.1419,0.0654,0.5083,Prepaid,stale_record,0.32,month_index (-0.49); property_type_Multi_Family (-0.28),APPROVE,0.935
LN002163,22,0.0937,0.1491,0.0654,0.5083,Prepaid,none,0.2898,month_index (-0.49); property_type_Multi_Family (-0.28),APPROVE,0.935
LN002163,23,0.0937,0.1501,0.066,0.5138,Prepaid,none,0.3134,month_index (-0.48); property_type_Multi_Family (-0.28),APPROVE,0.934
LN002163,24,0.0942,0.1501,0.066,0.5126,Prepaid,none,0.3218,month_index (-0.48); property_type_Multi_Family (-0.28),APPROVE,0.934
LN002163,25,0.0926,0.1421,0.066,0.5133,Prepaid,none,0.3305,month_index (-0.48); property_type_Multi_Family (-0.28),APPROVE,0.934
LN002163,26,0.0945,0.139,0.0658,0.514,Prepaid,none,0.3368,month_index (-0.48); property_type_Multi_Family (-0.28),APPROVE,0.934
LN002163,27,0.0899,0.1377,0.0651,0.5069,Prepaid,none,0.3562,month_index (-0.45); property_type_Multi_Family (-0.28),APPROVE,0.935
LN002163,28,0.473,0.4607,0.098,0.5071,Current,none,0.5199,current_status_Current (+1.12); month_index (-0.45),ESCALATE,0.902
LN002172,13,0.1408,0.2579,0.1179,0.4978,Current,none,0.1208,original_balance (+0.43); combined_risk_index (-0.33),APPROVE,0.882
LN002172,14,0.1435,0.2764,0.1067,0.4962,Current,data_entry_error,0.3327,original_balance (+0.40); combined_risk_index (-0.36),APPROVE,0.893
LN002172,15,0.1219,0.217,0.1123,0.4972,Prepaid,none,0.1442,original_balance (+0.44); combined_risk_index (-0.33),APPROVE,0.888
LN002172,16,0.1127,0.1976,0.1045,0.4939,Prepaid,none,0.1623,original_balance (+0.44); combined_risk_index (-0.33),APPROVE,0.896
LN002172,17,0.507,0.4922,0.1602,0.4895,Current,data_entry_error,0.5048,current_status_Current (+1.11); combined_risk_index (-0.28),ESCALATE,0.84
LN002174,12,0.1845,0.2271,0.0729,0.5481,Prepaid,none,0.15,interest_rate (-0.76); current_balance (-0.29),APPROVE,0.927
LN002174,13,0.1674,0.2255,0.073,0.5491,Current,none,0.1611,interest_rate (-0.76); seasoning_pct (-0.32),APPROVE,0.927
LN002174,14,0.1596,0.2235,0.0725,0.55,Prepaid,stale_record,0.2164,interest_rate (-0.75); seasoning_pct (-0.32),APPROVE,0.927
LN002174,15,0.1542,0.2052,0.0716,0.5493,Prepaid,none,0.1908,interest_rate (-0.75); seasoning_pct (-0.40),APPROVE,0.928
LN002174,16,0.2876,0.3665,0.1025,0.5296,Current,data_entry_error,0.6064,current_status_Current (+1.09); interest_rate (-0.76),ESCALATE,0.897
LN002177,17,0.1386,0.2352,0.0901,0.4927,Current,none,0.0958,interest_rate (+0.56); combined_risk_index (-0.36),APPROVE,0.91
LN002177,18,0.146,0.2521,0.0967,0.4901,Current,suspicious_transition,0.3778,interest_rate (+0.54); current_status_Current (-0.36),APPROVE,0.903
LN002177,19,0.1094,0.2134,0.0709,0.5003,Prepaid,none,0.2879,combined_risk_index (-0.42); current_status_Current (-0.31),APPROVE,0.929
LN002177,20,0.1,0.1853,0.074,0.4916,Current,none,0.1576,interest_rate (+0.54); month_index (-0.47),APPROVE,0.926
LN002177,21,0.1014,0.1898,0.074,0.4919,Current,none,0.1824,interest_rate (+0.54); month_index (-0.47),APPROVE,0.926
LN002177,22,0.0992,0.2,0.074,0.4919,Current,none,0.2047,interest_rate (+0.54); month_index (-0.47),APPROVE,0.926
LN002177,23,0.5484,0.5493,0.1187,0.4596,Current,none,0.4168,current_status_Current (+1.03); month_index (-0.45),ESCALATE,0.881
LN002179,13,0.2908,0.4268,0.1256,0.5046,Prepaid,none,0.0621,state_MN (-0.59); combined_risk_index (+0.25),APPROVE,0.874
LN002179,14,0.2909,0.4096,0.1202,0.5046,Prepaid,none,0.0702,state_MN (-0.59); combined_risk_index (+0.25),APPROVE,0.88
LN002179,15,0.282,0.3741,0.1179,0.5039,Prepaid,none,0.0877,state_MN (-0.58); combined_risk_index (+0.25),APPROVE,0.882
LN002179,16,0.3036,0.3724,0.1168,0.5008,Prepaid,suspicious_transition,0.278,state_MN (-0.58); combined_risk_index (+0.27),APPROVE,0.883
LN002179,17,0.5954,0.5792,0.1422,0.4631,Current,none,0.3711,current_status_Current (+0.85); state_MN (-0.63),APPROVE,0.858
LN002182,8,0.1075,0.2199,0.0718,0.5254,Prepaid,none,0.0081,interest_rate (+0.55); state_IL (-0.40),APPROVE,0.928
LN002182,9,0.1101,0.2207,0.0714,0.5253,Prepaid,none,0.0095,interest_rate (+0.56); state_IL (-0.44),APPROVE,0.929
LN002182,10,0.1109,0.2286,0.0713,0.5257,Prepaid,none,0.0179,interest_rate (+0.56); state_IL (-0.45),APPROVE,0.929
LN002182,11,0.1281,0.2608,0.0786,0.5111,Current,none,0.0727,interest_rate (+0.58); dti_risk_tier (-0.35),APPROVE,0.921
LN002182,12,0.1114,0.2295,0.0701,0.529,Prepaid,none,0.0393,interest_rate (+0.58); state_IL (-0.45),APPROVE,0.93
LN002182,13,0.1106,0.2283,0.0699,0.5286,Prepaid,none,0.0457,interest_rate (+0.59); state_IL (-0.45),APPROVE,0.93
LN002182,14,0.1104,0.2263,0.0687,0.5284,Prepaid,stale_record,0.0982,interest_rate (+0.59); state_IL (-0.45),APPROVE,0.931
LN002182,15,0.1271,0.2391,0.0742,0.5082,Current,none,0.1093,interest_rate (+0.59); dti_risk_tier (-0.35),APPROVE,0.926
LN002182,16,0.1,0.1963,0.0663,0.5252,Prepaid,none,0.0835,interest_rate (+0.59); state_IL (-0.45),APPROVE,0.934
LN002182,17,0.1175,0.1829,0.0615,0.5143,Current,none,0.257,state_IL (-0.45); current_balance (-0.29),APPROVE,0.939
LN002182,18,0.0893,0.179,0.066,0.5209,Current,none,0.1138,interest_rate (+0.58); state_IL (-0.45),APPROVE,0.934
LN002182,19,0.0719,0.1556,0.0639,0.5209,Prepaid,none,0.1312,interest_rate (+0.57); state_IL (-0.43),APPROVE,0.936
LN002182,20,0.0707,0.1504,0.0612,0.5209,Prepaid,none,0.1574,interest_rate (+0.56); month_index (-0.47),APPROVE,0.939
LN002182,21,0.0694,0.1527,0.0612,0.5206,Prepaid,none,0.183,interest_rate (+0.56); month_index (-0.47),APPROVE,0.939
LN002182,22,0.0706,0.1635,0.0624,0.531,Current,none,0.2078,interest_rate (+0.52); state_IL (-0.49),APPROVE,0.938
LN002182,23,0.0675,0.1581,0.0613,0.5189,Prepaid,none,0.233,interest_rate (+0.55); month_index (-0.47),APPROVE,0.939
LN002185,12,0.0807,0.1514,0.1063,0.5039,Current,none,0.2773,state_MA (-0.51); combined_risk_index (+0.32),APPROVE,0.894
LN002185,13,0.0734,0.1489,0.1065,0.5035,Current,none,0.278,state_MA (-0.51); combined_risk_index (+0.32),APPROVE,0.894
LN002185,14,0.0687,0.1664,0.1083,0.504,Current,none,0.2939,state_MA (-0.51); combined_risk_index (+0.33),APPROVE,0.892
LN002185,15,0.0679,0.1596,0.1106,0.5035,Current,none,0.2987,state_MA (-0.51); combined_risk_index (+0.33),APPROVE,0.889
LN002185,16,0.3675,0.404,0.2364,0.4846,Current,source_conflict,0.633,current_status_Current (+1.13); state_MA (-0.51),ESCALATE,0.764
LN002190,7,0.3785,0.5071,0.1911,0.5303,Prepaid,none,0.083,combined_risk_index (+0.37); interest_rate (-0.30),WATCH_LIST,0.809
LN002190,8,0.3698,0.4828,0.184,0.5365,30DPD,none,0.085,combined_risk_index (+0.39); interest_rate (-0.34),WATCH_LIST,0.816
LN002190,9,0.2708,0.4909,0.1102,0.5444,Current,data_entry_error,0.347,interest_rate (-0.43); combined_risk_index (+0.36),APPROVE,0.89
LN002190,10,0.2885,0.4247,0.167,0.5382,Current,none,0.0999,combined_risk_index (+0.40); interest_rate (-0.34),WATCH_LIST,0.833
LN002190,11,0.2738,0.425,0.167,0.5382,Current,none,0.1131,combined_risk_index (+0.40); interest_rate (-0.34),WATCH_LIST,0.833
LN002190,12,0.7371,0.733,0.429,0.4457,Default,none,0.2452,current_status_Current (+1.40); remaining_term_months (-0.52),ESCALATE,0.571
LN002190,13,0.7066,0.717,0.3808,0.4555,60DPD,none,0.2136,current_status_Current (+1.34); remaining_term_months (-0.35),ESCALATE,0.619
LN002190,14,0.6991,0.6984,0.3789,0.4572,60DPD,none,0.2286,current_status_Current (+1.34); remaining_term_months (-0.35),ESCALATE,0.621
LN002190,15,0.5903,0.6043,0.2405,0.4887,Current,none,0.3866,current_status_Current (+1.11); seasoning_pct (-0.37),WATCH_LIST,0.76
LN002193,23,0.0782,0.2053,0.0782,0.5374,Current,none,0.2801,month_index (-0.51); seasoning_pct (-0.28),APPROVE,0.922
LN002193,24,0.11,0.2305,0.0773,0.5143,Current,none,0.3992,month_index (-0.38); current_status_Current (-0.31),APPROVE,0.923
LN002193,25,0.5388,0.6102,0.1364,0.515,Current,none,0.4873,current_status_Current (+1.21); month_index (-0.46),ESCALATE,0.864
LN002207,10,0.1535,0.2509,0.0996,0.4835,Current,none,0.2505,current_status_Current (-0.31); interest_rate (-0.25),APPROVE,0.9
LN002207,11,0.1973,0.2456,0.1012,0.4663,Current,none,0.0933,current_status_Current (-0.32); original_balance (-0.19),APPROVE,0.899
LN002207,12,0.2058,0.2515,0.1009,0.4626,Current,none,0.0965,current_status_Current (-0.32); seasoning_pct (-0.20),APPROVE,0.899
LN002207,13,0.1867,0.2567,0.0994,0.4611,Current,none,0.1055,current_status_Current (-0.31); seasoning_pct (-0.23),APPROVE,0.901
LN002207,14,0.186,0.2829,0.1237,0.4577,Current,none,0.1172,current_status_Current (-0.30); seasoning_pct (-0.23),APPROVE,0.876
LN002207,15,0.2064,0.2614,0.0948,0.4606,Current,none,0.1385,current_status_Current (-0.32); seasoning_pct (-0.31),APPROVE,0.905
LN002207,16,0.2133,0.3127,0.0943,0.4587,Current,none,0.1562,current_status_Current (-0.32); seasoning_pct (-0.31),APPROVE,0.906
LN002207,17,0.2155,0.323,0.0934,0.4568,Current,none,0.1801,current_status_Current (-0.32); seasoning_pct (-0.31),APPROVE,0.907
LN002207,18,0.2249,0.305,0.0927,0.4558,Current,none,0.1935,current_status_Current (-0.32); seasoning_pct (-0.31),APPROVE,0.907
LN002207,19,0.2382,0.2737,0.0864,0.4558,Current,none,0.2182,current_status_Current (-0.32); seasoning_pct (-0.31),APPROVE,0.914
LN002207,20,0.2301,0.2654,0.0819,0.4558,Current,none,0.2375,month_index (-0.49); current_status_Current (-0.32),APPROVE,0.918
LN002207,21,0.2194,0.2634,0.0819,0.4558,Current,none,0.2681,month_index (-0.49); current_status_Current (-0.32),APPROVE,0.918
LN002207,22,0.2194,0.2749,0.0819,0.4558,Current,stale_record,0.3237,month_index (-0.49); current_status_Current (-0.32),APPROVE,0.918
LN002207,23,0.2194,0.2749,0.0819,0.4558,Current,none,0.2975,month_index (-0.49); current_status_Current (-0.32),APPROVE,0.918
LN002207,24,0.2194,0.2749,0.0819,0.4558,Current,stale_record,0.3513,month_index (-0.49); current_status_Current (-0.32),APPROVE,0.918
LN002207,25,0.2224,0.2749,0.0819,0.4558,Current,none,0.3125,month_index (-0.49); current_status_Current (-0.32),APPROVE,0.918
LN002207,26,0.2224,0.2738,0.0813,0.4558,Current,none,0.3152,month_index (-0.49); current_status_Current (-0.31),APPROVE,0.919
LN002207,27,0.2193,0.2738,0.0813,0.4558,Current,none,0.3171,month_index (-0.49); current_status_Current (-0.31),APPROVE,0.919
LN002207,28,0.2194,0.2733,0.0813,0.4558,Current,none,0.3171,month_index (-0.49); current_status_Current (-0.31),APPROVE,0.919
LN002207,29,0.2194,0.2733,0.0813,0.4558,Current,none,0.3171,month_index (-0.49); current_status_Current (-0.31),APPROVE,0.919
LN002209,6,0.1126,0.2154,0.0747,0.5521,Prepaid,none,0.0761,combined_risk_index (-1.15); interest_rate (-0.65),APPROVE,0.925
LN002209,7,0.1141,0.2108,0.0732,0.5552,Prepaid,none,0.0775,combined_risk_index (-1.12); interest_rate (-0.66),APPROVE,0.927
LN002209,8,0.1154,0.2072,0.0845,0.5358,Prepaid,none,0.082,interest_rate (-0.74); combined_risk_index (-0.49),APPROVE,0.915
LN002209,9,0.1121,0.2036,0.0724,0.5583,Prepaid,none,0.0919,combined_risk_index (-1.11); interest_rate (-0.66),APPROVE,0.928
LN002209,10,0.112,0.2073,0.07,0.5594,Prepaid,none,0.098,combined_risk_index (-1.09); interest_rate (-0.66),APPROVE,0.93
LN002209,11,0.127,0.2166,0.0702,0.5598,Prepaid,none,0.1087,combined_risk_index (-1.08); interest_rate (-0.66),APPROVE,0.93
LN002209,12,0.1258,0.2203,0.0707,0.5602,Prepaid,none,0.1095,combined_risk_index (-1.08); interest_rate (-0.66),APPROVE,0.929
LN002209,13,0.516,0.457,0.1048,0.5489,Current,none,0.3542,combined_risk_index (-1.03); current_status_Current (+0.98),APPROVE,0.895
LN002211,17,0.1765,0.2802,0.1369,0.4364,Current,none,0.1454,original_balance (-0.47); interest_rate (-0.31),APPROVE,0.863
LN002211,18,0.6299,0.6038,0.2104,0.4216,60DPD,none,0.2098,current_status_Current (+0.96); original_balance (-0.41),WATCH_LIST,0.79
LN002211,19,0.143,0.2407,0.1275,0.4366,Current,none,0.18,original_balance (-0.47); interest_rate (-0.33),APPROVE,0.873
LN002211,20,0.1704,0.2899,0.1046,0.4514,Current,none,0.2054,original_balance (-0.50); month_index (-0.41),APPROVE,0.895
LN002211,21,0.1494,0.2369,0.1141,0.4368,Current,none,0.2313,original_balance (-0.46); month_index (-0.42),APPROVE,0.886
LN002211,22,0.1426,0.2079,0.1179,0.4402,Current,none,0.2763,original_balance (-0.55); month_index (-0.34),APPROVE,0.882
LN002211,23,0.1376,0.2804,0.1401,0.4656,Current,none,0.3686,month_index (-0.27); current_status_Current (-0.24),APPROVE,0.86
LN002211,24,0.1594,0.2957,0.105,0.4624,Current,none,0.2816,original_balance (-0.51); month_index (-0.41),APPROVE,0.895
LN002211,25,0.5848,0.5842,0.1646,0.43,Current,none,0.4765,current_status_Current (+0.95); month_index (-0.41),ESCALATE,0.835
LN002220,7,0.1336,0.1865,0.0661,0.5351,Prepaid,none,0.0649,interest_rate (-0.46); property_type_Multi_Family (-0.34),APPROVE,0.934
LN002220,8,0.134,0.1845,0.0657,0.5364,Prepaid,none,0.0668,interest_rate (-0.45); property_type_Multi_Family (-0.34),APPROVE,0.934
LN002220,9,0.5065,0.4594,0.1309,0.5122,Prepaid,none,0.1262,current_status_Current (+1.25); interest_rate (-0.34),APPROVE,0.869
LN002220,10,0.1066,0.2113,0.066,0.526,Current,data_entry_error,0.3427,interest_rate (-0.41); current_status_Current (-0.28),APPROVE,0.934
LN002220,11,0.4793,0.4754,0.1119,0.5038,60DPD,none,0.1443,current_status_Current (+1.23); interest_rate (-0.36),APPROVE,0.888
LN002220,12,0.1379,0.1989,0.0643,0.5327,Current,none,0.0985,interest_rate (-0.44); property_type_Multi_Family (-0.33),APPROVE,0.936
LN002220,13,0.1279,0.1987,0.064,0.5319,Current,none,0.1079,interest_rate (-0.44); property_type_Multi_Family (-0.33),APPROVE,0.936
LN002220,14,0.1283,0.2055,0.064,0.5319,Current,none,0.1175,interest_rate (-0.43); property_type_Multi_Family (-0.33),APPROVE,0.936
LN002220,15,0.1429,0.2008,0.0639,0.5315,Current,none,0.1382,interest_rate (-0.39); seasoning_pct (-0.33),APPROVE,0.936
LN002220,16,0.4819,0.538,0.1192,0.4826,30DPD,none,0.3447,current_status_Current (+1.22); ltv_risk_tier (-0.37),APPROVE,0.881
LN002220,17,0.6983,0.6385,0.1563,0.4893,30DPD,none,0.2633,current_status_Current (+1.30); ltv_risk_tier (-0.50),WATCH_LIST,0.844
LN002220,18,0.7188,0.65,0.1669,0.4888,Default,none,0.3073,current_status_Current (+1.31); ltv_risk_tier (-0.64),WATCH_LIST,0.833
LN002220,19,0.7241,0.6455,0.1567,0.4909,Current,none,0.4473,current_status_Current (+1.30); ltv_risk_tier (-0.53),ESCALATE,0.843
LN002231,8,0.6452,0.6083,0.2499,0.4793,60DPD,none,0.0546,current_status_Current (+0.94); days_past_due (-0.26),WATCH_LIST,0.75
LN002231,9,0.6506,0.6053,0.2464,0.4751,60DPD,none,0.0582,current_status_Current (+0.95); days_past_due (-0.26),WATCH_LIST,0.754
LN002231,10,0.7278,0.7102,0.366,0.4499,60DPD,none,0.2637,current_status_Current (+1.30); days_past_due (+0.28),ESCALATE,0.634
LN002231,11,0.7486,0.7335,0.4139,0.4386,Default,none,0.1844,current_status_Current (+1.41); days_past_due (+0.43),ESCALATE,0.586
LN002231,12,0.6297,0.5932,0.2192,0.4698,Current,none,0.2906,current_status_Current (+0.91); days_past_due (-0.28),WATCH_LIST,0.781
LN002237,10,0.1949,0.3001,0.0761,0.489,Prepaid,none,0.1043,current_status_Current (-0.37); original_balance (-0.24),APPROVE,0.924
LN002237,11,0.2079,0.3429,0.082,0.4965,Current,data_entry_error,0.3279,current_status_Current (-0.32); original_balance (-0.22),APPROVE,0.918
LN002237,12,0.1947,0.3159,0.0761,0.4796,Prepaid,none,0.1174,current_status_Current (-0.34); original_balance (-0.24),APPROVE,0.924
LN002237,13,0.1785,0.3176,0.0766,0.4775,Current,none,0.1294,current_status_Current (-0.34); current_balance (-0.23),APPROVE,0.923
LN002237,14,0.176,0.303,0.0777,0.4775,Prepaid,none,0.1394,current_status_Current (-0.34); original_balance (-0.21),APPROVE,0.922
LN002237,15,0.18,0.2907,0.0767,0.4769,Prepaid,none,0.159,current_status_Current (-0.34); seasoning_pct (-0.28),APPROVE,0.923
LN002237,16,0.1953,0.3013,0.0763,0.475,Prepaid,none,0.1778,current_status_Current (-0.34); seasoning_pct (-0.28),APPROVE,0.924
LN002237,17,0.1954,0.3141,0.0765,0.4744,Prepaid,none,0.1995,current_status_Current (-0.34); seasoning_pct (-0.28),APPROVE,0.923
LN002237,18,0.2079,0.3068,0.0765,0.4735,Prepaid,none,0.2133,current_status_Current (-0.34); seasoning_pct (-0.28),APPROVE,0.923
LN002237,19,0.222,0.3198,0.0754,0.4726,Current,none,0.2663,seasoning_pct (-0.34); current_status_Current (-0.34),APPROVE,0.925
LN002237,20,0.5754,0.5901,0.154,0.4543,30DPD,none,0.2904,current_status_Current (+1.46); month_index (-0.45),WATCH_LIST,0.846
LN002237,21,0.2133,0.2621,0.0671,0.4814,Prepaid,none,0.2847,month_index (-0.43); current_status_Current (-0.35),APPROVE,0.933
LN002237,22,0.231,0.306,0.0704,0.4735,Prepaid,none,0.2953,month_index (-0.44); current_status_Current (-0.34),APPROVE,0.93
LN002237,23,0.5238,0.5614,0.1537,0.455,Current,none,0.4905,current_status_Current (+1.46); month_index (-0.45),ESCALATE,0.846
LN002240,10,0.193,0.2651,0.0913,0.5191,Prepaid,none,0.0917,state_FL (-0.61); ltv_risk_tier (-0.32),APPROVE,0.909
LN002240,11,0.5638,0.5511,0.1659,0.5102,Current,none,0.2836,current_status_Current (+1.10); ltv_risk_tier (-0.49),WATCH_LIST,0.834
LN002242,10,0.7309,0.7137,0.2692,0.4511,Current,none,0.3442,current_status_Current (+1.34); ltv_risk_tier (-0.61),WATCH_LIST,0.731
LN002245,7,0.5319,0.5554,0.225,0.4648,30DPD,none,0.0773,current_status_Current (+0.90); days_past_due (-0.22),WATCH_LIST,0.775
LN002245,8,0.5329,0.5613,0.2339,0.4628,60DPD,none,0.2224,current_status_Current (+0.90); days_past_due (-0.21),WATCH_LIST,0.766
LN002245,9,0.1472,0.2842,0.2007,0.4794,Current,stale_record,0.2478,original_balance (+0.60); current_balance (+0.24),WATCH_LIST,0.799
LN002245,10,0.1525,0.3157,0.2044,0.4786,Current,stale_record,0.0963,original_balance (+0.60); current_balance (+0.28),WATCH_LIST,0.796
LN002245,11,0.146,0.3192,0.2016,0.4786,Current,none,0.0633,original_balance (+0.61); current_balance (+0.29),WATCH_LIST,0.798
LN002245,12,0.1486,0.3202,0.1947,0.4763,Current,none,0.0663,original_balance (+0.61); current_balance (+0.24),WATCH_LIST,0.805
LN002245,13,0.1832,0.3223,0.1795,0.4771,Current,stale_record,0.1396,original_balance (+0.61); current_balance (+0.24),WATCH_LIST,0.82
LN002245,14,0.1837,0.3101,0.1708,0.477,Current,none,0.0803,original_balance (+0.61); current_balance (+0.24),WATCH_LIST,0.829
LN002245,15,0.1754,0.2888,0.1668,0.4769,Current,none,0.0981,original_balance (+0.61); current_balance (+0.24),WATCH_LIST,0.833
LN002245,16,0.1585,0.2584,0.1648,0.4795,Current,none,0.1101,original_balance (+0.63); current_balance (+0.24),WATCH_LIST,0.835
LN002245,17,0.5348,0.5523,0.2063,0.4479,60DPD,none,0.1766,current_status_Current (+0.95); original_balance (+0.30),WATCH_LIST,0.794
LN002245,18,0.1303,0.2284,0.1567,0.4754,Current,source_conflict,0.2777,original_balance (+0.63); current_balance (+0.24),WATCH_LIST,0.843
LN002245,19,0.1015,0.2022,0.1475,0.4776,Current,none,0.1632,original_balance (+0.63); current_balance (+0.24),APPROVE,0.852
LN002245,20,0.1022,0.193,0.1234,0.4776,Current,none,0.1927,original_balance (+0.62); month_index (-0.41),APPROVE,0.877
LN002246,16,0.1435,0.2678,0.1379,0.5122,Current,none,0.1123,monthly_interest_accrual (-0.49); combined_risk_index (+0.37),APPROVE,0.862
LN002246,17,0.613,0.6134,0.2298,0.4733,Current,none,0.3704,current_status_Current (+0.99); monthly_interest_accrual (-0.50),WATCH_LIST,0.77
LN002249,22,0.0982,0.1711,0.0574,0.4446,Current,none,0.2107,combined_risk_index (-0.85); interest_rate (-0.61),APPROVE,0.943
LN002249,23,0.1022,0.1643,0.0573,0.4451,Current,none,0.2421,combined_risk_index (-0.85); interest_rate (-0.62),APPROVE,0.943
LN002249,24,0.0995,0.1643,0.0573,0.4464,Current,none,0.2554,combined_risk_index (-0.85); interest_rate (-0.62),APPROVE,0.943
LN002250,7,0.3031,0.4465,0.1039,0.4994,Current,none,0.0265,ltv_risk_tier (+0.30); current_status_Current (-0.24),APPROVE,0.896
LN002250,8,0.2809,0.4301,0.1023,0.4992,Current,stale_record,0.0757,ltv_risk_tier (+0.27); current_status_Current (-0.24),APPROVE,0.898
LN002250,9,0.2855,0.4298,0.101,0.5001,Current,none,0.0361,ltv_risk_tier (+0.26); current_status_Current (-0.25),APPROVE,0.899
LN002250,10,0.2648,0.4388,0.1055,0.4993,Prepaid,none,0.0444,ltv_risk_tier (+0.27); current_status_Current (-0.25),APPROVE,0.895
LN002250,11,0.277,0.4464,0.1024,0.5006,Current,none,0.0569,ltv_risk_tier (+0.27); current_status_Current (-0.25),APPROVE,0.898
LN002250,12,0.277,0.4411,0.1016,0.4998,Current,none,0.0584,ltv_risk_tier (+0.27); current_status_Current (-0.25),APPROVE,0.898
LN002250,13,0.6305,0.6258,0.185,0.4673,30DPD,none,0.114,current_status_Current (+1.05); interest_rate (-0.27),WATCH_LIST,0.815
LN002250,14,0.632,0.6273,0.1869,0.4663,60DPD,none,0.2586,current_status_Current (+1.08); interest_rate (-0.27),WATCH_LIST,0.813
LN002250,15,0.2451,0.384,0.0955,0.4969,Prepaid,stale_record,0.1341,ltv_risk_tier (+0.25); current_status_Current (-0.25),APPROVE,0.904
LN002250,16,0.2093,0.3342,0.0924,0.498,Prepaid,none,0.1003,ltv_risk_tier (+0.26); interest_rate (-0.26),APPROVE,0.908
LN002250,17,0.2058,0.3205,0.1059,0.485,Prepaid,source_conflict,0.253,combined_risk_index (+0.35); interest_rate (-0.26),APPROVE,0.894
LN002250,18,0.1845,0.2846,0.0853,0.4949,Prepaid,none,0.1322,interest_rate (-0.27); current_status_Current (-0.26),APPROVE,0.915
LN002250,19,0.1429,0.2397,0.0769,0.4949,Prepaid,none,0.1488,interest_rate (-0.28); current_status_Current (-0.27),APPROVE,0.923
LN002250,20,0.1301,0.2326,0.08,0.4939,Current,none,0.2077,month_index (-0.45); seasoning_pct (-0.32),APPROVE,0.92
LN002250,21,0.1446,0.2386,0.0727,0.4945,Prepaid,none,0.202,month_index (-0.51); interest_rate (-0.31),APPROVE,0.927
LN002250,22,0.136,0.2476,0.0727,0.4945,Prepaid,none,0.2277,month_index (-0.51); interest_rate (-0.31),APPROVE,0.927
LN002250,23,0.5296,0.5188,0.1085,0.4591,Current,none,0.4379,current_status_Current (+1.06); month_index (-0.46),ESCALATE,0.892
LN002252,6,0.0906,0.1764,0.059,0.5068,Current,none,0.0056,ltv_risk_tier (-0.97); combined_risk_index (-0.84),APPROVE,0.941
LN002252,7,0.0924,0.1768,0.059,0.5073,Current,none,0.0039,ltv_risk_tier (-0.97); combined_risk_index (-0.84),APPROVE,0.941
LN002252,8,0.1113,0.2179,0.0643,0.5241,Prepaid,none,0.0066,ltv_risk_tier (-0.90); combined_risk_index (-0.55),APPROVE,0.936
LN002252,9,0.0948,0.1742,0.0588,0.5081,Prepaid,none,0.0082,ltv_risk_tier (-0.97); combined_risk_index (-0.85),APPROVE,0.941
LN002252,10,0.0953,0.1788,0.0589,0.5082,Current,none,0.0168,ltv_risk_tier (-0.97); combined_risk_index (-0.86),APPROVE,0.941
LN002252,11,0.0974,0.1831,0.0587,0.5122,Current,none,0.0325,ltv_risk_tier (-0.99); combined_risk_index (-0.85),APPROVE,0.941
LN002252,12,0.3799,0.2976,0.0761,0.4751,Current,none,0.238,current_status_Current (+1.18); ltv_risk_tier (-1.06),APPROVE,0.924
LN002253,24,0.6517,0.6026,0.1794,0.4229,60DPD,none,0.3433,current_status_Current (+1.53); month_index (-0.43),WATCH_LIST,0.821
LN002253,25,0.715,0.7025,0.1587,0.4264,60DPD,none,0.4621,current_status_Current (+1.70); month_index (-0.47),ESCALATE,0.841
LN002253,26,0.6258,0.605,0.1685,0.4212,60DPD,none,0.3491,current_status_Current (+1.58); month_index (-0.43),WATCH_LIST,0.832
LN002253,27,0.1353,0.2425,0.0689,0.4382,Prepaid,none,0.3284,month_index (-0.47); combined_risk_index (-0.39),APPROVE,0.931
LN002253,28,0.1353,0.2425,0.0689,0.4382,Prepaid,none,0.3284,month_index (-0.47); combined_risk_index (-0.39),APPROVE,0.931
LN002253,29,0.6276,0.6069,0.1685,0.4212,60DPD,none,0.3511,current_status_Current (+1.58); month_index (-0.43),WATCH_LIST,0.832
LN002253,30,0.7241,0.7093,0.2081,0.427,Current,none,0.4778,current_status_Current (+1.72); month_index (-0.47),ESCALATE,0.792
LN002255,14,0.2268,0.41,0.0601,0.4855,Current,none,0.0719,combined_risk_index (-1.18); interest_rate (-0.69),APPROVE,0.94
LN002255,15,0.2647,0.381,0.0596,0.4871,Current,none,0.086,combined_risk_index (-1.20); interest_rate (-0.68),APPROVE,0.94
LN002255,16,0.1775,0.3069,0.0586,0.5174,Current,none,0.0993,combined_risk_index (-0.79); interest_rate (-0.78),APPROVE,0.941
LN002255,17,0.245,0.3416,0.0588,0.5131,Prepaid,none,0.1132,combined_risk_index (-1.19); interest_rate (-0.68),APPROVE,0.941
LN002255,18,0.688,0.6852,0.0629,0.4866,30DPD,none,0.1789,combined_risk_index (-1.16); interest_rate (-1.00),APPROVE,0.937
LN002255,19,0.6212,0.6232,0.0594,0.4839,Current,none,0.3702,interest_rate (-1.08); current_status_Current (+0.93),APPROVE,0.941
LN002256,20,0.5378,0.5507,0.15,0.4913,60DPD,none,0.2551,current_status_Current (+1.04); month_index (-0.46),APPROVE,0.85
LN002256,21,0.4866,0.5633,0.1492,0.4916,Current,none,0.4461,current_status_Current (+1.03); month_index (-0.46),ESCALATE,0.851
LN002259,19,0.2731,0.3393,0.069,0.4753,Prepaid,suspicious_transition,0.3868,state_MN (-0.39); original_balance (-0.39),APPROVE,0.931
LN002259,20,0.2358,0.3057,0.0671,0.4829,Prepaid,none,0.2107,month_index (-0.37); original_balance (-0.36),APPROVE,0.933
LN002259,21,0.2539,0.3479,0.0679,0.4753,Current,source_conflict,0.5593,month_index (-0.40); original_balance (-0.38),ESCALATE,0.932
LN002259,22,0.1659,0.2881,0.0804,0.4886,Current,data_entry_error,0.3939,state_MN (-0.39); month_index (-0.34),APPROVE,0.92
LN002259,23,0.2301,0.3306,0.0694,0.4824,Prepaid,none,0.2761,month_index (-0.37); original_balance (-0.35),APPROVE,0.931
LN002259,24,0.2247,0.3306,0.0694,0.4797,Prepaid,none,0.2869,month_index (-0.37); original_balance (-0.35),APPROVE,0.931
LN002259,25,0.2297,0.3207,0.0694,0.4797,Prepaid,none,0.295,month_index (-0.37); original_balance (-0.35),APPROVE,0.931
LN002259,26,0.6202,0.6178,0.0975,0.4442,Current,stale_record,0.5402,current_status_Current (+1.06); ltv_risk_tier (-0.37),ESCALATE,0.902
LN002260,10,0.1336,0.1969,0.0937,0.4899,Prepaid,stale_record,0.1134,current_status_Current (-0.30); state_CA (-0.29),APPROVE,0.906
LN002260,11,0.1256,0.1997,0.0912,0.495,Prepaid,none,0.0797,current_status_Current (-0.30); state_CA (-0.29),APPROVE,0.909
LN002260,12,0.1188,0.1888,0.0883,0.4955,Prepaid,none,0.0862,current_status_Current (-0.30); state_CA (-0.29),APPROVE,0.912
LN002260,13,0.1578,0.2943,0.0914,0.495,Current,data_entry_error,0.3965,interest_rate (-0.29); current_status_Current (-0.28),APPROVE,0.909
LN002260,14,0.1075,0.1841,0.0818,0.496,Prepaid,none,0.1092,current_status_Current (-0.30); state_CA (-0.29),APPROVE,0.918
LN002260,15,0.1034,0.1779,0.0806,0.4982,Current,none,0.1219,state_CA (-0.29); current_status_Current (-0.28),APPROVE,0.919
LN002260,16,0.0973,0.1629,0.0813,0.4959,Current,none,0.1462,current_status_Current (-0.28); seasoning_pct (-0.27),APPROVE,0.919
LN002260,17,0.0906,0.1517,0.0809,0.4941,Current,stale_record,0.2071,current_status_Current (-0.28); seasoning_pct (-0.27),APPROVE,0.919
LN002260,18,0.0802,0.143,0.0805,0.4925,Current,none,0.1746,seasoning_pct (-0.30); current_status_Current (-0.28),APPROVE,0.92
LN002260,19,0.071,0.1312,0.0758,0.4982,Current,stale_record,0.2405,seasoning_pct (-0.38); current_status_Current (-0.29),APPROVE,0.924
LN002260,20,0.5541,0.5251,0.1295,0.4593,Current,none,0.4371,current_status_Current (+1.23); month_index (-0.46),ESCALATE,0.87
LN002263,15,0.2378,0.3222,0.1062,0.5079,30DPD,none,0.2407,ltv_risk_tier (+0.29); current_status_Current (-0.27),APPROVE,0.894
LN002263,16,0.1495,0.2096,0.0981,0.4947,Current,none,0.0945,interest_rate (-0.52); ltv_risk_tier (+0.34),APPROVE,0.902
LN002263,17,0.137,0.1864,0.0942,0.4931,Current,none,0.1097,interest_rate (-0.51); ltv_risk_tier (+0.30),APPROVE,0.906
LN002263,18,0.1203,0.1851,0.092,0.4921,Current,none,0.126,interest_rate (-0.51); ltv_risk_tier (+0.30),APPROVE,0.908
LN002263,19,0.5423,0.5585,0.1465,0.4425,Current,none,0.3823,current_status_Current (+0.94); interest_rate (-0.56),APPROVE,0.854
LN002271,6,0.1719,0.2485,0.125,0.5105,Current,none,0.0014,current_status_Current (-0.30); state_MN (-0.30),APPROVE,0.875
LN002271,7,0.1712,0.2481,0.1245,0.5107,Current,none,0.0,current_status_Current (-0.30); state_MN (-0.30),APPROVE,0.875
LN002271,8,0.6601,0.6152,0.2968,0.4857,60DPD,source_conflict,0.1864,current_status_Current (+1.29); state_MN (-0.38),WATCH_LIST,0.703
LN002271,9,0.6581,0.6321,0.295,0.4835,30DPD,none,0.0556,current_status_Current (+1.29); state_MN (-0.38),WATCH_LIST,0.705
LN002271,10,0.167,0.2566,0.1228,0.5123,Current,none,0.0146,state_MN (-0.31); current_status_Current (-0.31),APPROVE,0.877
LN002271,11,0.1669,0.2596,0.1214,0.5147,Current,stale_record,0.0735,state_MN (-0.31); current_status_Current (-0.31),APPROVE,0.879
LN002271,12,0.1677,0.2595,0.1193,0.5207,Current,source_conflict,0.1696,state_MN (-0.31); current_status_Current (-0.31),APPROVE,0.881
LN002271,13,0.1697,0.2572,0.1187,0.5207,Current,none,0.0376,state_MN (-0.31); current_status_Current (-0.30),APPROVE,0.881
LN002271,14,0.1691,0.2387,0.1102,0.5207,Current,none,0.0475,current_status_Current (-0.30); state_MN (-0.29),APPROVE,0.89
LN002271,15,0.6371,0.6022,0.2571,0.4891,Current,none,0.3093,current_status_Current (+1.26); state_MN (-0.32),WATCH_LIST,0.743
LN002277,10,0.2307,0.3443,0.128,0.5137,Current,none,0.031,credit_risk_tier (-0.46); combined_risk_index (+0.39),APPROVE,0.872
LN002277,11,0.2352,0.3447,0.1295,0.5131,Current,none,0.0479,credit_risk_tier (-0.46); combined_risk_index (+0.39),APPROVE,0.871
LN002277,12,0.6408,0.6386,0.2301,0.476,Current,none,0.2992,current_status_Current (+1.11); credit_risk_tier (-0.47),WATCH_LIST,0.77
LN002279,10,0.1676,0.227,0.1615,0.5266,Prepaid,none,0.0202,original_balance (-0.54); state_VA (-0.44),WATCH_LIST,0.838
LN002279,11,0.1678,0.2269,0.16,0.5276,Prepaid,none,0.0357,original_balance (-0.54); state_VA (-0.44),WATCH_LIST,0.84
LN002279,12,0.1695,0.2263,0.1585,0.5285,Prepaid,none,0.0421,original_balance (-0.54); state_VA (-0.44),WATCH_LIST,0.842
LN002279,13,0.1656,0.2268,0.1571,0.5284,Prepaid,none,0.047,original_balance (-0.54); state_VA (-0.44),WATCH_LIST,0.843
LN002279,14,0.2047,0.2254,0.1416,0.5221,Prepaid,suspicious_transition,0.2734,original_balance (-0.58); state_VA (-0.44),APPROVE,0.858
LN002279,15,0.1668,0.2121,0.1373,0.527,Prepaid,none,0.0743,original_balance (-0.55); state_VA (-0.44),APPROVE,0.863
LN002279,16,0.1609,0.1984,0.1336,0.5255,Prepaid,stale_record,0.1348,original_balance (-0.56); state_VA (-0.44),APPROVE,0.866
LN002279,17,0.1539,0.1767,0.1275,0.5207,Prepaid,none,0.1058,original_balance (-0.56); state_VA (-0.44),APPROVE,0.873
LN002279,18,0.143,0.1662,0.1274,0.5206,Current,none,0.1206,original_balance (-0.56); state_VA (-0.44),APPROVE,0.873
LN002279,19,0.1015,0.1468,0.1141,0.5206,Prepaid,none,0.1394,original_balance (-0.56); state_VA (-0.44),APPROVE,0.886
LN002279,20,0.0945,0.1421,0.1143,0.5199,Prepaid,none,0.1652,original_balance (-0.57); month_index (-0.48),APPROVE,0.886
LN002279,21,0.5848,0.5869,0.1775,0.4889,Current,none,0.4092,current_status_Current (+1.28); original_balance (-0.54),ESCALATE,0.823
LN002280,7,0.2098,0.3714,0.2127,0.4967,Prepaid,none,0.0265,combined_risk_index (+0.24); ltv_risk_tier (+0.24),WATCH_LIST,0.787
LN002280,8,0.2263,0.3706,0.2164,0.4935,Prepaid,none,0.0299,combined_risk_index (+0.24); ltv_risk_tier (+0.23),WATCH_LIST,0.784
LN002280,9,0.2169,0.3735,0.2268,0.4917,Prepaid,none,0.0347,combined_risk_index (+0.24); ltv_risk_tier (+0.22),WATCH_LIST,0.773
LN002280,10,0.225,0.3575,0.1831,0.4931,Prepaid,data_entry_error,0.1448,combined_risk_index (+0.22); current_status_Current (-0.21),WATCH_LIST,0.817
LN002280,11,0.2227,0.4057,0.2215,0.4855,Prepaid,none,0.0562,combined_risk_index (+0.24); ltv_risk_tier (+0.22),WATCH_LIST,0.778
LN002280,12,0.2293,0.4144,0.2184,0.4762,Prepaid,none,0.0602,combined_risk_index (+0.24); ltv_risk_tier (+0.22),WATCH_LIST,0.782
LN002280,13,0.5622,0.5874,0.2162,0.4789,Current,data_entry_error,0.4205,current_status_Current (+0.82); days_past_due (-0.21),ESCALATE,0.784
LN002283,17,0.6376,0.6264,0.0597,0.5345,Prepaid,none,0.2137,interest_rate (-1.01); state_OH (-0.89),APPROVE,0.94
LN002283,18,0.6035,0.6154,0.0597,0.5363,Current,none,0.3929,interest_rate (-0.99); state_OH (-0.85),APPROVE,0.94
LN002286,11,0.3765,0.4823,0.1496,0.4563,Prepaid,none,0.1069,ltv_risk_tier (-0.59); state_LA (+0.46),APPROVE,0.85
LN002286,12,0.3579,0.4859,0.1424,0.4564,30DPD,none,0.1152,ltv_risk_tier (-0.59); state_LA (+0.46),APPROVE,0.858
LN002286,13,0.2552,0.4476,0.1258,0.4563,30DPD,none,0.1314,ltv_risk_tier (-0.59); state_LA (+0.46),APPROVE,0.874
LN002286,14,0.235,0.401,0.1231,0.4558,30DPD,none,0.1442,ltv_risk_tier (-0.58); state_LA (+0.47),APPROVE,0.877
LN002286,15,0.2239,0.4016,0.1214,0.4559,Current,none,0.1569,ltv_risk_tier (-0.58); state_LA (+0.47),APPROVE,0.879
LN002286,16,0.1981,0.3638,0.0932,0.4596,Prepaid,none,0.1806,ltv_risk_tier (-0.57); state_LA (+0.47),APPROVE,0.907
LN002286,17,0.2037,0.3722,0.1155,0.4539,Current,none,0.1984,ltv_risk_tier (-0.58); state_LA (+0.47),APPROVE,0.885
LN002286,18,0.208,0.2907,0.1165,0.4439,Current,none,0.24,ltv_risk_tier (-0.60); state_LA (+0.40),APPROVE,0.884
LN002286,19,0.1538,0.3168,0.1046,0.4541,Prepaid,source_conflict,0.3661,ltv_risk_tier (-0.58); state_LA (+0.47),APPROVE,0.895
LN002286,20,0.1552,0.3079,0.0995,0.4541,Current,none,0.2537,ltv_risk_tier (-0.61); month_index (-0.51),APPROVE,0.901
LN002288,16,0.2374,0.4042,0.0684,0.4551,Current,none,0.1327,combined_risk_index (-0.73); interest_rate (-0.40),APPROVE,0.932
LN002288,17,0.2289,0.3892,0.0681,0.4555,Current,none,0.1478,combined_risk_index (-0.73); interest_rate (-0.40),APPROVE,0.932
LN002288,18,0.201,0.3681,0.0699,0.4553,Current,none,0.1614,combined_risk_index (-0.73); interest_rate (-0.40),APPROVE,0.93
LN002288,19,0.1726,0.3417,0.069,0.455,Current,none,0.1804,combined_risk_index (-0.73); interest_rate (-0.43),APPROVE,0.931
LN002288,20,0.6861,0.7095,0.099,0.433,60DPD,none,0.2429,current_status_Current (+1.22); combined_risk_index (-0.71),APPROVE,0.901
LN002288,21,0.1789,0.328,0.0668,0.455,Current,none,0.23,combined_risk_index (-0.73); month_index (-0.47),APPROVE,0.933
LN002288,22,0.6665,0.7015,0.0973,0.4336,Current,none,0.4363,current_status_Current (+1.22); combined_risk_index (-0.71),ESCALATE,0.903
LN002295,7,0.1375,0.2664,0.0807,0.5183,Current,none,0.164,combined_risk_index (-0.67); current_status_Current (-0.28),APPROVE,0.919
LN002295,8,0.133,0.2369,0.0624,0.5248,Current,none,0.0141,combined_risk_index (-0.87); interest_rate (-0.74),APPROVE,0.938
LN002295,9,0.1297,0.2235,0.0624,0.5254,Prepaid,none,0.0161,combined_risk_index (-0.87); interest_rate (-0.74),APPROVE,0.938
LN002295,10,0.1277,0.216,0.0623,0.5267,Prepaid,none,0.0248,combined_risk_index (-0.88); interest_rate (-0.73),APPROVE,0.938
LN002295,11,0.125,0.2139,0.062,0.5266,Prepaid,none,0.0402,combined_risk_index (-0.88); interest_rate (-0.71),APPROVE,0.938
LN002295,12,0.1183,0.221,0.0643,0.5311,Current,none,0.0827,combined_risk_index (-0.85); interest_rate (-0.67),APPROVE,0.936
LN002295,13,0.1073,0.2049,0.0619,0.5309,Prepaid,stale_record,0.0962,combined_risk_index (-0.87); interest_rate (-0.70),APPROVE,0.938
LN002295,14,0.1062,0.1959,0.0615,0.533,Prepaid,stale_record,0.1021,combined_risk_index (-0.86); interest_rate (-0.70),APPROVE,0.938
LN002295,15,0.1071,0.1891,0.0613,0.5326,Prepaid,none,0.0723,combined_risk_index (-0.86); interest_rate (-0.69),APPROVE,0.939
LN002295,16,0.1019,0.1734,0.0638,0.5319,Current,none,0.0857,interest_rate (-0.71); combined_risk_index (-0.47),APPROVE,0.936
LN002295,17,0.5422,0.5278,0.0759,0.4951,30DPD,stale_record,0.2035,current_status_Current (+1.15); combined_risk_index (-0.72),APPROVE,0.924
LN002295,18,0.6932,0.6522,0.0957,0.4803,Current,data_entry_error,0.6062,current_status_Current (+1.23); interest_rate (-0.80),ESCALATE,0.904
LN002300,6,0.3659,0.5345,0.2315,0.4916,30DPD,none,0.1273,state_CA (-0.47); monthly_interest_accrual (+0.47),WATCH_LIST,0.769
LN002300,7,0.3637,0.5198,0.2292,0.5018,30DPD,none,0.1219,monthly_interest_accrual (+0.48); state_CA (-0.47),WATCH_LIST,0.771
LN002300,8,0.3436,0.4906,0.2557,0.5099,Current,none,0.1196,monthly_interest_accrual (+0.46); original_balance (+0.46),WATCH_LIST,0.744
LN002300,9,0.3997,0.5447,0.2825,0.5164,30DPD,suspicious_transition,0.3606,monthly_interest_accrual (+0.46); original_balance (+0.43),WATCH_LIST,0.718
LN002300,10,0.3866,0.5128,0.2616,0.5179,30DPD,suspicious_transition,0.2928,original_balance (+0.44); monthly_interest_accrual (+0.44),WATCH_LIST,0.738
LN002300,11,0.6491,0.6813,0.3326,0.4942,Current,none,0.3967,current_status_Current (+0.91); original_balance (+0.36),WATCH_LIST,0.667
LN002301,19,0.7321,0.7366,0.1254,0.426,Default,none,0.4076,current_status_Current (+1.44); combined_risk_index (-1.10),ESCALATE,0.875
LN002301,20,0.1894,0.3071,0.0595,0.4539,Current,none,0.199,combined_risk_index (-1.06); ltv_risk_tier (-0.52),APPROVE,0.94
LN002301,21,0.1894,0.3054,0.0598,0.4536,Current,none,0.2294,combined_risk_index (-1.06); ltv_risk_tier (-0.52),APPROVE,0.94
LN002305,12,0.1524,0.2863,0.1368,0.5187,Prepaid,stale_record,0.0864,monthly_interest_accrual (-0.26); current_status_Current (-0.24),APPROVE,0.863
LN002305,13,0.1736,0.3225,0.1545,0.511,Current,none,0.0841,current_status_Current (-0.23); interest_rate (+0.19),WATCH_LIST,0.845
LN002305,14,0.1517,0.2809,0.1137,0.5188,Prepaid,none,0.0552,monthly_interest_accrual (-0.26); current_status_Current (-0.24),APPROVE,0.886
LN002305,15,0.1469,0.2662,0.1097,0.518,Prepaid,none,0.0726,monthly_interest_accrual (-0.27); current_status_Current (-0.24),APPROVE,0.89
LN002305,16,0.1437,0.2414,0.1045,0.5151,Prepaid,source_conflict,0.2226,monthly_interest_accrual (-0.27); current_status_Current (-0.24),APPROVE,0.895
LN002305,17,0.7338,0.7174,0.3435,0.4475,Default,none,0.2055,current_status_Current (+1.43); days_past_due (+0.26),WATCH_LIST,0.656
LN002305,18,0.6315,0.6214,0.191,0.4663,60DPD,none,0.1731,current_status_Current (+1.05); days_past_due (-0.28),WATCH_LIST,0.809
LN002305,19,0.6336,0.6305,0.1607,0.4663,60DPD,none,0.1892,current_status_Current (+1.07); days_past_due (-0.28),WATCH_LIST,0.839
LN002305,20,0.634,0.6286,0.1393,0.4676,60DPD,none,0.218,current_status_Current (+1.08); month_index (-0.44),APPROVE,0.861
LN002305,21,0.5818,0.5963,0.1377,0.4681,Current,none,0.4074,current_status_Current (+1.07); month_index (-0.44),ESCALATE,0.862
LN002309,15,0.632,0.6826,0.2524,0.4482,Current,none,0.4308,ltv_risk_tier (-0.82); current_status_Current (+0.77),ESCALATE,0.748
LN002318,7,0.7543,0.7532,0.4144,0.4328,60DPD,none,0.1725,current_status_Current (+1.32); interest_rate (-0.74),ESCALATE,0.586
LN002318,8,0.7436,0.7483,0.4023,0.4289,Current,none,0.3651,current_status_Current (+1.28); interest_rate (-0.71),ESCALATE,0.598
LN002319,14,0.5573,0.5144,0.1946,0.5214,60DPD,none,0.113,current_status_Current (+1.35); interest_rate (-0.55),WATCH_LIST,0.805
LN002319,15,0.5493,0.5098,0.1928,0.5205,60DPD,none,0.1285,current_status_Current (+1.35); interest_rate (-0.54),WATCH_LIST,0.807
LN002319,16,0.0845,0.122,0.0808,0.5469,Prepaid,none,0.0864,interest_rate (-0.62); combined_risk_index (-0.53),APPROVE,0.919
LN002319,17,0.0888,0.1224,0.0815,0.539,Prepaid,none,0.1415,interest_rate (-0.57); combined_risk_index (-0.49),APPROVE,0.918
LN002319,18,0.5283,0.5414,0.1962,0.5074,30DPD,data_entry_error,0.4034,current_status_Current (+1.13); interest_rate (-0.47),ESCALATE,0.804
LN002319,19,0.5295,0.4794,0.163,0.5215,60DPD,stale_record,0.2321,current_status_Current (+1.37); interest_rate (-0.53),WATCH_LIST,0.837
LN002319,20,0.0636,0.11,0.0722,0.5475,Prepaid,none,0.1626,interest_rate (-0.65); combined_risk_index (-0.50),APPROVE,0.928
LN002319,21,0.064,0.1127,0.0722,0.5473,Current,none,0.1873,interest_rate (-0.65); combined_risk_index (-0.50),APPROVE,0.928
LN002319,22,0.0821,0.1487,0.0721,0.5377,Prepaid,none,0.3408,combined_risk_index (-0.55); month_index (-0.35),APPROVE,0.928
LN002319,23,0.0613,0.1135,0.0703,0.5473,Prepaid,none,0.2451,interest_rate (-0.69); combined_risk_index (-0.50),APPROVE,0.93
LN002319,24,0.4061,0.4267,0.1208,0.5239,Current,none,0.4366,current_status_Current (+1.31); interest_rate (-0.65),ESCALATE,0.879
LN002321,10,0.1025,0.1383,0.0622,0.5463,Prepaid,none,0.1164,combined_risk_index (-0.83); interest_rate (-0.82),APPROVE,0.938
LN002321,11,0.1223,0.1442,0.0621,0.5451,Prepaid,stale_record,0.192,interest_rate (-0.83); combined_risk_index (-0.83),APPROVE,0.938
LN002321,12,0.1302,0.1436,0.0628,0.5477,Prepaid,none,0.1265,combined_risk_index (-0.83); interest_rate (-0.82),APPROVE,0.937
LN002321,13,0.1332,0.1402,0.0625,0.5481,Prepaid,stale_record,0.1831,combined_risk_index (-0.83); interest_rate (-0.82),APPROVE,0.938
LN002321,14,0.1252,0.1303,0.0628,0.5496,Prepaid,none,0.1461,combined_risk_index (-0.83); interest_rate (-0.81),APPROVE,0.937
LN002321,15,0.1198,0.1282,0.0629,0.55,Prepaid,none,0.1606,combined_risk_index (-0.83); interest_rate (-0.77),APPROVE,0.937
LN002321,16,0.118,0.1445,0.0629,0.5519,Prepaid,none,0.1801,combined_risk_index (-0.83); interest_rate (-0.77),APPROVE,0.937
LN002321,17,0.4842,0.423,0.0824,0.5445,Prepaid,none,0.2455,current_status_Current (+1.15); interest_rate (-0.91),APPROVE,0.918
LN002321,18,0.6471,0.5518,0.1089,0.5497,90DPD,none,0.2908,current_status_Current (+1.42); combined_risk_index (-0.78),APPROVE,0.891
LN002321,19,0.6709,0.5533,0.0976,0.5497,90DPD,none,0.3046,current_status_Current (+1.42); combined_risk_index (-0.78),APPROVE,0.902
LN002321,20,0.6473,0.5183,0.1057,0.5502,Default,none,0.3456,current_status_Current (+1.47); combined_risk_index (-0.82),APPROVE,0.894
LN002321,21,0.6715,0.537,0.1,0.5494,Current,none,0.4605,current_status_Current (+1.45); combined_risk_index (-0.79),ESCALATE,0.9
LN002322,7,0.1608,0.2808,0.0979,0.5677,Prepaid,source_conflict,0.2194,credit_risk_tier (-0.27); current_status_Current (-0.27),APPROVE,0.902
LN002322,8,0.2129,0.3557,0.1296,0.5717,Prepaid,none,0.0848,current_status_Current (-0.27); monthly_interest_accrual (+0.15),APPROVE,0.87
LN002322,9,0.2198,0.3576,0.1287,0.5749,Prepaid,none,0.0918,current_status_Current (-0.27); monthly_interest_accrual (+0.14),APPROVE,0.871
LN002322,10,0.2451,0.3548,0.1283,0.5785,Prepaid,none,0.1031,current_status_Current (-0.28); monthly_interest_accrual (+0.14),APPROVE,0.872
LN002322,11,0.2726,0.3511,0.129,0.5803,Prepaid,stale_record,0.1612,current_status_Current (-0.27); monthly_interest_accrual (+0.14),APPROVE,0.871
LN002322,12,0.6296,0.5842,0.2389,0.564,60DPD,none,0.1783,current_status_Current (+1.13); days_past_due (-0.22),WATCH_LIST,0.761
LN002322,13,0.6077,0.5681,0.2398,0.5656,60DPD,none,0.1823,current_status_Current (+1.13); days_past_due (-0.22),WATCH_LIST,0.76
LN002322,14,0.5971,0.5626,0.2366,0.5646,30DPD,none,0.2046,current_status_Current (+1.13); days_past_due (-0.22),WATCH_LIST,0.763
LN002322,15,0.5952,0.5498,0.232,0.5644,30DPD,none,0.2219,current_status_Current (+1.13); days_past_due (-0.22),WATCH_LIST,0.768
LN002322,16,0.7312,0.7185,0.3591,0.5205,90DPD,none,0.2618,current_status_Current (+1.43); days_past_due (+0.26),ESCALATE,0.641
LN002322,17,0.1513,0.2383,0.1178,0.578,Prepaid,none,0.1949,current_status_Current (-0.27); monthly_interest_accrual (+0.17),APPROVE,0.882
LN002322,18,0.1692,0.2427,0.1281,0.572,Current,suspicious_transition,0.3938,current_status_Current (-0.37); monthly_interest_accrual (+0.17),APPROVE,0.872
LN002322,19,0.1121,0.2005,0.104,0.5773,Prepaid,source_conflict,0.3629,current_status_Current (-0.28); month_index (-0.19),APPROVE,0.896
LN002322,20,0.1139,0.2054,0.0918,0.5773,Prepaid,none,0.2505,month_index (-0.51); current_status_Current (-0.28),APPROVE,0.908
LN002322,21,0.1139,0.2237,0.0918,0.574,Prepaid,none,0.2671,month_index (-0.52); current_status_Current (-0.28),APPROVE,0.908
LN002322,22,0.1115,0.2372,0.0918,0.574,Prepaid,stale_record,0.3279,month_index (-0.52); current_status_Current (-0.27),APPROVE,0.908
LN002322,23,0.515,0.5543,0.173,0.5625,Current,none,0.5026,current_status_Current (+1.13); month_index (-0.44),ESCALATE,0.827
LN002329,15,0.5886,0.5859,0.0849,0.4725,30DPD,none,0.1288,current_status_Current (+1.18); ltv_risk_tier (-0.66),APPROVE,0.915
LN002329,16,0.5918,0.5832,0.084,0.4707,30DPD,none,0.142,current_status_Current (+1.19); ltv_risk_tier (-0.66),APPROVE,0.916
LN002329,17,0.5539,0.5419,0.0832,0.4692,30DPD,none,0.1554,current_status_Current (+1.20); ltv_risk_tier (-0.66),APPROVE,0.917
LN002329,18,0.6806,0.6594,0.1138,0.4429,90DPD,none,0.2154,current_status_Current (+1.34); ltv_risk_tier (-0.85),APPROVE,0.886
LN002329,19,0.6571,0.6389,0.1067,0.4627,30DPD,data_entry_error,0.4736,current_status_Current (+1.29); ltv_risk_tier (-0.77),ESCALATE,0.893
LN002329,20,0.6679,0.6597,0.0785,0.4459,60DPD,none,0.2523,current_status_Current (+1.34); ltv_risk_tier (-0.85),APPROVE,0.922
LN002329,21,0.5484,0.5648,0.0684,0.4743,60DPD,stale_record,0.3,current_status_Current (+1.15); ltv_risk_tier (-0.65),APPROVE,0.932
LN002329,22,0.5433,0.5541,0.0677,0.4701,60DPD,none,0.254,current_status_Current (+1.12); ltv_risk_tier (-0.65),APPROVE,0.932
LN002329,23,0.6462,0.645,0.0761,0.4408,60DPD,none,0.4194,current_status_Current (+1.31); ltv_risk_tier (-0.85),ESCALATE,0.924
LN002329,24,0.6842,0.641,0.0862,0.4329,Default,none,0.356,current_status_Current (+1.33); ltv_risk_tier (-1.03),APPROVE,0.914
LN002329,25,0.6525,0.647,0.0758,0.4402,60DPD,stale_record,0.3675,current_status_Current (+1.31); ltv_risk_tier (-0.86),APPROVE,0.924
LN002329,26,0.6766,0.6366,0.0858,0.432,Default,none,0.3622,current_status_Current (+1.33); ltv_risk_tier (-1.03),APPROVE,0.914
LN002329,27,0.6772,0.6387,0.0858,0.432,60DPD,none,0.3667,current_status_Current (+1.33); ltv_risk_tier (-1.03),APPROVE,0.914
LN002330,7,0.1661,0.2519,0.0918,0.5338,Current,none,0.0101,state_OH (-1.00); current_status_Current (-0.24),APPROVE,0.908
LN002330,8,0.573,0.59,0.1428,0.5158,Current,none,0.268,state_OH (-1.19); current_status_Current (+1.02),APPROVE,0.857
LN002332,14,0.743,0.7256,0.4503,0.4538,Prepaid,stale_record,0.2921,current_status_Current (+1.70); days_past_due (+0.37),ESCALATE,0.55
LN002332,15,0.7341,0.718,0.4362,0.4677,Current,none,0.414,current_status_Current (+1.64); days_past_due (+0.37),ESCALATE,0.564
LN002336,10,0.1052,0.1673,0.0658,0.5248,Prepaid,none,0.0276,combined_risk_index (-0.86); interest_rate (-0.54),APPROVE,0.934
LN002336,11,0.1052,0.1863,0.0655,0.5257,Prepaid,none,0.043,combined_risk_index (-0.86); interest_rate (-0.53),APPROVE,0.934
LN002336,12,0.5849,0.5834,0.0908,0.522,60DPD,stale_record,0.1474,current_status_Current (+1.14); combined_risk_index (-0.81),APPROVE,0.909
LN002336,13,0.0909,0.1843,0.0664,0.5318,Prepaid,none,0.0532,combined_risk_index (-0.85); state_AZ (-0.52),APPROVE,0.934
LN002336,14,0.0897,0.1733,0.0665,0.5341,Prepaid,none,0.0586,combined_risk_index (-0.84); state_AZ (-0.52),APPROVE,0.934
LN002336,15,0.0904,0.1725,0.0658,0.5348,Prepaid,none,0.0741,combined_risk_index (-0.84); state_AZ (-0.52),APPROVE,0.934
LN002336,16,0.0893,0.168,0.0653,0.5355,Prepaid,stale_record,0.1318,combined_risk_index (-0.85); state_AZ (-0.52),APPROVE,0.935
LN002336,17,0.0849,0.1671,0.0645,0.5336,Prepaid,none,0.102,combined_risk_index (-0.83); state_AZ (-0.51),APPROVE,0.935
LN002336,18,0.0887,0.1589,0.0644,0.5327,Prepaid,none,0.119,combined_risk_index (-0.83); state_AZ (-0.51),APPROVE,0.936
LN002336,19,0.0804,0.1497,0.063,0.5326,Prepaid,source_conflict,0.2718,combined_risk_index (-0.81); interest_rate (-0.49),APPROVE,0.937
LN002336,20,0.0799,0.1501,0.0615,0.5326,Current,none,0.1597,combined_risk_index (-0.80); interest_rate (-0.48),APPROVE,0.939
LN002336,21,0.0808,0.1508,0.0619,0.5324,Current,none,0.1836,combined_risk_index (-0.80); interest_rate (-0.49),APPROVE,0.938
LN002336,22,0.0797,0.157,0.0616,0.5324,Current,none,0.2087,combined_risk_index (-0.80); interest_rate (-0.48),APPROVE,0.938
LN002336,23,0.0791,0.1549,0.0615,0.5286,Current,none,0.2384,combined_risk_index (-0.80); interest_rate (-0.49),APPROVE,0.938
LN002336,24,0.077,0.1549,0.0615,0.5309,Current,none,0.252,combined_risk_index (-0.80); interest_rate (-0.49),APPROVE,0.938
LN002336,25,0.0751,0.1549,0.0615,0.5309,Current,none,0.2608,combined_risk_index (-0.80); interest_rate (-0.49),APPROVE,0.938
LN002336,26,0.0744,0.153,0.0614,0.5317,Current,none,0.2729,combined_risk_index (-0.80); interest_rate (-0.49),APPROVE,0.939
LN002336,27,0.1006,0.1991,0.0654,0.5327,Current,none,0.389,combined_risk_index (-0.73); original_balance (-0.37),APPROVE,0.935
LN002336,28,0.0744,0.1509,0.0614,0.5318,Current,none,0.2798,combined_risk_index (-0.81); interest_rate (-0.49),APPROVE,0.939
LN002336,29,0.0744,0.1509,0.0612,0.5315,Current,none,0.2798,combined_risk_index (-0.81); interest_rate (-0.49),APPROVE,0.939
LN002340,6,0.2029,0.2962,0.1406,0.5446,Prepaid,source_conflict,0.1871,current_status_Current (-0.27); current_balance (-0.21),APPROVE,0.859
LN002340,7,0.2025,0.2924,0.1416,0.5448,Prepaid,stale_record,0.0508,current_status_Current (-0.27); current_balance (-0.23),APPROVE,0.858
LN002340,8,0.1951,0.2888,0.1375,0.5454,Prepaid,none,0.0086,current_status_Current (-0.28); current_balance (-0.23),APPROVE,0.862
LN002340,9,0.1947,0.284,0.1279,0.5465,Prepaid,none,0.0111,current_status_Current (-0.28); state_CT (-0.25),APPROVE,0.872
LN002340,10,0.61,0.5857,0.2466,0.515,Current,none,0.278,current_status_Current (+1.17); state_CT (-0.26),WATCH_LIST,0.753
LN002341,8,0.1054,0.2008,0.0672,0.499,Current,none,0.0074,combined_risk_index (-1.51); interest_rate (-0.40),APPROVE,0.933
LN002341,9,0.1043,0.2031,0.0686,0.4978,Current,stale_record,0.0565,combined_risk_index (-1.50); interest_rate (-0.40),APPROVE,0.931
LN002341,10,0.1026,0.2033,0.0688,0.4976,Current,none,0.0202,combined_risk_index (-1.52); interest_rate (-0.38),APPROVE,0.931
LN002341,11,0.1031,0.2049,0.0701,0.4983,Current,none,0.0356,combined_risk_index (-1.49); interest_rate (-0.36),APPROVE,0.93
LN002341,12,0.1008,0.205,0.0704,0.4964,Current,none,0.0392,combined_risk_index (-1.49); interest_rate (-0.36),APPROVE,0.93
LN002341,13,0.1002,0.2042,0.0729,0.497,Current,none,0.0433,combined_risk_index (-1.48); interest_rate (-0.36),APPROVE,0.927
LN002341,14,0.6177,0.5784,0.138,0.4643,30DPD,none,0.1037,combined_risk_index (-1.39); current_status_Current (+1.14),APPROVE,0.862
LN002341,15,0.6154,0.5738,0.1315,0.4634,30DPD,none,0.122,combined_risk_index (-1.39); current_status_Current (+1.12),APPROVE,0.868
LN002341,16,0.0962,0.1793,0.0695,0.4951,Current,stale_record,0.1239,combined_risk_index (-1.48); interest_rate (-0.35),APPROVE,0.93
LN002341,17,0.0868,0.1637,0.0667,0.4933,Current,none,0.0942,combined_risk_index (-1.46); interest_rate (-0.33),APPROVE,0.933
LN002341,18,0.0795,0.1594,0.0667,0.4923,Current,none,0.1126,combined_risk_index (-1.46); interest_rate (-0.33),APPROVE,0.933
LN002341,19,0.0685,0.1384,0.0646,0.4923,Current,none,0.1306,combined_risk_index (-1.45); interest_rate (-0.33),APPROVE,0.935
LN002345,9,0.2175,0.2863,0.0938,0.583,Current,stale_record,0.1697,interest_rate (-0.34); state_CO (-0.31),APPROVE,0.906
LN002345,10,0.1866,0.2772,0.0947,0.5835,30DPD,none,0.1277,interest_rate (-0.35); state_CO (-0.30),APPROVE,0.905
LN002345,11,0.17,0.288,0.0947,0.5831,Current,none,0.1389,interest_rate (-0.35); state_CO (-0.30),APPROVE,0.905
LN002345,12,0.4643,0.4653,0.2016,0.5503,Current,none,0.37,current_status_Current (+1.12); state_CO (-0.33),WATCH_LIST,0.798
LN002346,14,0.1349,0.2606,0.1335,0.5055,Current,none,0.0785,ltv_risk_tier (-0.22); current_status_Current (-0.22),APPROVE,0.867
LN002346,15,0.1306,0.2385,0.131,0.5054,Current,none,0.0952,ltv_risk_tier (-0.22); current_status_Current (-0.22),APPROVE,0.869
LN002346,16,0.1209,0.2148,0.1289,0.5041,Current,none,0.1073,ltv_risk_tier (-0.23); current_status_Current (-0.22),APPROVE,0.871
LN002346,17,0.5325,0.5466,0.1663,0.4623,Current,none,0.3643,current_status_Current (+0.93); ltv_risk_tier (-0.28),WATCH_LIST,0.834
LN002351,10,0.7283,0.715,0.1838,0.4695,60DPD,none,0.2022,current_status_Current (+1.09); remaining_term_months (-0.42),WATCH_LIST,0.816
LN002351,11,0.584,0.6191,0.1621,0.4703,Current,source_conflict,0.5265,current_status_Current (+0.98); ltv_risk_tier (-0.28),ESCALATE,0.838
LN002353,10,0.1805,0.2363,0.1413,0.5385,Prepaid,none,0.1317,original_balance (+0.47); current_status_Current (-0.28),APPROVE,0.859
LN002353,11,0.6704,0.623,0.2962,0.5365,60DPD,none,0.1774,current_status_Current (+1.04); original_balance (+0.35),WATCH_LIST,0.704
LN002353,12,0.7358,0.7116,0.3441,0.507,60DPD,none,0.2225,current_status_Current (+1.23); original_balance (+0.31),WATCH_LIST,0.656
LN002353,13,0.749,0.7304,0.3483,0.5122,Default,source_conflict,0.4066,current_status_Current (+1.28); combined_risk_index (-0.42),ESCALATE,0.652
LN002353,14,0.7479,0.7224,0.4031,0.5043,Current,none,0.4247,current_status_Current (+1.36); original_balance (+0.37),ESCALATE,0.597
LN002359,18,0.7347,0.7229,0.3753,0.4231,Default,none,0.2992,current_status_Current (+1.38); remaining_term_months (-0.29),ESCALATE,0.625
LN002359,19,0.7367,0.7251,0.3629,0.4229,Default,none,0.3079,current_status_Current (+1.41); current_status_90DPD (+0.29),ESCALATE,0.637
LN002359,20,0.7356,0.7203,0.3209,0.4257,Current,stale_record,0.4835,current_status_Current (+1.40); month_index (-0.51),ESCALATE,0.679
LN002360,11,0.7016,0.7279,0.3724,0.4912,Current,none,0.3607,current_status_Current (+1.35); days_past_due (+0.37),ESCALATE,0.628
LN002361,16,0.1772,0.2293,0.0646,0.5085,Current,none,0.1677,ltv_risk_tier (-0.90); combined_risk_index (-0.80),APPROVE,0.935
LN002361,17,0.1801,0.2383,0.0644,0.5065,Current,none,0.1907,ltv_risk_tier (-0.90); combined_risk_index (-0.80),APPROVE,0.936
LN002361,18,0.175,0.2314,0.0644,0.5055,Current,none,0.2043,ltv_risk_tier (-0.90); combined_risk_index (-0.80),APPROVE,0.936
LN002361,19,0.1233,0.1982,0.0642,0.5081,Current,none,0.2265,ltv_risk_tier (-0.90); combined_risk_index (-0.80),APPROVE,0.936
LN002361,20,0.5636,0.5233,0.0713,0.4887,Current,none,0.4389,ltv_risk_tier (-1.07); current_status_Current (+1.04),ESCALATE,0.929
LN002362,9,0.6051,0.5761,0.2703,0.5177,Current,none,0.3244,current_status_Current (+1.19); monthly_interest_accrual (-0.61),WATCH_LIST,0.73
LN002365,10,0.6151,0.6496,0.221,0.472,60DPD,none,0.0755,current_status_Current (+1.10); ltv_risk_tier (-0.92),WATCH_LIST,0.779
LN002365,11,0.6093,0.6221,0.194,0.4704,60DPD,none,0.0886,current_status_Current (+1.09); ltv_risk_tier (-0.93),WATCH_LIST,0.806
LN002365,12,0.5607,0.6152,0.185,0.4735,Current,none,0.2985,current_status_Current (+1.09); ltv_risk_tier (-0.93),WATCH_LIST,0.815
LN002366,14,0.1054,0.1913,0.075,0.5178,Prepaid,none,0.0531,interest_rate (-0.41); current_status_Current (-0.29),APPROVE,0.925
LN002366,15,0.1042,0.1812,0.0742,0.5175,Prepaid,none,0.071,interest_rate (-0.41); current_status_Current (-0.28),APPROVE,0.926
LN002366,16,0.0994,0.1671,0.0728,0.5155,Prepaid,none,0.0844,interest_rate (-0.36); current_status_Current (-0.29),APPROVE,0.927
LN002366,17,0.0909,0.156,0.0711,0.5121,Current,source_conflict,0.2805,interest_rate (-0.36); current_status_Current (-0.29),APPROVE,0.929
LN002366,18,0.5819,0.5493,0.1247,0.4784,60DPD,none,0.1674,current_status_Current (+1.24); interest_rate (-0.34),APPROVE,0.875
LN002366,19,0.6885,0.6593,0.1874,0.4628,60DPD,none,0.2317,current_status_Current (+1.61); days_past_due (+0.28),WATCH_LIST,0.813
LN002366,20,0.586,0.5636,0.0914,0.4799,60DPD,none,0.2077,current_status_Current (+1.25); month_index (-0.46),APPROVE,0.909
LN002366,21,0.6815,0.654,0.1488,0.4627,60DPD,none,0.3879,current_status_Current (+1.60); month_index (-0.50),APPROVE,0.851
LN002366,22,0.0662,0.1369,0.0632,0.5127,Current,none,0.2121,month_index (-0.50); interest_rate (-0.28),APPROVE,0.937
LN002366,23,0.0879,0.1749,0.0683,0.4959,Current,stale_record,0.284,month_index (-0.48); interest_rate (-0.43),APPROVE,0.932
LN002366,24,0.0674,0.147,0.0642,0.5065,Current,none,0.2527,month_index (-0.50); interest_rate (-0.36),APPROVE,0.936
LN002366,25,0.0674,0.1433,0.0642,0.5065,Current,none,0.2624,month_index (-0.50); interest_rate (-0.36),APPROVE,0.936
LN002366,26,0.0674,0.1403,0.0642,0.5065,Current,none,0.2747,month_index (-0.50); interest_rate (-0.36),APPROVE,0.936
LN002366,27,0.0667,0.1402,0.0655,0.5065,Current,none,0.2816,month_index (-0.50); interest_rate (-0.36),APPROVE,0.934
LN002366,28,0.0667,0.1391,0.0655,0.5065,Current,none,0.2806,month_index (-0.50); interest_rate (-0.36),APPROVE,0.934
LN002366,29,0.0673,0.1391,0.0651,0.5063,Current,none,0.2806,month_index (-0.50); seasoning_pct (-0.40),APPROVE,0.935
LN002366,30,0.0674,0.1391,0.0657,0.5063,Current,none,0.2814,month_index (-0.50); seasoning_pct (-0.36),APPROVE,0.934
LN002366,31,0.0674,0.1391,0.0657,0.5064,Current,none,0.2822,month_index (-0.50); seasoning_pct (-0.36),APPROVE,0.934
LN002366,32,0.0673,0.1407,0.0656,0.5055,Current,stale_record,0.3283,month_index (-0.50); seasoning_pct (-0.36),APPROVE,0.934
LN002366,33,0.0673,0.1416,0.0656,0.5055,Current,none,0.2833,month_index (-0.50); seasoning_pct (-0.36),APPROVE,0.934
LN002375,6,0.173,0.2676,0.1335,0.5169,Prepaid,none,0.0901,state_LA (+0.53); original_balance (-0.50),APPROVE,0.866
LN002375,7,0.1939,0.2719,0.1351,0.5175,Prepaid,none,0.0887,state_LA (+0.54); original_balance (-0.49),APPROVE,0.865
LN002375,8,0.178,0.248,0.1845,0.5102,Prepaid,data_entry_error,0.1928,original_balance (-0.55); state_LA (+0.53),WATCH_LIST,0.815
LN002375,9,0.4979,0.5935,0.1671,0.5152,Current,none,0.3411,current_status_Current (+0.93); original_balance (-0.41),WATCH_LIST,0.833
LN002379,6,0.1919,0.2755,0.1986,0.5299,Prepaid,none,0.0077,current_status_Current (-0.27); original_balance (+0.25),WATCH_LIST,0.801
LN002379,7,0.1871,0.2736,0.1951,0.5301,Prepaid,none,0.0074,current_status_Current (-0.27); original_balance (+0.25),WATCH_LIST,0.805
LN002379,8,0.1835,0.2719,0.1904,0.5299,Prepaid,none,0.0107,current_status_Current (-0.27); original_balance (+0.22),WATCH_LIST,0.81
LN002379,9,0.6656,0.6519,0.3627,0.5035,60DPD,none,0.2064,current_status_Current (+1.13); monthly_interest_accrual (-0.21),ESCALATE,0.637
LN002379,10,0.6632,0.6267,0.3645,0.502,Default,none,0.0678,current_status_Current (+1.14); monthly_interest_accrual (-0.21),ESCALATE,0.635
LN002379,11,0.6733,0.6535,0.3642,0.4996,60DPD,stale_record,0.1274,current_status_Current (+1.13); original_balance (+0.19),ESCALATE,0.636
LN002379,12,0.7411,0.7312,0.4323,0.4874,Current,none,0.3565,current_status_Current (+1.46); days_past_due (+0.34),ESCALATE,0.568
LN002383,12,0.5101,0.581,0.1342,0.4665,Current,none,0.2828,state_OH (-1.25); current_status_Current (+0.87),APPROVE,0.866
LN002384,21,0.1278,0.2353,0.0633,0.535,Current,none,0.2737,month_index (-0.49); original_balance (-0.46),APPROVE,0.937
LN002384,22,0.5764,0.5671,0.1047,0.4916,Current,none,0.4759,current_status_Current (+1.48); month_index (-0.47),ESCALATE,0.895
LN002387,20,0.1374,0.1706,0.0576,0.4747,Current,none,0.2507,combined_risk_index (-0.92); interest_rate (-0.63),APPROVE,0.942
LN002387,21,0.1413,0.1706,0.0576,0.4747,Current,none,0.277,combined_risk_index (-0.92); interest_rate (-0.63),APPROVE,0.942
LN002387,22,0.1153,0.1493,0.0588,0.4841,Current,source_conflict,0.5333,combined_risk_index (-0.89); original_balance (-0.65),ESCALATE,0.941
LN002387,23,0.141,0.1767,0.0576,0.4768,Current,none,0.3141,combined_risk_index (-0.92); interest_rate (-0.63),APPROVE,0.942
LN002387,24,0.1318,0.1758,0.0576,0.4768,Current,none,0.3241,combined_risk_index (-0.92); interest_rate (-0.63),APPROVE,0.942
LN002387,25,0.1318,0.1731,0.0576,0.4768,Current,none,0.3298,combined_risk_index (-0.92); interest_rate (-0.62),APPROVE,0.942
LN002387,26,0.1291,0.1731,0.0576,0.4768,Current,none,0.3328,combined_risk_index (-0.92); interest_rate (-0.62),APPROVE,0.942
LN002387,27,0.1535,0.1972,0.0577,0.476,Current,suspicious_transition,0.4698,combined_risk_index (-0.92); interest_rate (-0.62),ESCALATE,0.942
LN002387,28,0.1584,0.186,0.0592,0.4876,Current,data_entry_error,0.4611,combined_risk_index (-0.96); interest_rate (-0.72),ESCALATE,0.941
LN002387,29,0.1291,0.1731,0.0576,0.4768,Current,source_conflict,0.4698,combined_risk_index (-0.92); interest_rate (-0.62),ESCALATE,0.942
LN002387,30,0.1291,0.1731,0.0576,0.4768,Current,none,0.3343,combined_risk_index (-0.92); interest_rate (-0.62),APPROVE,0.942
LN002387,31,0.1325,0.1818,0.061,0.4858,Current,stale_record,0.3793,interest_rate (-0.62); original_balance (-0.51),APPROVE,0.939
LN002387,32,0.1291,0.1731,0.0576,0.4768,Current,none,0.3343,combined_risk_index (-0.92); interest_rate (-0.62),APPROVE,0.942
LN002387,33,0.1314,0.1694,0.0576,0.4772,Current,none,0.3343,combined_risk_index (-0.92); interest_rate (-0.62),APPROVE,0.942
LN002387,34,0.1314,0.1694,0.0576,0.4772,Current,none,0.3343,combined_risk_index (-0.92); interest_rate (-0.63),APPROVE,0.942
LN002397,10,0.193,0.2649,0.1368,0.5317,Prepaid,none,0.0655,interest_rate (-0.41); combined_risk_index (-0.30),APPROVE,0.863
LN002397,11,0.1997,0.263,0.1363,0.5316,Prepaid,none,0.075,interest_rate (-0.40); combined_risk_index (-0.30),APPROVE,0.864
LN002397,12,0.1867,0.2581,0.1335,0.529,Prepaid,none,0.081,interest_rate (-0.40); combined_risk_index (-0.30),APPROVE,0.866
LN002397,13,0.6543,0.6173,0.2572,0.5012,Current,none,0.355,current_status_Current (+1.22); interest_rate (-0.40),WATCH_LIST,0.743
LN002401,7,0.2096,0.3104,0.1073,0.5639,Current,source_conflict,0.2892,state_CO (-0.48); combined_risk_index (+0.31),APPROVE,0.893
LN002401,8,0.2192,0.3117,0.1113,0.5657,Current,none,0.1529,state_CO (-0.45); combined_risk_index (+0.32),APPROVE,0.889
LN002401,9,0.6301,0.5477,0.2136,0.5128,60DPD,none,0.2016,current_status_Current (+1.09); state_CO (-0.40),WATCH_LIST,0.786
LN002401,10,0.7322,0.7053,0.3304,0.4915,90DPD,none,0.24,current_status_Current (+1.40); state_CO (-0.39),WATCH_LIST,0.67
LN002401,11,0.7485,0.7217,0.3943,0.4788,Default,none,0.2927,current_status_Current (+1.49); days_past_due (+0.41),ESCALATE,0.606
LN002401,12,0.751,0.7218,0.3962,0.4817,Default,none,0.308,current_status_Current (+1.49); days_past_due (+0.41),ESCALATE,0.604
LN002401,13,0.7393,0.7114,0.362,0.503,Current,stale_record,0.4859,current_status_Current (+1.48); days_past_due (+0.40),ESCALATE,0.638
LN002402,19,0.1732,0.1943,0.0869,0.4705,30DPD,none,0.2842,original_balance (-0.31); interest_rate (-0.29),APPROVE,0.913
LN002402,20,0.5874,0.5431,0.1191,0.4451,60DPD,stale_record,0.2868,current_status_Current (+0.96); month_index (-0.42),APPROVE,0.881
LN002402,21,0.618,0.5452,0.1093,0.4442,60DPD,none,0.2278,current_status_Current (+0.94); month_index (-0.47),APPROVE,0.891
LN002402,22,0.1281,0.1813,0.0851,0.4552,Current,stale_record,0.2483,month_index (-0.54); interest_rate (-0.39),APPROVE,0.915
LN002402,23,0.1305,0.1834,0.0851,0.4537,Current,none,0.2342,month_index (-0.54); interest_rate (-0.39),APPROVE,0.915
LN002402,24,0.1303,0.1824,0.0851,0.4546,Current,none,0.2479,month_index (-0.54); interest_rate (-0.39),APPROVE,0.915
LN002402,25,0.1303,0.1824,0.0851,0.4546,Current,none,0.2566,month_index (-0.54); interest_rate (-0.39),APPROVE,0.915
LN002402,26,0.1213,0.1804,0.085,0.4546,Prepaid,none,0.2686,month_index (-0.54); seasoning_pct (-0.40),APPROVE,0.915
LN002402,27,0.1244,0.1775,0.085,0.4554,Prepaid,none,0.2754,month_index (-0.54); seasoning_pct (-0.40),APPROVE,0.915
LN002402,28,0.1244,0.1797,0.085,0.4554,Current,stale_record,0.3429,month_index (-0.54); seasoning_pct (-0.40),APPROVE,0.915
LN002402,29,0.1555,0.2122,0.0805,0.4691,Current,none,0.381,seasoning_pct (-0.42); month_index (-0.36),APPROVE,0.92
LN002402,30,0.1244,0.1806,0.0846,0.4547,Prepaid,none,0.2762,month_index (-0.54); monthly_interest_accrual (-0.49),APPROVE,0.915
LN002402,31,0.1244,0.1806,0.0846,0.4547,Prepaid,none,0.2754,month_index (-0.54); monthly_interest_accrual (-0.49),APPROVE,0.915
LN002402,32,0.13,0.1906,0.0846,0.4547,Prepaid,none,0.2754,month_index (-0.54); monthly_interest_accrual (-0.49),APPROVE,0.915
LN002402,33,0.6562,0.6093,0.1858,0.4345,Current,source_conflict,0.596,current_status_Current (+1.38); monthly_interest_accrual (-0.57),ESCALATE,0.814
LN002406,7,0.1153,0.1578,0.0683,0.535,Current,none,0.0681,ltv_risk_tier (-0.64); interest_rate (-0.34),APPROVE,0.932
LN002406,8,0.1206,0.159,0.0677,0.5354,Prepaid,none,0.0695,ltv_risk_tier (-0.64); interest_rate (-0.34),APPROVE,0.932
LN002406,9,0.5245,0.4795,0.1238,0.5043,Current,none,0.3289,current_status_Current (+1.20); ltv_risk_tier (-0.77),APPROVE,0.876
LN002416,9,0.1891,0.2652,0.0975,0.5721,Prepaid,source_conflict,0.2248,interest_rate (-0.45); combined_risk_index (+0.31),APPROVE,0.902
LN002416,10,0.156,0.243,0.0888,0.5733,Prepaid,none,0.0978,interest_rate (-0.45); combined_risk_index (+0.33),APPROVE,0.911
LN002416,11,0.1479,0.2385,0.0885,0.5723,Current,none,0.1109,interest_rate (-0.45); combined_risk_index (+0.33),APPROVE,0.911
LN002416,12,0.1563,0.2398,0.0885,0.5725,Prepaid,none,0.1136,interest_rate (-0.45); seasoning_pct (-0.33),APPROVE,0.911
LN002416,13,0.5265,0.4816,0.1307,0.5381,Current,none,0.3456,current_status_Current (+0.80); state_IL (-0.49),APPROVE,0.869
LN002422,10,0.1403,0.2645,0.0813,0.5196,Prepaid,none,0.1093,interest_rate (-0.76); combined_risk_index (-0.38),APPROVE,0.919
LN002422,11,0.1613,0.2738,0.0822,0.52,Current,none,0.1195,interest_rate (-0.77); combined_risk_index (-0.38),APPROVE,0.918
LN002422,12,0.162,0.2702,0.0898,0.512,Prepaid,none,0.1203,interest_rate (-0.66); seasoning_pct (-0.29),APPROVE,0.91
LN002422,13,0.1547,0.2726,0.0807,0.5177,Prepaid,none,0.1286,interest_rate (-0.77); combined_risk_index (-0.38),APPROVE,0.919
LN002422,14,0.133,0.2348,0.0783,0.5187,Prepaid,none,0.1356,interest_rate (-0.78); combined_risk_index (-0.38),APPROVE,0.922
LN002422,15,0.1273,0.2287,0.0763,0.5192,Prepaid,none,0.1535,interest_rate (-0.76); combined_risk_index (-0.38),APPROVE,0.924
LN002422,16,0.1263,0.2533,0.0759,0.5198,Prepaid,none,0.1738,interest_rate (-0.76); combined_risk_index (-0.38),APPROVE,0.924
LN002422,17,0.1198,0.2464,0.0748,0.5209,Prepaid,none,0.1954,interest_rate (-0.75); combined_risk_index (-0.38),APPROVE,0.925
LN002422,18,0.11,0.2341,0.0748,0.5203,Prepaid,stale_record,0.2532,interest_rate (-0.75); combined_risk_index (-0.38),APPROVE,0.925
LN002422,19,0.1147,0.2078,0.0712,0.5202,Prepaid,none,0.2288,interest_rate (-0.76); combined_risk_index (-0.38),APPROVE,0.929
LN002422,20,0.1209,0.2559,0.098,0.5003,Prepaid,none,0.3557,month_index (-0.35); current_status_Current (-0.30),APPROVE,0.902
LN002422,21,0.1224,0.2023,0.0692,0.5202,Prepaid,none,0.269,interest_rate (-0.75); month_index (-0.48),APPROVE,0.931
LN002422,22,0.1224,0.2104,0.0692,0.5202,Prepaid,none,0.283,interest_rate (-0.75); month_index (-0.48),APPROVE,0.931
LN002422,23,0.5919,0.6044,0.0932,0.5018,Current,none,0.4825,current_status_Current (+1.10); interest_rate (-0.92),ESCALATE,0.907
LN002427,17,0.1006,0.1885,0.0711,0.4519,Current,none,0.0997,combined_risk_index (-0.88); current_status_Current (-0.30),APPROVE,0.929
LN002427,18,0.0944,0.1758,0.0709,0.4525,Current,none,0.1163,combined_risk_index (-0.88); current_status_Current (-0.30),APPROVE,0.929
LN002428,8,0.1464,0.262,0.1061,0.5241,Current,source_conflict,0.2281,current_status_Current (-0.31); current_balance (-0.25),APPROVE,0.894
LN002428,9,0.5987,0.58,0.2302,0.494,Current,none,0.3247,current_status_Current (+1.29); current_balance (-0.22),WATCH_LIST,0.77
LN002429,9,0.6854,0.6753,0.265,0.5196,30DPD,none,0.1141,current_status_Current (+0.81); days_past_due (-0.26),WATCH_LIST,0.735
LN002429,10,0.6822,0.674,0.2642,0.5164,30DPD,none,0.1226,current_status_Current (+0.81); days_past_due (-0.26),WATCH_LIST,0.736
LN002429,11,0.3323,0.4878,0.1655,0.5441,30DPD,none,0.0823,interest_rate (+0.30); current_status_Current (-0.21),WATCH_LIST,0.835
LN002429,12,0.2993,0.4651,0.1651,0.5446,30DPD,none,0.0848,interest_rate (+0.30); remaining_term_months (-0.21),WATCH_LIST,0.835
LN002429,13,0.2777,0.4318,0.1486,0.5444,Prepaid,none,0.0979,interest_rate (+0.30); seasoning_pct (-0.26),APPROVE,0.851
LN002429,14,0.566,0.542,0.1592,0.5197,Current,none,0.3492,current_status_Current (+1.08); combined_risk_index (-0.49),WATCH_LIST,0.841
LN002431,10,0.1654,0.2584,0.088,0.5125,Current,source_conflict,0.161,monthly_interest_accrual (-0.66); interest_rate (-0.62),APPROVE,0.912
LN002431,11,0.1683,0.2807,0.087,0.5149,Current,none,0.0407,monthly_interest_accrual (-0.65); interest_rate (-0.61),APPROVE,0.913
LN002431,12,0.1683,0.2782,0.0855,0.5163,Current,none,0.0438,monthly_interest_accrual (-0.65); interest_rate (-0.61),APPROVE,0.915
LN002431,13,0.1828,0.2779,0.0851,0.5194,Current,none,0.049,monthly_interest_accrual (-0.65); interest_rate (-0.60),APPROVE,0.915
LN002431,14,0.1881,0.2724,0.0809,0.5212,Current,none,0.056,monthly_interest_accrual (-0.63); interest_rate (-0.60),APPROVE,0.919
LN002431,15,0.1772,0.2522,0.0798,0.5206,Prepaid,source_conflict,0.2513,monthly_interest_accrual (-0.63); interest_rate (-0.59),APPROVE,0.92
LN002431,16,0.5958,0.5505,0.2296,0.4734,60DPD,none,0.177,current_status_Current (+1.20); interest_rate (-0.50),WATCH_LIST,0.77
LN002431,17,0.7309,0.6779,0.2121,0.4737,90DPD,none,0.2022,current_status_Current (+1.51); monthly_interest_accrual (-0.72),WATCH_LIST,0.788
LN002431,18,0.7312,0.6795,0.2133,0.4733,90DPD,none,0.215,current_status_Current (+1.51); monthly_interest_accrual (-0.72),WATCH_LIST,0.787
LN002431,19,0.7339,0.6851,0.275,0.4646,60DPD,none,0.2818,current_status_Current (+1.63); monthly_interest_accrual (-0.69),WATCH_LIST,0.725
LN002431,20,0.7356,0.6876,0.1309,0.4691,60DPD,none,0.2528,current_status_Current (+1.53); monthly_interest_accrual (-0.72),APPROVE,0.869
LN002431,21,0.7356,0.6899,0.1217,0.469,60DPD,none,0.2767,current_status_Current (+1.52); monthly_interest_accrual (-0.67),APPROVE,0.878
LN002431,22,0.7248,0.6798,0.2087,0.4641,60DPD,stale_record,0.3787,current_status_Current (+1.62); monthly_interest_accrual (-0.68),WATCH_LIST,0.791
LN002431,23,0.7154,0.6753,0.1875,0.4724,Current,none,0.4547,current_status_Current (+1.58); monthly_interest_accrual (-0.70),ESCALATE,0.813
LN002433,13,0.2021,0.2893,0.1446,0.4551,Prepaid,stale_record,0.1131,combined_risk_index (+0.40); current_status_Current (-0.26),APPROVE,0.855
LN002433,14,0.6341,0.593,0.2571,0.4275,60DPD,none,0.1414,current_status_Current (+1.12); combined_risk_index (+0.24),WATCH_LIST,0.743
LN002433,15,0.6379,0.5749,0.2523,0.4272,30DPD,source_conflict,0.2958,current_status_Current (+1.12); combined_risk_index (+0.24),WATCH_LIST,0.748
LN002433,16,0.1925,0.276,0.1347,0.4551,Current,none,0.1063,combined_risk_index (+0.39); current_status_Current (-0.26),APPROVE,0.865
LN002433,17,0.1729,0.2628,0.1331,0.4527,Current,stale_record,0.1652,combined_risk_index (+0.39); current_status_Current (-0.26),APPROVE,0.867
LN002433,18,0.1551,0.2457,0.1308,0.4514,Current,none,0.1389,combined_risk_index (+0.39); current_status_Current (-0.26),APPROVE,0.869
LN002433,19,0.135,0.2287,0.1165,0.4514,Current,none,0.1567,combined_risk_index (+0.41); current_status_Current (-0.26),APPROVE,0.884
LN002433,20,0.1341,0.2293,0.1017,0.4514,Current,none,0.1801,month_index (-0.49); combined_risk_index (+0.41),APPROVE,0.898
LN002433,21,0.5992,0.5903,0.1727,0.4272,60DPD,none,0.3765,current_status_Current (+1.13); month_index (-0.43),WATCH_LIST,0.827
LN002433,22,0.7162,0.7133,0.2362,0.4122,60DPD,none,0.3012,current_status_Current (+1.40); month_index (-0.44),WATCH_LIST,0.764
LN002437,6,0.139,0.2343,0.0801,0.5258,Current,none,0.063,current_status_Current (-0.32); interest_rate (-0.29),APPROVE,0.92
LN002437,7,0.1257,0.2266,0.0778,0.5317,Prepaid,none,0.0631,current_status_Current (-0.32); interest_rate (-0.30),APPROVE,0.922
LN002437,8,0.1253,0.2258,0.077,0.533,Current,none,0.0654,current_status_Current (-0.33); interest_rate (-0.30),APPROVE,0.923
LN002437,9,0.1169,0.2169,0.0759,0.533,Prepaid,none,0.075,current_status_Current (-0.33); interest_rate (-0.30),APPROVE,0.924
LN002437,10,0.5268,0.5638,0.1607,0.5018,Current,none,0.2729,current_status_Current (+1.39); interest_rate (-0.30),WATCH_LIST,0.839
LN002442,15,0.1804,0.266,0.0938,0.4857,Current,none,0.0821,current_status_Current (-0.29); current_balance (-0.29),APPROVE,0.906
LN002442,16,0.1763,0.2394,0.0908,0.4883,Current,none,0.0942,current_status_Current (-0.29); current_balance (-0.29),APPROVE,0.909
LN002442,17,0.6075,0.5305,0.1918,0.4657,60DPD,none,0.1635,current_status_Current (+1.30); current_balance (-0.24),WATCH_LIST,0.808
LN002442,18,0.1707,0.2135,0.0877,0.4896,Current,none,0.1279,current_status_Current (-0.30); current_balance (-0.29),APPROVE,0.912
LN002442,19,0.1317,0.1837,0.0807,0.4896,Current,source_conflict,0.2841,current_status_Current (-0.31); current_balance (-0.29),APPROVE,0.919
LN002442,20,0.1293,0.1753,0.0751,0.4901,Current,none,0.1767,month_index (-0.47); current_status_Current (-0.30),APPROVE,0.925
LN002442,21,0.1314,0.1768,0.0751,0.4894,Current,none,0.2026,month_index (-0.47); current_status_Current (-0.30),APPROVE,0.925
LN002442,22,0.1127,0.1652,0.0761,0.4897,Current,none,0.2215,month_index (-0.47); current_status_Current (-0.30),APPROVE,0.924
LN002442,23,0.1127,0.1702,0.0764,0.4897,Current,stale_record,0.2911,month_index (-0.47); current_status_Current (-0.30),APPROVE,0.924
LN002442,24,0.1086,0.1702,0.0764,0.4885,Current,none,0.2566,month_index (-0.47); current_status_Current (-0.30),APPROVE,0.924
LN002442,25,0.1086,0.1659,0.0764,0.4885,Current,stale_record,0.3099,month_index (-0.47); current_status_Current (-0.30),APPROVE,0.924
LN002442,26,0.1083,0.1696,0.0764,0.4885,Current,none,0.2752,month_index (-0.47); current_status_Current (-0.30),APPROVE,0.924
LN002442,27,0.1077,0.168,0.0764,0.4898,Current,none,0.2823,month_index (-0.47); current_status_Current (-0.30),APPROVE,0.924
LN002443,6,0.3745,0.4993,0.1611,0.5456,Prepaid,none,0.0468,original_balance (-0.50); combined_risk_index (+0.36),WATCH_LIST,0.839
LN002443,7,0.3834,0.4955,0.181,0.5461,Prepaid,none,0.0509,original_balance (-0.49); combined_risk_index (+0.36),WATCH_LIST,0.819
LN002443,8,0.3776,0.492,0.1863,0.5465,Current,none,0.0539,original_balance (-0.49); combined_risk_index (+0.37),WATCH_LIST,0.814
LN002443,9,0.3627,0.4849,0.182,0.5468,Prepaid,none,0.0552,original_balance (-0.49); combined_risk_index (+0.37),WATCH_LIST,0.818
LN002443,10,0.3918,0.4846,0.1836,0.5493,Prepaid,none,0.062,original_balance (-0.49); combined_risk_index (+0.38),WATCH_LIST,0.816
LN002443,11,0.3961,0.491,0.1842,0.5406,Prepaid,none,0.0787,original_balance (-0.49); combined_risk_index (+0.38),WATCH_LIST,0.816
LN002443,12,0.6903,0.6931,0.2688,0.493,Current,none,0.3354,current_status_Current (+0.93); original_balance (-0.47),WATCH_LIST,0.731
LN002444,7,0.1106,0.1769,0.1008,0.5104,Current,none,0.0758,ltv_risk_tier (-0.68); state_LA (+0.36),APPROVE,0.899
LN002444,8,0.3992,0.4991,0.1408,0.495,Current,none,0.4404,current_status_Current (+0.88); ltv_risk_tier (-0.74),ESCALATE,0.859
LN002445,11,0.6187,0.6431,0.3578,0.4915,Current,none,0.2972,current_status_Current (+0.90); combined_risk_index (+0.29),ESCALATE,0.642
LN002450,16,0.6611,0.6226,0.2294,0.4734,30DPD,none,0.1814,current_status_Current (+1.30); state_TN (-0.61),WATCH_LIST,0.771
LN002450,17,0.6398,0.5963,0.2135,0.4715,30DPD,none,0.1966,current_status_Current (+1.31); state_TN (-0.61),WATCH_LIST,0.786
LN002450,18,0.6536,0.6051,0.2079,0.4716,30DPD,none,0.2057,current_status_Current (+1.31); state_TN (-0.61),WATCH_LIST,0.792
LN002450,19,0.1207,0.183,0.101,0.4822,Current,none,0.1747,state_TN (-0.59); current_status_Current (-0.32),APPROVE,0.899
LN002450,20,0.1018,0.1747,0.0921,0.4861,Current,none,0.2025,state_TN (-0.59); month_index (-0.45),APPROVE,0.908
LN002450,21,0.1176,0.1953,0.096,0.4817,Current,none,0.2215,state_TN (-0.56); month_index (-0.44),APPROVE,0.904
LN002450,22,0.1169,0.2101,0.096,0.4817,Current,none,0.2435,state_TN (-0.56); month_index (-0.44),APPROVE,0.904
LN002450,23,0.1169,0.2082,0.096,0.4821,Current,none,0.269,state_TN (-0.56); month_index (-0.44),APPROVE,0.904
LN002450,24,0.1176,0.2058,0.096,0.4822,Current,stale_record,0.3269,state_TN (-0.56); month_index (-0.44),APPROVE,0.904
LN002450,25,0.1176,0.2058,0.096,0.4822,Current,none,0.2902,state_TN (-0.56); month_index (-0.44),APPROVE,0.904
LN002450,26,0.1159,0.2005,0.096,0.4802,Current,none,0.3005,state_TN (-0.56); month_index (-0.44),APPROVE,0.904
LN002452,7,0.1588,0.2208,0.1393,0.5649,Current,none,0.0406,current_balance (+0.30); current_status_Current (-0.21),APPROVE,0.861
LN002452,8,0.1555,0.2191,0.1464,0.5655,Prepaid,none,0.0438,current_balance (+0.31); current_status_Current (-0.21),APPROVE,0.854
LN002452,9,0.1483,0.2225,0.1575,0.5661,Prepaid,none,0.0484,current_balance (+0.31); original_balance (+0.23),WATCH_LIST,0.842
LN002452,10,0.1479,0.2428,0.1593,0.5661,Prepaid,none,0.0567,current_balance (+0.32); original_balance (+0.24),WATCH_LIST,0.841
LN002452,11,0.1445,0.2434,0.1594,0.5685,Prepaid,none,0.0686,current_balance (+0.33); original_balance (+0.24),WATCH_LIST,0.841
LN002452,12,0.1482,0.2518,0.1658,0.571,Current,source_conflict,0.2083,current_balance (+0.33); original_balance (+0.28),WATCH_LIST,0.834
LN002452,13,0.1878,0.2611,0.1079,0.567,Prepaid,none,0.0775,current_balance (+0.28); state_CA (-0.28),APPROVE,0.892
LN002452,14,0.1636,0.237,0.159,0.5716,Prepaid,none,0.0872,current_balance (+0.32); original_balance (+0.28),WATCH_LIST,0.841
LN002452,15,0.1594,0.2239,0.1572,0.5717,Prepaid,none,0.1057,current_balance (+0.32); original_balance (+0.28),WATCH_LIST,0.843
LN002452,16,0.7297,0.7111,0.3568,0.5232,Default,none,0.263,current_status_Current (+1.25); days_past_due (+0.35),ESCALATE,0.643
LN002452,17,0.7193,0.6898,0.3304,0.5274,Current,none,0.4162,current_status_Current (+1.26); days_past_due (+0.31),ESCALATE,0.67
LN002454,14,0.1647,0.2989,0.2067,0.4518,30DPD,none,0.3519,seasoning_pct (-0.41); monthly_interest_accrual (+0.38),WATCH_LIST,0.793
LN002454,15,0.4173,0.4633,0.3102,0.4566,30DPD,none,0.3844,current_status_Current (+0.95); seasoning_pct (-0.48),WATCH_LIST,0.69
LN002454,16,0.663,0.6263,0.4198,0.459,Current,none,0.5121,current_status_Current (+1.29); seasoning_pct (-0.43),ESCALATE,0.58
LN002455,17,0.1023,0.1504,0.1141,0.519,Current,none,0.2016,interest_rate (-0.61); seasoning_pct (-0.43),APPROVE,0.886
LN002455,18,0.3768,0.4214,0.1994,0.4947,Current,none,0.4382,current_status_Current (+1.16); interest_rate (-0.63),ESCALATE,0.801
LN002456,14,0.7011,0.6755,0.2932,0.4362,60DPD,none,0.1789,current_status_Current (+1.04); interest_rate (+0.45),WATCH_LIST,0.707
LN002456,15,0.7164,0.6897,0.3215,0.4297,Default,none,0.2463,current_status_Current (+1.07); interest_rate (+0.45),WATCH_LIST,0.679
LN002456,16,0.707,0.6744,0.3027,0.4281,Default,none,0.2533,current_status_Current (+1.10); interest_rate (+0.45),WATCH_LIST,0.697
LN002456,17,0.6921,0.6573,0.2892,0.4318,Current,none,0.4085,current_status_Current (+1.12); interest_rate (+0.44),ESCALATE,0.711
LN002457,25,0.5334,0.5637,0.168,0.5036,Current,none,0.4705,current_status_Current (+1.22); month_index (-0.45),ESCALATE,0.832
LN002459,14,0.2402,0.3217,0.167,0.4823,Current,stale_record,0.1196,combined_risk_index (+0.41); interest_rate (+0.40),WATCH_LIST,0.833
LN002459,15,0.237,0.3018,0.1541,0.482,Current,none,0.0914,combined_risk_index (+0.41); interest_rate (+0.40),WATCH_LIST,0.846
LN002459,16,0.7489,0.7287,0.32,0.4274,90DPD,none,0.2049,current_status_Current (+1.29); combined_risk_index (+0.26),WATCH_LIST,0.68
LN002459,17,0.7436,0.7205,0.3135,0.4267,90DPD,none,0.2178,current_status_Current (+1.30); combined_risk_index (+0.26),WATCH_LIST,0.687
LN002459,18,0.6661,0.6224,0.2489,0.4472,30DPD,none,0.1923,current_status_Current (+1.08); interest_rate (+0.35),WATCH_LIST,0.751
LN002459,19,0.74,0.716,0.2477,0.4269,Default,none,0.246,current_status_Current (+1.30); combined_risk_index (+0.26),WATCH_LIST,0.752
LN002459,20,0.158,0.2052,0.109,0.4792,Current,none,0.1832,month_index (-0.51); combined_risk_index (+0.41),APPROVE,0.891
LN002459,21,0.1631,0.2116,0.109,0.4787,Current,stale_record,0.254,month_index (-0.51); combined_risk_index (+0.41),APPROVE,0.891
LN002459,22,0.1588,0.2226,0.109,0.4787,Current,none,0.2273,month_index (-0.51); combined_risk_index (+0.41),APPROVE,0.891
LN002459,23,0.1588,0.2309,0.112,0.4768,Current,none,0.2527,month_index (-0.51); interest_rate (+0.44),APPROVE,0.888
LN002459,24,0.1557,0.2309,0.1114,0.4756,Current,none,0.2639,month_index (-0.51); interest_rate (+0.44),APPROVE,0.889
LN002459,25,0.6228,0.6188,0.1839,0.4471,Current,none,0.4658,current_status_Current (+1.02); month_index (-0.45),ESCALATE,0.816
LN002465,19,0.1065,0.2168,0.0743,0.4596,Current,none,0.1725,ltv_risk_tier (-0.46); combined_risk_index (-0.40),APPROVE,0.926
LN002465,20,0.1057,0.2143,0.0709,0.4596,Current,none,0.201,ltv_risk_tier (-0.45); combined_risk_index (-0.41),APPROVE,0.929
LN002465,21,0.1093,0.1934,0.0711,0.4592,Current,none,0.2269,ltv_risk_tier (-0.45); combined_risk_index (-0.41),APPROVE,0.929
LN002465,22,0.1036,0.194,0.0711,0.4592,Current,none,0.2468,ltv_risk_tier (-0.45); combined_risk_index (-0.41),APPROVE,0.929
LN002465,23,0.1005,0.1922,0.0711,0.4602,Current,none,0.2691,ltv_risk_tier (-0.45); combined_risk_index (-0.41),APPROVE,0.929
LN002465,24,0.0986,0.1922,0.0713,0.4593,Current,none,0.2812,ltv_risk_tier (-0.45); combined_risk_index (-0.41),APPROVE,0.929
LN002465,25,0.5019,0.558,0.0914,0.4441,Current,none,0.474,current_status_Current (+1.02); ltv_risk_tier (-0.58),ESCALATE,0.909
LN002467,6,0.0955,0.1985,0.0861,0.543,Current,none,0.0706,combined_risk_index (-0.57); monthly_interest_accrual (-0.51),APPROVE,0.914
LN002467,7,0.1043,0.1994,0.0857,0.5431,Current,none,0.0697,combined_risk_index (-0.53); monthly_interest_accrual (-0.50),APPROVE,0.914
LN002467,8,0.1132,0.1998,0.0861,0.543,Current,none,0.0745,combined_risk_index (-0.54); monthly_interest_accrual (-0.48),APPROVE,0.914
LN002467,9,0.1001,0.1934,0.0898,0.5448,Current,none,0.0872,combined_risk_index (-0.52); monthly_interest_accrual (-0.45),APPROVE,0.91
LN002467,10,0.099,0.1883,0.0852,0.5453,Current,none,0.0934,combined_risk_index (-0.51); state_LA (+0.45),APPROVE,0.915
LN002467,11,0.1081,0.2031,0.0849,0.5412,Current,none,0.102,combined_risk_index (-0.51); state_LA (+0.45),APPROVE,0.915
LN002467,12,0.1055,0.2102,0.0849,0.5384,Current,none,0.1041,combined_risk_index (-0.51); state_LA (+0.44),APPROVE,0.915
LN002467,13,0.1084,0.2085,0.0839,0.5358,Current,none,0.1152,combined_risk_index (-0.51); monthly_interest_accrual (-0.45),APPROVE,0.916
LN002467,14,0.1086,0.2193,0.0825,0.5358,Current,none,0.1268,combined_risk_index (-0.51); monthly_interest_accrual (-0.44),APPROVE,0.917
LN002467,15,0.1246,0.2196,0.0806,0.5352,Current,none,0.1467,combined_risk_index (-0.51); monthly_interest_accrual (-0.44),APPROVE,0.919
LN002467,16,0.1437,0.2415,0.0802,0.5321,Current,none,0.1668,combined_risk_index (-0.51); monthly_interest_accrual (-0.44),APPROVE,0.92
LN002467,17,0.1457,0.2505,0.0796,0.5294,Current,stale_record,0.236,combined_risk_index (-0.51); monthly_interest_accrual (-0.44),APPROVE,0.92
LN002467,18,0.202,0.2656,0.0778,0.5285,Current,none,0.2045,monthly_interest_accrual (-0.48); state_LA (+0.38),APPROVE,0.922
LN002467,19,0.0933,0.2413,0.0878,0.5035,Current,none,0.3467,combined_risk_index (-0.45); current_status_Current (-0.31),APPROVE,0.912
LN002467,20,0.1154,0.223,0.0722,0.5273,Current,none,0.2443,combined_risk_index (-0.51); month_index (-0.47),APPROVE,0.928
LN002467,21,0.1156,0.2212,0.0722,0.5273,Current,none,0.2737,combined_risk_index (-0.51); month_index (-0.47),APPROVE,0.928
LN002467,22,0.1157,0.2252,0.0722,0.5273,Current,none,0.2868,combined_risk_index (-0.51); month_index (-0.47),APPROVE,0.928
LN002467,23,0.1157,0.2252,0.0722,0.5275,Current,stale_record,0.3503,combined_risk_index (-0.51); month_index (-0.47),APPROVE,0.928
LN002467,24,0.1157,0.2244,0.072,0.5275,Current,none,0.3128,combined_risk_index (-0.51); month_index (-0.48),APPROVE,0.928
LN002467,25,0.1143,0.2244,0.0717,0.5275,Current,none,0.3187,combined_risk_index (-0.51); month_index (-0.48),APPROVE,0.928
LN002467,26,0.1143,0.2244,0.0717,0.5275,Current,stale_record,0.3665,combined_risk_index (-0.51); month_index (-0.48),APPROVE,0.928
LN002467,27,0.1143,0.2244,0.0717,0.5275,Current,none,0.3234,combined_risk_index (-0.51); month_index (-0.48),APPROVE,0.928
LN002467,28,0.1144,0.2244,0.0717,0.5274,Current,none,0.3234,combined_risk_index (-0.51); month_index (-0.48),APPROVE,0.928
LN002467,29,0.1144,0.2364,0.0717,0.5274,Current,none,0.3234,combined_risk_index (-0.51); month_index (-0.48),APPROVE,0.928
LN002467,30,0.1028,0.2214,0.0755,0.5048,Current,data_entry_error,0.5443,combined_risk_index (-0.55); month_index (-0.45),ESCALATE,0.925
LN002467,31,0.1144,0.2392,0.0717,0.5274,Current,none,0.3234,combined_risk_index (-0.51); month_index (-0.48),APPROVE,0.928
LN002467,32,0.1199,0.2392,0.0717,0.5274,Current,stale_record,0.3687,combined_risk_index (-0.51); month_index (-0.48),APPROVE,0.928
LN002467,33,0.1199,0.2392,0.0717,0.5274,Current,none,0.3237,combined_risk_index (-0.51); month_index (-0.48),APPROVE,0.928
LN002467,34,0.2172,0.2765,0.0707,0.5275,Current,none,0.3237,monthly_interest_accrual (-0.49); month_index (-0.48),APPROVE,0.929
LN002467,35,0.1249,0.2437,0.0717,0.5274,Current,none,0.3237,combined_risk_index (-0.51); month_index (-0.48),APPROVE,0.928
LN002467,36,0.1249,0.2437,0.0717,0.5274,Current,source_conflict,0.4587,combined_risk_index (-0.51); month_index (-0.48),ESCALATE,0.928
LN002468,17,0.1494,0.243,0.0729,0.4987,Current,none,0.2255,current_balance (-0.30); ltv_risk_tier (-0.29),APPROVE,0.927
LN002468,18,0.1453,0.227,0.0744,0.4983,Current,none,0.236,current_balance (-0.30); ltv_risk_tier (-0.29),APPROVE,0.926
LN002468,19,0.1232,0.2055,0.0721,0.4972,Current,none,0.2619,current_balance (-0.30); ltv_risk_tier (-0.29),APPROVE,0.928
LN002468,20,0.5446,0.5032,0.1061,0.4838,Current,stale_record,0.5242,current_status_Current (+1.12); month_index (-0.35),ESCALATE,0.894
LN002470,12,0.6281,0.6281,0.2305,0.4724,60DPD,none,0.0975,current_status_Current (+1.18); interest_rate (-0.24),WATCH_LIST,0.77
LN002470,13,0.6447,0.6121,0.2286,0.472,60DPD,none,0.1046,current_status_Current (+1.18); interest_rate (-0.23),WATCH_LIST,0.771
LN002470,14,0.7185,0.6973,0.3179,0.4554,60DPD,stale_record,0.2137,current_status_Current (+1.47); days_past_due (+0.23),WATCH_LIST,0.682
LN002470,15,0.6532,0.6205,0.2242,0.47,60DPD,none,0.1271,current_status_Current (+1.19); interest_rate (-0.23),WATCH_LIST,0.776
LN002470,16,0.6569,0.6223,0.2214,0.473,60DPD,none,0.1399,current_status_Current (+1.21); interest_rate (-0.23),WATCH_LIST,0.779
LN002470,17,0.6445,0.5874,0.2084,0.4731,60DPD,stale_record,0.2009,current_status_Current (+1.22); interest_rate (-0.21),WATCH_LIST,0.792
LN002470,18,0.1098,0.1713,0.0921,0.5122,Current,none,0.1221,current_status_Current (-0.29); interest_rate (-0.27),APPROVE,0.908
LN002470,19,0.0841,0.154,0.0846,0.5112,Prepaid,none,0.1409,current_status_Current (-0.29); interest_rate (-0.27),APPROVE,0.915
LN002470,20,0.0834,0.1532,0.0758,0.5112,Current,none,0.167,month_index (-0.48); interest_rate (-0.31),APPROVE,0.924
LN002470,21,0.0843,0.158,0.0758,0.5109,Current,none,0.1918,month_index (-0.48); interest_rate (-0.32),APPROVE,0.924
LN002470,22,0.0806,0.1589,0.0758,0.5109,Current,none,0.2177,month_index (-0.48); interest_rate (-0.32),APPROVE,0.924
LN002470,23,0.0784,0.1569,0.0739,0.5109,Current,none,0.2469,month_index (-0.48); interest_rate (-0.35),APPROVE,0.926
LN002470,24,0.5432,0.5274,0.1312,0.4753,Current,none,0.4399,current_status_Current (+1.18); month_index (-0.44),ESCALATE,0.869
LN002476,28,0.2415,0.4594,0.0671,0.46,Current,none,0.3051,state_OH (-0.99); dti_risk_tier (-0.42),APPROVE,0.933
LN002476,29,0.2415,0.4594,0.0669,0.4598,Current,none,0.3051,state_OH (-0.99); dti_risk_tier (-0.42),APPROVE,0.933
LN002476,30,0.2422,0.4594,0.0669,0.4598,Current,none,0.3059,state_OH (-0.99); dti_risk_tier (-0.42),APPROVE,0.933
LN002477,12,0.0624,0.1241,0.1418,0.5234,Current,stale_record,0.1193,credit_risk_tier (+0.42); current_status_Current (-0.30),APPROVE,0.858
LN002477,13,0.5375,0.4743,0.3211,0.4776,60DPD,none,0.117,current_status_Current (+1.25); credit_risk_tier (+0.39),WATCH_LIST,0.679
LN002477,14,0.6968,0.6814,0.4515,0.4506,Default,none,0.2312,current_status_Current (+1.67); credit_risk_tier (+0.37),ESCALATE,0.548
LN002477,15,0.6726,0.6708,0.4337,0.455,Current,none,0.4056,current_status_Current (+1.66); credit_risk_tier (+0.39),ESCALATE,0.566
LN002478,9,0.5837,0.5425,0.1599,0.4772,30DPD,none,0.1302,current_status_Current (+1.10); interest_rate (-0.70),WATCH_LIST,0.84
LN002478,10,0.583,0.5533,0.1614,0.4861,60DPD,none,0.1384,current_status_Current (+1.10); interest_rate (-0.72),WATCH_LIST,0.839
LN002478,11,0.7139,0.6935,0.2287,0.4605,90DPD,none,0.2012,current_status_Current (+1.48); interest_rate (-0.57),WATCH_LIST,0.771
LN002478,12,0.5568,0.5526,0.157,0.487,60DPD,none,0.1556,current_status_Current (+1.16); interest_rate (-0.71),WATCH_LIST,0.843
LN002478,13,0.5215,0.5396,0.1436,0.4883,Current,none,0.3573,current_status_Current (+1.17); interest_rate (-0.73),APPROVE,0.856
LN002480,14,0.5394,0.5597,0.1659,0.5149,Current,none,0.3051,state_OH (-1.20); current_status_Current (+0.88),WATCH_LIST,0.834
LN002482,12,0.1145,0.237,0.1308,0.5137,Current,none,0.0485,interest_rate (-0.40); current_status_Current (-0.28),APPROVE,0.869
LN002482,13,0.7195,0.735,0.3807,0.4534,Current,none,0.3847,current_status_Current (+1.52); interest_rate (-0.35),ESCALATE,0.619
LN002485,14,0.0985,0.2159,0.0731,0.4481,Current,none,0.0538,combined_risk_index (-0.65); ltv_risk_tier (-0.41),APPROVE,0.927
LN002485,15,0.1003,0.2101,0.0726,0.448,Current,none,0.0727,combined_risk_index (-0.65); ltv_risk_tier (-0.42),APPROVE,0.927
LN002485,16,0.6057,0.5934,0.1127,0.4363,60DPD,stale_record,0.1916,current_status_Current (+1.14); combined_risk_index (-0.58),APPROVE,0.887
LN002485,17,0.0859,0.1852,0.0704,0.4459,Current,none,0.103,combined_risk_index (-0.64); ltv_risk_tier (-0.40),APPROVE,0.93
LN002485,18,0.0778,0.1774,0.0702,0.4413,Current,none,0.1192,combined_risk_index (-0.64); ltv_risk_tier (-0.40),APPROVE,0.93
LN002485,19,0.065,0.1606,0.0673,0.4413,Current,none,0.1358,combined_risk_index (-0.63); ltv_risk_tier (-0.40),APPROVE,0.933
LN002485,20,0.0642,0.1532,0.0649,0.4413,Current,none,0.1638,combined_risk_index (-0.62); month_index (-0.42),APPROVE,0.935
LN002485,21,0.0648,0.1563,0.0649,0.4413,Current,none,0.1886,combined_risk_index (-0.62); month_index (-0.42),APPROVE,0.935
LN002485,22,0.5664,0.6063,0.0804,0.43,60DPD,none,0.2603,current_status_Current (+1.06); combined_risk_index (-0.57),APPROVE,0.92
LN002485,23,0.5428,0.597,0.08,0.4284,60DPD,none,0.2842,current_status_Current (+1.06); combined_risk_index (-0.57),APPROVE,0.92
LN002485,24,0.669,0.6712,0.1529,0.4155,Current,none,0.4633,current_status_Current (+1.30); ltv_risk_tier (-0.77),ESCALATE,0.847
LN002494,10,0.4229,0.4988,0.2468,0.4814,Prepaid,none,0.0981,original_balance (+0.30); monthly_interest_accrual (+0.29),WATCH_LIST,0.753
LN002494,11,0.4295,0.4935,0.2491,0.4836,Prepaid,none,0.1101,original_balance (+0.30); monthly_interest_accrual (+0.29),WATCH_LIST,0.751
LN002494,12,0.4231,0.4947,0.2524,0.4793,Prepaid,none,0.1176,monthly_interest_accrual (+0.31); original_balance (+0.30),WATCH_LIST,0.748
LN002494,13,0.2176,0.4038,0.2545,0.4837,Current,data_entry_error,0.3191,monthly_interest_accrual (+0.37); original_balance (+0.30),WATCH_LIST,0.746
LN002494,14,0.1872,0.3227,0.1917,0.5217,Prepaid,none,0.2653,credit_risk_tier (+0.31); current_status_Current (-0.28),WATCH_LIST,0.808
LN002494,15,0.3138,0.4117,0.2455,0.4789,Prepaid,none,0.1566,monthly_interest_accrual (+0.31); original_balance (+0.30),WATCH_LIST,0.755
LN002494,16,0.3054,0.3864,0.2403,0.4802,Prepaid,none,0.1716,monthly_interest_accrual (+0.31); original_balance (+0.29),WATCH_LIST,0.76
LN002494,17,0.2715,0.3573,0.236,0.4773,Prepaid,none,0.184,monthly_interest_accrual (+0.31); original_balance (+0.29),WATCH_LIST,0.764
LN002494,18,0.6002,0.6315,0.314,0.4586,Current,none,0.427,current_status_Current (+1.10); monthly_interest_accrual (+0.27),ESCALATE,0.686
LN002495,12,0.0751,0.1722,0.0661,0.4881,Current,none,0.1088,combined_risk_index (-0.67); interest_rate (-0.66),APPROVE,0.934
LN002495,13,0.0754,0.1773,0.0654,0.4885,Current,none,0.1167,combined_risk_index (-0.67); interest_rate (-0.66),APPROVE,0.935
LN002495,14,0.0756,0.1738,0.0654,0.4918,Current,none,0.1266,combined_risk_index (-0.67); interest_rate (-0.66),APPROVE,0.935
LN002495,15,0.0776,0.1786,0.0647,0.4945,Current,none,0.1475,combined_risk_index (-0.67); interest_rate (-0.66),APPROVE,0.935
LN002495,16,0.0884,0.2122,0.0651,0.5189,Prepaid,none,0.206,combined_risk_index (-0.65); interest_rate (-0.59),APPROVE,0.935
LN002495,17,0.0837,0.2006,0.0643,0.4941,Prepaid,none,0.1867,combined_risk_index (-0.67); interest_rate (-0.65),APPROVE,0.936
LN002495,18,0.0813,0.1894,0.0643,0.4938,Current,stale_record,0.2437,combined_risk_index (-0.67); interest_rate (-0.65),APPROVE,0.936
LN002495,19,0.0768,0.1686,0.0639,0.4938,Current,none,0.221,combined_risk_index (-0.67); interest_rate (-0.65),APPROVE,0.936
LN002495,20,0.0802,0.1731,0.0629,0.4938,Current,none,0.2394,combined_risk_index (-0.67); interest_rate (-0.64),APPROVE,0.937
LN002495,21,0.0802,0.1743,0.0629,0.4955,Current,none,0.2668,combined_risk_index (-0.67); interest_rate (-0.64),APPROVE,0.937
LN002495,22,0.0769,0.182,0.0631,0.4955,Current,none,0.279,combined_risk_index (-0.67); interest_rate (-0.64),APPROVE,0.937
LN002495,23,0.0767,0.1777,0.0631,0.4955,Current,none,0.3015,combined_risk_index (-0.67); interest_rate (-0.64),APPROVE,0.937
LN002496,11,0.1892,0.3618,0.0666,0.5167,Current,source_conflict,0.189,combined_risk_index (-0.90); interest_rate (-0.83),APPROVE,0.933
LN002496,12,0.1883,0.3565,0.0659,0.5184,Current,none,0.0565,combined_risk_index (-0.90); interest_rate (-0.83),APPROVE,0.934
LN002496,13,0.1889,0.3454,0.0657,0.5178,Current,none,0.063,combined_risk_index (-0.89); interest_rate (-0.82),APPROVE,0.934
LN002496,14,0.1862,0.3158,0.0651,0.516,Current,none,0.07,combined_risk_index (-0.88); interest_rate (-0.82),APPROVE,0.935
LN002496,15,0.1691,0.2834,0.0649,0.5176,Current,stale_record,0.1273,combined_risk_index (-0.88); interest_rate (-0.82),APPROVE,0.935
LN002496,16,0.1569,0.2632,0.0642,0.5168,Current,none,0.0955,combined_risk_index (-0.88); interest_rate (-0.84),APPROVE,0.936
LN002496,17,0.1428,0.2294,0.0638,0.5143,Prepaid,none,0.1102,combined_risk_index (-0.87); interest_rate (-0.84),APPROVE,0.936
LN002496,18,0.1334,0.2209,0.064,0.518,Prepaid,stale_record,0.1735,combined_risk_index (-0.87); interest_rate (-0.82),APPROVE,0.936
LN002496,19,0.1308,0.2569,0.0667,0.5258,Current,suspicious_transition,0.3992,combined_risk_index (-0.86); interest_rate (-0.79),APPROVE,0.933
LN002496,20,0.6748,0.6289,0.0757,0.4932,60DPD,none,0.2132,current_status_Current (+1.15); interest_rate (-1.04),APPROVE,0.924
LN002496,21,0.1046,0.1861,0.0611,0.5183,Current,none,0.1944,combined_risk_index (-0.85); interest_rate (-0.85),APPROVE,0.939
LN002496,22,0.0995,0.1914,0.0611,0.5183,Current,stale_record,0.2644,combined_risk_index (-0.85); interest_rate (-0.85),APPROVE,0.939
LN002496,23,0.0995,0.1888,0.061,0.5246,Current,none,0.2497,interest_rate (-0.86); combined_risk_index (-0.85),APPROVE,0.939
LN002496,24,0.0977,0.1873,0.061,0.5267,Current,none,0.2614,interest_rate (-0.86); combined_risk_index (-0.85),APPROVE,0.939
LN002496,25,0.0977,0.1873,0.061,0.5267,Current,none,0.2679,interest_rate (-0.86); combined_risk_index (-0.85),APPROVE,0.939
LN002496,26,0.0982,0.1838,0.0609,0.5275,Current,none,0.28,interest_rate (-0.86); combined_risk_index (-0.85),APPROVE,0.939
LN002496,27,0.0982,0.1807,0.0609,0.5275,Current,none,0.2885,interest_rate (-0.86); combined_risk_index (-0.85),APPROVE,0.939
LN002496,28,0.0982,0.1807,0.0609,0.5275,Current,none,0.2885,interest_rate (-0.86); combined_risk_index (-0.85),APPROVE,0.939
LN002496,29,0.0982,0.1807,0.0608,0.5272,Current,none,0.2885,combined_risk_index (-0.85); interest_rate (-0.85),APPROVE,0.939
LN002496,30,0.0977,0.1807,0.0608,0.5272,Current,source_conflict,0.4242,interest_rate (-0.85); combined_risk_index (-0.85),ESCALATE,0.939
LN002496,31,0.0977,0.1807,0.0608,0.5272,Current,none,0.2882,interest_rate (-0.85); combined_risk_index (-0.85),APPROVE,0.939
LN002496,32,0.612,0.5889,0.0722,0.5031,Current,none,0.461,current_status_Current (+1.12); interest_rate (-1.08),ESCALATE,0.928
LN002497,12,0.2755,0.3684,0.0807,0.4859,30DPD,stale_record,0.1133,interest_rate (-0.91); current_status_Current (-0.27),APPROVE,0.919
LN002497,13,0.2811,0.3722,0.0804,0.4857,30DPD,none,0.0766,interest_rate (-0.90); current_status_Current (-0.27),APPROVE,0.92
LN002497,14,0.2721,0.3418,0.0753,0.4864,30DPD,none,0.0844,interest_rate (-0.91); current_status_Current (-0.28),APPROVE,0.925
LN002497,15,0.259,0.3194,0.073,0.486,Prepaid,stale_record,0.1406,interest_rate (-0.90); current_status_Current (-0.28),APPROVE,0.927
LN002497,16,0.25,0.3024,0.0707,0.4869,Prepaid,source_conflict,0.2431,interest_rate (-0.91); current_status_Current (-0.29),APPROVE,0.929
LN002497,17,0.2248,0.2722,0.0683,0.4851,Prepaid,none,0.1234,interest_rate (-0.92); current_status_Current (-0.30),APPROVE,0.932
LN002497,18,0.2041,0.2673,0.0674,0.4855,Prepaid,none,0.1385,interest_rate (-0.89); current_status_Current (-0.29),APPROVE,0.933
LN002497,19,0.1235,0.2373,0.0708,0.482,Current,none,0.1543,interest_rate (-0.92); combined_risk_index (+0.43),APPROVE,0.929
LN002497,20,0.1729,0.2151,0.0623,0.4854,Prepaid,none,0.1802,interest_rate (-0.89); month_index (-0.51),APPROVE,0.938
LN002497,21,0.1729,0.2161,0.0623,0.4842,Prepaid,none,0.2058,interest_rate (-0.90); month_index (-0.51),APPROVE,0.938
LN002497,22,0.161,0.2091,0.0624,0.4845,Prepaid,none,0.2298,interest_rate (-0.90); month_index (-0.51),APPROVE,0.938
LN002500,17,0.0766,0.1655,0.0762,0.4983,Current,none,0.2338,seasoning_pct (-0.39); current_balance (-0.37),APPROVE,0.924
LN002500,18,0.0787,0.155,0.0762,0.4978,Current,none,0.2426,seasoning_pct (-0.39); current_balance (-0.37),APPROVE,0.924
LN002500,19,0.0735,0.1507,0.0733,0.4978,Current,none,0.2689,seasoning_pct (-0.39); interest_rate (-0.35),APPROVE,0.927
LN002500,20,0.0752,0.1507,0.071,0.4978,Current,none,0.288,month_index (-0.45); seasoning_pct (-0.39),APPROVE,0.929
LN002500,21,0.0733,0.1554,0.071,0.4978,Current,stale_record,0.3577,month_index (-0.45); seasoning_pct (-0.39),APPROVE,0.929
LN002500,22,0.0733,0.1666,0.0716,0.4978,Current,none,0.3248,month_index (-0.45); seasoning_pct (-0.39),APPROVE,0.928
LN002500,23,0.0733,0.1666,0.0716,0.4978,Current,none,0.3439,month_index (-0.45); seasoning_pct (-0.39),APPROVE,0.928
LN002500,24,0.4301,0.4469,0.1302,0.478,Current,none,0.528,current_status_Current (+1.34); month_index (-0.41),ESCALATE,0.87
LN002505,8,0.7614,0.7569,0.3855,0.4424,90DPD,none,0.227,current_status_Current (+1.09); current_status_90DPD (+0.34),ESCALATE,0.614
LN002505,9,0.7639,0.7582,0.3955,0.4443,60DPD,none,0.2335,current_status_Current (+1.10); current_status_90DPD (+0.34),ESCALATE,0.605
LN002505,10,0.7543,0.7533,0.3538,0.4581,Current,none,0.3939,current_status_Current (+1.09); days_past_due (+0.33),ESCALATE,0.646
LN002507,9,0.1383,0.2546,0.1014,0.5307,Current,none,0.0356,ltv_risk_tier (-0.43); current_status_Current (-0.24),APPROVE,0.899
LN002507,10,0.4531,0.4259,0.1694,0.5103,Current,none,0.3195,current_status_Current (+1.03); ltv_risk_tier (-0.61),WATCH_LIST,0.831
LN002508,20,0.7177,0.6765,0.3092,0.4222,90DPD,none,0.3352,current_status_Current (+1.79); interest_rate (-0.51),WATCH_LIST,0.691
LN002508,21,0.717,0.6773,0.2755,0.4284,Current,none,0.4613,current_status_Current (+1.77); interest_rate (-0.52),ESCALATE,0.725
LN002509,19,0.6313,0.6197,0.1463,0.4354,60DPD,none,0.3118,current_status_Current (+1.32); monthly_interest_accrual (-0.59),APPROVE,0.854
LN002509,20,0.6357,0.6164,0.1238,0.4359,60DPD,none,0.2047,current_status_Current (+1.30); monthly_interest_accrual (-0.58),APPROVE,0.876
LN002509,21,0.6373,0.6196,0.1212,0.436,60DPD,none,0.2328,current_status_Current (+1.25); monthly_interest_accrual (-0.58),APPROVE,0.879
LN002509,22,0.5241,0.486,0.1481,0.4365,30DPD,data_entry_error,0.4274,current_status_Current (+1.25); month_index (-0.46),ESCALATE,0.852
LN002519,12,0.6725,0.6735,0.2779,0.524,30DPD,none,0.0944,current_status_Current (+1.05); combined_risk_index (-0.29),WATCH_LIST,0.722
LN002519,13,0.6755,0.67,0.2694,0.5239,30DPD,none,0.0982,current_status_Current (+1.04); combined_risk_index (-0.30),WATCH_LIST,0.731
LN002519,14,0.6087,0.6222,0.2617,0.5173,Current,none,0.2531,current_status_Current (+1.01); ltv_risk_tier (-0.29),WATCH_LIST,0.738
LN002521,7,0.3526,0.4338,0.0928,0.5328,Prepaid,none,0.077,ltv_risk_tier (-0.90); combined_risk_index (-0.26),APPROVE,0.907
LN002521,8,0.3354,0.4347,0.0913,0.5352,30DPD,none,0.0768,ltv_risk_tier (-0.91); combined_risk_index (-0.26),APPROVE,0.909
LN002521,9,0.6394,0.6422,0.176,0.4807,Current,none,0.3402,ltv_risk_tier (-1.26); current_status_Current (+0.86),WATCH_LIST,0.824
LN002524,16,0.1149,0.173,0.0613,0.5258,Prepaid,none,0.1448,state_IL (-0.49); current_balance (-0.46),APPROVE,0.939
LN002524,17,0.1141,0.1618,0.061,0.5237,Prepaid,none,0.1614,state_IL (-0.49); current_balance (-0.46),APPROVE,0.939
LN002524,18,0.1048,0.1548,0.0609,0.523,Current,none,0.1746,state_IL (-0.49); current_balance (-0.46),APPROVE,0.939
LN002524,19,0.0863,0.1431,0.0599,0.523,Prepaid,none,0.1939,state_IL (-0.48); current_balance (-0.45),APPROVE,0.94
LN002524,20,0.0867,0.1426,0.0591,0.523,Prepaid,none,0.2202,month_index (-0.49); state_IL (-0.46),APPROVE,0.941
LN002525,8,0.5626,0.6364,0.1966,0.4854,60DPD,none,0.0821,current_status_Current (+0.80); ltv_risk_tier (-0.44),WATCH_LIST,0.803
LN002525,9,0.1409,0.2914,0.164,0.504,Current,none,0.0714,original_balance (+0.32); ltv_risk_tier (-0.31),WATCH_LIST,0.836
LN002525,10,0.16,0.3531,0.1984,0.5035,Current,none,0.0512,state_LA (+0.42); original_balance (+0.38),WATCH_LIST,0.802
LN002525,11,0.1612,0.3461,0.1401,0.5032,Current,none,0.0649,original_balance (+0.40); ltv_risk_tier (-0.38),APPROVE,0.86
LN002525,12,0.5272,0.6307,0.1824,0.4835,Current,none,0.3132,current_status_Current (+0.81); ltv_risk_tier (-0.45),WATCH_LIST,0.818
LN002528,15,0.371,0.432,0.1249,0.4992,30DPD,none,0.0712,original_balance (-0.53); combined_risk_index (+0.33),APPROVE,0.875
LN002528,16,0.3513,0.4021,0.1245,0.4954,30DPD,none,0.0866,original_balance (-0.52); combined_risk_index (+0.35),APPROVE,0.875
LN002528,17,0.3374,0.3961,0.1176,0.492,30DPD,none,0.1026,original_balance (-0.52); combined_risk_index (+0.35),APPROVE,0.882
LN002528,18,0.6604,0.6433,0.1551,0.4659,Current,none,0.3643,current_status_Current (+0.97); original_balance (-0.51),WATCH_LIST,0.845
LN002539,8,0.1664,0.2416,0.111,0.5684,Prepaid,none,0.0754,current_status_Current (-0.29); state_SC (-0.25),APPROVE,0.889
LN002539,9,0.1715,0.2427,0.1106,0.5734,Prepaid,stale_record,0.1258,current_status_Current (-0.30); state_SC (-0.25),APPROVE,0.889
LN002539,10,0.1677,0.2483,0.0992,0.5585,Current,none,0.1145,state_SC (-0.33); current_status_Current (-0.29),APPROVE,0.901
LN002539,11,0.6272,0.5901,0.2342,0.5638,Current,none,0.368,current_status_Current (+1.25); state_SC (-0.25),WATCH_LIST,0.766
LN002540,13,0.1451,0.251,0.0949,0.5438,Current,stale_record,0.0874,monthly_interest_accrual (-0.64); current_status_Current (-0.28),APPROVE,0.905
LN002540,14,0.6432,0.6233,0.1939,0.5042,30DPD,none,0.1058,current_status_Current (+1.18); monthly_interest_accrual (-0.64),WATCH_LIST,0.806
LN002540,15,0.6981,0.6639,0.2463,0.5058,90DPD,none,0.1773,current_status_Current (+1.40); monthly_interest_accrual (-0.74),WATCH_LIST,0.754
LN002540,16,0.6864,0.652,0.2431,0.5052,90DPD,none,0.3065,current_status_Current (+1.41); monthly_interest_accrual (-0.73),WATCH_LIST,0.757
LN002540,17,0.69,0.6253,0.2304,0.5029,90DPD,none,0.1987,current_status_Current (+1.43); monthly_interest_accrual (-0.73),WATCH_LIST,0.77
LN002540,18,0.6327,0.5748,0.1658,0.5011,60DPD,none,0.1676,current_status_Current (+1.21); monthly_interest_accrual (-0.63),WATCH_LIST,0.834
LN002540,19,0.6341,0.5631,0.148,0.5011,60DPD,none,0.1849,current_status_Current (+1.23); monthly_interest_accrual (-0.64),APPROVE,0.852
LN002540,20,0.6943,0.6232,0.1499,0.5025,60DPD,source_conflict,0.3872,current_status_Current (+1.44); monthly_interest_accrual (-0.74),APPROVE,0.85
LN002540,21,0.688,0.6133,0.1313,0.5057,60DPD,none,0.2747,current_status_Current (+1.53); monthly_interest_accrual (-0.68),APPROVE,0.869
LN002540,22,0.6689,0.6141,0.1524,0.5024,60DPD,none,0.3951,current_status_Current (+1.43); monthly_interest_accrual (-0.66),WATCH_LIST,0.848
LN002540,23,0.7003,0.6335,0.2498,0.4836,Default,none,0.347,current_status_Current (+1.55); monthly_interest_accrual (-0.70),WATCH_LIST,0.75
LN002542,9,0.106,0.1661,0.0782,0.5735,Current,none,0.0903,combined_risk_index (-0.60); interest_rate (+0.32),APPROVE,0.922
LN002542,10,0.0985,0.1616,0.0751,0.5735,Current,none,0.0979,combined_risk_index (-0.58); interest_rate (+0.32),APPROVE,0.925
LN002542,11,0.1005,0.1639,0.0757,0.5725,Current,stale_record,0.151,combined_risk_index (-0.56); interest_rate (+0.33),APPROVE,0.924
LN002542,12,0.4694,0.4184,0.1158,0.5478,Current,none,0.3471,current_status_Current (+1.04); combined_risk_index (-0.49),APPROVE,0.884
LN002543,16,0.1161,0.3731,0.0983,0.4513,Current,none,0.3573,monthly_interest_accrual (-0.89); combined_risk_index (+0.26),APPROVE,0.902
LN002543,17,0.1002,0.3275,0.0937,0.4715,Prepaid,none,0.3656,monthly_interest_accrual (-0.89); combined_risk_index (+0.26),APPROVE,0.906
LN002543,18,0.0975,0.3216,0.0918,0.4714,Current,none,0.3717,monthly_interest_accrual (-0.89); combined_risk_index (+0.26),APPROVE,0.908
LN002543,19,0.0762,0.2938,0.0841,0.4714,Prepaid,none,0.3821,monthly_interest_accrual (-0.88); combined_risk_index (+0.27),APPROVE,0.916
LN002543,20,0.0776,0.2985,0.0771,0.4714,Prepaid,stale_record,0.4382,monthly_interest_accrual (-0.86); month_index (-0.42),ESCALATE,0.923
LN002543,21,0.0776,0.3237,0.0771,0.4707,Current,none,0.4067,monthly_interest_accrual (-0.86); month_index (-0.42),ESCALATE,0.923
LN002543,22,0.1875,0.3718,0.1213,0.4673,Current,none,0.3844,month_index (-0.43); combined_risk_index (+0.43),APPROVE,0.879
LN002543,23,0.0766,0.3295,0.0788,0.4702,Current,none,0.4282,monthly_interest_accrual (-0.84); month_index (-0.42),ESCALATE,0.921
LN002543,24,0.0761,0.3295,0.0788,0.4712,Current,none,0.4356,monthly_interest_accrual (-0.84); month_index (-0.42),ESCALATE,0.921
LN002543,25,0.6505,0.6856,0.1566,0.4395,60DPD,none,0.4704,current_status_Current (+1.26); monthly_interest_accrual (-0.57),ESCALATE,0.843
LN002543,26,0.3116,0.4655,0.1068,0.4561,60DPD,source_conflict,0.5941,current_status_Current (+1.01); monthly_interest_accrual (-0.75),ESCALATE,0.893
LN002543,27,0.0775,0.3165,0.0783,0.4727,Current,none,0.4513,monthly_interest_accrual (-0.84); month_index (-0.42),ESCALATE,0.922
LN002543,28,0.0775,0.3184,0.0783,0.4727,Current,stale_record,0.5188,monthly_interest_accrual (-0.84); month_index (-0.42),ESCALATE,0.922
LN002543,29,0.308,0.464,0.1068,0.4561,60DPD,none,0.4635,current_status_Current (+1.04); monthly_interest_accrual (-0.75),ESCALATE,0.893
LN002543,30,0.1624,0.4109,0.114,0.4717,Current,none,0.4858,seasoning_pct (-0.39); month_index (-0.36),ESCALATE,0.886
LN002543,31,0.6488,0.7103,0.1513,0.4344,60DPD,none,0.4766,current_status_Current (+1.28); monthly_interest_accrual (-0.65),ESCALATE,0.849
LN002543,32,0.6278,0.7043,0.1515,0.4344,60DPD,none,0.55,current_status_Current (+1.28); monthly_interest_accrual (-0.65),ESCALATE,0.849
LN002543,33,0.0762,0.3455,0.0773,0.4727,Current,none,0.4512,monthly_interest_accrual (-0.84); month_index (-0.42),ESCALATE,0.923
LN002543,34,0.0762,0.3455,0.0773,0.4727,Current,none,0.4512,monthly_interest_accrual (-0.84); month_index (-0.42),ESCALATE,0.923
LN002546,10,0.6852,0.6528,0.2309,0.46,60DPD,none,0.2107,current_status_Current (+1.20); ltv_risk_tier (-0.48),WATCH_LIST,0.769
LN002546,11,0.6644,0.6296,0.2292,0.459,60DPD,none,0.2192,current_status_Current (+1.19); ltv_risk_tier (-0.48),WATCH_LIST,0.771
LN002546,12,0.5878,0.5421,0.1393,0.483,30DPD,none,0.1833,current_status_Current (+1.01); ltv_risk_tier (-0.35),APPROVE,0.861
LN002546,13,0.1656,0.3041,0.0834,0.5056,Current,none,0.1538,combined_risk_index (+0.32); seasoning_pct (-0.29),APPROVE,0.917
LN002546,14,0.1572,0.2862,0.0813,0.5056,Prepaid,none,0.1672,combined_risk_index (+0.32); seasoning_pct (-0.29),APPROVE,0.919
LN002546,15,0.1405,0.2612,0.0792,0.5047,Current,none,0.1898,seasoning_pct (-0.37); combined_risk_index (+0.32),APPROVE,0.921
LN002546,16,0.1417,0.2515,0.0789,0.5045,Current,source_conflict,0.3441,seasoning_pct (-0.37); combined_risk_index (+0.32),APPROVE,0.921
LN002546,17,0.1386,0.2608,0.0783,0.5006,Current,none,0.2297,seasoning_pct (-0.37); combined_risk_index (+0.32),APPROVE,0.922
LN002546,18,0.5348,0.5218,0.1191,0.4742,30DPD,none,0.2766,current_status_Current (+1.01); seasoning_pct (-0.39),APPROVE,0.881
LN002554,21,0.0664,0.1189,0.0665,0.545,Current,none,0.1922,month_index (-0.49); original_balance (-0.37),APPROVE,0.933
LN002554,22,0.0717,0.1245,0.0665,0.5411,Current,suspicious_transition,0.445,state_CT (-0.64); month_index (-0.53),ESCALATE,0.934
LN002554,23,0.0626,0.1133,0.0647,0.546,Current,none,0.2479,state_CT (-0.63); month_index (-0.49),APPROVE,0.935
LN002554,24,0.4677,0.4189,0.0895,0.5124,Current,none,0.4423,current_status_Current (+1.39); state_CT (-0.63),ESCALATE,0.91
LN002557,9,0.1734,0.2757,0.1397,0.524,Current,none,0.0537,current_status_Current (-0.29); state_TX (+0.16),APPROVE,0.86
LN002557,10,0.1719,0.2542,0.1246,0.5329,Current,suspicious_transition,0.1792,current_status_Current (-0.30); combined_risk_index (-0.21),APPROVE,0.875
LN002557,11,0.1479,0.2353,0.1167,0.5349,Prepaid,none,0.0334,current_status_Current (-0.30); combined_risk_index (-0.22),APPROVE,0.883
LN002557,12,0.1488,0.235,0.1142,0.5371,Prepaid,none,0.0399,current_status_Current (-0.30); combined_risk_index (-0.22),APPROVE,0.886
LN002557,13,0.148,0.2349,0.1122,0.5394,Prepaid,none,0.0449,current_status_Current (-0.30); combined_risk_index (-0.22),APPROVE,0.888
LN002557,14,0.1475,0.2189,0.1029,0.5427,Prepaid,source_conflict,0.1907,current_status_Current (-0.30); combined_risk_index (-0.21),APPROVE,0.897
LN002557,15,0.1355,0.2157,0.1025,0.5422,Prepaid,none,0.0718,current_status_Current (-0.30); combined_risk_index (-0.21),APPROVE,0.897
LN002557,16,0.5998,0.548,0.2366,0.5077,Current,stale_record,0.3818,current_status_Current (+1.27); current_balance (-0.19),WATCH_LIST,0.763
LN002558,13,0.1468,0.3122,0.0643,0.5384,30DPD,none,0.1475,interest_rate (-1.17); loan_purpose_Refinance_NoCashout (-0.38),APPROVE,0.936
LN002558,14,0.1369,0.2958,0.0639,0.5396,Current,none,0.1593,interest_rate (-1.17); loan_purpose_Refinance_NoCashout (-0.38),APPROVE,0.936
LN002558,15,0.1278,0.2787,0.0642,0.5434,Current,none,0.1761,interest_rate (-1.13); seasoning_pct (-0.45),APPROVE,0.936
LN002558,16,0.3717,0.5063,0.0795,0.5201,Current,none,0.4228,interest_rate (-1.32); current_status_Current (+0.91),ESCALATE,0.921
LN002560,7,0.1614,0.2878,0.1023,0.5251,Prepaid,none,0.0067,monthly_interest_accrual (-0.68); interest_rate (+0.36),APPROVE,0.898
LN002560,8,0.1648,0.295,0.1275,0.517,Prepaid,none,0.0098,monthly_interest_accrual (-0.65); interest_rate (+0.34),APPROVE,0.873
LN002560,9,0.1649,0.2799,0.1046,0.5297,Prepaid,none,0.0144,monthly_interest_accrual (-0.67); interest_rate (+0.38),APPROVE,0.895
LN002560,10,0.5779,0.5956,0.1301,0.5181,Current,none,0.2716,current_status_Current (+0.80); monthly_interest_accrual (-0.70),APPROVE,0.87
LN002563,7,0.2448,0.3907,0.1358,0.5287,Prepaid,none,0.0413,current_status_Current (-0.27); combined_risk_index (+0.26),APPROVE,0.864
LN002563,8,0.6271,0.6307,0.2544,0.465,Current,stale_record,0.4757,current_status_Current (+1.17); interest_rate (-0.30),ESCALATE,0.746
LN002567,21,0.696,0.6734,0.2572,0.4259,60DPD,none,0.2954,current_status_Current (+1.44); combined_risk_index (-0.48),WATCH_LIST,0.743
LN002567,22,0.6935,0.6604,0.3325,0.4263,Current,none,0.4599,current_status_Current (+1.45); combined_risk_index (-0.55),ESCALATE,0.667
LN002569,8,0.21,0.3959,0.151,0.5575,Prepaid,none,0.0168,monthly_interest_accrual (-0.46); current_status_Current (-0.25),WATCH_LIST,0.849
LN002569,9,0.2041,0.3937,0.1437,0.5573,Prepaid,none,0.0224,monthly_interest_accrual (-0.46); current_status_Current (-0.25),APPROVE,0.856
LN002569,10,0.2007,0.3972,0.1424,0.558,Prepaid,none,0.0272,monthly_interest_accrual (-0.46); current_status_Current (-0.25),APPROVE,0.858
LN002569,11,0.2093,0.3894,0.1436,0.5594,Prepaid,none,0.0433,monthly_interest_accrual (-0.44); current_status_Current (-0.25),APPROVE,0.856
LN002569,12,0.2054,0.3743,0.1397,0.5607,Prepaid,none,0.045,monthly_interest_accrual (-0.44); current_status_Current (-0.24),APPROVE,0.86
LN002569,13,0.1989,0.3568,0.1356,0.5607,Current,none,0.0497,monthly_interest_accrual (-0.43); current_status_Current (-0.24),APPROVE,0.864
LN002569,14,0.7196,0.7066,0.3605,0.5144,Current,stale_record,0.4282,current_status_Current (+1.32); monthly_interest_accrual (-0.53),ESCALATE,0.639
LN002570,21,0.079,0.1267,0.0665,0.4751,Current,none,0.2366,original_balance (-1.26); combined_risk_index (-0.47),APPROVE,0.934
LN002570,22,0.0768,0.1286,0.0665,0.4751,Current,none,0.2565,original_balance (-1.26); combined_risk_index (-0.47),APPROVE,0.934
LN002570,23,0.076,0.1295,0.0669,0.4762,Current,none,0.2769,original_balance (-1.26); combined_risk_index (-0.47),APPROVE,0.933
LN002570,24,0.3856,0.4014,0.0702,0.4647,Current,source_conflict,0.6046,original_balance (-1.36); current_status_Current (+1.01),ESCALATE,0.93
LN002572,8,0.1908,0.2698,0.1229,0.5058,Current,none,0.0433,state_SC (-0.36); combined_risk_index (+0.30),APPROVE,0.877
LN002572,9,0.2262,0.2924,0.1326,0.5009,Current,suspicious_transition,0.2654,current_status_Current (-0.36); state_SC (-0.31),APPROVE,0.867
LN002572,10,0.1869,0.2718,0.1201,0.5058,Prepaid,none,0.0587,state_SC (-0.36); combined_risk_index (+0.29),APPROVE,0.88
LN002572,11,0.1708,0.2697,0.1166,0.505,Prepaid,none,0.0723,state_SC (-0.33); combined_risk_index (+0.29),APPROVE,0.883
LN002572,12,0.1551,0.2591,0.1136,0.5087,Prepaid,none,0.0776,state_SC (-0.32); combined_risk_index (+0.29),APPROVE,0.886
LN002572,13,0.1397,0.249,0.1083,0.5085,Current,none,0.0895,state_SC (-0.32); combined_risk_index (+0.30),APPROVE,0.892
LN002572,14,0.1416,0.232,0.1028,0.508,Current,none,0.1012,state_SC (-0.32); combined_risk_index (+0.30),APPROVE,0.897
LN002572,15,0.1414,0.2211,0.1009,0.5078,Current,none,0.1153,state_SC (-0.32); combined_risk_index (+0.30),APPROVE,0.899
LN002572,16,0.7194,0.6998,0.402,0.4389,Default,none,0.3743,current_status_Current (+1.48); current_status_90DPD (+0.47),ESCALATE,0.598
LN002572,17,0.7159,0.6848,0.3342,0.4461,90DPD,none,0.248,current_status_Current (+1.35); state_SC (-0.27),WATCH_LIST,0.666
LN002572,18,0.7111,0.6846,0.332,0.4457,90DPD,none,0.2572,current_status_Current (+1.35); state_SC (-0.27),WATCH_LIST,0.668
LN002573,9,0.1337,0.2431,0.1013,0.4922,Prepaid,none,0.0123,combined_risk_index (-0.45); monthly_interest_accrual (-0.30),APPROVE,0.899
LN002573,10,0.137,0.2563,0.1008,0.4935,Current,none,0.0193,combined_risk_index (-0.46); monthly_interest_accrual (-0.30),APPROVE,0.899
LN002573,11,0.1047,0.2221,0.1089,0.4972,Current,data_entry_error,0.1506,combined_risk_index (-0.44); current_status_Current (-0.30),APPROVE,0.891
LN002573,12,0.1415,0.2588,0.0979,0.5006,Current,none,0.0381,combined_risk_index (-0.47); current_status_Current (-0.30),APPROVE,0.902
LN002573,13,0.1461,0.2564,0.0974,0.5028,Current,none,0.0421,combined_risk_index (-0.48); current_status_Current (-0.30),APPROVE,0.903
LN002573,14,0.1465,0.2465,0.0926,0.5024,Current,none,0.0526,combined_risk_index (-0.47); current_status_Current (-0.29),APPROVE,0.907
LN002573,15,0.1409,0.2285,0.0887,0.5018,Current,none,0.0686,combined_risk_index (-0.47); current_status_Current (-0.29),APPROVE,0.911
LN002573,16,0.6771,0.6315,0.1801,0.4742,30DPD,none,0.136,current_status_Current (+1.19); combined_risk_index (-0.32),WATCH_LIST,0.82
LN002573,17,0.1186,0.1791,0.0809,0.4972,Current,none,0.0994,combined_risk_index (-0.46); monthly_interest_accrual (-0.34),APPROVE,0.919
LN002573,18,0.1105,0.1719,0.0799,0.4967,Current,none,0.1184,combined_risk_index (-0.46); monthly_interest_accrual (-0.35),APPROVE,0.92
LN002573,19,0.0877,0.1504,0.0745,0.4994,Current,none,0.1383,combined_risk_index (-0.45); monthly_interest_accrual (-0.35),APPROVE,0.926
LN002573,20,0.1149,0.1786,0.0793,0.5075,Current,suspicious_transition,0.3232,month_index (-0.45); current_status_Current (-0.26),APPROVE,0.921
LN002573,21,0.0843,0.1502,0.0722,0.4991,Current,none,0.1882,month_index (-0.46); combined_risk_index (-0.45),APPROVE,0.928
LN002573,22,0.0817,0.1584,0.0722,0.4991,Current,stale_record,0.2571,month_index (-0.46); combined_risk_index (-0.45),APPROVE,0.928
LN002573,23,0.0817,0.1577,0.0722,0.5036,Current,none,0.2399,month_index (-0.46); combined_risk_index (-0.45),APPROVE,0.928
LN002573,24,0.0801,0.1579,0.0729,0.5024,Current,none,0.2505,month_index (-0.46); combined_risk_index (-0.45),APPROVE,0.927
LN002575,14,0.0727,0.1853,0.0735,0.5271,Current,none,0.1709,interest_rate (-1.09); combined_risk_index (-0.42),APPROVE,0.926
LN002575,15,0.3903,0.5396,0.1236,0.4907,Current,none,0.3577,interest_rate (-1.12); current_status_Current (+1.10),APPROVE,0.876
LN002577,8,0.2944,0.374,0.1335,0.543,Prepaid,none,0.031,current_status_Current (-0.30); credit_risk_tier (+0.16),APPROVE,0.867
LN002577,9,0.2361,0.3515,0.0913,0.5439,Prepaid,source_conflict,0.167,current_status_Current (-0.30); credit_risk_tier (-0.30),APPROVE,0.909
LN002577,10,0.2923,0.3774,0.1341,0.5428,Prepaid,none,0.0404,current_status_Current (-0.30); original_balance (-0.16),APPROVE,0.866
LN002577,11,0.3086,0.3735,0.1338,0.5434,Prepaid,none,0.056,current_status_Current (-0.30); monthly_interest_accrual (-0.19),APPROVE,0.866
LN002577,12,0.3006,0.3707,0.1331,0.544,Prepaid,none,0.0637,current_status_Current (-0.29); monthly_interest_accrual (-0.20),APPROVE,0.867
LN002577,13,0.2249,0.3424,0.1314,0.5443,Prepaid,none,0.071,current_status_Current (-0.29); monthly_interest_accrual (-0.20),APPROVE,0.869
LN002577,14,0.7433,0.7323,0.4237,0.4711,Current,none,0.3988,current_status_Current (+1.55); days_past_due (+0.33),ESCALATE,0.576
LN002600,7,0.1345,0.2773,0.132,0.5064,Current,none,0.0361,interest_rate (+0.45); combined_risk_index (-0.41),APPROVE,0.868
LN002600,8,0.1246,0.276,0.1327,0.5009,Current,source_conflict,0.1754,interest_rate (+0.47); combined_risk_index (-0.44),APPROVE,0.867
LN002600,9,0.13,0.2819,0.1442,0.5035,Current,none,0.0448,interest_rate (+0.49); combined_risk_index (-0.43),APPROVE,0.856
LN002600,10,0.1286,0.2978,0.1479,0.5031,Current,none,0.0535,interest_rate (+0.50); combined_risk_index (-0.45),APPROVE,0.852
LN002600,11,0.1301,0.3202,0.143,0.5057,Current,none,0.0653,interest_rate (+0.50); combined_risk_index (-0.45),APPROVE,0.857
LN002600,12,0.1319,0.3228,0.1404,0.5022,Current,none,0.0683,interest_rate (+0.51); combined_risk_index (-0.45),APPROVE,0.86
LN002600,13,0.1403,0.3238,0.1401,0.5012,Current,none,0.0725,interest_rate (+0.51); combined_risk_index (-0.44),APPROVE,0.86
LN002600,14,0.1425,0.2975,0.1343,0.5012,Current,none,0.0805,interest_rate (+0.51); combined_risk_index (-0.43),APPROVE,0.866
LN002600,15,0.1795,0.3268,0.1846,0.4996,Current,none,0.0989,interest_rate (+0.54); current_balance (+0.17),WATCH_LIST,0.815
LN002600,16,0.1378,0.2519,0.1044,0.5079,Current,none,0.2511,combined_risk_index (-0.40); current_status_Current (-0.28),APPROVE,0.896
LN002600,17,0.1059,0.1843,0.0851,0.526,Current,data_entry_error,0.278,monthly_interest_accrual (-0.68); interest_rate (+0.41),APPROVE,0.915
LN002600,18,0.1148,0.2367,0.1234,0.4936,Current,stale_record,0.1888,interest_rate (+0.48); combined_risk_index (-0.41),APPROVE,0.877
LN002600,19,0.0971,0.2195,0.1252,0.4936,Current,none,0.1632,interest_rate (+0.48); combined_risk_index (-0.40),APPROVE,0.875
LN002600,20,0.0978,0.2157,0.1035,0.4936,Current,stale_record,0.2371,interest_rate (+0.45); combined_risk_index (-0.40),APPROVE,0.896
LN002600,21,0.5662,0.59,0.1511,0.469,60DPD,none,0.2625,current_status_Current (+0.92); month_index (-0.33),WATCH_LIST,0.849
LN002600,22,0.5353,0.5769,0.1511,0.4671,60DPD,none,0.2788,current_status_Current (+0.91); month_index (-0.33),WATCH_LIST,0.849
LN002600,23,0.7082,0.6966,0.2645,0.4558,Default,none,0.364,current_status_Current (+1.36); month_index (-0.39),WATCH_LIST,0.736
LN002600,24,0.7077,0.6973,0.2645,0.457,Default,none,0.3694,current_status_Current (+1.36); month_index (-0.39),WATCH_LIST,0.736
LN002600,25,0.7011,0.6851,0.2424,0.4592,Current,none,0.4685,current_status_Current (+1.33); month_index (-0.38),ESCALATE,0.758
LN002603,8,0.5956,0.5835,0.2638,0.5124,60DPD,none,0.0583,current_status_Current (+1.05); occupancy_type_Second_Home (+0.44),WATCH_LIST,0.736
LN002603,9,0.7225,0.7106,0.3169,0.4946,Current,none,0.3484,current_status_Current (+1.35); occupancy_type_Second_Home (+0.44),WATCH_LIST,0.683
LN002611,7,0.7321,0.7338,0.379,0.4665,60DPD,none,0.1272,current_status_Current (+1.28); state_SC (-0.29),ESCALATE,0.621
LN002611,8,0.7222,0.7232,0.3856,0.4645,90DPD,stale_record,0.1753,current_status_Current (+1.28); state_SC (-0.29),ESCALATE,0.614
LN002611,9,0.7358,0.7141,0.4282,0.4566,60DPD,stale_record,0.345,current_status_Current (+1.49); current_status_90DPD (+0.47),ESCALATE,0.572
LN002611,10,0.7265,0.731,0.3935,0.4662,Current,none,0.3592,current_status_Current (+1.36); days_past_due (+0.35),ESCALATE,0.606
LN002612,6,0.6292,0.6079,0.211,0.4746,60DPD,none,0.0636,current_status_Current (+1.33); interest_rate (-0.28),WATCH_LIST,0.789
LN002612,7,0.7313,0.725,0.292,0.4483,60DPD,none,0.1127,current_status_Current (+1.63); days_past_due (+0.25),WATCH_LIST,0.708
LN002612,8,0.7435,0.7364,0.3739,0.4407,60DPD,none,0.1703,current_status_Current (+1.74); current_status_90DPD (+0.39),ESCALATE,0.626
LN002612,9,0.746,0.7347,0.3716,0.4375,Default,none,0.1739,current_status_Current (+1.74); days_past_due (+0.35),ESCALATE,0.628
LN002612,10,0.6037,0.6202,0.2125,0.4699,Current,none,0.2889,current_status_Current (+1.37); interest_rate (-0.30),WATCH_LIST,0.787
LN002614,15,0.5418,0.5092,0.2226,0.4705,30DPD,none,0.1252,current_status_Current (+1.30); original_balance (-0.24),WATCH_LIST,0.777
LN002614,16,0.1103,0.1689,0.0879,0.502,Current,source_conflict,0.2156,original_balance (-0.32); current_status_Current (-0.31),APPROVE,0.912
LN002614,17,0.0965,0.1607,0.0853,0.4982,Current,stale_record,0.1653,original_balance (-0.32); current_status_Current (-0.31),APPROVE,0.915
LN002614,18,0.0885,0.1533,0.0851,0.4971,Current,none,0.1156,original_balance (-0.32); current_status_Current (-0.31),APPROVE,0.915
LN002614,19,0.0748,0.1383,0.0786,0.4971,Current,none,0.1345,original_balance (-0.32); current_status_Current (-0.32),APPROVE,0.921
LN002614,20,0.0756,0.1375,0.0742,0.4971,Current,none,0.1603,month_index (-0.45); original_balance (-0.33),APPROVE,0.926
LN002614,21,0.0856,0.1515,0.0746,0.5154,Current,none,0.2248,month_index (-0.39); current_status_Current (-0.31),APPROVE,0.925
LN002614,22,0.0738,0.1469,0.0741,0.4965,Current,none,0.2055,month_index (-0.45); original_balance (-0.33),APPROVE,0.926
LN002614,23,0.0738,0.146,0.0741,0.4957,Current,none,0.2353,month_index (-0.45); original_balance (-0.33),APPROVE,0.926
LN002614,24,0.0728,0.146,0.0741,0.4945,Current,none,0.2477,month_index (-0.45); original_balance (-0.33),APPROVE,0.926
LN002614,25,0.0728,0.146,0.0741,0.4945,Current,none,0.2561,month_index (-0.45); original_balance (-0.33),APPROVE,0.926
LN002614,26,0.4837,0.5029,0.1322,0.4624,Current,none,0.4434,current_status_Current (+1.31); month_index (-0.41),ESCALATE,0.868
LN002615,23,0.129,0.2448,0.0739,0.4845,Current,none,0.2463,month_index (-0.46); combined_risk_index (+0.35),APPROVE,0.926
LN002615,24,0.1265,0.2448,0.0739,0.4869,Current,none,0.2571,month_index (-0.46); combined_risk_index (+0.35),APPROVE,0.926
LN002615,25,0.6228,0.6087,0.1291,0.459,Current,stale_record,0.4965,current_status_Current (+1.22); month_index (-0.47),ESCALATE,0.871
LN002623,21,0.2612,0.4109,0.1038,0.52,Current,none,0.2192,month_index (-0.49); combined_risk_index (+0.29),APPROVE,0.896
LN002623,22,0.2502,0.419,0.1026,0.52,Current,none,0.2369,month_index (-0.49); combined_risk_index (+0.29),APPROVE,0.897
LN002623,23,0.2502,0.4157,0.1066,0.5186,Current,none,0.2628,month_index (-0.49); interest_rate (+0.31),APPROVE,0.893
LN002623,24,0.5951,0.6829,0.1358,0.4958,Current,none,0.4638,current_status_Current (+0.92); month_index (-0.45),ESCALATE,0.864
LN002625,9,0.5978,0.6475,0.2091,0.4912,Current,none,0.284,current_status_Current (+1.25); ltv_risk_tier (-0.40),WATCH_LIST,0.791
LN002626,8,0.6594,0.6475,0.2071,0.5016,30DPD,none,0.0967,current_status_Current (+1.28); current_balance (-0.30),WATCH_LIST,0.793
LN002626,9,0.1851,0.3525,0.0889,0.5406,Prepaid,none,0.0539,current_status_Current (-0.30); current_balance (-0.29),APPROVE,0.911
LN002626,10,0.1772,0.3496,0.0894,0.5427,Prepaid,none,0.0641,current_status_Current (-0.30); current_balance (-0.29),APPROVE,0.911
LN002626,11,0.1796,0.362,0.0898,0.5428,Prepaid,none,0.0771,current_status_Current (-0.29); current_balance (-0.29),APPROVE,0.91
LN002626,12,0.1826,0.3595,0.0881,0.5455,Prepaid,none,0.0844,current_status_Current (-0.29); current_balance (-0.29),APPROVE,0.912
LN002626,13,0.6123,0.6265,0.1841,0.5047,30DPD,stale_record,0.1857,current_status_Current (+1.23); current_balance (-0.27),WATCH_LIST,0.816
LN002626,14,0.6588,0.6685,0.2444,0.4767,60DPD,none,0.3006,current_status_Current (+1.10); days_past_due (-0.24),WATCH_LIST,0.756
LN002626,15,0.7296,0.7291,0.3432,0.4701,Current,source_conflict,0.5529,current_status_Current (+1.71); days_past_due (+0.40),ESCALATE,0.657
LN002630,10,0.5612,0.5332,0.0945,0.5218,60DPD,none,0.2461,current_status_Current (+1.14); interest_rate (-1.00),APPROVE,0.905
LN002630,11,0.5612,0.5386,0.0993,0.5238,60DPD,none,0.104,current_status_Current (+1.14); interest_rate (-0.93),APPROVE,0.901
LN002630,12,0.5585,0.5219,0.1009,0.5299,60DPD,source_conflict,0.2459,current_status_Current (+1.14); interest_rate (-0.93),APPROVE,0.899
LN002630,13,0.5115,0.4472,0.101,0.5294,Prepaid,none,0.1196,current_status_Current (+1.14); interest_rate (-0.92),APPROVE,0.899
LN002630,14,0.4688,0.4052,0.0993,0.5291,Current,none,0.329,current_status_Current (+1.15); interest_rate (-0.91),APPROVE,0.901
LN002639,6,0.1795,0.3508,0.101,0.5472,Current,none,0.0532,original_balance (-0.51); state_CA (-0.39),APPROVE,0.899
LN002639,7,0.2155,0.3416,0.096,0.5521,Current,none,0.0597,original_balance (-0.51); state_CA (-0.39),APPROVE,0.904
LN002639,8,0.188,0.3437,0.104,0.5481,Current,none,0.0643,original_balance (-0.51); state_CA (-0.39),APPROVE,0.896
LN002639,9,0.639,0.6308,0.2261,0.5102,60DPD,none,0.1129,current_status_Current (+1.08); original_balance (-0.45),WATCH_LIST,0.774
LN002639,10,0.1787,0.3717,0.1036,0.5495,Prepaid,source_conflict,0.2126,original_balance (-0.50); state_CA (-0.39),APPROVE,0.896
LN002639,11,0.1804,0.3784,0.1209,0.5496,Prepaid,none,0.0931,original_balance (-0.48); combined_risk_index (+0.33),APPROVE,0.879
LN002639,12,0.186,0.3816,0.1183,0.5501,30DPD,none,0.0978,original_balance (-0.48); combined_risk_index (+0.32),APPROVE,0.882
LN002639,13,0.1698,0.3698,0.1203,0.5505,Current,none,0.1028,original_balance (-0.48); combined_risk_index (+0.32),APPROVE,0.88
LN002639,14,0.1597,0.3433,0.1157,0.5505,Current,none,0.1152,original_balance (-0.48); combined_risk_index (+0.32),APPROVE,0.884
LN002639,15,0.1663,0.3304,0.1062,0.5545,Current,none,0.1305,original_balance (-0.48); combined_risk_index (+0.36),APPROVE,0.894
LN002639,16,0.1556,0.309,0.1116,0.5502,Current,none,0.137,original_balance (-0.47); combined_risk_index (+0.32),APPROVE,0.888
LN002639,17,0.1566,0.2883,0.1086,0.5484,Current,none,0.153,original_balance (-0.47); combined_risk_index (+0.32),APPROVE,0.891
LN002639,18,0.1633,0.2715,0.1085,0.5498,Current,none,0.1684,original_balance (-0.47); combined_risk_index (+0.32),APPROVE,0.891
LN002639,19,0.1136,0.2439,0.1325,0.5143,Current,data_entry_error,0.2921,original_balance (-0.55); state_CA (-0.36),APPROVE,0.868
LN002639,20,0.6756,0.7026,0.1619,0.4845,60DPD,none,0.2838,current_status_Current (+1.22); month_index (-0.51),WATCH_LIST,0.838
LN002639,21,0.6742,0.7074,0.158,0.4846,60DPD,none,0.3054,current_status_Current (+1.22); month_index (-0.51),WATCH_LIST,0.842
LN002639,22,0.6741,0.7073,0.2502,0.4719,Default,none,0.3521,current_status_Current (+1.32); month_index (-0.52),WATCH_LIST,0.75
LN002639,23,0.6728,0.7061,0.253,0.4716,Default,none,0.3688,current_status_Current (+1.34); month_index (-0.52),WATCH_LIST,0.747
LN002639,24,0.654,0.701,0.2529,0.4732,Default,none,0.4613,current_status_Current (+1.34); month_index (-0.52),ESCALATE,0.747
LN002639,25,0.6515,0.7046,0.1599,0.4857,60DPD,stale_record,0.3859,current_status_Current (+1.23); month_index (-0.51),WATCH_LIST,0.84
LN002639,26,0.5821,0.6027,0.1462,0.5096,Current,none,0.4853,current_status_Current (+0.96); month_index (-0.42),ESCALATE,0.854
LN002644,18,0.2257,0.4355,0.0728,0.4561,Current,none,0.196,interest_rate (-0.46); monthly_interest_accrual (-0.34),APPROVE,0.927
LN002644,19,0.264,0.4125,0.07,0.4561,Current,none,0.22,interest_rate (-0.47); monthly_interest_accrual (-0.35),APPROVE,0.93
LN002644,20,0.2667,0.4108,0.0684,0.4561,Current,none,0.2364,month_index (-0.51); interest_rate (-0.46),APPROVE,0.932
LN002644,21,0.2563,0.4075,0.0681,0.4561,Current,none,0.2661,month_index (-0.51); monthly_interest_accrual (-0.50),APPROVE,0.932
LN002644,22,0.2467,0.4215,0.0681,0.4561,Current,none,0.2802,month_index (-0.51); monthly_interest_accrual (-0.50),APPROVE,0.932
LN002644,23,0.2467,0.4215,0.0681,0.4561,Current,stale_record,0.3444,month_index (-0.51); monthly_interest_accrual (-0.50),APPROVE,0.932
LN002644,24,0.2467,0.4215,0.0681,0.4561,Current,none,0.306,month_index (-0.51); monthly_interest_accrual (-0.50),APPROVE,0.932
LN002644,25,0.2467,0.4215,0.0681,0.4561,Current,none,0.3125,month_index (-0.51); monthly_interest_accrual (-0.50),APPROVE,0.932
LN002644,26,0.2502,0.4215,0.0681,0.4561,Current,none,0.3152,month_index (-0.51); monthly_interest_accrual (-0.50),APPROVE,0.932
LN002644,27,0.2502,0.4215,0.0681,0.4562,Current,none,0.3165,month_index (-0.51); monthly_interest_accrual (-0.50),APPROVE,0.932
LN002644,28,0.2512,0.4215,0.0681,0.4562,Current,none,0.3165,month_index (-0.51); monthly_interest_accrual (-0.50),APPROVE,0.932
LN002644,29,0.2512,0.4215,0.0681,0.4562,Current,none,0.3159,month_index (-0.51); monthly_interest_accrual (-0.50),APPROVE,0.932
LN002644,30,0.2512,0.4206,0.0681,0.4562,Current,none,0.3159,month_index (-0.51); monthly_interest_accrual (-0.50),APPROVE,0.932
LN002644,31,0.6292,0.6808,0.1076,0.4348,Current,none,0.4894,current_status_Current (+1.11); monthly_interest_accrual (-0.50),ESCALATE,0.892
LN002645,17,0.1387,0.2705,0.1154,0.5084,Current,suspicious_transition,0.3613,current_status_Current (-0.40); interest_rate (-0.38),APPROVE,0.885
LN002645,18,0.0997,0.2293,0.1012,0.513,Current,none,0.1751,interest_rate (-0.42); seasoning_pct (-0.36),APPROVE,0.899
LN002645,19,0.0806,0.2018,0.0933,0.5126,Current,none,0.1948,seasoning_pct (-0.44); interest_rate (-0.42),APPROVE,0.907
LN002645,20,0.0886,0.2073,0.094,0.5008,Current,none,0.2141,month_index (-0.54); interest_rate (-0.41),APPROVE,0.906
LN002650,12,0.5906,0.6125,0.2192,0.4752,60DPD,none,0.0891,current_status_Current (+1.19); ltv_risk_tier (-0.41),WATCH_LIST,0.781
LN002650,13,0.604,0.6151,0.2096,0.4723,60DPD,none,0.0923,current_status_Current (+1.17); ltv_risk_tier (-0.42),WATCH_LIST,0.79
LN002650,14,0.6071,0.6185,0.2003,0.4699,30DPD,stale_record,0.1498,current_status_Current (+1.17); ltv_risk_tier (-0.42),WATCH_LIST,0.8
LN002650,15,0.1015,0.2004,0.0912,0.5019,Current,none,0.0666,combined_risk_index (-0.37); ltv_risk_tier (-0.34),APPROVE,0.909
LN002650,16,0.1004,0.1905,0.0883,0.4999,Current,none,0.0793,combined_risk_index (-0.37); ltv_risk_tier (-0.34),APPROVE,0.912
LN002650,17,0.0928,0.1773,0.0869,0.4966,Current,none,0.0959,combined_risk_index (-0.37); ltv_risk_tier (-0.32),APPROVE,0.913
LN002650,18,0.0901,0.1737,0.0869,0.4946,Current,none,0.1134,combined_risk_index (-0.37); ltv_risk_tier (-0.32),APPROVE,0.913
LN002654,13,0.1183,0.1574,0.0736,0.5307,Current,none,0.1374,interest_rate (-0.86); combined_risk_index (-0.57),APPROVE,0.926
LN002654,14,0.0978,0.1648,0.077,0.5201,Current,none,0.1478,interest_rate (-0.81); seasoning_pct (-0.33),APPROVE,0.923
LN002654,15,0.0932,0.16,0.0761,0.52,Prepaid,none,0.1664,interest_rate (-0.76); seasoning_pct (-0.40),APPROVE,0.924
LN002654,16,0.5177,0.491,0.163,0.4993,Current,none,0.4163,current_status_Current (+1.21); interest_rate (-0.83),ESCALATE,0.837
LN002657,13,0.2355,0.4175,0.1334,0.4991,Current,none,0.1106,seasoning_pct (-0.44); interest_rate (-0.32),APPROVE,0.867
LN002657,14,0.2302,0.4078,0.1337,0.5011,Current,none,0.1204,seasoning_pct (-0.44); interest_rate (-0.32),APPROVE,0.866
LN002657,15,0.2327,0.4032,0.1362,0.5005,Current,none,0.1415,seasoning_pct (-0.51); current_status_Current (-0.28),APPROVE,0.864
LN002657,16,0.2331,0.4251,0.1339,0.5002,Current,none,0.1602,seasoning_pct (-0.51); current_status_Current (-0.28),APPROVE,0.866
LN002657,17,0.2335,0.4343,0.132,0.5005,Current,none,0.1813,seasoning_pct (-0.51); current_status_Current (-0.28),APPROVE,0.868
LN002657,18,0.2333,0.4183,0.1314,0.4995,Current,none,0.1945,seasoning_pct (-0.51); current_status_Current (-0.28),APPROVE,0.869
LN002657,19,0.2688,0.3952,0.1209,0.4986,Current,none,0.2164,seasoning_pct (-0.51); current_status_Current (-0.28),APPROVE,0.879
LN002657,20,0.2774,0.3888,0.1131,0.5002,Current,none,0.2347,seasoning_pct (-0.51); month_index (-0.41),APPROVE,0.887
LN002657,21,0.2714,0.3817,0.1131,0.5002,Current,none,0.2619,seasoning_pct (-0.51); month_index (-0.41),APPROVE,0.887
LN002657,22,0.2559,0.3905,0.1131,0.5002,Current,none,0.2754,seasoning_pct (-0.51); month_index (-0.41),APPROVE,0.887
LN002657,23,0.2559,0.3881,0.1131,0.5002,Current,none,0.2983,seasoning_pct (-0.51); month_index (-0.41),APPROVE,0.887
LN002659,7,0.6792,0.6775,0.3587,0.4684,30DPD,none,0.127,current_status_Current (+1.04); combined_risk_index (+0.20),ESCALATE,0.641
LN002659,8,0.6728,0.682,0.3641,0.4684,30DPD,stale_record,0.1743,current_status_Current (+1.08); combined_risk_index (+0.20),ESCALATE,0.636
LN002659,9,0.6558,0.661,0.3749,0.4784,60DPD,none,0.1621,current_status_Current (+1.06); combined_risk_index (+0.23),ESCALATE,0.625
LN002659,10,0.7433,0.7303,0.4236,0.4509,Current,none,0.3739,current_status_Current (+1.45); days_past_due (+0.26),ESCALATE,0.576
LN002660,9,0.1042,0.1861,0.0592,0.4824,Prepaid,none,0.0978,combined_risk_index (-1.16); ltv_risk_tier (-1.02),APPROVE,0.941
LN002660,10,0.0998,0.1936,0.0588,0.4835,Prepaid,none,0.1052,combined_risk_index (-1.14); ltv_risk_tier (-1.00),APPROVE,0.941
LN002660,11,0.125,0.2047,0.0586,0.4825,Prepaid,none,0.1165,combined_risk_index (-1.14); ltv_risk_tier (-1.00),APPROVE,0.941
LN002660,12,0.1427,0.343,0.0601,0.4836,Current,suspicious_transition,0.3698,combined_risk_index (-1.14); ltv_risk_tier (-0.99),APPROVE,0.94
LN002660,13,0.1089,0.2455,0.0585,0.4874,Prepaid,none,0.128,combined_risk_index (-1.12); ltv_risk_tier (-1.00),APPROVE,0.942
LN002660,14,0.1052,0.2393,0.0584,0.4895,Prepaid,none,0.1371,combined_risk_index (-1.12); ltv_risk_tier (-0.99),APPROVE,0.942
LN002660,15,0.1315,0.2416,0.0582,0.491,Prepaid,none,0.1554,combined_risk_index (-1.12); ltv_risk_tier (-0.99),APPROVE,0.942
LN002660,16,0.0878,0.1898,0.0597,0.5036,Prepaid,none,0.1748,ltv_risk_tier (-0.88); interest_rate (-0.63),APPROVE,0.94
LN002660,17,0.4838,0.4812,0.0633,0.4758,Current,none,0.4142,ltv_risk_tier (-1.12); combined_risk_index (-1.04),ESCALATE,0.937
LN002662,18,0.1254,0.2391,0.0762,0.4937,Current,none,0.154,interest_rate (-0.89); current_status_Current (-0.28),APPROVE,0.924
LN002662,19,0.1096,0.2252,0.0729,0.4932,Prepaid,none,0.1692,interest_rate (-0.89); current_status_Current (-0.29),APPROVE,0.927
LN002662,20,0.3608,0.4811,0.0984,0.4873,Current,none,0.4115,current_status_Current (+1.03); interest_rate (-0.85),ESCALATE,0.902
LN002664,28,0.0548,0.1062,0.0672,0.4583,Current,source_conflict,0.4384,interest_rate (-0.62); month_index (-0.52),ESCALATE,0.933
LN002664,29,0.0548,0.1062,0.067,0.458,Current,none,0.3034,interest_rate (-0.62); month_index (-0.52),APPROVE,0.933
LN002664,30,0.0551,0.1064,0.067,0.458,Current,none,0.3042,interest_rate (-0.62); month_index (-0.52),APPROVE,0.933
LN002664,31,0.0551,0.1064,0.067,0.458,Current,none,0.3031,interest_rate (-0.62); month_index (-0.52),APPROVE,0.933
LN002665,17,0.5974,0.6145,0.1935,0.5178,Current,none,0.3579,current_status_Current (+1.02); interest_rate (-0.35),WATCH_LIST,0.806
LN002667,12,0.1122,0.2022,0.2408,0.4468,Current,none,0.325,interest_rate (+0.61); original_balance (+0.40),WATCH_LIST,0.759
LN002667,13,0.3697,0.3638,0.3084,0.4449,60DPD,none,0.356,current_status_Current (+1.06); interest_rate (+0.50),WATCH_LIST,0.692
LN002667,14,0.4002,0.3855,0.3,0.4438,60DPD,none,0.3692,current_status_Current (+1.03); interest_rate (+0.46),WATCH_LIST,0.7
LN002667,15,0.6369,0.5838,0.3822,0.4336,Current,data_entry_error,0.621,current_status_Current (+1.39); interest_rate (+0.47),ESCALATE,0.618
LN002670,11,0.2407,0.2951,0.1284,0.5354,Current,none,0.1096,combined_risk_index (+0.32); seasoning_pct (-0.27),APPROVE,0.872
LN002670,12,0.1931,0.26,0.102,0.5432,Current,none,0.1137,original_balance (-0.32); current_status_Current (-0.29),APPROVE,0.898
LN002670,13,0.1669,0.2578,0.1012,0.5432,Current,none,0.1256,original_balance (-0.33); current_status_Current (-0.29),APPROVE,0.899
LN002670,14,0.172,0.2643,0.0991,0.5432,Current,stale_record,0.2028,original_balance (-0.32); current_status_Current (-0.29),APPROVE,0.901
LN002670,15,0.1883,0.2633,0.0967,0.5431,Current,none,0.1563,seasoning_pct (-0.35); original_balance (-0.32),APPROVE,0.903
LN002670,16,0.5913,0.5441,0.2334,0.5067,Current,none,0.3986,current_status_Current (+1.25); seasoning_pct (-0.22),WATCH_LIST,0.767
LN002685,14,0.1682,0.2309,0.0822,0.4734,Current,none,0.1,interest_rate (-0.37); current_status_Current (-0.27),APPROVE,0.918
LN002685,15,0.153,0.211,0.0811,0.4731,Current,stale_record,0.1591,interest_rate (-0.37); seasoning_pct (-0.26),APPROVE,0.919
LN002685,16,0.1341,0.1929,0.08,0.4703,Current,none,0.1343,interest_rate (-0.37); seasoning_pct (-0.26),APPROVE,0.92
LN002685,17,0.1294,0.1937,0.0791,0.4678,Current,none,0.1486,interest_rate (-0.37); seasoning_pct (-0.26),APPROVE,0.921
LN002685,18,0.1301,0.2137,0.0837,0.4658,Current,none,0.3438,current_status_Current (-0.28); seasoning_pct (-0.24),APPROVE,0.916
LN002685,19,0.1038,0.1602,0.0761,0.4649,Current,none,0.181,seasoning_pct (-0.38); interest_rate (-0.37),APPROVE,0.924
LN002685,20,0.1055,0.1562,0.074,0.4649,Current,stale_record,0.246,month_index (-0.50); seasoning_pct (-0.38),APPROVE,0.926
LN002685,21,0.6482,0.6107,0.1263,0.4513,60DPD,none,0.2699,current_status_Current (+1.11); month_index (-0.46),APPROVE,0.874
LN002685,22,0.6494,0.612,0.1263,0.4513,60DPD,none,0.2865,current_status_Current (+1.11); month_index (-0.46),APPROVE,0.874
LN002688,7,0.1699,0.3435,0.0732,0.5582,Current,none,0.1123,interest_rate (-1.07); current_status_Current (-0.28),APPROVE,0.927
LN002688,8,0.1703,0.3497,0.0748,0.5635,Current,stale_record,0.1586,interest_rate (-1.08); current_status_Current (-0.28),APPROVE,0.925
LN002688,9,0.6242,0.6322,0.159,0.5123,30DPD,none,0.1638,current_status_Current (+1.21); interest_rate (-1.10),WATCH_LIST,0.841
LN002688,10,0.5856,0.6066,0.1544,0.518,Current,none,0.3855,current_status_Current (+1.18); interest_rate (-1.10),WATCH_LIST,0.846
LN002690,14,0.1619,0.2308,0.0921,0.5264,30DPD,none,0.1328,interest_rate (-0.37); ltv_risk_tier (-0.26),APPROVE,0.908
LN002690,15,0.1576,0.215,0.0909,0.5265,Prepaid,none,0.1491,interest_rate (-0.37); ltv_risk_tier (-0.26),APPROVE,0.909
LN002690,16,0.148,0.1978,0.0888,0.5271,Prepaid,none,0.1668,interest_rate (-0.37); ltv_risk_tier (-0.26),APPROVE,0.911
LN002690,17,0.134,0.1801,0.0861,0.5254,Prepaid,stale_record,0.2238,interest_rate (-0.38); current_status_Current (-0.25),APPROVE,0.914
LN002690,18,0.1226,0.1718,0.0855,0.5257,Current,none,0.192,interest_rate (-0.38); current_status_Current (-0.25),APPROVE,0.914
LN002690,19,0.0942,0.1605,0.0787,0.5257,Prepaid,stale_record,0.2577,interest_rate (-0.38); current_status_Current (-0.25),APPROVE,0.921
LN002690,20,0.0939,0.1581,0.0736,0.5257,Prepaid,none,0.2378,month_index (-0.52); interest_rate (-0.39),APPROVE,0.926
LN002690,21,0.0939,0.1683,0.0736,0.5256,Current,none,0.255,month_index (-0.52); interest_rate (-0.39),APPROVE,0.926
LN002690,22,0.0934,0.1788,0.0736,0.5256,Current,none,0.2723,month_index (-0.52); interest_rate (-0.39),APPROVE,0.926
LN002690,23,0.0956,0.1792,0.0747,0.5209,Current,source_conflict,0.433,month_index (-0.52); interest_rate (-0.38),ESCALATE,0.925
LN002690,24,0.0966,0.1792,0.0743,0.5196,Current,none,0.3035,month_index (-0.52); interest_rate (-0.38),APPROVE,0.926
LN002690,25,0.6002,0.5937,0.1541,0.4787,Current,none,0.5594,current_status_Current (+1.14); month_index (-0.40),ESCALATE,0.846
LN002697,6,0.3182,0.4893,0.1428,0.5187,Current,none,0.0456,monthly_interest_accrual (-0.61); interest_rate (-0.42),APPROVE,0.857
LN002697,7,0.6716,0.6875,0.1847,0.5167,Current,none,0.3031,current_status_Current (+0.93); monthly_interest_accrual (-0.66),WATCH_LIST,0.815
LN002699,26,0.0702,0.1586,0.0677,0.4803,Current,none,0.3219,interest_rate (-1.01); month_index (-0.50),APPROVE,0.932
LN002699,27,0.0698,0.1575,0.0677,0.4803,Current,stale_record,0.3706,interest_rate (-1.01); month_index (-0.50),APPROVE,0.932
LN002699,28,0.5155,0.5341,0.1018,0.4628,60DPD,none,0.353,current_status_Current (+1.15); interest_rate (-1.07),APPROVE,0.898
LN002699,29,0.0698,0.1575,0.0675,0.48,Current,none,0.3256,interest_rate (-1.00); month_index (-0.50),APPROVE,0.932
LN002699,30,0.0755,0.1711,0.0715,0.5092,Prepaid,stale_record,0.3893,interest_rate (-0.90); month_index (-0.46),APPROVE,0.928
LN002710,11,0.1694,0.3009,0.1301,0.4947,Current,none,0.2074,interest_rate (-0.32); current_status_Current (-0.26),APPROVE,0.87
LN002710,12,0.1587,0.2605,0.1132,0.4915,Current,none,0.0395,monthly_interest_accrual (-0.53); combined_risk_index (+0.28),APPROVE,0.887
LN002710,13,0.1687,0.2604,0.1126,0.4913,Current,none,0.0437,monthly_interest_accrual (-0.53); combined_risk_index (+0.28),APPROVE,0.887
LN002710,14,0.1666,0.2483,0.1058,0.4913,Current,none,0.0532,monthly_interest_accrual (-0.52); combined_risk_index (+0.27),APPROVE,0.894
LN002710,15,0.6529,0.6129,0.239,0.4634,Current,none,0.3136,current_status_Current (+1.08); monthly_interest_accrual (-0.53),WATCH_LIST,0.761
LN002714,8,0.1507,0.2479,0.074,0.5464,Prepaid,none,0.0764,ltv_risk_tier (-0.69); interest_rate (-0.49),APPROVE,0.926
LN002714,9,0.2125,0.3287,0.0991,0.5218,Current,none,0.0842,monthly_interest_accrual (-0.53); combined_risk_index (+0.43),APPROVE,0.901
LN002714,10,0.1612,0.2609,0.0751,0.5396,Prepaid,none,0.0914,ltv_risk_tier (-0.70); monthly_interest_accrual (-0.48),APPROVE,0.925
LN002714,11,0.1488,0.2568,0.0746,0.5407,Prepaid,none,0.1027,ltv_risk_tier (-0.68); interest_rate (-0.46),APPROVE,0.925
LN002714,12,0.1433,0.2475,0.0733,0.543,Prepaid,none,0.1071,ltv_risk_tier (-0.68); interest_rate (-0.46),APPROVE,0.927
LN002714,13,0.1185,0.2226,0.0648,0.537,Prepaid,none,0.1198,ltv_risk_tier (-0.68); interest_rate (-0.49),APPROVE,0.935
LN002714,14,0.1254,0.2201,0.0686,0.5428,Current,none,0.1305,ltv_risk_tier (-0.68); interest_rate (-0.47),APPROVE,0.931
LN002714,15,0.5047,0.4952,0.1217,0.5071,30DPD,none,0.1981,current_status_Current (+1.12); ltv_risk_tier (-0.96),APPROVE,0.878
LN002714,16,0.1119,0.1809,0.0664,0.5397,Current,stale_record,0.2045,ltv_risk_tier (-0.67); interest_rate (-0.47),APPROVE,0.934
LN002714,17,0.6904,0.6553,0.1587,0.4853,90DPD,none,0.254,current_status_Current (+1.21); ltv_risk_tier (-1.03),WATCH_LIST,0.841
LN002714,18,0.4896,0.4593,0.1016,0.4994,30DPD,none,0.2405,current_status_Current (+1.12); ltv_risk_tier (-0.96),APPROVE,0.898
LN002714,19,0.4828,0.4655,0.094,0.4993,60DPD,none,0.2505,current_status_Current (+1.15); ltv_risk_tier (-0.96),APPROVE,0.906
LN002714,20,0.4759,0.4598,0.0914,0.5008,60DPD,none,0.2729,current_status_Current (+1.15); ltv_risk_tier (-0.95),APPROVE,0.909
LN002714,21,0.666,0.6646,0.1114,0.4827,60DPD,none,0.3202,current_status_Current (+1.24); ltv_risk_tier (-1.03),APPROVE,0.889
LN002714,22,0.6574,0.6676,0.1126,0.4827,60DPD,none,0.3316,current_status_Current (+1.23); ltv_risk_tier (-1.03),APPROVE,0.887
LN002721,9,0.0997,0.1916,0.0688,0.5276,Prepaid,none,0.1177,interest_rate (-0.65); original_balance (-0.43),APPROVE,0.931
LN002721,10,0.0981,0.1885,0.0678,0.527,Prepaid,none,0.1192,interest_rate (-0.63); original_balance (-0.44),APPROVE,0.932
LN002721,11,0.0993,0.1919,0.0679,0.5267,Current,none,0.128,interest_rate (-0.66); original_balance (-0.42),APPROVE,0.932
LN002721,12,0.1451,0.2454,0.0823,0.5312,Prepaid,none,0.2787,original_balance (-0.38); combined_risk_index (-0.33),APPROVE,0.918
LN002721,13,0.0953,0.2081,0.069,0.5288,Prepaid,none,0.1428,interest_rate (-0.66); original_balance (-0.41),APPROVE,0.931
LN002721,14,0.0946,0.2015,0.0679,0.5274,Prepaid,source_conflict,0.2852,interest_rate (-0.66); original_balance (-0.41),APPROVE,0.932
LN002721,15,0.0907,0.1985,0.0665,0.5274,Prepaid,none,0.1671,interest_rate (-0.65); original_balance (-0.43),APPROVE,0.934
LN002721,16,0.0897,0.2106,0.068,0.5265,Prepaid,none,0.1869,interest_rate (-0.64); original_balance (-0.43),APPROVE,0.932
LN002721,17,0.0866,0.2185,0.0668,0.5263,Prepaid,none,0.2076,interest_rate (-0.66); original_balance (-0.42),APPROVE,0.933
LN002721,18,0.0836,0.2272,0.0668,0.528,Prepaid,none,0.2183,interest_rate (-0.66); original_balance (-0.42),APPROVE,0.933
LN002721,19,0.1055,0.2015,0.0643,0.5289,Prepaid,none,0.2384,interest_rate (-0.72); original_balance (-0.38),APPROVE,0.936
LN002721,20,0.094,0.2034,0.0637,0.5268,Prepaid,none,0.258,interest_rate (-0.65); month_index (-0.45),APPROVE,0.936
LN002721,21,0.094,0.2051,0.0637,0.5268,Prepaid,stale_record,0.3284,interest_rate (-0.65); month_index (-0.45),APPROVE,0.936
LN002721,22,0.0941,0.2113,0.0637,0.5268,Prepaid,none,0.2969,interest_rate (-0.65); month_index (-0.45),APPROVE,0.936
LN002721,23,0.502,0.5429,0.0948,0.4979,60DPD,none,0.3442,current_status_Current (+1.20); interest_rate (-0.71),APPROVE,0.905
LN002721,24,0.0885,0.211,0.0637,0.5264,Prepaid,none,0.3241,interest_rate (-0.65); month_index (-0.45),APPROVE,0.936
LN002721,25,0.0876,0.2106,0.0639,0.5264,Prepaid,none,0.3304,interest_rate (-0.65); month_index (-0.45),APPROVE,0.936
LN002721,26,0.0858,0.193,0.0625,0.5282,Prepaid,source_conflict,0.4681,interest_rate (-0.65); combined_risk_index (-0.46),ESCALATE,0.937
LN002724,6,0.0836,0.1524,0.0689,0.5157,Current,none,0.087,combined_risk_index (-0.89); interest_rate (-0.57),APPROVE,0.931
LN002724,7,0.079,0.1411,0.0685,0.5179,Current,none,0.087,combined_risk_index (-0.86); interest_rate (-0.58),APPROVE,0.932
LN002724,8,0.0706,0.1403,0.0684,0.5204,Current,none,0.0923,combined_risk_index (-0.87); interest_rate (-0.59),APPROVE,0.932
LN002724,9,0.0653,0.1283,0.0693,0.5204,Current,none,0.109,combined_risk_index (-0.85); interest_rate (-0.60),APPROVE,0.931
LN002724,10,0.0602,0.1253,0.0688,0.5205,Current,none,0.1124,combined_risk_index (-0.83); interest_rate (-0.59),APPROVE,0.931
LN002724,11,0.0641,0.1262,0.0688,0.5184,Current,none,0.1211,combined_risk_index (-0.83); interest_rate (-0.61),APPROVE,0.931
LN002724,12,0.0657,0.121,0.0688,0.5226,Current,none,0.1232,combined_risk_index (-0.83); interest_rate (-0.61),APPROVE,0.931
LN002724,13,0.0651,0.1241,0.0679,0.5259,Current,none,0.1343,combined_risk_index (-0.83); interest_rate (-0.61),APPROVE,0.932
LN002724,14,0.3703,0.3617,0.1011,0.4966,Current,none,0.3763,current_status_Current (+1.08); combined_risk_index (-0.77),APPROVE,0.899
LN002725,19,0.5629,0.5579,0.1821,0.5079,Current,source_conflict,0.5563,current_status_Current (+1.09); seasoning_pct (-0.37),ESCALATE,0.818
LN002726,18,0.0866,0.1642,0.0605,0.4946,Current,none,0.1138,state_OH (-0.79); monthly_interest_accrual (-0.63),APPROVE,0.939
LN002726,19,0.073,0.1492,0.0593,0.5244,Current,none,0.1317,state_OH (-0.79); monthly_interest_accrual (-0.63),APPROVE,0.941
LN002726,20,0.0718,0.1569,0.0587,0.5244,Current,stale_record,0.2008,state_OH (-0.75); monthly_interest_accrual (-0.63),APPROVE,0.941
LN002726,21,0.0718,0.1602,0.0587,0.524,Current,stale_record,0.2269,state_OH (-0.75); monthly_interest_accrual (-0.64),APPROVE,0.941
LN002726,22,0.0702,0.1656,0.0587,0.5262,Current,stale_record,0.2521,state_OH (-0.75); monthly_interest_accrual (-0.64),APPROVE,0.941
LN002726,23,0.069,0.1662,0.059,0.523,Current,none,0.2384,state_OH (-0.72); monthly_interest_accrual (-0.64),APPROVE,0.941
LN002726,24,0.0691,0.1662,0.059,0.538,Current,none,0.2501,state_OH (-0.72); monthly_interest_accrual (-0.64),APPROVE,0.941
LN002726,25,0.0683,0.1688,0.0587,0.538,Current,none,0.2588,state_OH (-0.81); monthly_interest_accrual (-0.58),APPROVE,0.941
LN002726,26,0.0728,0.1754,0.0604,0.5121,Current,none,0.3079,state_OH (-0.74); ltv_risk_tier (-0.41),APPROVE,0.94
LN002726,27,0.0706,0.1673,0.059,0.5362,Current,none,0.2777,state_OH (-0.72); monthly_interest_accrual (-0.64),APPROVE,0.941
LN002726,28,0.0706,0.1684,0.059,0.5362,Current,none,0.2777,state_OH (-0.72); monthly_interest_accrual (-0.64),APPROVE,0.941
LN002726,29,0.0706,0.1684,0.059,0.5359,Current,stale_record,0.3227,state_OH (-0.72); monthly_interest_accrual (-0.64),APPROVE,0.941
LN002726,30,0.0708,0.1684,0.059,0.5359,Current,none,0.2787,state_OH (-0.72); monthly_interest_accrual (-0.64),APPROVE,0.941
LN002726,31,0.0709,0.1671,0.059,0.5359,Current,none,0.2814,state_OH (-0.72); monthly_interest_accrual (-0.64),APPROVE,0.941
LN002726,32,0.0721,0.1765,0.059,0.5359,Current,none,0.2814,state_OH (-0.72); monthly_interest_accrual (-0.64),APPROVE,0.941
LN002726,33,0.0721,0.1786,0.059,0.5359,Current,none,0.2814,state_OH (-0.72); monthly_interest_accrual (-0.64),APPROVE,0.941
LN002732,11,0.2463,0.3731,0.0892,0.4783,Current,none,0.0729,combined_risk_index (-0.39); current_status_Current (-0.33),APPROVE,0.911
LN002732,12,0.2266,0.35,0.0889,0.4821,Current,none,0.0768,combined_risk_index (-0.39); current_status_Current (-0.33),APPROVE,0.911
LN002732,13,0.2149,0.3467,0.085,0.4867,Current,none,0.0886,combined_risk_index (-0.37); current_status_Current (-0.33),APPROVE,0.915
LN002732,14,0.2144,0.337,0.0836,0.4875,Current,none,0.0986,combined_risk_index (-0.37); current_status_Current (-0.32),APPROVE,0.916
LN002732,15,0.1831,0.337,0.0806,0.498,Current,none,0.1505,combined_risk_index (-0.39); current_status_Current (-0.31),APPROVE,0.919
LN002732,16,0.2032,0.2836,0.082,0.4878,Current,none,0.1322,combined_risk_index (-0.37); current_status_Current (-0.31),APPROVE,0.918
LN002732,17,0.1903,0.2701,0.0813,0.4887,Current,none,0.1467,combined_risk_index (-0.37); current_status_Current (-0.31),APPROVE,0.919
LN002732,18,0.6499,0.641,0.1914,0.4624,30DPD,none,0.2094,current_status_Current (+1.33); seasoning_pct (-0.35),WATCH_LIST,0.809
LN002732,19,0.7308,0.7209,0.276,0.4455,60DPD,stale_record,0.3356,current_status_Current (+1.78); days_past_due (+0.34),WATCH_LIST,0.724
LN002751,15,0.6591,0.6085,0.1903,0.4643,30DPD,none,0.1226,current_status_Current (+1.03); interest_rate (+0.37),WATCH_LIST,0.81
LN002751,16,0.1107,0.1706,0.0967,0.4998,Prepaid,none,0.0837,interest_rate (+0.44); state_CT (-0.35),APPROVE,0.903
LN002751,17,0.1177,0.1845,0.1036,0.4907,Current,data_entry_error,0.217,interest_rate (+0.35); current_status_Current (-0.28),APPROVE,0.896
LN002751,18,0.091,0.1527,0.0929,0.5019,Current,none,0.1189,interest_rate (+0.53); state_CT (-0.31),APPROVE,0.907
LN002756,26,0.0971,0.1942,0.1107,0.4667,Current,none,0.295,state_FL (-0.56); month_index (-0.52),APPROVE,0.889
LN002756,27,0.1191,0.2189,0.1101,0.4779,Current,none,0.3278,month_index (-0.47); combined_risk_index (+0.36),APPROVE,0.89
LN002756,28,0.0971,0.1942,0.1122,0.4677,Current,none,0.2985,state_FL (-0.56); month_index (-0.51),APPROVE,0.888
LN002756,29,0.0827,0.1454,0.099,0.4802,Prepaid,none,0.2985,state_FL (-0.53); month_index (-0.52),APPROVE,0.901
LN002756,30,0.1003,0.1942,0.112,0.4675,Current,none,0.2993,state_FL (-0.56); month_index (-0.51),APPROVE,0.888
LN002756,31,0.1002,0.1957,0.1128,0.4675,Current,none,0.2995,state_FL (-0.56); month_index (-0.51),APPROVE,0.887
LN002756,32,0.1005,0.1968,0.1128,0.4675,Current,none,0.3006,state_FL (-0.56); month_index (-0.51),APPROVE,0.887
LN002756,33,0.1005,0.1979,0.1128,0.4675,Current,none,0.3006,state_FL (-0.56); month_index (-0.51),APPROVE,0.887
LN002763,14,0.7256,0.7202,0.4374,0.4625,Current,stale_record,0.4493,current_status_Current (+1.31); days_past_due (+0.34),ESCALATE,0.563
LN002764,12,0.1828,0.3239,0.1204,0.5222,Prepaid,data_entry_error,0.4854,interest_rate (-0.87); combined_risk_index (+0.30),ESCALATE,0.88
LN002764,13,0.1551,0.3045,0.1087,0.5103,Prepaid,source_conflict,0.2994,interest_rate (-0.87); original_balance (-0.30),APPROVE,0.891
LN002764,14,0.1453,0.2793,0.1078,0.5101,Prepaid,none,0.1748,interest_rate (-0.87); original_balance (-0.30),APPROVE,0.892
LN002764,15,0.1451,0.2875,0.105,0.51,Prepaid,none,0.1935,interest_rate (-0.87); original_balance (-0.30),APPROVE,0.895
LN002764,16,0.1536,0.2973,0.1044,0.51,Prepaid,none,0.2103,interest_rate (-0.87); original_balance (-0.30),APPROVE,0.896
LN002764,17,0.6578,0.6538,0.2179,0.473,90DPD,none,0.3972,current_status_Current (+1.22); interest_rate (-0.69),WATCH_LIST,0.782
LN002764,18,0.6933,0.6662,0.2789,0.4584,Default,none,0.3373,current_status_Current (+1.29); interest_rate (-0.68),WATCH_LIST,0.721
LN002764,19,0.6973,0.6529,0.2198,0.476,Current,none,0.4597,current_status_Current (+1.27); interest_rate (-0.69),ESCALATE,0.78
LN002765,19,0.141,0.2471,0.1003,0.4434,Current,none,0.2036,interest_rate (-0.73); seasoning_pct (-0.39),APPROVE,0.9
LN002765,20,0.141,0.2476,0.0947,0.4429,Current,stale_record,0.2717,interest_rate (-0.73); month_index (-0.53),APPROVE,0.905
LN002765,21,0.142,0.2482,0.0947,0.4429,Current,none,0.2528,interest_rate (-0.73); month_index (-0.53),APPROVE,0.905
LN002766,8,0.2686,0.2912,0.1087,0.5077,Prepaid,none,0.0399,ltv_risk_tier (+0.28); combined_risk_index (+0.25),APPROVE,0.891
LN002766,9,0.2661,0.2884,0.1097,0.506,Prepaid,none,0.0458,ltv_risk_tier (+0.27); combined_risk_index (+0.25),APPROVE,0.89
LN002766,10,0.2593,0.2765,0.11,0.5063,Prepaid,none,0.0579,ltv_risk_tier (+0.27); combined_risk_index (+0.25),APPROVE,0.89
LN002766,11,0.2604,0.2758,0.1139,0.506,Current,source_conflict,0.2497,ltv_risk_tier (+0.29); combined_risk_index (+0.26),APPROVE,0.886
LN002766,12,0.2541,0.284,0.1126,0.5039,Current,none,0.0752,ltv_risk_tier (+0.29); combined_risk_index (+0.26),APPROVE,0.887
LN002766,13,0.2417,0.2815,0.112,0.5038,Prepaid,none,0.0826,ltv_risk_tier (+0.29); combined_risk_index (+0.26),APPROVE,0.888
LN002766,14,0.2318,0.257,0.1039,0.5033,Prepaid,none,0.0941,ltv_risk_tier (+0.28); combined_risk_index (+0.25),APPROVE,0.896
LN002766,15,0.2144,0.2651,0.1286,0.508,Prepaid,none,0.1132,combined_risk_index (+0.31); ltv_risk_tier (+0.28),APPROVE,0.871
LN002766,16,0.1212,0.208,0.0783,0.5036,Prepaid,source_conflict,0.2644,current_status_Current (-0.30); dti_risk_tier (-0.20),APPROVE,0.922
LN002766,17,0.5708,0.4617,0.1699,0.4804,Current,stale_record,0.4396,current_status_Current (+1.06); days_past_due (-0.21),ESCALATE,0.83
LN002768,19,0.106,0.3341,0.0811,0.4297,Current,none,0.1911,original_balance (-0.92); combined_risk_index (-0.45),APPROVE,0.919
LN002772,9,0.2452,0.3568,0.0944,0.5703,Prepaid,none,0.092,monthly_interest_accrual (-0.46); current_status_Current (-0.27),APPROVE,0.906
LN002772,10,0.2285,0.3504,0.0874,0.5705,Current,none,0.0982,monthly_interest_accrual (-0.46); current_status_Current (-0.28),APPROVE,0.913
LN002772,11,0.6003,0.5874,0.1852,0.5432,Current,none,0.3425,current_status_Current (+1.15); monthly_interest_accrual (-0.49),WATCH_LIST,0.815
LN002773,18,0.0744,0.185,0.0651,0.4493,Current,none,0.1291,combined_risk_index (-1.03); ltv_risk_tier (-0.65),APPROVE,0.935
LN002773,19,0.0672,0.1718,0.0634,0.4482,Current,none,0.144,combined_risk_index (-1.02); ltv_risk_tier (-0.65),APPROVE,0.937
LN002773,20,0.5242,0.5646,0.0762,0.4374,60DPD,none,0.2176,combined_risk_index (-1.03); current_status_Current (+0.97),APPROVE,0.924
LN002773,21,0.5242,0.5677,0.0755,0.4376,60DPD,none,0.2411,combined_risk_index (-1.03); current_status_Current (+0.92),APPROVE,0.924
LN002773,22,0.5177,0.5624,0.0749,0.438,60DPD,source_conflict,0.3949,combined_risk_index (-1.00); current_status_Current (+0.92),APPROVE,0.925
LN002773,23,0.5177,0.5634,0.0746,0.4326,60DPD,none,0.2848,combined_risk_index (-1.00); current_status_Current (+0.91),APPROVE,0.925
LN002773,24,0.5125,0.5557,0.0746,0.4329,60DPD,none,0.2908,combined_risk_index (-1.00); current_status_Current (+0.91),APPROVE,0.925
LN002773,25,0.6612,0.6697,0.0891,0.4206,60DPD,none,0.3279,current_status_Current (+1.19); ltv_risk_tier (-1.04),APPROVE,0.911
LN002773,26,0.6616,0.669,0.0891,0.4209,60DPD,none,0.3367,current_status_Current (+1.19); ltv_risk_tier (-1.04),APPROVE,0.911
LN002773,27,0.677,0.6545,0.1452,0.4182,60DPD,none,0.3737,current_status_Current (+1.21); ltv_risk_tier (-1.18),APPROVE,0.855
LN002773,28,0.6498,0.6276,0.1838,0.4343,Current,none,0.5139,current_status_Current (+1.52); combined_risk_index (-0.84),ESCALATE,0.816
LN002787,19,0.5469,0.5351,0.157,0.5082,Current,none,0.4142,current_status_Current (+1.26); ltv_risk_tier (-0.34),ESCALATE,0.843
LN002793,7,0.0926,0.1918,0.0642,0.5031,Current,none,0.0033,ltv_risk_tier (-1.00); combined_risk_index (-0.86),APPROVE,0.936
LN002793,8,0.0958,0.1903,0.0642,0.5042,Current,stale_record,0.0729,ltv_risk_tier (-1.00); combined_risk_index (-0.87),APPROVE,0.936
LN002793,9,0.0938,0.1902,0.0638,0.5043,Current,none,0.0076,ltv_risk_tier (-0.99); combined_risk_index (-0.88),APPROVE,0.936
LN002793,10,0.0946,0.1975,0.0641,0.5043,Current,none,0.0156,ltv_risk_tier (-0.99); combined_risk_index (-0.89),APPROVE,0.936
LN002793,11,0.0952,0.1976,0.0635,0.5055,Current,none,0.0311,ltv_risk_tier (-1.01); combined_risk_index (-0.88),APPROVE,0.937
LN002793,12,0.1099,0.2361,0.0927,0.5173,Current,source_conflict,0.1721,ltv_risk_tier (-0.96); combined_risk_index (-0.57),APPROVE,0.907
LN002793,13,0.1027,0.2011,0.0629,0.5094,Current,none,0.0426,ltv_risk_tier (-1.01); combined_risk_index (-0.88),APPROVE,0.937
LN002793,14,0.1095,0.1926,0.0622,0.5094,Current,none,0.0514,ltv_risk_tier (-1.00); combined_risk_index (-0.87),APPROVE,0.938
LN002793,15,0.1072,0.1919,0.0618,0.5092,Current,none,0.0678,ltv_risk_tier (-1.00); combined_risk_index (-0.87),APPROVE,0.938
LN002793,16,0.1044,0.1732,0.0613,0.5039,Current,stale_record,0.1266,ltv_risk_tier (-1.00); combined_risk_index (-0.87),APPROVE,0.939
LN002793,17,0.0946,0.1574,0.0607,0.5013,Current,none,0.0981,ltv_risk_tier (-0.99); combined_risk_index (-0.86),APPROVE,0.939
LN002793,18,0.091,0.1538,0.0607,0.5002,Current,none,0.1161,ltv_risk_tier (-0.99); combined_risk_index (-0.86),APPROVE,0.939
LN002793,19,0.0776,0.1459,0.0697,0.5003,Prepaid,none,0.133,ltv_risk_tier (-0.63); combined_risk_index (-0.48),APPROVE,0.93
LN002793,20,0.0733,0.1343,0.0589,0.5002,Current,none,0.1582,ltv_risk_tier (-0.97); combined_risk_index (-0.84),APPROVE,0.941
LN002793,21,0.0739,0.1415,0.0591,0.5015,Current,stale_record,0.2289,ltv_risk_tier (-0.97); combined_risk_index (-0.84),APPROVE,0.941
LN002793,22,0.4708,0.4286,0.0674,0.4664,Current,none,0.4036,ltv_risk_tier (-1.12); current_status_Current (+1.11),ESCALATE,0.933
LN002796,8,0.1799,0.382,0.0826,0.5106,Current,data_entry_error,0.1808,interest_rate (-0.99); original_balance (-0.32),APPROVE,0.917
LN002796,9,0.2083,0.386,0.0991,0.5003,Current,none,0.0296,interest_rate (-0.95); original_balance (-0.50),APPROVE,0.901
LN002796,10,0.2156,0.3852,0.0968,0.502,Current,stale_record,0.0848,interest_rate (-0.95); original_balance (-0.50),APPROVE,0.903
LN002796,11,0.1879,0.3865,0.0956,0.5048,Current,none,0.0553,interest_rate (-0.92); original_balance (-0.50),APPROVE,0.904
LN002796,12,0.1788,0.374,0.0927,0.5145,Current,none,0.0586,interest_rate (-0.91); original_balance (-0.51),APPROVE,0.907
LN002796,13,0.1645,0.338,0.0926,0.5144,Current,none,0.0669,interest_rate (-0.91); original_balance (-0.51),APPROVE,0.907
LN002796,14,0.1629,0.3195,0.0842,0.5148,Current,stale_record,0.1177,interest_rate (-0.91); original_balance (-0.51),APPROVE,0.916
LN002796,15,0.1523,0.2736,0.0797,0.5144,Current,source_conflict,0.222,interest_rate (-0.90); original_balance (-0.50),APPROVE,0.92
LN002796,16,0.528,0.4435,0.1363,0.5029,Prepaid,source_conflict,0.2954,current_status_Current (+1.19); interest_rate (-1.14),APPROVE,0.864
LN002796,17,0.1235,0.1946,0.0719,0.5128,Current,none,0.1182,interest_rate (-0.90); original_balance (-0.50),APPROVE,0.928
LN002796,18,0.1129,0.184,0.0717,0.5116,Prepaid,none,0.134,interest_rate (-0.89); original_balance (-0.51),APPROVE,0.928
LN002796,19,0.0907,0.1643,0.0669,0.5116,Prepaid,none,0.1472,interest_rate (-0.89); original_balance (-0.51),APPROVE,0.933
LN002796,20,0.0867,0.1591,0.066,0.5128,Current,none,0.175,interest_rate (-0.89); original_balance (-0.51),APPROVE,0.934
LN002796,21,0.0867,0.1613,0.066,0.513,Current,none,0.1997,interest_rate (-0.89); original_balance (-0.51),APPROVE,0.934
LN002796,22,0.0967,0.1652,0.0635,0.5,Current,none,0.2252,interest_rate (-1.02); original_balance (-0.54),APPROVE,0.937
LN002796,23,0.1022,0.1807,0.0641,0.5079,Current,data_entry_error,0.4404,interest_rate (-1.08); original_balance (-0.50),ESCALATE,0.936
LN002796,24,0.5085,0.3981,0.0849,0.4937,60DPD,none,0.3007,current_status_Current (+1.08); interest_rate (-1.07),APPROVE,0.915
LN002796,25,0.5039,0.4038,0.0849,0.4937,60DPD,none,0.3048,current_status_Current (+1.08); interest_rate (-1.07),APPROVE,0.915
LN002796,26,0.4947,0.3887,0.0849,0.4937,60DPD,none,0.3136,current_status_Current (+1.08); interest_rate (-1.06),APPROVE,0.915
LN002796,27,0.4947,0.3856,0.0849,0.4937,60DPD,source_conflict,0.4555,current_status_Current (+1.08); interest_rate (-1.06),ESCALATE,0.915
LN002796,28,0.4947,0.3856,0.0849,0.4937,60DPD,none,0.3205,current_status_Current (+1.08); interest_rate (-1.06),APPROVE,0.915
LN002796,29,0.4947,0.3856,0.0849,0.4934,60DPD,none,0.3179,current_status_Current (+1.11); interest_rate (-1.06),APPROVE,0.915
LN002796,30,0.0828,0.1516,0.064,0.5137,Current,none,0.2917,interest_rate (-0.88); original_balance (-0.51),APPROVE,0.936
LN002796,31,0.0828,0.1516,0.064,0.5137,Current,none,0.2925,interest_rate (-0.89); original_balance (-0.51),APPROVE,0.936
LN002797,14,0.1648,0.2568,0.0628,0.54,Current,stale_record,0.1051,combined_risk_index (-1.51); interest_rate (-0.82),APPROVE,0.937
LN002797,15,0.1698,0.2429,0.0624,0.5397,Current,none,0.0756,combined_risk_index (-1.51); interest_rate (-0.78),APPROVE,0.938
LN002797,16,0.1796,0.2463,0.0621,0.5416,Current,none,0.0889,combined_risk_index (-1.51); interest_rate (-0.78),APPROVE,0.938
LN002797,17,0.5547,0.4985,0.0777,0.5203,Current,none,0.3523,combined_risk_index (-1.46); interest_rate (-1.04),APPROVE,0.922
LN002798,14,0.1418,0.2898,0.0942,0.4666,Current,none,0.1122,current_status_Current (-0.31); interest_rate (-0.27),APPROVE,0.906
LN002798,15,0.1608,0.2905,0.0915,0.4661,Current,none,0.1352,current_status_Current (-0.32); seasoning_pct (-0.31),APPROVE,0.909
LN002798,16,0.1709,0.3296,0.091,0.464,Current,none,0.1549,current_status_Current (-0.32); seasoning_pct (-0.31),APPROVE,0.909
LN002798,17,0.17,0.3375,0.0904,0.4613,Current,none,0.1783,current_status_Current (-0.32); seasoning_pct (-0.31),APPROVE,0.91
LN002798,18,0.1633,0.3202,0.0912,0.4603,Current,none,0.191,current_status_Current (-0.32); seasoning_pct (-0.31),APPROVE,0.909
LN002798,19,0.1672,0.2802,0.0858,0.4603,Current,none,0.2149,current_status_Current (-0.32); seasoning_pct (-0.31),APPROVE,0.914
LN002798,20,0.1621,0.2722,0.081,0.4603,Current,stale_record,0.2791,month_index (-0.41); current_status_Current (-0.32),APPROVE,0.919
LN002798,21,0.1556,0.2698,0.081,0.4603,Current,none,0.2642,month_index (-0.41); current_status_Current (-0.32),APPROVE,0.919
LN002798,22,0.1556,0.2813,0.081,0.4603,Current,none,0.2762,month_index (-0.41); current_status_Current (-0.32),APPROVE,0.919
LN002798,23,0.1554,0.2813,0.081,0.4603,Current,none,0.2955,month_index (-0.41); current_status_Current (-0.32),APPROVE,0.919
LN002798,24,0.1554,0.2813,0.081,0.4603,Current,stale_record,0.3493,month_index (-0.41); current_status_Current (-0.32),APPROVE,0.919
LN002798,25,0.1554,0.2813,0.081,0.4603,Current,none,0.3113,month_index (-0.41); current_status_Current (-0.32),APPROVE,0.919
LN002798,26,0.1554,0.2813,0.081,0.4603,Current,stale_record,0.359,month_index (-0.41); current_status_Current (-0.32),APPROVE,0.919
LN002798,27,0.179,0.3164,0.0896,0.4588,Current,suspicious_transition,0.5047,month_index (-0.45); current_status_Current (-0.38),ESCALATE,0.91
LN002798,28,0.1554,0.2813,0.081,0.4603,Current,none,0.3159,month_index (-0.41); current_status_Current (-0.32),APPROVE,0.919
LN002798,29,0.2156,0.304,0.0807,0.4627,Current,none,0.3162,month_index (-0.41); current_status_Current (-0.32),APPROVE,0.919
LN002798,30,0.1554,0.2813,0.082,0.4603,Current,none,0.3156,month_index (-0.41); current_status_Current (-0.32),APPROVE,0.918
LN002806,7,0.2422,0.3233,0.172,0.5467,Current,none,0.0774,interest_rate (-0.44); combined_risk_index (+0.42),WATCH_LIST,0.828
LN002806,8,0.2181,0.3539,0.179,0.4998,Current,data_entry_error,0.1864,combined_risk_index (+0.39); interest_rate (-0.32),WATCH_LIST,0.821
LN002806,9,0.7494,0.7374,0.3562,0.5286,Current,none,0.3819,current_status_Current (+1.16); state_IN (-0.38),ESCALATE,0.644
LN002807,7,0.1085,0.2197,0.1389,0.5275,Prepaid,none,0.0077,combined_risk_index (-0.43); current_status_Current (-0.30),APPROVE,0.861
LN002807,8,0.1085,0.2266,0.1378,0.5304,Prepaid,none,0.0109,combined_risk_index (-0.44); current_status_Current (-0.31),APPROVE,0.862
LN002807,9,0.6577,0.6134,0.2991,0.4989,Default,none,0.0638,current_status_Current (+1.30); combined_risk_index (-0.29),WATCH_LIST,0.701
LN002807,10,0.6606,0.6254,0.3101,0.4968,Default,none,0.0721,current_status_Current (+1.32); combined_risk_index (-0.29),WATCH_LIST,0.69
LN002807,11,0.7274,0.7146,0.3682,0.4726,Default,source_conflict,0.2649,current_status_Current (+1.64); combined_risk_index (-0.31),ESCALATE,0.632
LN002807,12,0.7273,0.7071,0.3673,0.4734,Default,none,0.1381,current_status_Current (+1.63); combined_risk_index (-0.31),ESCALATE,0.633
LN002807,13,0.6631,0.6257,0.2945,0.4947,30DPD,none,0.102,current_status_Current (+1.31); combined_risk_index (-0.29),WATCH_LIST,0.705
LN002807,14,0.1244,0.2198,0.1335,0.5341,Current,stale_record,0.0998,combined_risk_index (-0.43); current_status_Current (-0.31),APPROVE,0.867
LN002807,15,0.1204,0.2109,0.1305,0.5353,Current,stale_record,0.1184,combined_risk_index (-0.43); current_status_Current (-0.31),APPROVE,0.869
LN002807,16,0.6308,0.6002,0.2779,0.4953,Current,none,0.3506,current_status_Current (+1.32); combined_risk_index (-0.29),WATCH_LIST,0.722
LN002808,8,0.583,0.592,0.0981,0.5396,Current,none,0.3524,current_status_Current (+0.91); state_IL (-0.73),APPROVE,0.902
LN002809,9,0.3165,0.4001,0.1114,0.519,Current,none,0.0375,ltv_risk_tier (-0.66); state_TN (-0.64),APPROVE,0.889
LN002809,10,0.3237,0.3839,0.1784,0.4896,Current,none,0.0427,state_TN (-0.70); combined_risk_index (+0.39),WATCH_LIST,0.822
LN002809,11,0.3255,0.4109,0.1091,0.5202,Current,none,0.059,ltv_risk_tier (-0.69); state_TN (-0.61),APPROVE,0.891
LN002809,12,0.3273,0.3871,0.1724,0.4931,30DPD,none,0.0631,state_TN (-0.68); combined_risk_index (+0.39),WATCH_LIST,0.828
LN002809,13,0.3246,0.4049,0.1,0.5238,30DPD,none,0.0678,ltv_risk_tier (-0.69); state_TN (-0.61),APPROVE,0.9
LN002809,14,0.3253,0.3955,0.0932,0.5228,Current,none,0.0791,ltv_risk_tier (-0.68); state_TN (-0.61),APPROVE,0.907
LN002809,15,0.6882,0.6415,0.1323,0.491,Current,none,0.3403,ltv_risk_tier (-0.92); current_status_Current (+0.90),APPROVE,0.868
LN002811,23,0.0524,0.1318,0.0781,0.4883,Current,none,0.2477,month_index (-0.43); original_balance (-0.41),APPROVE,0.922
LN002811,24,0.052,0.1318,0.0781,0.4871,Current,none,0.2587,month_index (-0.43); original_balance (-0.41),APPROVE,0.922
LN002811,25,0.3812,0.4848,0.1682,0.4573,Current,stale_record,0.4957,current_status_Current (+1.44); month_index (-0.41),ESCALATE,0.832
LN002812,29,0.2482,0.3436,0.0736,0.4985,Current,none,0.5856,interest_rate (-1.25); current_status_Current (+0.94),ESCALATE,0.926
LN002820,24,0.5171,0.4652,0.08,0.4383,Current,none,0.4265,current_status_Current (+1.30); combined_risk_index (-0.95),ESCALATE,0.92
LN002822,13,0.74,0.7366,0.3245,0.4366,Default,none,0.1943,current_status_Current (+1.11); dti_risk_tier (-0.30),WATCH_LIST,0.675
LN002822,14,0.3308,0.4153,0.1632,0.5012,Prepaid,none,0.1192,combined_risk_index (+0.45); dti_risk_tier (-0.32),WATCH_LIST,0.837
LN002822,15,0.3224,0.3767,0.1618,0.4993,Current,none,0.1383,combined_risk_index (+0.45); dti_risk_tier (-0.32),WATCH_LIST,0.838
LN002822,16,0.3162,0.3746,0.1586,0.5015,Current,none,0.1517,combined_risk_index (+0.47); dti_risk_tier (-0.32),WATCH_LIST,0.841
LN002822,17,0.2967,0.3632,0.1528,0.4998,Prepaid,none,0.1669,combined_risk_index (+0.47); dti_risk_tier (-0.33),WATCH_LIST,0.847
LN002822,18,0.1389,0.2636,0.0864,0.5014,30DPD,data_entry_error,0.4034,monthly_interest_accrual (-0.79); current_status_Current (-0.27),ESCALATE,0.914
LN002822,19,0.2324,0.3396,0.138,0.4989,Prepaid,stale_record,0.2441,combined_risk_index (+0.48); dti_risk_tier (-0.34),APPROVE,0.862
LN002822,20,0.2284,0.3412,0.1106,0.5037,Prepaid,none,0.225,combined_risk_index (+0.50); month_index (-0.50),APPROVE,0.889
LN002822,21,0.2347,0.3703,0.1253,0.4973,Current,none,0.2443,month_index (-0.50); combined_risk_index (+0.48),APPROVE,0.875
LN002822,22,0.2314,0.3806,0.1253,0.4975,Prepaid,none,0.2615,month_index (-0.50); combined_risk_index (+0.47),APPROVE,0.875
LN002822,23,0.5685,0.608,0.1672,0.4657,Current,none,0.483,current_status_Current (+0.88); month_index (-0.48),ESCALATE,0.833
LN002823,12,0.0894,0.2024,0.0797,0.5372,Prepaid,none,0.0393,combined_risk_index (-0.65); interest_rate (+0.48),APPROVE,0.92
LN002823,13,0.09,0.2015,0.0804,0.5361,Prepaid,none,0.0457,combined_risk_index (-0.64); interest_rate (+0.49),APPROVE,0.92
LN002823,14,0.0902,0.1871,0.0794,0.5372,Prepaid,none,0.053,combined_risk_index (-0.63); interest_rate (+0.49),APPROVE,0.921
LN002823,15,0.5525,0.5587,0.1168,0.495,Current,none,0.3222,current_status_Current (+0.99); combined_risk_index (-0.56),APPROVE,0.883
LN002826,19,0.7142,0.7057,0.3367,0.4309,60DPD,none,0.316,current_status_Current (+1.57); interest_rate (+0.49),WATCH_LIST,0.663
LN002826,20,0.7074,0.695,0.2877,0.4379,Current,none,0.4453,current_status_Current (+1.58); month_index (-0.50),ESCALATE,0.712
LN002827,21,0.0766,0.1644,0.0823,0.4775,Current,none,0.236,month_index (-0.47); seasoning_pct (-0.39),APPROVE,0.918
LN002827,22,0.0774,0.1729,0.0823,0.4784,Current,none,0.2494,month_index (-0.47); seasoning_pct (-0.39),APPROVE,0.918
LN002827,23,0.0781,0.1758,0.0821,0.4806,Current,none,0.2729,month_index (-0.47); seasoning_pct (-0.39),APPROVE,0.918
LN002827,24,0.0781,0.1758,0.0821,0.4806,Current,none,0.2835,month_index (-0.47); seasoning_pct (-0.39),APPROVE,0.918
LN002827,25,0.0781,0.1725,0.0821,0.4806,Current,none,0.2921,month_index (-0.47); seasoning_pct (-0.39),APPROVE,0.918
LN002827,26,0.5702,0.6012,0.1667,0.4486,60DPD,stale_record,0.3633,current_status_Current (+1.32); month_index (-0.44),WATCH_LIST,0.833
LN002827,27,0.0781,0.1693,0.0821,0.4806,Current,none,0.2969,month_index (-0.47); seasoning_pct (-0.39),APPROVE,0.918
LN002827,28,0.0775,0.1686,0.0821,0.4806,Current,none,0.2968,month_index (-0.47); seasoning_pct (-0.39),APPROVE,0.918
LN002827,29,0.0775,0.1686,0.0821,0.4806,Current,none,0.2968,month_index (-0.47); seasoning_pct (-0.39),APPROVE,0.918
LN002827,30,0.0967,0.213,0.0888,0.5164,Current,data_entry_error,0.4358,state_VA (-0.48); month_index (-0.47),ESCALATE,0.911
LN002827,31,0.0959,0.1934,0.083,0.4778,Current,stale_record,0.3799,month_index (-0.43); seasoning_pct (-0.38),APPROVE,0.917
LN002827,32,0.0775,0.1686,0.0821,0.4798,Current,none,0.2966,month_index (-0.47); seasoning_pct (-0.39),APPROVE,0.918
LN002827,33,0.0775,0.1686,0.0821,0.4798,Current,none,0.2966,month_index (-0.47); seasoning_pct (-0.39),APPROVE,0.918
LN002827,34,0.0775,0.1686,0.0821,0.4798,Current,source_conflict,0.4316,month_index (-0.47); seasoning_pct (-0.39),ESCALATE,0.918
LN002827,35,0.0778,0.1685,0.0821,0.4798,Current,none,0.2955,month_index (-0.47); seasoning_pct (-0.39),APPROVE,0.918
LN002829,12,0.7143,0.7358,0.4177,0.4515,Current,none,0.3828,current_status_Current (+1.40); days_past_due (+0.33),ESCALATE,0.582
LN002830,15,0.2349,0.3236,0.1259,0.5105,Current,source_conflict,0.2825,state_FL (-0.55); combined_risk_index (+0.29),APPROVE,0.874
LN002830,16,0.1925,0.3245,0.1307,0.5195,Current,none,0.1712,state_FL (-0.55); dti_risk_tier (-0.30),APPROVE,0.869
LN002830,17,0.1927,0.3188,0.1251,0.5071,Current,none,0.1883,state_FL (-0.55); combined_risk_index (+0.29),APPROVE,0.875
LN002830,18,0.1807,0.3026,0.1247,0.5061,Current,stale_record,0.2456,state_FL (-0.55); combined_risk_index (+0.29),APPROVE,0.875
LN002830,19,0.1419,0.2836,0.1159,0.5058,Current,none,0.2185,state_FL (-0.55); seasoning_pct (-0.30),APPROVE,0.884
LN002830,20,0.1379,0.2522,0.1081,0.5058,Current,none,0.2406,state_FL (-0.55); month_index (-0.46),APPROVE,0.892
LN002830,21,0.1361,0.2576,0.1081,0.5058,Current,none,0.2676,state_FL (-0.55); month_index (-0.46),APPROVE,0.892
LN002830,22,0.1356,0.2733,0.1081,0.5111,Current,source_conflict,0.4158,state_FL (-0.55); month_index (-0.46),ESCALATE,0.892
LN002830,23,0.1395,0.2901,0.1085,0.5127,Current,stale_record,0.3474,state_FL (-0.55); month_index (-0.46),APPROVE,0.892
LN002830,24,0.1395,0.2901,0.1085,0.5127,Current,none,0.3134,state_FL (-0.55); month_index (-0.46),APPROVE,0.892
LN002830,25,0.1386,0.2901,0.1085,0.5127,Current,stale_record,0.366,state_FL (-0.55); month_index (-0.46),APPROVE,0.892
LN002830,26,0.1576,0.3413,0.1134,0.5102,Prepaid,none,0.4385,state_FL (-0.46); month_index (-0.35),ESCALATE,0.887
LN002830,27,0.1398,0.2868,0.1085,0.5126,Current,none,0.3259,state_FL (-0.55); month_index (-0.46),APPROVE,0.892
LN002830,28,0.1347,0.2857,0.1083,0.5126,Current,none,0.3259,state_FL (-0.55); month_index (-0.46),APPROVE,0.892
LN002830,29,0.1347,0.2857,0.106,0.5129,Current,stale_record,0.3709,state_FL (-0.55); month_index (-0.46),APPROVE,0.894
LN002830,30,0.1347,0.2857,0.106,0.5132,Current,none,0.3254,state_FL (-0.55); month_index (-0.46),APPROVE,0.894
LN002830,31,0.1347,0.2857,0.106,0.5132,Current,none,0.3257,state_FL (-0.55); month_index (-0.46),APPROVE,0.894
LN002830,32,0.1347,0.2857,0.106,0.5132,Current,stale_record,0.3716,state_FL (-0.55); month_index (-0.46),APPROVE,0.894
LN002830,33,0.1347,0.2857,0.106,0.5132,Current,none,0.3266,state_FL (-0.55); month_index (-0.46),APPROVE,0.894
LN002830,34,0.1347,0.2857,0.1027,0.5132,Current,none,0.3266,state_FL (-0.55); month_index (-0.46),APPROVE,0.897
LN002830,35,0.1282,0.2951,0.1094,0.5223,Prepaid,none,0.3249,state_FL (-0.55); month_index (-0.44),APPROVE,0.891
LN002835,6,0.1761,0.2821,0.1393,0.47,Prepaid,none,0.0403,interest_rate (+0.50); combined_risk_index (-0.44),APPROVE,0.861
LN002835,7,0.6516,0.647,0.3139,0.4619,Current,none,0.2933,current_status_Current (+1.16); combined_risk_index (-0.31),WATCH_LIST,0.686
LN002836,18,0.0717,0.1341,0.0613,0.4668,Current,none,0.1879,interest_rate (-0.63); ltv_risk_tier (-0.39),APPROVE,0.939
LN002836,19,0.0635,0.1302,0.0604,0.4664,Current,none,0.2044,interest_rate (-0.62); ltv_risk_tier (-0.39),APPROVE,0.94
LN002836,20,0.0637,0.1306,0.0599,0.467,Current,none,0.2284,interest_rate (-0.62); month_index (-0.45),APPROVE,0.94
LN002836,21,0.0637,0.1306,0.0596,0.467,Current,none,0.2529,interest_rate (-0.62); month_index (-0.45),APPROVE,0.94
LN002836,22,0.0639,0.1345,0.0597,0.467,Current,none,0.2722,interest_rate (-0.64); month_index (-0.45),APPROVE,0.94
LN002836,23,0.0641,0.1389,0.0596,0.467,Current,source_conflict,0.4941,interest_rate (-0.64); month_index (-0.45),ESCALATE,0.94
LN002836,24,0.0762,0.1642,0.0605,0.4717,Current,data_entry_error,0.6516,interest_rate (-0.56); ltv_risk_tier (-0.52),IMMEDIATE_REVIEW,0.94
LN002836,25,0.3298,0.3681,0.0786,0.4488,60DPD,stale_record,0.3801,current_status_Current (+1.26); ltv_risk_tier (-0.58),APPROVE,0.921
LN002836,26,0.3522,0.3523,0.0816,0.4514,60DPD,none,0.3362,current_status_Current (+1.27); interest_rate (-0.61),APPROVE,0.918
LN002836,27,0.3298,0.3681,0.0786,0.4487,60DPD,none,0.3381,current_status_Current (+1.26); ltv_risk_tier (-0.58),APPROVE,0.921
LN002836,28,0.3298,0.3681,0.0786,0.4487,60DPD,none,0.3381,current_status_Current (+1.26); ltv_risk_tier (-0.58),APPROVE,0.921
LN002836,29,0.0646,0.1389,0.0596,0.4669,Current,none,0.3142,interest_rate (-0.64); month_index (-0.45),APPROVE,0.94
LN002836,30,0.0646,0.1389,0.0596,0.4669,Current,none,0.3137,interest_rate (-0.64); month_index (-0.45),APPROVE,0.94
LN002836,31,0.3262,0.3657,0.0786,0.4487,60DPD,none,0.3379,current_status_Current (+1.26); ltv_risk_tier (-0.58),APPROVE,0.921
LN002836,32,0.3262,0.3657,0.0786,0.4487,60DPD,none,0.3367,current_status_Current (+1.26); ltv_risk_tier (-0.58),APPROVE,0.921
LN002836,33,0.3262,0.3657,0.0786,0.4487,60DPD,stale_record,0.3817,current_status_Current (+1.26); ltv_risk_tier (-0.58),APPROVE,0.921
LN002836,34,0.6519,0.6227,0.1168,0.4425,Current,none,0.4828,current_status_Current (+1.47); ltv_risk_tier (-0.77),ESCALATE,0.883
LN002838,8,0.1236,0.1735,0.0788,0.5277,Current,none,0.1084,ltv_risk_tier (-0.69); current_status_Current (-0.21),APPROVE,0.921
LN002838,9,0.105,0.1725,0.082,0.5289,Current,none,0.12,ltv_risk_tier (-0.67); current_status_Current (-0.22),APPROVE,0.918
LN002838,10,0.3657,0.4554,0.1142,0.5015,Current,stale_record,0.4049,current_status_Current (+0.95); ltv_risk_tier (-0.79),ESCALATE,0.886
LN002841,17,0.0812,0.1273,0.0664,0.4892,Current,stale_record,0.1614,ltv_risk_tier (-0.49); combined_risk_index (-0.39),APPROVE,0.934
LN002841,18,0.076,0.122,0.0662,0.4882,Current,none,0.1335,ltv_risk_tier (-0.49); combined_risk_index (-0.39),APPROVE,0.934
LN002841,19,0.5236,0.3496,0.0945,0.4511,30DPD,none,0.2011,current_status_Current (+1.29); ltv_risk_tier (-0.56),APPROVE,0.905
LN002841,20,0.0634,0.1134,0.0621,0.4882,Prepaid,none,0.1792,ltv_risk_tier (-0.49); month_index (-0.49),APPROVE,0.938
LN002841,21,0.064,0.1145,0.0621,0.4898,Current,none,0.2039,ltv_risk_tier (-0.49); month_index (-0.49),APPROVE,0.938
LN002841,22,0.0639,0.1186,0.0621,0.4898,Current,none,0.2292,ltv_risk_tier (-0.49); month_index (-0.49),APPROVE,0.938
LN002841,23,0.0638,0.1177,0.0591,0.4982,Current,none,0.2558,combined_risk_index (-0.69); ltv_risk_tier (-0.55),APPROVE,0.941
LN002841,24,0.0635,0.1196,0.0622,0.4877,Current,none,0.2695,ltv_risk_tier (-0.49); month_index (-0.49),APPROVE,0.938
LN002841,25,0.0635,0.1196,0.0622,0.4877,Current,stale_record,0.3228,ltv_risk_tier (-0.49); month_index (-0.49),APPROVE,0.938
LN002841,26,0.0768,0.1426,0.063,0.4948,Current,none,0.3243,ltv_risk_tier (-0.48); month_index (-0.44),APPROVE,0.937
LN002841,27,0.0745,0.1225,0.0598,0.4878,Current,source_conflict,0.6012,combined_risk_index (-0.68); ltv_risk_tier (-0.54),ESCALATE,0.94
LN002841,28,0.0631,0.1177,0.0621,0.4858,Current,none,0.2975,ltv_risk_tier (-0.49); month_index (-0.49),APPROVE,0.938
LN002841,29,0.0631,0.1177,0.0619,0.4855,Current,stale_record,0.3425,ltv_risk_tier (-0.49); month_index (-0.49),APPROVE,0.938
LN002841,30,0.0632,0.1177,0.0621,0.4855,Current,none,0.298,ltv_risk_tier (-0.49); month_index (-0.49),APPROVE,0.938
LN002841,31,0.0632,0.1177,0.062,0.4855,Current,none,0.2985,ltv_risk_tier (-0.49); month_index (-0.49),APPROVE,0.938
LN002847,17,0.1289,0.1757,0.0606,0.5374,Prepaid,none,0.1075,combined_risk_index (-0.78); interest_rate (-0.72),APPROVE,0.939
LN002847,18,0.1167,0.1674,0.0606,0.5386,Current,none,0.1241,combined_risk_index (-0.78); interest_rate (-0.72),APPROVE,0.939
LN002847,19,0.0935,0.1506,0.0596,0.5386,Prepaid,stale_record,0.1876,combined_risk_index (-0.77); interest_rate (-0.72),APPROVE,0.94
LN002847,20,0.6074,0.4875,0.0623,0.4998,Current,none,0.3817,interest_rate (-1.00); current_status_Current (+0.90),APPROVE,0.938
LN002849,11,0.5778,0.5665,0.0761,0.4959,30DPD,none,0.1267,ltv_risk_tier (-1.11); current_status_Current (+1.10),APPROVE,0.924
LN002849,12,0.1764,0.2745,0.0639,0.5108,Current,suspicious_transition,0.3373,combined_risk_index (-0.99); ltv_risk_tier (-0.96),APPROVE,0.936
LN002849,13,0.128,0.2401,0.0621,0.5088,Current,none,0.0945,ltv_risk_tier (-0.98); combined_risk_index (-0.97),APPROVE,0.938
LN002849,14,0.1297,0.2205,0.0618,0.5086,Current,none,0.1094,ltv_risk_tier (-0.97); combined_risk_index (-0.96),APPROVE,0.938
LN002849,15,0.149,0.245,0.0738,0.5053,Prepaid,none,0.1291,ltv_risk_tier (-0.54); combined_risk_index (-0.52),APPROVE,0.926
LN002849,16,0.5652,0.5416,0.2216,0.5055,Current,none,0.391,current_status_Current (+1.23); current_balance (-0.27),WATCH_LIST,0.778
LN002855,14,0.1624,0.2221,0.0913,0.4742,Current,none,0.1045,combined_risk_index (-0.67); interest_rate (-0.58),APPROVE,0.909
LN002855,15,0.1457,0.2017,0.0908,0.4771,Current,none,0.119,combined_risk_index (-0.67); interest_rate (-0.58),APPROVE,0.909
LN002855,16,0.1358,0.1887,0.0874,0.4768,Current,none,0.1318,combined_risk_index (-0.67); interest_rate (-0.60),APPROVE,0.913
LN002855,17,0.136,0.2116,0.1138,0.473,Current,none,0.1507,interest_rate (-0.46); original_balance (+0.36),APPROVE,0.886
LN002855,18,0.5994,0.5153,0.0917,0.4633,60DPD,none,0.2045,current_status_Current (+0.82); interest_rate (-0.80),APPROVE,0.908
LN002855,19,0.0972,0.1523,0.0754,0.4768,Current,none,0.2001,combined_risk_index (-0.69); interest_rate (-0.59),APPROVE,0.925
LN002855,20,0.6026,0.5155,0.0755,0.4618,60DPD,none,0.2483,current_status_Current (+0.82); interest_rate (-0.81),APPROVE,0.925
LN002855,21,0.6013,0.5267,0.073,0.462,60DPD,stale_record,0.3189,interest_rate (-0.85); current_status_Current (+0.77),APPROVE,0.927
LN002855,22,0.587,0.5276,0.073,0.4608,60DPD,stale_record,0.4421,interest_rate (-0.85); current_status_Current (+0.77),ESCALATE,0.927
LN002855,23,0.6887,0.6452,0.1034,0.4491,60DPD,none,0.3533,current_status_Current (+1.19); combined_risk_index (-0.71),APPROVE,0.897
LN002855,24,0.6997,0.643,0.1049,0.4485,60DPD,none,0.3491,current_status_Current (+1.14); interest_rate (-0.72),APPROVE,0.895
LN002855,25,0.6997,0.643,0.1047,0.4485,60DPD,none,0.354,current_status_Current (+1.15); interest_rate (-0.72),APPROVE,0.895
LN002855,26,0.6825,0.6287,0.1264,0.4452,Default,none,0.3909,current_status_Current (+1.21); combined_risk_index (-0.75),APPROVE,0.874
LN002855,27,0.6825,0.6284,0.1264,0.4452,60DPD,none,0.3969,current_status_Current (+1.21); combined_risk_index (-0.75),APPROVE,0.874
LN002855,28,0.6819,0.6284,0.1216,0.4452,60DPD,none,0.3969,current_status_Current (+1.21); combined_risk_index (-0.75),APPROVE,0.878
LN002855,29,0.6819,0.6284,0.1216,0.445,60DPD,none,0.3969,current_status_Current (+1.25); combined_risk_index (-0.75),APPROVE,0.878
LN002855,30,0.6962,0.6278,0.1204,0.449,Current,none,0.4883,current_status_Current (+1.24); combined_risk_index (-0.75),ESCALATE,0.88
LN002857,10,0.2418,0.4034,0.1355,0.4909,Current,none,0.0316,combined_risk_index (+0.37); current_status_Current (-0.29),APPROVE,0.864
LN002857,11,0.2445,0.404,0.1368,0.4923,Current,none,0.0461,combined_risk_index (+0.37); current_status_Current (-0.28),APPROVE,0.863
LN002857,12,0.247,0.404,0.1354,0.4938,Current,stale_record,0.098,combined_risk_index (+0.37); current_status_Current (-0.28),APPROVE,0.865
LN002857,13,0.191,0.3332,0.1094,0.4936,Current,stale_record,0.2744,combined_risk_index (+0.32); interest_rate (-0.32),APPROVE,0.891
LN002857,14,0.1748,0.3227,0.133,0.4937,Current,none,0.0723,combined_risk_index (+0.39); current_status_Current (-0.27),APPROVE,0.867
LN002857,15,0.1449,0.2919,0.1313,0.4967,Current,none,0.088,combined_risk_index (+0.39); current_status_Current (-0.27),APPROVE,0.869
LN002857,16,0.1994,0.2798,0.1205,0.5025,Current,none,0.1395,combined_risk_index (+0.39); current_status_Current (-0.27),APPROVE,0.879
LN002857,17,0.544,0.5436,0.2335,0.4633,Prepaid,none,0.1753,current_status_Current (+1.16); combined_risk_index (+0.24),WATCH_LIST,0.766
LN002857,18,0.5461,0.5573,0.232,0.4631,30DPD,none,0.1845,current_status_Current (+1.16); combined_risk_index (+0.24),WATCH_LIST,0.768
LN002857,19,0.4658,0.5172,0.2014,0.465,Current,none,0.3884,current_status_Current (+1.16); combined_risk_index (+0.25),WATCH_LIST,0.799
LN002858,7,0.1302,0.2159,0.1057,0.5305,Prepaid,none,0.0256,current_status_Current (-0.33); interest_rate (-0.24),APPROVE,0.894
LN002858,8,0.1345,0.2213,0.1083,0.5295,Prepaid,none,0.029,current_status_Current (-0.34); interest_rate (-0.21),APPROVE,0.892
LN002858,9,0.1351,0.2225,0.1166,0.5296,Prepaid,none,0.0335,current_status_Current (-0.34); loan_purpose_Refinance_NoCashout (+0.19),APPROVE,0.883
LN002858,10,0.143,0.2319,0.1166,0.5299,Prepaid,none,0.0414,current_status_Current (-0.34); loan_purpose_Refinance_NoCashout (+0.19),APPROVE,0.883
LN002858,11,0.1471,0.2333,0.1147,0.5301,Prepaid,none,0.0546,current_status_Current (-0.34); loan_purpose_Refinance_NoCashout (+0.19),APPROVE,0.885
LN002858,12,0.1476,0.2368,0.1124,0.5287,Prepaid,none,0.0576,current_status_Current (-0.34); loan_purpose_Refinance_NoCashout (+0.19),APPROVE,0.888
LN002858,13,0.1553,0.2383,0.1097,0.5295,Prepaid,stale_record,0.1082,current_status_Current (-0.34); loan_purpose_Refinance_NoCashout (+0.19),APPROVE,0.89
LN002858,14,0.155,0.2211,0.0997,0.5291,Prepaid,none,0.0718,current_status_Current (-0.33); loan_purpose_Refinance_NoCashout (+0.19),APPROVE,0.9
LN002858,15,0.1495,0.2014,0.0959,0.5286,Prepaid,none,0.0888,current_status_Current (-0.33); loan_purpose_Refinance_NoCashout (+0.19),APPROVE,0.904
LN002858,16,0.1517,0.192,0.0938,0.5266,Current,none,0.1012,current_status_Current (-0.33); loan_purpose_Refinance_NoCashout (+0.19),APPROVE,0.906
LN002858,17,0.132,0.1709,0.0905,0.5155,Current,source_conflict,0.3999,current_status_Current (-0.34); loan_purpose_Refinance_NoCashout (+0.19),APPROVE,0.91
LN002858,18,0.6034,0.5804,0.2347,0.4883,30DPD,none,0.1756,current_status_Current (+1.43); state_NJ (+0.20),WATCH_LIST,0.765
LN002858,19,0.7267,0.696,0.2307,0.4652,90DPD,none,0.2378,current_status_Current (+1.67); state_NJ (+0.18),WATCH_LIST,0.769
LN002858,20,0.6065,0.5755,0.1872,0.4874,30DPD,none,0.2206,current_status_Current (+1.44); month_index (-0.41),WATCH_LIST,0.813
LN002858,21,0.1022,0.15,0.0772,0.5192,Current,source_conflict,0.3862,month_index (-0.41); current_status_Current (-0.34),APPROVE,0.923
LN002858,22,0.0969,0.1582,0.0772,0.5192,Current,stale_record,0.2726,month_index (-0.41); current_status_Current (-0.34),APPROVE,0.923
LN002858,23,0.0969,0.1593,0.0738,0.519,Current,none,0.2514,month_index (-0.41); current_status_Current (-0.34),APPROVE,0.926
LN002858,24,0.0945,0.1593,0.0738,0.5178,Current,none,0.2624,month_index (-0.41); current_status_Current (-0.34),APPROVE,0.926
LN002858,25,0.0945,0.1593,0.0738,0.5178,Current,none,0.2709,month_index (-0.41); current_status_Current (-0.34),APPROVE,0.926
LN002858,26,0.0929,0.158,0.0738,0.5158,Current,none,0.2821,month_index (-0.41); current_status_Current (-0.34),APPROVE,0.926
LN002858,27,0.0929,0.156,0.0738,0.5158,Current,stale_record,0.3353,month_index (-0.41); current_status_Current (-0.34),APPROVE,0.926
LN002858,28,0.0897,0.1531,0.0735,0.5125,Current,none,0.3957,month_index (-0.37); current_status_Current (-0.34),APPROVE,0.926
LN002859,9,0.0824,0.1878,0.1057,0.5112,Current,stale_record,0.0865,current_status_Current (-0.24); state_MA (-0.23),APPROVE,0.894
LN002859,10,0.0768,0.1907,0.1106,0.5113,Current,none,0.0494,state_MA (-0.25); current_status_Current (-0.24),APPROVE,0.889
LN002859,11,0.0781,0.1947,0.1085,0.5115,Current,none,0.0615,state_MA (-0.25); current_status_Current (-0.24),APPROVE,0.891
LN002859,12,0.5333,0.52,0.1451,0.4804,60DPD,none,0.109,current_status_Current (+1.00); state_MA (-0.25),APPROVE,0.855
LN002859,13,0.5935,0.5395,0.1247,0.5099,60DPD,data_entry_error,0.2245,current_status_Current (+0.96); days_past_due (-0.24),APPROVE,0.875
LN002859,14,0.0834,0.2362,0.1019,0.5101,Current,none,0.0775,state_MA (-0.25); current_status_Current (-0.24),APPROVE,0.898
LN002859,15,0.0788,0.2145,0.0997,0.51,Current,none,0.0944,state_MA (-0.25); current_status_Current (-0.24),APPROVE,0.9
LN002859,16,0.5074,0.5123,0.1578,0.4742,Current,none,0.4577,current_status_Current (+1.07); state_MA (-0.27),ESCALATE,0.842
LN002864,8,0.2105,0.3186,0.1528,0.5026,Prepaid,none,0.0046,combined_risk_index (+0.35); original_balance (-0.31),WATCH_LIST,0.847
LN002864,9,0.2221,0.3261,0.1548,0.503,Prepaid,none,0.007,combined_risk_index (+0.35); original_balance (-0.30),WATCH_LIST,0.845
LN002864,10,0.6702,0.6587,0.2933,0.4714,60DPD,none,0.065,current_status_Current (+1.09); state_AZ (-0.26),WATCH_LIST,0.707
LN002864,11,0.6447,0.651,0.2742,0.4724,Current,none,0.2755,current_status_Current (+1.09); state_AZ (-0.27),WATCH_LIST,0.726
LN002868,12,0.2876,0.4206,0.1942,0.4911,Prepaid,none,0.0712,combined_risk_index (+0.41); state_CA (-0.32),WATCH_LIST,0.806
LN002868,13,0.6455,0.6711,0.294,0.4525,60DPD,none,0.1352,current_status_Current (+0.99); state_CA (-0.31),WATCH_LIST,0.706
LN002868,14,0.2281,0.3593,0.1942,0.492,Current,none,0.0881,combined_risk_index (+0.42); state_CA (-0.29),WATCH_LIST,0.806
LN002868,15,0.3026,0.4198,0.2023,0.4861,90DPD,suspicious_transition,0.3726,combined_risk_index (+0.41); current_status_Current (-0.34),WATCH_LIST,0.798
LN002868,16,0.7418,0.7334,0.3839,0.4322,90DPD,none,0.2642,current_status_Current (+1.35); days_past_due (+0.33),ESCALATE,0.616
LN002868,17,0.7208,0.7236,0.3973,0.42,Default,none,0.3835,current_status_Current (+1.35); days_past_due (+0.28),ESCALATE,0.603
LN002868,18,0.7152,0.7241,0.3899,0.4253,Current,none,0.4272,current_status_Current (+1.34); days_past_due (+0.28),ESCALATE,0.61
LN002869,17,0.1016,0.1787,0.1194,0.5297,Prepaid,none,0.0991,state_LA (+0.50); monthly_interest_accrual (-0.48),APPROVE,0.881
LN002869,18,0.0964,0.1727,0.1183,0.5289,Current,none,0.1161,state_LA (+0.50); monthly_interest_accrual (-0.48),APPROVE,0.882
LN002869,19,0.0756,0.1447,0.0799,0.5215,Current,stale_record,0.1799,monthly_interest_accrual (-0.50); interest_rate (+0.41),APPROVE,0.92
LN002869,20,0.0757,0.14,0.0729,0.5215,Current,source_conflict,0.2965,monthly_interest_accrual (-0.50); month_index (-0.44),APPROVE,0.927
LN002869,21,0.0757,0.1471,0.0729,0.5211,Prepaid,none,0.1877,monthly_interest_accrual (-0.50); month_index (-0.44),APPROVE,0.927
LN002869,22,0.0782,0.1585,0.0731,0.5072,Prepaid,none,0.3413,month_index (-0.34); ltv_risk_tier (-0.33),APPROVE,0.927
LN002869,23,0.0728,0.1503,0.0729,0.5213,Prepaid,none,0.2402,monthly_interest_accrual (-0.50); month_index (-0.44),APPROVE,0.927
LN002869,24,0.0715,0.1503,0.0729,0.5202,Prepaid,none,0.2504,monthly_interest_accrual (-0.50); month_index (-0.44),APPROVE,0.927
LN002869,25,0.5553,0.5353,0.1088,0.4651,60DPD,none,0.3183,current_status_Current (+0.81); month_index (-0.39),APPROVE,0.891
LN002869,26,0.6912,0.6515,0.1095,0.4695,60DPD,stale_record,0.3707,current_status_Current (+1.07); month_index (-0.52),APPROVE,0.891
LN002869,27,0.7082,0.6643,0.1322,0.4682,60DPD,none,0.362,current_status_Current (+1.13); monthly_interest_accrual (-0.55),APPROVE,0.868
LN002869,28,0.6928,0.6582,0.1365,0.4708,Current,none,0.46,current_status_Current (+1.11); monthly_interest_accrual (-0.56),ESCALATE,0.863
LN002874,15,0.1635,0.2328,0.0827,0.4798,Current,none,0.0699,ltv_risk_tier (-0.68); current_status_Current (-0.26),APPROVE,0.917
LN002874,16,0.1593,0.2127,0.0808,0.4783,Current,none,0.0828,ltv_risk_tier (-0.67); current_status_Current (-0.26),APPROVE,0.919
LN002874,17,0.6301,0.5763,0.1344,0.4534,30DPD,stale_record,0.2012,current_status_Current (+1.13); ltv_risk_tier (-0.80),APPROVE,0.866
LN002874,18,0.6292,0.5873,0.1333,0.4531,30DPD,none,0.166,current_status_Current (+1.13); ltv_risk_tier (-0.80),APPROVE,0.867
LN002874,19,0.5981,0.5767,0.1186,0.4531,30DPD,source_conflict,0.3633,current_status_Current (+1.15); ltv_risk_tier (-0.80),APPROVE,0.881
LN002874,20,0.5446,0.5121,0.1188,0.4564,30DPD,data_entry_error,0.3251,current_status_Current (+1.17); ltv_risk_tier (-0.74),APPROVE,0.881
LN002874,21,0.0931,0.1806,0.0688,0.4779,Current,none,0.1831,ltv_risk_tier (-0.65); month_index (-0.45),APPROVE,0.931
LN002874,22,0.0915,0.1928,0.0688,0.478,Current,none,0.2021,ltv_risk_tier (-0.65); month_index (-0.45),APPROVE,0.931
LN002874,23,0.0914,0.1928,0.0694,0.4772,Current,none,0.2302,ltv_risk_tier (-0.65); month_index (-0.45),APPROVE,0.931
LN002880,20,0.7579,0.7461,0.2866,0.426,Current,none,0.441,current_status_Current (+1.27); month_index (-0.39),ESCALATE,0.713
LN002881,22,0.4981,0.5423,0.06,0.5213,Current,none,0.4643,ltv_risk_tier (-0.93); combined_risk_index (-0.86),ESCALATE,0.94
LN002888,22,0.0946,0.186,0.0848,0.5083,Current,none,0.2076,state_OH (-0.97); month_index (-0.48),APPROVE,0.915
LN002888,23,0.4639,0.5644,0.1249,0.4945,Current,none,0.4251,state_OH (-1.10); current_status_Current (+0.96),ESCALATE,0.875
LN002889,24,0.0769,0.1413,0.0574,0.5043,Prepaid,none,0.3395,combined_risk_index (-1.32); original_balance (-0.87),APPROVE,0.943
LN002889,25,0.0776,0.1413,0.0574,0.5043,Prepaid,none,0.3453,combined_risk_index (-1.32); original_balance (-0.87),APPROVE,0.943
LN002889,26,0.0783,0.143,0.0574,0.5043,Prepaid,none,0.3481,combined_risk_index (-1.32); original_balance (-0.87),APPROVE,0.943
LN002889,27,0.4117,0.4253,0.0622,0.5038,Current,none,0.5168,current_status_Current (+1.01); ltv_risk_tier (-0.93),ESCALATE,0.938
LN002892,8,0.7105,0.7038,0.2191,0.4677,60DPD,none,0.1274,current_status_Current (+1.50); interest_rate (-0.66),WATCH_LIST,0.781
LN002892,9,0.6022,0.6019,0.1649,0.4806,30DPD,none,0.0791,current_status_Current (+1.13); interest_rate (-0.87),WATCH_LIST,0.835
LN002892,10,0.5973,0.5902,0.1644,0.4869,30DPD,none,0.2426,current_status_Current (+1.15); interest_rate (-0.88),WATCH_LIST,0.836
LN002892,11,0.7197,0.6971,0.2221,0.4692,60DPD,none,0.1535,current_status_Current (+1.52); interest_rate (-0.64),WATCH_LIST,0.778
LN002892,12,0.7257,0.7173,0.2685,0.4692,Default,none,0.2166,current_status_Current (+1.62); interest_rate (-0.66),WATCH_LIST,0.731
LN002892,13,0.7289,0.7184,0.2401,0.475,Current,none,0.3842,current_status_Current (+1.57); interest_rate (-0.63),WATCH_LIST,0.76
LN002894,20,0.732,0.7049,0.4272,0.4067,Default,none,0.3124,current_status_Current (+1.55); month_index (-0.45),ESCALATE,0.573
LN002894,21,0.7153,0.6943,0.3958,0.4105,Current,none,0.448,current_status_Current (+1.52); month_index (-0.44),ESCALATE,0.604
LN002896,17,0.1681,0.383,0.1472,0.4893,Current,data_entry_error,0.392,current_status_Current (-0.24); state_LA (+0.23),APPROVE,0.853
LN002896,18,0.534,0.5388,0.247,0.4464,60DPD,none,0.2221,current_status_Current (+1.05); interest_rate (+0.24),WATCH_LIST,0.753
LN002896,19,0.6824,0.6789,0.3021,0.4203,Default,none,0.2736,current_status_Current (+1.31); state_LA (+0.19),WATCH_LIST,0.698
LN002896,20,0.5206,0.5643,0.2043,0.4473,60DPD,none,0.2636,current_status_Current (+1.07); month_index (-0.40),WATCH_LIST,0.796
LN002896,21,0.6844,0.6961,0.25,0.42,60DPD,stale_record,0.3816,current_status_Current (+1.31); month_index (-0.48),WATCH_LIST,0.75
LN002896,22,0.6775,0.6933,0.2515,0.42,60DPD,none,0.325,current_status_Current (+1.30); month_index (-0.48),WATCH_LIST,0.749
LN002896,23,0.6972,0.7049,0.3464,0.4177,Default,none,0.377,current_status_Current (+1.38); month_index (-0.49),WATCH_LIST,0.654
LN002896,24,0.6968,0.7054,0.3464,0.4177,Default,none,0.3835,current_status_Current (+1.38); month_index (-0.49),WATCH_LIST,0.654
LN002903,17,0.1001,0.1464,0.0672,0.4687,Prepaid,none,0.1734,ltv_risk_tier (-0.87); combined_risk_index (-0.56),APPROVE,0.933
LN002903,18,0.0864,0.1613,0.0685,0.475,Prepaid,stale_record,0.3751,ltv_risk_tier (-0.84); combined_risk_index (-0.48),APPROVE,0.931
LN002903,19,0.0781,0.1279,0.065,0.4693,Prepaid,none,0.2113,ltv_risk_tier (-0.87); combined_risk_index (-0.56),APPROVE,0.935
LN002903,20,0.0783,0.1258,0.064,0.4693,Prepaid,none,0.2351,ltv_risk_tier (-0.87); combined_risk_index (-0.56),APPROVE,0.936
LN002903,21,0.0777,0.1275,0.064,0.4691,Prepaid,none,0.2648,ltv_risk_tier (-0.87); combined_risk_index (-0.56),APPROVE,0.936
LN002903,22,0.077,0.1325,0.064,0.4691,Prepaid,none,0.2771,ltv_risk_tier (-0.87); combined_risk_index (-0.56),APPROVE,0.936
LN002903,23,0.0776,0.1339,0.064,0.4693,Prepaid,none,0.2997,ltv_risk_tier (-0.87); combined_risk_index (-0.56),APPROVE,0.936
LN002903,24,0.0772,0.1339,0.064,0.4693,Prepaid,none,0.3104,ltv_risk_tier (-0.87); combined_risk_index (-0.56),APPROVE,0.936
LN002903,25,0.086,0.1493,0.0635,0.4707,Prepaid,none,0.3446,ltv_risk_tier (-0.87); combined_risk_index (-0.60),APPROVE,0.936
LN002903,26,0.0773,0.1327,0.0643,0.4694,Prepaid,none,0.3209,ltv_risk_tier (-0.87); combined_risk_index (-0.56),APPROVE,0.936
LN002903,27,0.5629,0.4953,0.0943,0.4442,60DPD,none,0.3454,current_status_Current (+1.22); ltv_risk_tier (-1.08),APPROVE,0.906
LN002908,9,0.6132,0.5875,0.1824,0.5714,Current,none,0.3625,current_status_Current (+0.71); original_balance (-0.26),WATCH_LIST,0.818
LN002916,13,0.1669,0.3965,0.1326,0.4618,30DPD,none,0.1357,combined_risk_index (+0.33); interest_rate (-0.32),APPROVE,0.867
LN002916,14,0.1467,0.3654,0.1322,0.4617,Current,none,0.1517,combined_risk_index (+0.33); interest_rate (-0.32),APPROVE,0.868
LN002916,15,0.1402,0.3213,0.1297,0.4612,Current,none,0.1709,combined_risk_index (+0.33); seasoning_pct (-0.32),APPROVE,0.87
LN002916,16,0.1949,0.3571,0.1361,0.4602,Current,none,0.2331,interest_rate (-0.36); combined_risk_index (+0.35),APPROVE,0.864
LN002916,17,0.1519,0.3419,0.1266,0.4559,Current,stale_record,0.2537,combined_risk_index (+0.33); seasoning_pct (-0.32),APPROVE,0.873
LN002916,18,0.5384,0.5902,0.1728,0.4338,30DPD,none,0.2681,current_status_Current (+1.00); interest_rate (-0.38),WATCH_LIST,0.827
LN002916,19,0.5629,0.5951,0.1562,0.4338,30DPD,none,0.2901,current_status_Current (+1.00); interest_rate (-0.38),WATCH_LIST,0.844
LN002916,20,0.1588,0.297,0.1064,0.4549,Current,none,0.2686,month_index (-0.49); combined_risk_index (+0.33),APPROVE,0.894
LN002916,21,0.1588,0.3135,0.107,0.4549,Current,none,0.2971,month_index (-0.49); combined_risk_index (+0.33),APPROVE,0.893
LN002916,22,0.1588,0.3285,0.107,0.4549,Current,stale_record,0.3536,month_index (-0.49); combined_risk_index (+0.33),APPROVE,0.893
LN002916,23,0.1588,0.333,0.1041,0.4549,Current,source_conflict,0.4608,month_index (-0.49); combined_risk_index (+0.33),ESCALATE,0.896
LN002916,24,0.1588,0.333,0.1041,0.4549,Current,none,0.3338,month_index (-0.49); combined_risk_index (+0.33),APPROVE,0.896
LN002916,25,0.1588,0.3299,0.1041,0.4549,Current,none,0.3398,month_index (-0.49); combined_risk_index (+0.33),APPROVE,0.896
LN002916,26,0.1588,0.3299,0.1041,0.4541,Current,none,0.3429,month_index (-0.49); combined_risk_index (+0.33),APPROVE,0.896
LN002916,27,0.1597,0.3326,0.1041,0.4541,Current,none,0.3446,month_index (-0.49); combined_risk_index (+0.33),APPROVE,0.896
LN002916,28,0.16,0.3326,0.1023,0.4536,Current,none,0.3446,month_index (-0.49); combined_risk_index (+0.33),APPROVE,0.898
LN002916,29,0.1576,0.3326,0.1023,0.4536,Current,none,0.3446,month_index (-0.49); combined_risk_index (+0.33),APPROVE,0.898
LN002916,30,0.1576,0.3326,0.1023,0.4536,Current,none,0.3446,month_index (-0.49); combined_risk_index (+0.33),APPROVE,0.898
LN002916,31,0.1576,0.3449,0.1023,0.4536,Current,none,0.3446,month_index (-0.49); combined_risk_index (+0.33),APPROVE,0.898
LN002920,11,0.2819,0.3748,0.1335,0.5136,Current,none,0.0338,original_balance (-0.61); state_PA (-0.38),APPROVE,0.867
LN002920,12,0.2792,0.3748,0.1334,0.5067,Current,none,0.039,original_balance (-0.61); state_PA (-0.38),APPROVE,0.867
LN002920,13,0.647,0.6323,0.235,0.479,Current,none,0.3097,current_status_Current (+1.20); original_balance (-0.58),WATCH_LIST,0.765
LN002922,8,0.0895,0.174,0.0922,0.5119,Current,none,0.0233,interest_rate (-0.96); current_status_Current (-0.27),APPROVE,0.908
LN002922,9,0.0887,0.1748,0.0895,0.5125,Current,none,0.0245,interest_rate (-0.96); current_status_Current (-0.27),APPROVE,0.91
LN002922,10,0.1008,0.1932,0.1266,0.5165,Current,none,0.1874,current_status_Current (-0.29); state_LA (+0.24),APPROVE,0.873
LN002922,11,0.1131,0.2274,0.0975,0.5145,Current,suspicious_transition,0.3176,interest_rate (-0.95); current_status_Current (-0.38),APPROVE,0.902
LN002922,12,0.0876,0.1742,0.0891,0.5226,Current,none,0.0539,interest_rate (-0.93); current_status_Current (-0.25),APPROVE,0.911
LN002922,13,0.5096,0.5083,0.1501,0.4921,Current,none,0.3169,current_status_Current (+1.05); interest_rate (-0.98),WATCH_LIST,0.85
LN002926,26,0.0736,0.2086,0.0721,0.4896,Current,none,0.2738,interest_rate (-0.54); month_index (-0.48),APPROVE,0.928
LN002926,27,0.0732,0.2049,0.0718,0.4896,Current,none,0.2807,interest_rate (-0.54); month_index (-0.45),APPROVE,0.928
LN002926,28,0.0732,0.2049,0.0718,0.4903,Current,stale_record,0.3255,interest_rate (-0.54); month_index (-0.45),APPROVE,0.928
LN002926,29,0.512,0.6135,0.1343,0.468,Current,none,0.4513,current_status_Current (+1.34); interest_rate (-0.54),ESCALATE,0.866
LN002927,20,0.0931,0.1744,0.0919,0.4639,Current,none,0.163,month_index (-0.54); seasoning_pct (-0.30),APPROVE,0.908
LN002927,21,0.0937,0.1776,0.0919,0.4634,Current,none,0.1877,month_index (-0.54); seasoning_pct (-0.31),APPROVE,0.908
LN002927,22,0.0947,0.189,0.0914,0.4634,Current,none,0.2061,month_index (-0.57); seasoning_pct (-0.31),APPROVE,0.909
LN002927,23,0.0947,0.1864,0.0934,0.4624,Current,none,0.2344,month_index (-0.54); seasoning_pct (-0.31),APPROVE,0.907
LN002927,24,0.0925,0.1876,0.0934,0.4615,Current,none,0.2467,month_index (-0.54); seasoning_pct (-0.31),APPROVE,0.907
LN002927,25,0.0925,0.1876,0.0934,0.4615,Current,source_conflict,0.3919,month_index (-0.54); seasoning_pct (-0.31),APPROVE,0.907
LN002927,26,0.0897,0.1857,0.0929,0.46,Current,source_conflict,0.402,month_index (-0.54); seasoning_pct (-0.35),ESCALATE,0.907
LN002927,27,0.0885,0.1832,0.0929,0.46,Current,none,0.2725,month_index (-0.54); seasoning_pct (-0.35),APPROVE,0.907
LN002927,28,0.0885,0.1832,0.0929,0.46,Current,none,0.2725,month_index (-0.54); seasoning_pct (-0.35),APPROVE,0.907
LN002927,29,0.0885,0.1832,0.092,0.46,Current,none,0.2725,month_index (-0.54); seasoning_pct (-0.43),APPROVE,0.908
LN002927,30,0.0889,0.1832,0.092,0.46,Current,none,0.2732,month_index (-0.54); seasoning_pct (-0.43),APPROVE,0.908
LN002927,31,0.6695,0.6339,0.2503,0.4536,Current,stale_record,0.502,current_status_Current (+1.51); month_index (-0.52),ESCALATE,0.75
LN002930,17,0.13,0.1544,0.0976,0.5241,Prepaid,none,0.2204,state_VA (-0.60); ltv_risk_tier (-0.54),APPROVE,0.902
LN002930,18,0.1195,0.1486,0.0975,0.5251,Current,stale_record,0.278,state_VA (-0.60); ltv_risk_tier (-0.54),APPROVE,0.902
LN002930,19,0.0691,0.1579,0.0654,0.5255,30DPD,data_entry_error,0.4174,state_VA (-0.61); ltv_risk_tier (-0.55),ESCALATE,0.935
LN002930,20,0.1354,0.1576,0.0854,0.5251,Prepaid,stale_record,0.3168,state_VA (-0.59); ltv_risk_tier (-0.54),APPROVE,0.915
LN002930,21,0.1402,0.1795,0.0854,0.5246,Prepaid,none,0.289,state_VA (-0.59); ltv_risk_tier (-0.54),APPROVE,0.915
LN002930,22,0.14,0.1974,0.0854,0.5263,Prepaid,stale_record,0.3488,state_VA (-0.59); ltv_risk_tier (-0.54),APPROVE,0.915
LN002930,23,0.1408,0.202,0.0857,0.5291,Prepaid,none,0.3277,state_VA (-0.60); ltv_risk_tier (-0.54),APPROVE,0.914
LN002930,24,0.1421,0.202,0.0857,0.5279,Prepaid,none,0.3358,state_VA (-0.60); ltv_risk_tier (-0.54),APPROVE,0.914
LN002930,25,0.1421,0.202,0.0857,0.5279,Prepaid,none,0.3447,state_VA (-0.60); ltv_risk_tier (-0.54),APPROVE,0.914
LN002930,26,0.1448,0.206,0.0856,0.5315,Prepaid,stale_record,0.3962,state_VA (-0.60); ltv_risk_tier (-0.54),APPROVE,0.914
LN002930,27,0.1448,0.2052,0.0856,0.5315,Prepaid,none,0.355,state_VA (-0.60); ltv_risk_tier (-0.54),APPROVE,0.914
LN002930,28,0.1448,0.2075,0.0856,0.5315,Prepaid,stale_record,0.4225,state_VA (-0.60); ltv_risk_tier (-0.54),ESCALATE,0.914
LN002930,29,0.1448,0.2075,0.0855,0.5313,Prepaid,stale_record,0.4,state_VA (-0.60); ltv_risk_tier (-0.54),ESCALATE,0.915
LN002930,30,0.4855,0.5196,0.1223,0.5037,Current,none,0.5293,current_status_Current (+0.95); ltv_risk_tier (-0.62),ESCALATE,0.878
LN002934,20,0.0812,0.1474,0.0703,0.4866,Current,none,0.2086,interest_rate (-0.64); combined_risk_index (-0.63),APPROVE,0.93
LN002934,21,0.0819,0.1505,0.0703,0.4866,Current,none,0.2372,interest_rate (-0.64); combined_risk_index (-0.63),APPROVE,0.93
LN002934,22,0.0825,0.1576,0.0703,0.4866,Current,none,0.2566,interest_rate (-0.64); combined_risk_index (-0.63),APPROVE,0.93
LN002934,23,0.0823,0.1576,0.0704,0.4862,Current,none,0.2812,interest_rate (-0.64); combined_risk_index (-0.63),APPROVE,0.93
LN002934,24,0.0823,0.1576,0.0704,0.4862,Current,none,0.2925,interest_rate (-0.64); combined_risk_index (-0.63),APPROVE,0.93
LN002934,25,0.5792,0.5564,0.1149,0.4568,60DPD,none,0.3269,current_status_Current (+1.13); interest_rate (-0.86),APPROVE,0.885
LN002934,26,0.5792,0.5544,0.1149,0.4568,60DPD,none,0.328,current_status_Current (+1.13); interest_rate (-0.86),APPROVE,0.885
LN002934,27,0.0837,0.156,0.0704,0.4862,Current,none,0.3056,interest_rate (-0.64); combined_risk_index (-0.63),APPROVE,0.93
LN002934,28,0.1141,0.1933,0.07,0.4954,Current,data_entry_error,0.5399,combined_risk_index (-0.67); interest_rate (-0.62),ESCALATE,0.93
LN002934,29,0.0837,0.156,0.0704,0.4862,Current,none,0.3056,interest_rate (-0.64); combined_risk_index (-0.63),APPROVE,0.93
LN002934,30,0.0837,0.1541,0.0704,0.4862,Current,none,0.3051,interest_rate (-0.64); combined_risk_index (-0.63),APPROVE,0.93
LN002934,31,0.0837,0.1541,0.0704,0.4862,Current,none,0.3054,interest_rate (-0.64); combined_risk_index (-0.63),APPROVE,0.93
LN002934,32,0.0837,0.1541,0.0705,0.4862,Current,none,0.3054,interest_rate (-0.64); combined_risk_index (-0.63),APPROVE,0.93
LN002935,21,0.088,0.1339,0.067,0.4678,Current,none,0.2392,ltv_risk_tier (-0.67); combined_risk_index (-0.53),APPROVE,0.933
LN002938,13,0.1565,0.2702,0.0844,0.4782,Current,none,0.113,ltv_risk_tier (-0.49); combined_risk_index (-0.33),APPROVE,0.916
LN002938,14,0.171,0.276,0.0831,0.4782,Current,none,0.1248,ltv_risk_tier (-0.49); combined_risk_index (-0.33),APPROVE,0.917
LN002938,15,0.1884,0.2716,0.0797,0.4775,Current,none,0.1443,ltv_risk_tier (-0.49); seasoning_pct (-0.35),APPROVE,0.92
LN002938,16,0.2349,0.287,0.0791,0.4757,Current,none,0.1612,ltv_risk_tier (-0.49); seasoning_pct (-0.35),APPROVE,0.921
LN002938,17,0.6159,0.6071,0.1412,0.4548,Current,none,0.3984,current_status_Current (+1.20); ltv_risk_tier (-0.67),APPROVE,0.859
LN002942,7,0.1679,0.242,0.0869,0.5177,Current,none,0.002,interest_rate (-0.31); property_type_Multi_Family (-0.30),APPROVE,0.913
LN002942,8,0.1706,0.2446,0.0858,0.5154,Prepaid,none,0.0048,current_status_Current (-0.31); property_type_Multi_Family (-0.30),APPROVE,0.914
LN002942,9,0.171,0.244,0.0855,0.5158,Current,none,0.0086,current_status_Current (-0.31); property_type_Multi_Family (-0.30),APPROVE,0.915
LN002942,10,0.1456,0.2356,0.0857,0.5265,Current,none,0.0615,property_type_Multi_Family (-0.30); current_status_Current (-0.29),APPROVE,0.914
LN002942,11,0.1773,0.2534,0.0841,0.5187,Current,none,0.0328,current_status_Current (-0.31); property_type_Multi_Family (-0.30),APPROVE,0.916
LN002942,12,0.1764,0.2534,0.0828,0.5265,Current,source_conflict,0.1716,current_status_Current (-0.31); property_type_Multi_Family (-0.30),APPROVE,0.917
LN002942,13,0.1921,0.2707,0.1099,0.5287,Current,none,0.0415,current_status_Current (-0.32); property_type_Multi_Family (-0.28),APPROVE,0.89
LN002942,14,0.1756,0.2471,0.0795,0.5267,Current,none,0.0493,current_status_Current (-0.30); property_type_Multi_Family (-0.30),APPROVE,0.92
LN002942,15,0.1726,0.2343,0.0786,0.5257,Current,none,0.0659,current_status_Current (-0.30); property_type_Multi_Family (-0.30),APPROVE,0.921
LN002942,16,0.157,0.2122,0.0766,0.5287,Prepaid,none,0.2359,property_type_Multi_Family (-0.30); current_status_Current (-0.30),APPROVE,0.923
LN002942,17,0.1386,0.1975,0.0759,0.5209,Current,none,0.0954,current_status_Current (-0.31); property_type_Multi_Family (-0.30),APPROVE,0.924
LN002942,18,0.6251,0.5817,0.2005,0.4952,Current,none,0.3439,current_status_Current (+1.37); property_type_Multi_Family (-0.27),WATCH_LIST,0.8
LN002945,18,0.0776,0.1225,0.0585,0.5174,Current,none,0.1673,combined_risk_index (-0.63); monthly_interest_accrual (-0.59),APPROVE,0.942
LN002945,19,0.4385,0.4261,0.0642,0.4964,Current,none,0.3928,current_status_Current (+1.10); ltv_risk_tier (-0.77),APPROVE,0.936
LN002952,8,0.5851,0.6075,0.2749,0.4288,Current,none,0.27,current_status_Current (+1.41); monthly_interest_accrual (-0.74),WATCH_LIST,0.725
LN002954,6,0.6812,0.6522,0.2845,0.5166,60DPD,none,0.0635,current_status_Current (+1.19); state_TN (-0.23),WATCH_LIST,0.716
LN002954,7,0.2346,0.3369,0.1602,0.5369,Prepaid,source_conflict,0.1469,current_status_Current (-0.28); state_TN (-0.23),WATCH_LIST,0.84
LN002954,8,0.7583,0.7422,0.3973,0.4598,90DPD,none,0.1539,current_status_Current (+1.57); current_status_90DPD (+0.46),ESCALATE,0.603
LN002954,9,0.6501,0.6306,0.2682,0.5127,Current,none,0.2861,current_status_Current (+1.20); state_TN (-0.23),WATCH_LIST,0.732
LN002957,11,0.1694,0.304,0.1068,0.4914,Current,none,0.0351,loan_purpose_Refinance_NoCashout (-0.47); state_LA (-0.31),APPROVE,0.893
LN002957,12,0.1723,0.3059,0.1035,0.4978,Current,none,0.0394,loan_purpose_Refinance_NoCashout (-0.47); state_LA (-0.31),APPROVE,0.896
LN002957,13,0.1853,0.316,0.1017,0.4977,Current,none,0.0433,loan_purpose_Refinance_NoCashout (-0.47); state_LA (-0.31),APPROVE,0.898
LN002957,14,0.184,0.3247,0.0962,0.4976,Current,none,0.0535,loan_purpose_Refinance_NoCashout (-0.47); state_LA (-0.31),APPROVE,0.904
LN002957,15,0.1768,0.309,0.0949,0.4964,Current,none,0.0693,loan_purpose_Refinance_NoCashout (-0.47); state_LA (-0.31),APPROVE,0.905
LN002957,16,0.1711,0.3064,0.095,0.4932,Current,stale_record,0.1273,loan_purpose_Refinance_NoCashout (-0.47); state_LA (-0.27),APPROVE,0.905
LN002957,17,0.1581,0.3158,0.0919,0.4903,Current,source_conflict,0.2354,loan_purpose_Refinance_NoCashout (-0.47); state_LA (-0.27),APPROVE,0.908
LN002957,18,0.1533,0.3116,0.0919,0.489,Current,none,0.1198,loan_purpose_Refinance_NoCashout (-0.47); state_LA (-0.27),APPROVE,0.908
LN002957,19,0.1318,0.2824,0.0833,0.489,Current,stale_record,0.1844,loan_purpose_Refinance_NoCashout (-0.48); state_LA (-0.27),APPROVE,0.917
LN002957,20,0.0947,0.1731,0.0715,0.4837,Current,none,0.1649,month_index (-0.48); loan_purpose_Refinance_NoCashout (-0.43),APPROVE,0.928
LN002957,21,0.5374,0.5931,0.1199,0.4565,60DPD,none,0.2371,current_status_Current (+1.06); month_index (-0.48),APPROVE,0.88
LN002957,22,0.4817,0.5787,0.1183,0.457,Current,source_conflict,0.5817,current_status_Current (+1.06); month_index (-0.48),ESCALATE,0.882
LN002959,11,0.6241,0.5938,0.1758,0.5415,60DPD,none,0.2127,current_status_Current (+1.31); original_balance (-0.36),WATCH_LIST,0.824
LN002959,12,0.6136,0.5516,0.167,0.5322,60DPD,none,0.2215,current_status_Current (+1.27); original_balance (-0.36),WATCH_LIST,0.833
LN002959,13,0.7079,0.6799,0.2521,0.5161,60DPD,none,0.2638,current_status_Current (+1.43); original_balance (-0.37),WATCH_LIST,0.748
LN002959,14,0.7004,0.6599,0.2465,0.5161,60DPD,none,0.2787,current_status_Current (+1.43); original_balance (-0.33),WATCH_LIST,0.753
LN002959,15,0.6951,0.6601,0.2443,0.5156,90DPD,none,0.2928,current_status_Current (+1.47); original_balance (-0.33),WATCH_LIST,0.756
LN002959,16,0.6753,0.6323,0.2524,0.5146,90DPD,none,0.4258,current_status_Current (+1.51); remaining_term_months (-0.53),ESCALATE,0.748
LN002959,17,0.6769,0.6448,0.237,0.5126,Current,none,0.4622,current_status_Current (+1.50); remaining_term_months (-0.40),ESCALATE,0.763
LN002960,12,0.4787,0.5081,0.089,0.5463,Current,none,0.3291,current_status_Current (+0.87); interest_rate (-0.68),APPROVE,0.911
LN002965,21,0.1594,0.2133,0.0671,0.4548,Current,none,0.3421,state_OH (-0.66); interest_rate (-0.42),APPROVE,0.933
LN002971,11,0.1113,0.1791,0.117,0.457,Prepaid,none,0.0602,interest_rate (-0.37); credit_risk_tier (+0.30),APPROVE,0.883
LN002971,12,0.109,0.1731,0.1168,0.4587,Prepaid,none,0.0635,interest_rate (-0.35); credit_risk_tier (+0.29),APPROVE,0.883
LN002971,13,0.109,0.1727,0.1165,0.4583,Prepaid,none,0.0745,interest_rate (-0.34); credit_risk_tier (+0.29),APPROVE,0.883
LN002971,14,0.4868,0.3868,0.2426,0.4421,60DPD,none,0.1365,current_status_Current (+1.23); interest_rate (-0.42),WATCH_LIST,0.757
LN002971,15,0.6841,0.6226,0.3233,0.4264,Default,none,0.2071,current_status_Current (+1.55); interest_rate (-0.36),WATCH_LIST,0.677
LN002971,16,0.6831,0.6212,0.323,0.4246,Default,none,0.2154,current_status_Current (+1.57); interest_rate (-0.37),WATCH_LIST,0.677
LN002971,17,0.6769,0.5871,0.3204,0.4233,Default,none,0.2254,current_status_Current (+1.59); interest_rate (-0.37),WATCH_LIST,0.68
LN002971,18,0.6848,0.5963,0.3179,0.423,90DPD,none,0.2364,current_status_Current (+1.58); interest_rate (-0.36),WATCH_LIST,0.682
LN002971,19,0.6807,0.6055,0.2631,0.423,30DPD,none,0.2543,current_status_Current (+1.60); interest_rate (-0.35),WATCH_LIST,0.737
LN002971,20,0.6961,0.6309,0.2992,0.4207,Default,none,0.3172,current_status_Current (+1.68); month_index (-0.46),WATCH_LIST,0.701
LN002971,21,0.0794,0.1446,0.0791,0.464,Current,none,0.1994,month_index (-0.46); combined_risk_index (-0.44),APPROVE,0.921
LN002971,22,0.072,0.1363,0.0825,0.4535,Current,none,0.2231,month_index (-0.46); interest_rate (-0.33),APPROVE,0.917
LN002971,23,0.0721,0.1405,0.0811,0.4521,Current,none,0.2529,month_index (-0.49); interest_rate (-0.33),APPROVE,0.919
LN002971,24,0.0714,0.1399,0.0811,0.453,Current,none,0.2667,month_index (-0.49); interest_rate (-0.33),APPROVE,0.919
LN002971,25,0.4912,0.4629,0.1416,0.4391,30DPD,none,0.3042,current_status_Current (+1.16); month_index (-0.49),APPROVE,0.858
LN002971,26,0.072,0.14,0.0811,0.4542,Current,none,0.2873,month_index (-0.49); seasoning_pct (-0.34),APPROVE,0.919
LN002971,27,0.0717,0.1393,0.0811,0.4542,Current,none,0.2943,month_index (-0.49); seasoning_pct (-0.34),APPROVE,0.919
LN002971,28,0.4049,0.4218,0.1393,0.44,Current,none,0.4703,current_status_Current (+1.16); month_index (-0.49),ESCALATE,0.861
LN002975,13,0.1232,0.1984,0.0887,0.5197,Current,suspicious_transition,0.2705,combined_risk_index (-0.53); interest_rate (+0.37),APPROVE,0.911
LN002975,14,0.1161,0.2114,0.077,0.5285,Current,none,0.2851,combined_risk_index (-0.51); current_status_Current (-0.32),APPROVE,0.923
LN002975,15,0.1006,0.1722,0.0835,0.5216,Current,none,0.1306,combined_risk_index (-0.53); interest_rate (+0.39),APPROVE,0.916
LN002975,16,0.0905,0.1558,0.0835,0.5213,Current,none,0.1544,combined_risk_index (-0.53); interest_rate (+0.39),APPROVE,0.917
LN002975,17,0.0824,0.1465,0.0831,0.5175,Current,none,0.169,combined_risk_index (-0.53); interest_rate (+0.39),APPROVE,0.917
LN002975,18,0.0779,0.1377,0.0836,0.5129,Current,none,0.1838,combined_risk_index (-0.53); interest_rate (+0.39),APPROVE,0.916
LN002975,19,0.6059,0.5241,0.1348,0.4737,60DPD,none,0.2452,current_status_Current (+1.10); combined_risk_index (-0.46),APPROVE,0.865
LN002975,20,0.6808,0.6059,0.1741,0.4636,60DPD,stale_record,0.3515,current_status_Current (+1.44); combined_risk_index (-0.51),WATCH_LIST,0.826
LN002975,21,0.5378,0.4314,0.111,0.5045,60DPD,data_entry_error,0.468,current_status_Current (+1.05); combined_risk_index (-0.62),ESCALATE,0.889
LN002975,22,0.6748,0.6034,0.1694,0.4636,60DPD,none,0.3382,current_status_Current (+1.46); combined_risk_index (-0.47),WATCH_LIST,0.831
LN002976,14,0.183,0.3516,0.0699,0.5244,Current,none,0.0618,interest_rate (-0.87); current_status_Current (-0.26),APPROVE,0.93
LN002976,15,0.1799,0.3348,0.0697,0.5252,Current,stale_record,0.1215,interest_rate (-0.83); current_status_Current (-0.26),APPROVE,0.93
LN002976,16,0.1934,0.3211,0.0694,0.5218,Current,suspicious_transition,0.3119,interest_rate (-0.85); current_status_Current (-0.37),APPROVE,0.931
LN002976,17,0.1642,0.2717,0.0653,0.531,Current,data_entry_error,0.3588,interest_rate (-0.81); combined_risk_index (-0.26),APPROVE,0.935
LN002976,18,0.4306,0.4048,0.1014,0.5137,Current,stale_record,0.4035,current_status_Current (+1.12); interest_rate (-0.92),ESCALATE,0.899
LN002977,24,0.1101,0.2416,0.0743,0.4594,Current,none,0.405,combined_risk_index (-0.39); original_balance (-0.37),ESCALATE,0.926
LN002977,25,0.1026,0.2402,0.0805,0.4603,Current,none,0.331,original_balance (-0.43); month_index (-0.39),APPROVE,0.919
LN002977,26,0.6107,0.6086,0.1445,0.4354,60DPD,none,0.3258,current_status_Current (+1.30); month_index (-0.42),APPROVE,0.856
LN002977,27,0.6107,0.6086,0.1445,0.4354,60DPD,none,0.3277,current_status_Current (+1.30); month_index (-0.42),APPROVE,0.856
LN002977,28,0.1038,0.2103,0.0732,0.452,Current,none,0.3029,original_balance (-0.44); month_index (-0.44),APPROVE,0.927
LN002977,29,0.107,0.2284,0.0732,0.452,Current,none,0.304,original_balance (-0.44); month_index (-0.44),APPROVE,0.927
LN002981,7,0.1281,0.2497,0.1191,0.5081,Prepaid,none,0.0213,combined_risk_index (-0.58); current_status_Current (-0.30),APPROVE,0.881
LN002981,8,0.1254,0.2461,0.1223,0.5111,Prepaid,none,0.025,combined_risk_index (-0.59); current_status_Current (-0.31),APPROVE,0.878
LN002981,9,0.1292,0.233,0.1211,0.5143,Prepaid,none,0.0298,combined_risk_index (-0.59); current_status_Current (-0.31),APPROVE,0.879
LN002981,10,0.1163,0.2298,0.1388,0.4998,Current,none,0.2036,combined_risk_index (-0.54); current_status_Current (-0.33),APPROVE,0.861
LN002981,11,0.1278,0.2457,0.1276,0.515,Current,none,0.0508,combined_risk_index (-0.60); current_status_Current (-0.31),APPROVE,0.872
LN002981,12,0.1275,0.2456,0.1262,0.5124,Current,none,0.0525,combined_risk_index (-0.60); current_status_Current (-0.31),APPROVE,0.874
LN002981,13,0.1334,0.2453,0.1254,0.5111,Current,none,0.0582,combined_risk_index (-0.59); current_status_Current (-0.31),APPROVE,0.875
LN002981,14,0.6259,0.5994,0.2433,0.483,Current,source_conflict,0.4561,current_status_Current (+1.32); combined_risk_index (-0.39),ESCALATE,0.757
LN002982,6,0.1195,0.2467,0.1214,0.493,Current,stale_record,0.0806,interest_rate (-0.86); dti_risk_tier (-0.28),APPROVE,0.879
LN002982,7,0.1235,0.2461,0.121,0.4929,Current,stale_record,0.0795,interest_rate (-0.89); current_status_Current (-0.29),APPROVE,0.879
LN002982,8,0.591,0.5771,0.195,0.47,60DPD,none,0.0947,current_status_Current (+1.20); interest_rate (-1.01),WATCH_LIST,0.805
LN002982,9,0.119,0.2504,0.12,0.499,Current,stale_record,0.083,interest_rate (-0.90); current_status_Current (-0.28),APPROVE,0.88
LN002982,10,0.1183,0.2565,0.1203,0.5008,Current,none,0.0509,interest_rate (-0.91); current_status_Current (-0.28),APPROVE,0.88
LN002982,11,0.1291,0.2674,0.119,0.5012,Current,none,0.0673,interest_rate (-0.88); dti_risk_tier (-0.29),APPROVE,0.881
LN002982,12,0.1267,0.2793,0.1165,0.4951,Current,none,0.0722,interest_rate (-0.88); dti_risk_tier (-0.29),APPROVE,0.883
LN002982,13,0.159,0.3058,0.1248,0.4936,Current,suspicious_transition,0.2956,interest_rate (-0.90); current_status_Current (-0.40),APPROVE,0.875
LN002982,14,0.1167,0.2649,0.1053,0.4961,Current,none,0.0914,interest_rate (-0.87); current_status_Current (-0.28),APPROVE,0.895
LN002982,15,0.1127,0.2479,0.1009,0.4969,Current,stale_record,0.1474,interest_rate (-0.83); current_status_Current (-0.27),APPROVE,0.899
LN002982,16,0.1078,0.2294,0.0954,0.4935,Current,none,0.1191,interest_rate (-0.82); current_status_Current (-0.28),APPROVE,0.905
LN002982,17,0.0936,0.2157,0.0904,0.4895,Current,none,0.133,interest_rate (-0.82); current_status_Current (-0.27),APPROVE,0.91
LN002982,18,0.0895,0.2276,0.0935,0.4964,Current,none,0.1847,interest_rate (-0.75); current_status_Current (-0.26),APPROVE,0.906
LN002982,19,0.0706,0.1856,0.0814,0.4889,Prepaid,none,0.1604,interest_rate (-0.82); current_status_Current (-0.28),APPROVE,0.919
LN002982,20,0.0673,0.1832,0.0788,0.4888,Prepaid,stale_record,0.2339,interest_rate (-0.81); month_index (-0.45),APPROVE,0.921
LN002982,21,0.067,0.1941,0.0788,0.4883,Current,none,0.2121,interest_rate (-0.82); month_index (-0.45),APPROVE,0.921
LN002982,22,0.0939,0.2556,0.0723,0.5167,Current,data_entry_error,0.542,interest_rate (-1.00); month_index (-0.42),ESCALATE,0.928
LN002982,23,0.0665,0.2009,0.0791,0.4838,Current,none,0.264,interest_rate (-0.82); month_index (-0.45),APPROVE,0.921
LN002984,7,0.6445,0.6684,0.1289,0.5201,60DPD,none,0.1062,current_status_Current (+0.93); ltv_risk_tier (-0.61),APPROVE,0.871
LN002984,8,0.1986,0.2598,0.0732,0.5338,Current,none,0.0827,state_TN (-0.63); ltv_risk_tier (-0.56),APPROVE,0.927
LN002984,9,0.1941,0.3282,0.0766,0.533,30DPD,none,0.0696,state_TN (-0.53); monthly_interest_accrual (+0.46),APPROVE,0.923
LN002984,10,0.2106,0.3091,0.1054,0.537,Prepaid,none,0.078,state_TN (-0.60); monthly_interest_accrual (+0.33),APPROVE,0.895
LN002984,11,0.1696,0.2453,0.073,0.525,Current,none,0.2495,state_TN (-0.57); ltv_risk_tier (-0.50),APPROVE,0.927
LN002984,12,0.1881,0.2631,0.0729,0.5327,Current,none,0.118,state_TN (-0.60); ltv_risk_tier (-0.57),APPROVE,0.927
LN002984,13,0.1738,0.3003,0.0749,0.5391,30DPD,none,0.1037,state_TN (-0.52); monthly_interest_accrual (+0.49),APPROVE,0.925
LN002984,14,0.618,0.6448,0.1054,0.5251,30DPD,none,0.1748,current_status_Current (+0.92); ltv_risk_tier (-0.63),APPROVE,0.895
LN002984,15,0.6202,0.6402,0.0952,0.525,30DPD,stale_record,0.2392,current_status_Current (+0.92); ltv_risk_tier (-0.66),APPROVE,0.905
LN002984,16,0.7398,0.7101,0.1048,0.4709,90DPD,none,0.3671,current_status_Current (+1.11); ltv_risk_tier (-0.76),APPROVE,0.895
LN002984,17,0.7137,0.7047,0.151,0.4692,Current,data_entry_error,0.5455,current_status_Current (+1.20); ltv_risk_tier (-0.58),ESCALATE,0.849
LN002987,7,0.3153,0.4564,0.2943,0.5083,Current,none,0.0595,ltv_risk_tier (+0.47); credit_risk_tier (+0.40),WATCH_LIST,0.706
LN002987,8,0.3035,0.4581,0.2916,0.5121,Current,none,0.0606,ltv_risk_tier (+0.46); credit_risk_tier (+0.40),WATCH_LIST,0.708
LN002987,9,0.3058,0.4546,0.2851,0.5123,Current,none,0.0674,ltv_risk_tier (+0.45); credit_risk_tier (+0.40),WATCH_LIST,0.715
LN002987,10,0.3115,0.4473,0.2784,0.5137,Current,none,0.0784,ltv_risk_tier (+0.45); credit_risk_tier (+0.39),WATCH_LIST,0.722
LN002987,11,0.6564,0.6306,0.3151,0.499,Current,none,0.3571,current_status_Current (+0.80); credit_risk_tier (+0.34),WATCH_LIST,0.685
LN002988,26,0.0955,0.1855,0.0714,0.4931,Current,none,0.4048,seasoning_pct (-0.37); month_index (-0.36),ESCALATE,0.929
LN002988,27,0.09,0.1815,0.069,0.4802,Current,none,0.2918,month_index (-0.49); seasoning_pct (-0.42),APPROVE,0.931
LN002988,28,0.09,0.1815,0.069,0.4802,Current,none,0.2918,month_index (-0.49); seasoning_pct (-0.42),APPROVE,0.931
LN002988,29,0.09,0.1815,0.069,0.4802,Current,none,0.2921,month_index (-0.49); seasoning_pct (-0.42),APPROVE,0.931
LN002988,30,0.09,0.1754,0.0717,0.483,Current,none,0.2916,month_index (-0.49); seasoning_pct (-0.40),APPROVE,0.928
LN002989,23,0.0722,0.1536,0.0787,0.4733,Prepaid,none,0.2382,monthly_interest_accrual (-0.55); month_index (-0.50),APPROVE,0.921
LN002989,24,0.0713,0.1536,0.0787,0.4722,Prepaid,none,0.2486,monthly_interest_accrual (-0.55); month_index (-0.50),APPROVE,0.921
LN002989,25,0.0713,0.1536,0.0787,0.4722,Prepaid,none,0.2568,monthly_interest_accrual (-0.55); month_index (-0.50),APPROVE,0.921
LN002989,26,0.0718,0.15,0.0785,0.4705,Prepaid,none,0.2679,monthly_interest_accrual (-0.55); month_index (-0.50),APPROVE,0.922
LN002989,27,0.0718,0.1491,0.0785,0.4705,Prepaid,none,0.2734,monthly_interest_accrual (-0.55); month_index (-0.50),APPROVE,0.922
LN002989,28,0.0718,0.1502,0.0785,0.4705,Prepaid,none,0.2734,monthly_interest_accrual (-0.55); month_index (-0.50),APPROVE,0.922
LN002996,13,0.1617,0.4301,0.0697,0.4877,Current,source_conflict,0.4065,combined_risk_index (-1.05); interest_rate (-0.65),ESCALATE,0.93
LN002996,14,0.1515,0.397,0.0688,0.491,Current,stale_record,0.3251,combined_risk_index (-1.04); interest_rate (-0.65),APPROVE,0.931
LN002996,15,0.1404,0.3416,0.0684,0.4912,Current,none,0.2845,combined_risk_index (-1.04); interest_rate (-0.62),APPROVE,0.932
LN002996,16,0.5091,0.6356,0.0998,0.4669,Current,source_conflict,0.6293,current_status_Current (+1.25); combined_risk_index (-0.85),ESCALATE,0.9
LN002998,19,0.1008,0.1573,0.0811,0.5067,Prepaid,none,0.2377,original_balance (-0.49); seasoning_pct (-0.36),APPROVE,0.919
LN002998,20,0.1029,0.1546,0.0781,0.5067,Prepaid,none,0.2564,month_index (-0.52); original_balance (-0.49),APPROVE,0.922
LN002998,21,0.1029,0.1546,0.0781,0.5067,Prepaid,none,0.2855,month_index (-0.52); original_balance (-0.49),APPROVE,0.922
LN002998,22,0.119,0.1941,0.0727,0.4935,Prepaid,none,0.4002,original_balance (-0.61); month_index (-0.35),ESCALATE,0.927
LN002998,23,0.1029,0.1608,0.0781,0.5067,Prepaid,stale_record,0.3611,month_index (-0.52); original_balance (-0.49),APPROVE,0.922
LN002998,24,0.1029,0.1608,0.0781,0.5069,Prepaid,none,0.324,month_index (-0.52); original_balance (-0.49),APPROVE,0.922
LN002998,25,0.1227,0.2053,0.0808,0.5077,Prepaid,none,0.3627,original_balance (-0.49); month_index (-0.47),APPROVE,0.919
LN002998,26,0.1049,0.1608,0.078,0.5069,Prepaid,none,0.3334,month_index (-0.52); original_balance (-0.49),APPROVE,0.922
LN002998,27,0.1049,0.1606,0.078,0.5073,Prepaid,none,0.335,month_index (-0.52); original_balance (-0.49),APPROVE,0.922
LN002998,28,0.1049,0.1606,0.078,0.5073,Prepaid,stale_record,0.38,month_index (-0.52); original_balance (-0.49),APPROVE,0.922
LN002998,29,0.1049,0.1627,0.078,0.5073,Prepaid,none,0.335,month_index (-0.52); original_balance (-0.49),APPROVE,0.922
LN002998,30,0.4997,0.5179,0.1117,0.4743,60DPD,stale_record,0.4034,current_status_Current (+1.18); original_balance (-0.48),ESCALATE,0.888
LN002998,31,0.706,0.6753,0.1214,0.464,60DPD,none,0.4645,current_status_Current (+1.31); original_balance (-0.57),ESCALATE,0.879
LN002998,32,0.5332,0.5619,0.1432,0.4741,30DPD,none,0.3894,current_status_Current (+1.17); original_balance (-0.47),APPROVE,0.857
