loan_id,origination_month,original_balance,interest_rate,credit_score_band,ltv_band,dti_band,state,loan_purpose,occupancy_type,property_type,servicer_name,loan_term_months
LN000000,2022-03,103664,4.715,700-739,90-95,30-40,AL,Refinance_NoCashout,Second_Home,Single_Family,ServicerE,360
LN000001,2022-11,129359,4.64,780+,80-90,40-50,FL,Purchase,Second_Home,Condo,ServicerC,360
LN000002,2023-05,259407,4.394,780+,90-95,40-50,NJ,Purchase,Primary,Condo,ServicerE,360
LN000003,2023-06,187779,6.039,660-699,70-80,30-40,CO,Purchase,Primary,Single_Family,ServicerC,360
LN000004,2023-04,221758,5.735,660-699,90-95,40-50,MN,Refinance_Cashout,Primary,Single_Family,ServicerE,360
LN000005,2022-01,144431,4.759,740-779,80-90,40-50,TX,Purchase,Primary,Single_Family,ServicerA,360
LN000006,2022-02,166981,5.538,700-739,80-90,30-40,SC,Purchase,Primary,Single_Family,ServicerE,240
LN000007,2023-09,160552,6.707,<620,70-80,20-30,TN,Refinance_Cashout,Primary,Townhouse,ServicerD,240
LN000008,2022-09,200034,5.959,620-659,80-90,30-40,CA,Purchase,Primary,Single_Family,ServicerA,360
LN000009,2022-10,120737,4.903,700-739,70-80,<20,NJ,Refinance_Cashout,Primary,Multi_Family,ServicerE,360
LN000010,2022-07,302596,5.198,700-739,70-80,<20,MN,Purchase,Primary,Condo,ServicerC,360
LN000011,2022-05,442807,4.907,740-779,80-90,20-30,FL,Purchase,Primary,Single_Family,ServicerD,360
LN000012,2022-05,125080,5.908,620-659,60-70,30-40,MI,Refinance_Cashout,Primary,Condo,ServicerB,360
LN000013,2022-01,800000,5.899,700-739,90-95,<20,AZ,Refinance_Cashout,Primary,Single_Family,ServicerE,360
LN000014,2023-02,183630,5.347,700-739,<60,40-50,TN,Refinance_Cashout,Primary,Condo,ServicerA,360
LN000015,2022-07,109922,4.75,740-779,90-95,<20,GA,Refinance_Cashout,Primary,Townhouse,ServicerA,360
LN000016,2023-12,143287,4.488,780+,70-80,30-40,MI,Purchase,Primary,Single_Family,ServicerE,360
LN000017,2023-12,381933,4.986,740-779,90-95,40-50,CA,Refinance_Cashout,Primary,Single_Family,ServicerD,360
LN000018,2022-10,181723,5.017,780+,60-70,<20,GA,Purchase,Primary,Townhouse,ServicerA,360
LN000019,2022-05,235340,4.851,740-779,>95,30-40,PA,Purchase,Primary,Single_Family,ServicerB,360
LN000020,2023-11,102416,5.575,700-739,60-70,40-50,CO,Purchase,Primary,Multi_Family,ServicerA,360
LN000021,2022-10,140368,5.254,700-739,80-90,>50,MA,Refinance_Cashout,Primary,Single_Family,ServicerA,180
LN000022,2023-06,95633,4.414,780+,80-90,>50,WA,Refinance_NoCashout,Primary,Single_Family,ServicerB,360
LN000023,2023-08,128228,5.541,660-699,80-90,30-40,NY,Refinance_NoCashout,Primary,Single_Family,ServicerD,240
LN000024,2023-12,235809,4.79,740-779,60-70,<20,SC,Refinance_NoCashout,Primary,Single_Family,ServicerE,240
LN000025,2023-11,173999,5.629,660-699,60-70,<20,PA,Purchase,Primary,Condo,ServicerA,360
LN000026,2023-08,189350,5.395,700-739,90-95,40-50,MI,Purchase,Primary,Single_Family,ServicerB,360
LN000027,2022-02,252728,5.379,700-739,60-70,40-50,CO,Refinance_NoCashout,Investment,Multi_Family,ServicerA,360
LN000028,2023-02,214546,5.224,700-739,90-95,<20,AL,Refinance_NoCashout,Primary,Single_Family,ServicerD,240
LN000029,2023-04,92324,6.618,620-659,70-80,20-30,TN,Purchase,Primary,Condo,ServicerB,240
LN000030,2023-08,475426,4.632,780+,70-80,20-30,CT,Refinance_Cashout,Second_Home,Single_Family,ServicerD,240
LN000031,2023-04,357047,4.843,740-779,60-70,30-40,WI,Refinance_Cashout,Primary,Multi_Family,ServicerA,180
LN000032,2023-12,119747,4.69,740-779,80-90,40-50,CT,Purchase,Primary,Single_Family,ServicerC,240
LN000033,2023-03,206079,5.391,700-739,80-90,30-40,OK,Refinance_Cashout,Primary,Multi_Family,ServicerD,180
LN000034,2023-07,298606,5.929,620-659,80-90,20-30,NY,Purchase,Investment,Townhouse,ServicerD,360
LN000035,2022-07,117093,6.0,660-699,60-70,<20,SC,Refinance_Cashout,Primary,Multi_Family,ServicerB,360
LN000036,2023-03,262251,5.953,660-699,>95,30-40,MA,Refinance_NoCashout,Primary,Single_Family,ServicerC,360
LN000037,2023-03,89264,6.125,<620,70-80,40-50,MI,Purchase,Investment,Townhouse,ServicerC,180
LN000038,2022-10,213015,4.711,780+,70-80,40-50,UT,Purchase,Investment,Single_Family,ServicerB,180
LN000039,2022-06,174046,5.056,740-779,60-70,>50,CA,Purchase,Primary,Townhouse,ServicerA,240
LN000040,2022-07,342699,6.559,<620,90-95,>50,KY,Refinance_NoCashout,Primary,Single_Family,ServicerA,360
LN000041,2022-03,94819,4.722,740-779,80-90,40-50,TX,Purchase,Primary,Multi_Family,ServicerA,360
LN000042,2023-01,316205,4.751,700-739,<60,40-50,TX,Purchase,Primary,Multi_Family,ServicerC,360
LN000043,2022-12,167477,5.696,700-739,80-90,<20,WA,Refinance_Cashout,Primary,Multi_Family,ServicerC,180
LN000044,2022-12,215366,5.321,700-739,70-80,<20,TN,Purchase,Primary,Condo,ServicerC,360
LN000045,2023-04,158049,4.965,700-739,60-70,30-40,NC,Refinance_Cashout,Primary,Condo,ServicerC,360
LN000046,2023-03,338380,5.198,700-739,80-90,20-30,MN,Purchase,Primary,Single_Family,ServicerE,360
LN000047,2023-01,134626,4.449,780+,>95,30-40,GA,Refinance_NoCashout,Primary,Single_Family,ServicerB,180
LN000048,2023-09,317354,6.407,<620,70-80,20-30,KY,Refinance_Cashout,Primary,Townhouse,ServicerD,360
LN000049,2023-09,151486,5.211,620-659,80-90,<20,FL,Refinance_NoCashout,Primary,Condo,ServicerE,360
LN000050,2023-07,277662,5.403,700-739,<60,20-30,VA,Purchase,Second_Home,Multi_Family,ServicerE,360
LN000051,2023-02,411482,4.367,780+,60-70,20-30,KY,Purchase,Primary,Single_Family,ServicerD,240
LN000052,2022-06,352888,6.338,<620,60-70,20-30,OK,Refinance_Cashout,Primary,Single_Family,ServicerE,360
LN000053,2023-09,120058,5.361,700-739,80-90,40-50,SC,Purchase,Second_Home,Single_Family,ServicerC,360
LN000054,2023-05,106698,4.99,700-739,>95,30-40,KY,Refinance_Cashout,Primary,Single_Family,ServicerA,360
LN000055,2022-10,183537,5.522,700-739,60-70,20-30,MD,Purchase,Primary,Condo,ServicerE,180
LN000056,2022-10,371006,5.301,740-779,80-90,>50,NC,Refinance_NoCashout,Investment,Condo,ServicerB,360
LN000057,2023-12,130779,4.147,780+,60-70,30-40,CT,Refinance_NoCashout,Investment,Single_Family,ServicerD,360
LN000058,2023-12,153231,5.573,660-699,60-70,<20,SC,Refinance_NoCashout,Primary,Multi_Family,ServicerB,360
LN000059,2022-10,291111,6.262,620-659,80-90,40-50,GA,Purchase,Primary,Single_Family,ServicerA,360
LN000060,2023-07,224318,5.114,740-779,90-95,30-40,MN,Purchase,Primary,Townhouse,ServicerC,360
LN000061,2022-01,392904,4.777,740-779,<60,20-30,GA,Refinance_NoCashout,Primary,Townhouse,ServicerB,240
LN000062,2023-06,265608,5.366,660-699,70-80,40-50,MO,Purchase,Primary,Townhouse,ServicerC,240
LN000063,2023-12,215818,4.781,700-739,60-70,30-40,MA,Refinance_Cashout,Primary,Single_Family,ServicerE,180
LN000064,2022-09,169076,6.864,<620,70-80,30-40,OH,Refinance_NoCashout,Second_Home,Single_Family,ServicerE,360
LN000065,2022-07,55139,5.543,660-699,70-80,>50,OH,Refinance_Cashout,Primary,Single_Family,ServicerC,360
LN000066,2022-05,182870,4.616,780+,70-80,30-40,IL,Purchase,Primary,Multi_Family,ServicerC,360
LN000067,2023-05,420494,4.737,780+,90-95,20-30,WA,Refinance_NoCashout,Primary,Single_Family,ServicerD,180
LN000068,2023-11,125796,5.811,620-659,<60,20-30,CT,Refinance_Cashout,Primary,Single_Family,ServicerE,360
LN000069,2022-03,177945,6.668,<620,80-90,20-30,OH,Purchase,Primary,Townhouse,ServicerC,180
LN000070,2022-03,119235,5.195,700-739,70-80,20-30,TN,Purchase,Primary,Single_Family,ServicerE,360
LN000071,2022-12,113576,5.358,660-699,70-80,>50,KY,Purchase,Primary,Single_Family,ServicerD,360
LN000072,2022-03,328034,5.426,620-659,<60,<20,CA,Refinance_Cashout,Primary,Townhouse,ServicerC,360
LN000073,2022-01,199930,5.032,700-739,60-70,40-50,GA,Refinance_Cashout,Primary,Multi_Family,ServicerE,360
LN000074,2023-06,273125,6.075,660-699,90-95,30-40,LA,Purchase,Primary,Single_Family,ServicerD,180
LN000075,2022-09,392232,6.619,620-659,80-90,30-40,NY,Refinance_Cashout,Primary,Single_Family,ServicerE,360
LN000076,2022-02,488346,5.276,700-739,>95,<20,PA,Refinance_Cashout,Primary,Townhouse,ServicerA,360
LN000077,2023-10,256686,4.925,700-739,70-80,<20,NJ,Refinance_NoCashout,Primary,Condo,ServicerD,240
LN000078,2023-09,240299,5.803,660-699,80-90,30-40,OR,Refinance_Cashout,Primary,Townhouse,ServicerD,360
LN000079,2023-12,154511,5.376,700-739,<60,40-50,CT,Refinance_NoCashout,Primary,Condo,ServicerA,180
LN000080,2022-09,111186,6.195,620-659,60-70,40-50,CT,Refinance_Cashout,Primary,Townhouse,ServicerD,360
LN000081,2022-10,113109,5.368,740-779,80-90,40-50,AL,Refinance_NoCashout,Second_Home,Single_Family,ServicerE,240
LN000082,2022-11,189728,7.026,<620,>95,20-30,SC,Purchase,Primary,Condo,ServicerC,360
LN000083,2023-02,201903,5.573,700-739,>95,30-40,NJ,Purchase,Primary,Condo,ServicerB,360
LN000084,2022-01,140539,5.725,660-699,<60,40-50,CT,Purchase,Primary,Single_Family,ServicerA,240
LN000085,2022-12,77190,6.519,<620,70-80,>50,OR,Purchase,Primary,Townhouse,ServicerA,360
LN000086,2023-07,229683,4.172,780+,>95,>50,OK,Purchase,Primary,Single_Family,ServicerE,360
LN000087,2023-09,335933,5.206,700-739,60-70,20-30,VA,Refinance_Cashout,Primary,Single_Family,ServicerC,360
LN000088,2022-03,177599,5.518,740-779,60-70,>50,SC,Purchase,Primary,Townhouse,ServicerD,360
LN000089,2022-05,407644,5.647,700-739,60-70,30-40,IN,Purchase,Primary,Single_Family,ServicerC,360
LN000090,2022-02,244481,4.849,740-779,80-90,30-40,OR,Purchase,Primary,Single_Family,ServicerA,360
LN000091,2023-11,190243,4.155,780+,60-70,30-40,OR,Purchase,Investment,Single_Family,ServicerA,360
LN000092,2022-02,240732,4.421,700-739,80-90,20-30,AZ,Refinance_Cashout,Primary,Single_Family,ServicerE,360
LN000093,2023-11,198598,7.173,<620,70-80,40-50,WI,Purchase,Investment,Single_Family,ServicerD,360
LN000094,2023-07,202259,4.777,780+,70-80,<20,CA,Purchase,Primary,Single_Family,ServicerA,360
LN000095,2023-11,248179,4.475,740-779,70-80,30-40,MD,Purchase,Primary,Condo,ServicerE,360
LN000096,2023-03,170875,5.481,700-739,90-95,30-40,TX,Refinance_Cashout,Primary,Multi_Family,ServicerD,360
LN000097,2022-09,212220,5.336,700-739,80-90,30-40,MI,Refinance_Cashout,Primary,Single_Family,ServicerC,360
LN000098,2022-07,240246,6.327,620-659,80-90,30-40,NY,Purchase,Primary,Townhouse,ServicerE,240
LN000099,2023-09,270993,4.799,740-779,60-70,20-30,NC,Refinance_NoCashout,Primary,Single_Family,ServicerD,360
LN000100,2023-07,359984,5.614,700-739,70-80,30-40,CT,Purchase,Primary,Single_Family,ServicerC,360
LN000101,2022-10,123328,5.503,700-739,70-80,>50,KY,Refinance_Cashout,Primary,Single_Family,ServicerC,240
LN000102,2022-10,179506,4.127,780+,90-95,>50,OK,Refinance_NoCashout,Primary,Single_Family,ServicerD,360
LN000103,2022-06,411278,5.654,660-699,70-80,30-40,WI,Refinance_NoCashout,Primary,Single_Family,ServicerE,360
LN000104,2022-11,177256,4.566,740-779,60-70,40-50,AL,Refinance_NoCashout,Primary,Single_Family,ServicerA,360
LN000105,2022-11,246791,4.455,780+,>95,<20,GA,Refinance_NoCashout,Primary,Single_Family,ServicerB,360
LN000106,2023-02,217549,5.538,700-739,80-90,30-40,PA,Refinance_NoCashout,Investment,Single_Family,ServicerA,360
LN000107,2022-03,268115,4.684,780+,70-80,30-40,VA,Purchase,Second_Home,Townhouse,ServicerD,360
LN000108,2023-11,176271,5.354,660-699,80-90,40-50,WA,Purchase,Investment,Single_Family,ServicerB,360
LN000109,2022-04,176678,6.275,<620,<60,<20,FL,Refinance_Cashout,Second_Home,Single_Family,ServicerA,180
LN000110,2022-02,183053,5.315,740-779,80-90,40-50,KY,Refinance_Cashout,Primary,Townhouse,ServicerB,360
LN000111,2023-01,200238,5.137,700-739,70-80,20-30,CT,Purchase,Primary,Single_Family,ServicerA,360
LN000112,2022-02,210093,4.709,780+,60-70,30-40,VA,Refinance_NoCashout,Investment,Townhouse,ServicerC,240
LN000113,2022-05,129259,4.604,740-779,70-80,30-40,VA,Refinance_Cashout,Primary,Single_Family,ServicerE,360
LN000114,2022-09,135810,5.22,660-699,70-80,40-50,MA,Purchase,Primary,Single_Family,ServicerA,360
LN000115,2022-08,169719,4.487,740-779,<60,<20,AL,Purchase,Investment,Single_Family,ServicerD,360
LN000116,2023-09,125083,6.132,<620,60-70,30-40,CT,Purchase,Primary,Single_Family,ServicerA,240
LN000117,2022-11,128058,5.886,620-659,90-95,20-30,TN,Purchase,Primary,Single_Family,ServicerB,360
LN000118,2022-01,109351,5.425,620-659,60-70,<20,OK,Refinance_NoCashout,Second_Home,Townhouse,ServicerD,360
LN000119,2023-01,262963,6.327,<620,70-80,20-30,OK,Purchase,Investment,Single_Family,ServicerE,360
LN000120,2022-07,264413,5.708,660-699,70-80,30-40,UT,Purchase,Primary,Townhouse,ServicerA,360
LN000121,2023-03,80511,5.176,700-739,70-80,30-40,MN,Purchase,Primary,Condo,ServicerB,360
LN000122,2022-07,474408,5.288,700-739,70-80,20-30,WI,Purchase,Primary,Single_Family,ServicerE,360
LN000123,2022-06,275164,5.099,740-779,70-80,40-50,NY,Purchase,Investment,Single_Family,ServicerD,360
LN000124,2023-11,178257,6.609,<620,<60,30-40,MO,Refinance_Cashout,Investment,Single_Family,ServicerB,180
LN000125,2022-12,300168,5.501,740-779,70-80,40-50,TX,Purchase,Second_Home,Single_Family,ServicerB,360
LN000126,2022-06,204176,4.21,780+,90-95,20-30,CT,Purchase,Primary,Townhouse,ServicerC,360
LN000127,2022-12,167081,3.667,780+,80-90,20-30,NY,Refinance_NoCashout,Second_Home,Single_Family,ServicerA,360
LN000128,2023-06,135909,6.857,<620,80-90,30-40,OR,Refinance_Cashout,Primary,Condo,ServicerA,360
LN000129,2022-01,77730,5.523,700-739,60-70,<20,PA,Refinance_NoCashout,Primary,Townhouse,ServicerA,360
LN000130,2022-06,246199,4.661,740-779,90-95,30-40,FL,Purchase,Primary,Multi_Family,ServicerC,180
LN000131,2023-12,263322,4.824,740-779,70-80,>50,SC,Purchase,Primary,Townhouse,ServicerE,240
LN000132,2023-06,314316,4.387,780+,80-90,20-30,IN,Refinance_NoCashout,Primary,Single_Family,ServicerC,360
LN000133,2022-07,300908,5.646,620-659,90-95,30-40,MD,Refinance_NoCashout,Primary,Townhouse,ServicerE,360
LN000134,2022-10,169614,3.64,780+,>95,30-40,IN,Purchase,Primary,Single_Family,ServicerA,180
LN000135,2022-03,151557,5.343,740-779,70-80,>50,MI,Purchase,Investment,Single_Family,ServicerA,360
LN000136,2023-04,155464,4.439,780+,60-70,<20,CT,Purchase,Primary,Multi_Family,ServicerB,360
LN000137,2023-01,373423,5.23,660-699,90-95,30-40,NY,Purchase,Primary,Single_Family,ServicerB,360
LN000138,2023-09,217652,5.32,740-779,80-90,20-30,VA,Refinance_Cashout,Primary,Single_Family,ServicerD,240
LN000139,2023-06,223792,4.009,780+,60-70,<20,CA,Purchase,Investment,Single_Family,ServicerC,360
LN000140,2023-11,229812,6.457,<620,80-90,20-30,WA,Refinance_NoCashout,Primary,Townhouse,ServicerB,180
LN000141,2022-12,187755,5.34,740-779,80-90,40-50,PA,Refinance_Cashout,Primary,Condo,ServicerE,360
LN000142,2023-11,104485,5.712,660-699,70-80,40-50,CT,Refinance_Cashout,Primary,Condo,ServicerB,240
LN000143,2022-04,566934,5.251,700-739,80-90,40-50,FL,Purchase,Primary,Single_Family,ServicerE,360
LN000144,2022-05,100057,5.163,740-779,80-90,20-30,OR,Purchase,Primary,Single_Family,ServicerB,360
LN000145,2022-04,111854,4.997,740-779,<60,30-40,NY,Purchase,Second_Home,Single_Family,ServicerE,360
LN000146,2022-05,539693,5.287,700-739,70-80,20-30,PA,Purchase,Primary,Single_Family,ServicerD,360
LN000147,2022-08,169806,6.094,660-699,90-95,>50,CA,Refinance_NoCashout,Primary,Townhouse,ServicerE,360
LN000148,2023-01,270665,4.66,700-739,<60,<20,AL,Purchase,Primary,Condo,ServicerD,180
LN000149,2023-09,424295,5.421,660-699,90-95,40-50,NY,Purchase,Primary,Single_Family,ServicerE,360
LN000150,2023-04,90805,5.819,660-699,80-90,20-30,CT,Purchase,Investment,Single_Family,ServicerA,360
LN000151,2023-09,163403,6.056,620-659,60-70,40-50,AL,Refinance_Cashout,Second_Home,Single_Family,ServicerA,240
LN000152,2022-09,178087,5.708,660-699,70-80,20-30,CT,Refinance_NoCashout,Primary,Townhouse,ServicerE,180
LN000153,2022-06,184146,5.657,700-739,>95,<20,MN,Purchase,Primary,Condo,ServicerE,360
LN000154,2022-06,182240,5.677,620-659,70-80,30-40,PA,Refinance_Cashout,Investment,Single_Family,ServicerD,360
LN000155,2022-10,374096,6.04,660-699,80-90,40-50,NY,Purchase,Primary,Single_Family,ServicerB,360
LN000156,2022-06,206756,4.887,740-779,70-80,20-30,OK,Refinance_NoCashout,Primary,Single_Family,ServicerC,360
LN000157,2023-09,357808,6.729,<620,60-70,30-40,VA,Refinance_NoCashout,Second_Home,Single_Family,ServicerE,180
LN000158,2023-09,229013,5.695,660-699,80-90,40-50,OR,Refinance_NoCashout,Primary,Single_Family,ServicerA,360
LN000159,2023-10,274909,4.762,740-779,90-95,30-40,UT,Refinance_Cashout,Primary,Condo,ServicerB,360
LN000160,2023-08,176623,4.384,780+,60-70,30-40,AL,Purchase,Second_Home,Multi_Family,ServicerA,360
LN000161,2023-06,360661,5.039,780+,70-80,30-40,OH,Purchase,Investment,Single_Family,ServicerA,360
LN000162,2023-03,88652,4.432,780+,90-95,20-30,VA,Refinance_Cashout,Primary,Townhouse,ServicerE,240
LN000163,2022-01,273787,4.708,740-779,80-90,30-40,LA,Purchase,Primary,Multi_Family,ServicerE,180
LN000164,2022-09,106454,5.754,660-699,90-95,30-40,SC,Refinance_Cashout,Second_Home,Single_Family,ServicerD,180
LN000165,2022-06,223778,3.802,780+,80-90,30-40,NY,Purchase,Primary,Single_Family,ServicerC,360
LN000166,2023-09,211778,5.396,660-699,80-90,<20,LA,Refinance_NoCashout,Primary,Single_Family,ServicerB,180
LN000167,2022-06,208731,6.438,620-659,<60,>50,TN,Refinance_Cashout,Second_Home,Condo,ServicerE,360
LN000168,2022-08,100291,5.574,700-739,80-90,20-30,WI,Purchase,Second_Home,Single_Family,ServicerC,240
LN000169,2022-04,148970,4.668,740-779,70-80,30-40,OR,Purchase,Primary,Condo,ServicerD,360
LN000170,2022-03,617739,5.813,700-739,70-80,30-40,NC,Refinance_Cashout,Primary,Condo,ServicerD,360
LN000171,2023-05,302871,6.135,<620,70-80,20-30,MI,Refinance_Cashout,Primary,Townhouse,ServicerC,360
LN000172,2022-01,101376,5.389,700-739,70-80,30-40,SC,Refinance_Cashout,Primary,Condo,ServicerA,360
LN000173,2022-02,346135,5.664,700-739,>95,30-40,TN,Purchase,Primary,Single_Family,ServicerC,180
LN000174,2023-04,184603,4.802,740-779,80-90,<20,WA,Refinance_NoCashout,Primary,Condo,ServicerA,360
LN000175,2022-08,198733,5.443,700-739,90-95,20-30,IL,Refinance_NoCashout,Investment,Single_Family,ServicerD,240
LN000176,2022-09,253214,5.98,660-699,80-90,>50,GA,Refinance_Cashout,Investment,Multi_Family,ServicerB,360
LN000177,2022-05,128276,5.368,740-779,70-80,20-30,OK,Refinance_NoCashout,Primary,Single_Family,ServicerE,360
LN000178,2022-02,126709,5.743,700-739,80-90,20-30,IN,Purchase,Primary,Single_Family,ServicerC,360
LN000179,2023-09,276699,5.585,660-699,90-95,30-40,NY,Refinance_Cashout,Primary,Single_Family,ServicerA,180
LN000180,2023-11,275904,6.081,<620,90-95,20-30,MO,Purchase,Primary,Townhouse,ServicerD,180
LN000181,2023-10,307419,6.171,620-659,>95,30-40,LA,Refinance_Cashout,Primary,Multi_Family,ServicerD,360
LN000182,2023-02,404761,5.517,700-739,70-80,20-30,MI,Refinance_Cashout,Primary,Single_Family,ServicerC,360
LN000183,2023-04,134377,5.207,740-779,90-95,30-40,MD,Purchase,Primary,Single_Family,ServicerD,360
LN000184,2022-04,268731,6.421,620-659,90-95,>50,WA,Purchase,Investment,Multi_Family,ServicerC,360
LN000185,2022-01,261955,4.653,780+,>95,>50,FL,Refinance_Cashout,Primary,Single_Family,ServicerE,360
LN000186,2023-01,349582,4.324,740-779,<60,30-40,IL,Refinance_Cashout,Primary,Multi_Family,ServicerA,360
LN000187,2023-06,379555,5.841,620-659,60-70,30-40,FL,Refinance_NoCashout,Primary,Townhouse,ServicerB,240
LN000188,2023-03,164417,3.846,780+,70-80,30-40,MD,Purchase,Primary,Single_Family,ServicerB,360
LN000189,2022-02,221383,4.704,740-779,70-80,20-30,MI,Purchase,Investment,Condo,ServicerE,180
LN000190,2022-09,253354,5.08,700-739,60-70,20-30,OR,Purchase,Primary,Single_Family,ServicerD,360
LN000191,2022-10,292122,5.298,660-699,<60,30-40,SC,Purchase,Primary,Single_Family,ServicerA,360
LN000192,2023-07,219518,5.613,660-699,80-90,30-40,LA,Purchase,Primary,Single_Family,ServicerA,360
LN000193,2023-07,231403,6.618,<620,80-90,40-50,TN,Refinance_NoCashout,Investment,Single_Family,ServicerD,360
LN000194,2023-12,114066,6.072,620-659,70-80,>50,IN,Refinance_NoCashout,Primary,Single_Family,ServicerA,360
LN000195,2023-12,196017,6.148,620-659,<60,>50,TX,Purchase,Investment,Single_Family,ServicerA,360
LN000196,2023-12,54125,5.47,700-739,90-95,20-30,GA,Purchase,Primary,Multi_Family,ServicerB,360
LN000197,2022-05,327183,6.361,<620,70-80,20-30,TN,Purchase,Primary,Single_Family,ServicerD,360
LN000198,2022-12,209217,5.849,660-699,90-95,30-40,AZ,Purchase,Primary,Single_Family,ServicerC,240
LN000199,2022-03,80409,4.752,740-779,60-70,40-50,IL,Refinance_Cashout,Investment,Single_Family,ServicerD,240
LN000200,2022-03,259197,5.29,700-739,60-70,30-40,TN,Purchase,Primary,Single_Family,ServicerD,240
LN000201,2022-06,204204,6.49,<620,70-80,20-30,UT,Purchase,Primary,Single_Family,ServicerB,240
LN000202,2022-07,145121,4.36,780+,>95,30-40,SC,Refinance_NoCashout,Second_Home,Townhouse,ServicerC,360
LN000203,2023-10,80493,4.659,740-779,90-95,20-30,OK,Refinance_NoCashout,Primary,Condo,ServicerE,180
LN000204,2023-05,220950,4.661,740-779,80-90,40-50,AL,Purchase,Primary,Single_Family,ServicerC,360
LN000205,2022-07,292514,5.365,700-739,90-95,20-30,SC,Refinance_Cashout,Primary,Single_Family,ServicerB,360
LN000206,2022-02,208772,6.021,660-699,80-90,20-30,IL,Refinance_NoCashout,Second_Home,Multi_Family,ServicerC,180
LN000207,2023-09,189570,5.678,700-739,60-70,40-50,IL,Purchase,Primary,Condo,ServicerE,180
LN000208,2022-09,286572,4.881,740-779,<60,30-40,MO,Purchase,Investment,Townhouse,ServicerB,360
LN000209,2022-05,123998,5.144,700-739,80-90,20-30,MN,Refinance_Cashout,Investment,Single_Family,ServicerE,360
LN000210,2023-11,129909,5.915,620-659,>95,>50,FL,Refinance_Cashout,Primary,Single_Family,ServicerC,240
LN000211,2023-10,574107,4.788,740-779,<60,<20,MO,Purchase,Investment,Condo,ServicerD,360
LN000212,2022-12,124799,5.918,660-699,70-80,30-40,IL,Purchase,Primary,Single_Family,ServicerA,240
LN000213,2022-05,181965,5.138,700-739,70-80,20-30,CA,Refinance_Cashout,Investment,Single_Family,ServicerB,360
LN000214,2023-10,379209,6.794,<620,70-80,30-40,AL,Purchase,Primary,Single_Family,ServicerD,360
LN000215,2023-07,207522,4.669,740-779,90-95,30-40,MO,Refinance_NoCashout,Primary,Condo,ServicerE,240
LN000216,2022-04,438631,4.914,700-739,70-80,20-30,KY,Purchase,Primary,Townhouse,ServicerD,240
LN000217,2023-07,318474,5.282,660-699,>95,30-40,MD,Purchase,Primary,Single_Family,ServicerB,180
LN000218,2023-11,333331,3.786,780+,90-95,30-40,MN,Purchase,Primary,Single_Family,ServicerB,360
LN000219,2023-03,252408,4.442,780+,<60,20-30,IL,Purchase,Second_Home,Single_Family,ServicerB,360
LN000220,2023-09,50000,6.538,<620,70-80,<20,CA,Purchase,Primary,Condo,ServicerC,360
LN000221,2022-12,238352,5.838,660-699,90-95,<20,OH,Purchase,Primary,Single_Family,ServicerE,240
LN000222,2023-05,719461,5.178,740-779,70-80,30-40,FL,Refinance_NoCashout,Primary,Single_Family,ServicerE,360
LN000223,2022-02,523185,5.552,660-699,80-90,20-30,CA,Refinance_NoCashout,Primary,Townhouse,ServicerC,180
LN000224,2022-07,243407,4.414,780+,80-90,30-40,MA,Purchase,Primary,Single_Family,ServicerC,360
LN000225,2022-08,414558,5.034,660-699,70-80,<20,MO,Refinance_Cashout,Second_Home,Single_Family,ServicerA,240
LN000226,2023-02,335960,6.75,<620,90-95,>50,CA,Purchase,Primary,Townhouse,ServicerE,180
LN000227,2022-09,421263,5.092,700-739,>95,20-30,VA,Refinance_Cashout,Second_Home,Townhouse,ServicerC,360
LN000228,2022-10,436117,6.063,660-699,80-90,20-30,LA,Refinance_Cashout,Investment,Single_Family,ServicerA,360
LN000229,2023-01,294918,5.835,620-659,60-70,30-40,SC,Purchase,Second_Home,Single_Family,ServicerA,360
LN000230,2023-11,173363,6.474,<620,80-90,30-40,MN,Refinance_Cashout,Primary,Single_Family,ServicerE,360
LN000231,2023-05,74576,5.287,700-739,80-90,20-30,MA,Purchase,Primary,Single_Family,ServicerA,360
LN000232,2022-02,324517,5.166,700-739,80-90,30-40,TX,Refinance_Cashout,Second_Home,Condo,ServicerE,360
LN000233,2023-01,152077,5.388,620-659,70-80,30-40,MI,Refinance_Cashout,Primary,Condo,ServicerA,360
LN000234,2022-10,78386,4.602,700-739,70-80,20-30,MO,Refinance_Cashout,Primary,Single_Family,ServicerD,240
LN000235,2022-04,92864,6.247,660-699,>95,30-40,OH,Refinance_NoCashout,Primary,Townhouse,ServicerB,360
LN000236,2023-02,186303,5.599,700-739,>95,20-30,NY,Refinance_NoCashout,Primary,Condo,ServicerD,360
LN000237,2022-06,299404,5.531,700-739,<60,30-40,MN,Purchase,Investment,Multi_Family,ServicerB,360
LN000238,2023-07,105904,4.725,700-739,70-80,<20,WI,Refinance_NoCashout,Primary,Single_Family,ServicerE,240
LN000239,2023-02,157863,6.105,620-659,80-90,20-30,AZ,Refinance_NoCashout,Investment,Townhouse,ServicerA,360
LN000240,2023-01,127948,5.845,700-739,80-90,<20,MD,Refinance_NoCashout,Primary,Single_Family,ServicerE,360
LN000241,2023-01,198565,5.369,700-739,70-80,20-30,TX,Purchase,Primary,Single_Family,ServicerE,360
LN000242,2022-06,262114,5.67,700-739,>95,20-30,MA,Purchase,Primary,Single_Family,ServicerE,360
LN000243,2023-03,147159,4.808,740-779,80-90,30-40,MN,Refinance_Cashout,Investment,Single_Family,ServicerA,360
LN000244,2023-04,484632,4.835,740-779,80-90,30-40,SC,Purchase,Investment,Single_Family,ServicerB,180
LN000245,2023-09,151601,6.425,620-659,<60,20-30,OH,Purchase,Second_Home,Townhouse,ServicerC,360
LN000246,2023-09,272561,5.884,660-699,>95,<20,NY,Refinance_NoCashout,Primary,Condo,ServicerC,360
LN000247,2022-11,255223,5.98,<620,60-70,30-40,TX,Refinance_NoCashout,Second_Home,Single_Family,ServicerB,360
LN000248,2022-03,237869,5.747,700-739,60-70,40-50,NC,Refinance_NoCashout,Investment,Single_Family,ServicerC,360
LN000249,2023-11,619393,5.441,700-739,80-90,20-30,UT,Refinance_Cashout,Investment,Condo,ServicerA,360
LN000250,2022-05,322545,5.003,700-739,60-70,40-50,WA,Refinance_NoCashout,Primary,Townhouse,ServicerB,360
LN000251,2022-07,584977,4.65,740-779,90-95,30-40,PA,Refinance_NoCashout,Primary,Single_Family,ServicerC,360
LN000252,2022-06,190247,5.723,700-739,60-70,20-30,VA,Purchase,Primary,Single_Family,ServicerC,360
LN000253,2023-08,147047,6.747,<620,80-90,30-40,NC,Refinance_Cashout,Primary,Single_Family,ServicerB,360
LN000254,2023-07,220958,5.361,740-779,70-80,40-50,LA,Refinance_Cashout,Primary,Condo,ServicerB,360
LN000255,2022-06,199318,5.683,660-699,80-90,>50,GA,Refinance_NoCashout,Primary,Townhouse,ServicerE,180
LN000256,2023-11,122430,4.474,780+,80-90,30-40,VA,Refinance_Cashout,Primary,Townhouse,ServicerB,240
LN000257,2022-06,378244,4.731,700-739,>95,20-30,CT,Refinance_Cashout,Investment,Single_Family,ServicerB,360
LN000258,2023-01,97303,4.796,740-779,70-80,20-30,TN,Refinance_NoCashout,Primary,Single_Family,ServicerC,180
LN000259,2023-10,253368,5.561,660-699,80-90,20-30,AL,Refinance_Cashout,Primary,Condo,ServicerA,180
LN000260,2022-08,94582,5.893,620-659,90-95,20-30,KY,Purchase,Primary,Single_Family,ServicerE,360
LN000261,2022-06,400139,4.79,740-779,<60,40-50,TN,Refinance_Cashout,Primary,Condo,ServicerD,360
LN000262,2023-03,182023,5.763,660-699,<60,>50,NY,Refinance_NoCashout,Investment,Single_Family,ServicerB,360
LN000263,2023-08,205618,6.458,<620,90-95,20-30,NY,Purchase,Primary,Single_Family,ServicerB,360
LN000264,2022-06,126449,5.589,660-699,80-90,30-40,NJ,Purchase,Second_Home,Single_Family,ServicerC,360
LN000265,2023-06,123969,4.779,740-779,80-90,30-40,SC,Refinance_NoCashout,Primary,Single_Family,ServicerD,360
LN000266,2023-03,157167,6.014,660-699,70-80,30-40,NY,Purchase,Investment,Condo,ServicerC,180
LN000267,2022-01,273588,4.941,700-739,70-80,30-40,SC,Refinance_Cashout,Primary,Multi_Family,ServicerB,360
LN000268,2023-11,477502,4.754,700-739,60-70,40-50,SC,Refinance_Cashout,Primary,Townhouse,ServicerD,360
LN000269,2023-05,157644,5.467,700-739,70-80,20-30,VA,Purchase,Primary,Single_Family,ServicerC,360
LN000270,2023-10,148992,6.483,<620,90-95,20-30,OH,Refinance_NoCashout,Primary,Townhouse,ServicerB,360
LN000271,2023-11,174772,5.468,700-739,80-90,30-40,OH,Purchase,Primary,Single_Family,ServicerB,360
LN000272,2023-04,228471,3.925,780+,<60,30-40,IN,Purchase,Primary,Single_Family,ServicerA,360
LN000273,2022-07,293588,4.861,700-739,<60,20-30,MI,Refinance_Cashout,Primary,Single_Family,ServicerB,360
LN000274,2022-10,86493,6.677,620-659,60-70,>50,NY,Refinance_NoCashout,Primary,Multi_Family,ServicerC,360
LN000275,2022-05,361555,5.369,700-739,70-80,>50,MA,Refinance_Cashout,Investment,Single_Family,ServicerB,360
LN000276,2022-10,323835,5.136,740-779,60-70,30-40,MO,Purchase,Primary,Townhouse,ServicerE,360
LN000277,2022-01,127402,4.398,780+,<60,20-30,PA,Refinance_Cashout,Primary,Single_Family,ServicerC,360
LN000278,2023-01,79080,5.872,660-699,80-90,40-50,MO,Purchase,Primary,Single_Family,ServicerD,360
LN000279,2022-01,231605,5.819,660-699,90-95,20-30,NY,Refinance_NoCashout,Investment,Townhouse,ServicerB,240
LN000280,2022-03,245440,5.855,620-659,>95,30-40,AL,Purchase,Primary,Multi_Family,ServicerA,360
LN000281,2023-08,297828,5.841,620-659,80-90,20-30,KY,Refinance_Cashout,Primary,Single_Family,ServicerB,360
LN000282,2022-07,155983,4.663,780+,80-90,40-50,NY,Refinance_Cashout,Investment,Condo,ServicerE,180
LN000283,2022-07,138552,5.574,700-739,<60,20-30,OK,Refinance_Cashout,Second_Home,Townhouse,ServicerA,360
LN000284,2023-10,307072,5.076,700-739,70-80,30-40,IN,Purchase,Second_Home,Condo,ServicerC,360
LN000285,2022-06,374212,6.593,620-659,90-95,30-40,SC,Purchase,Investment,Townhouse,ServicerD,360
LN000286,2023-01,171564,5.126,740-779,>95,<20,NC,Refinance_Cashout,Primary,Condo,ServicerA,180
LN000287,2022-08,231472,5.692,660-699,90-95,30-40,VA,Purchase,Primary,Multi_Family,ServicerA,360
LN000288,2023-06,148447,6.491,<620,60-70,30-40,MD,Refinance_NoCashout,Primary,Condo,ServicerB,360
LN000289,2023-12,430462,5.273,700-739,>95,20-30,LA,Refinance_NoCashout,Primary,Single_Family,ServicerD,360
LN000290,2022-05,448516,5.892,660-699,70-80,30-40,IL,Refinance_NoCashout,Primary,Single_Family,ServicerE,240
LN000291,2022-10,280364,5.275,740-779,70-80,<20,IN,Refinance_NoCashout,Investment,Single_Family,ServicerD,360
LN000292,2022-03,161042,5.594,660-699,60-70,<20,MD,Refinance_NoCashout,Primary,Single_Family,ServicerC,360
LN000293,2022-11,107721,3.887,780+,90-95,>50,NY,Purchase,Primary,Single_Family,ServicerC,240
LN000294,2022-04,189109,4.582,780+,60-70,>50,PA,Refinance_Cashout,Primary,Condo,ServicerC,360
LN000295,2022-05,373193,5.678,660-699,70-80,30-40,MA,Purchase,Primary,Single_Family,ServicerD,240
LN000296,2023-04,124602,5.999,660-699,70-80,30-40,IL,Refinance_Cashout,Primary,Condo,ServicerD,360
LN000297,2023-11,219612,4.854,780+,<60,<20,MO,Purchase,Second_Home,Single_Family,ServicerE,360
LN000298,2023-03,90621,4.562,780+,<60,40-50,PA,Refinance_Cashout,Investment,Single_Family,ServicerB,360
LN000299,2022-01,222956,5.367,660-699,60-70,20-30,KY,Refinance_NoCashout,Primary,Multi_Family,ServicerA,360
LN000300,2023-11,134313,5.181,740-779,80-90,30-40,IL,Purchase,Primary,Multi_Family,ServicerD,360
LN000301,2023-05,336489,4.734,780+,80-90,<20,CO,Refinance_Cashout,Investment,Single_Family,ServicerA,360
LN000302,2023-08,229497,6.734,<620,<60,30-40,PA,Purchase,Primary,Single_Family,ServicerB,360
LN000303,2023-02,224430,5.464,700-739,70-80,30-40,MO,Refinance_NoCashout,Investment,Multi_Family,ServicerE,360
LN000304,2023-01,113270,5.142,700-739,<60,<20,OK,Purchase,Primary,Townhouse,ServicerE,180
LN000305,2023-03,162935,4.977,740-779,70-80,<20,KY,Refinance_NoCashout,Second_Home,Condo,ServicerB,180
LN000306,2023-07,134829,4.718,740-779,60-70,30-40,LA,Purchase,Primary,Single_Family,ServicerC,180
LN000307,2022-04,235677,4.307,780+,70-80,20-30,CT,Refinance_NoCashout,Primary,Single_Family,ServicerC,360
LN000308,2022-08,306062,4.372,740-779,90-95,30-40,NJ,Purchase,Primary,Single_Family,ServicerB,180
LN000309,2023-08,121716,5.29,660-699,80-90,<20,NC,Refinance_Cashout,Primary,Single_Family,ServicerA,240
LN000310,2023-12,179293,4.109,780+,60-70,>50,SC,Refinance_Cashout,Primary,Townhouse,ServicerA,360
LN000311,2022-12,233333,5.844,660-699,60-70,30-40,NY,Purchase,Primary,Condo,ServicerA,360
LN000312,2022-01,607462,5.662,700-739,70-80,30-40,FL,Refinance_Cashout,Investment,Townhouse,ServicerE,360
LN000313,2022-12,270436,6.481,<620,>95,20-30,OK,Purchase,Primary,Single_Family,ServicerA,360
LN000314,2023-08,111770,5.573,700-739,80-90,20-30,CT,Purchase,Primary,Single_Family,ServicerB,360
LN000315,2022-01,218145,5.162,740-779,90-95,30-40,FL,Refinance_Cashout,Primary,Multi_Family,ServicerE,240
LN000316,2023-05,209761,5.599,660-699,70-80,20-30,CA,Purchase,Primary,Single_Family,ServicerD,240
LN000317,2023-08,341371,5.854,620-659,80-90,30-40,OR,Purchase,Primary,Single_Family,ServicerD,180
LN000318,2022-01,291939,5.823,700-739,70-80,30-40,MI,Refinance_Cashout,Primary,Single_Family,ServicerB,360
LN000319,2023-03,228358,5.635,660-699,70-80,30-40,VA,Refinance_NoCashout,Primary,Townhouse,ServicerC,240
LN000320,2022-09,317969,5.919,700-739,<60,>50,TN,Purchase,Investment,Multi_Family,ServicerD,240
LN000321,2023-02,182209,5.094,740-779,80-90,>50,OR,Refinance_Cashout,Investment,Single_Family,ServicerA,360
LN000322,2023-09,293436,6.55,<620,60-70,30-40,OK,Refinance_NoCashout,Primary,Multi_Family,ServicerA,360
LN000323,2023-10,162959,4.734,700-739,70-80,30-40,UT,Refinance_Cashout,Primary,Single_Family,ServicerA,240
LN000324,2022-11,95403,5.135,740-779,<60,40-50,MD,Refinance_Cashout,Primary,Single_Family,ServicerB,180
LN000325,2023-01,167279,4.258,780+,>95,40-50,OK,Purchase,Primary,Condo,ServicerE,360
LN000326,2022-11,253430,6.222,<620,80-90,20-30,MI,Purchase,Investment,Single_Family,ServicerA,360
LN000327,2023-05,197967,5.525,660-699,90-95,30-40,CA,Refinance_NoCashout,Second_Home,Multi_Family,ServicerA,360
LN000328,2022-01,245993,4.878,740-779,70-80,40-50,CA,Refinance_NoCashout,Second_Home,Condo,ServicerB,360
LN000329,2022-08,268483,4.675,780+,70-80,20-30,VA,Purchase,Second_Home,Multi_Family,ServicerC,360
LN000330,2022-08,283461,4.926,700-739,80-90,40-50,IN,Refinance_Cashout,Primary,Condo,ServicerD,360
LN000331,2022-06,212077,4.693,700-739,<60,40-50,MO,Refinance_Cashout,Second_Home,Single_Family,ServicerE,360
LN000332,2023-10,121878,5.619,700-739,<60,30-40,WA,Refinance_Cashout,Second_Home,Condo,ServicerC,360
LN000333,2022-07,209730,4.798,740-779,>95,>50,OK,Purchase,Primary,Townhouse,ServicerD,360
LN000334,2023-03,345588,5.988,620-659,70-80,30-40,OR,Purchase,Second_Home,Single_Family,ServicerC,180
LN000335,2022-02,412874,5.516,700-739,60-70,30-40,MN,Purchase,Primary,Townhouse,ServicerC,360
LN000336,2023-01,557906,5.847,660-699,70-80,30-40,OR,Purchase,Investment,Townhouse,ServicerD,360
LN000337,2023-02,269782,4.907,700-739,70-80,40-50,TN,Refinance_Cashout,Primary,Single_Family,ServicerD,360
LN000338,2023-10,286775,4.824,780+,90-95,40-50,PA,Purchase,Second_Home,Single_Family,ServicerB,360
LN000339,2022-08,328318,5.687,660-699,70-80,40-50,IL,Refinance_NoCashout,Second_Home,Single_Family,ServicerA,360
LN000340,2022-10,248663,4.846,740-779,70-80,30-40,OK,Refinance_NoCashout,Primary,Townhouse,ServicerC,180
LN000341,2022-03,170716,4.607,780+,90-95,40-50,CO,Purchase,Primary,Single_Family,ServicerB,360
LN000342,2023-07,240954,6.57,620-659,60-70,20-30,CA,Purchase,Primary,Townhouse,ServicerE,360
LN000343,2023-03,317667,5.299,660-699,60-70,20-30,GA,Refinance_Cashout,Second_Home,Condo,ServicerB,360
LN000344,2023-07,335868,5.382,740-779,80-90,20-30,OR,Refinance_Cashout,Primary,Condo,ServicerB,360
LN000345,2022-02,243988,5.637,660-699,90-95,30-40,NY,Purchase,Primary,Townhouse,ServicerE,360
LN000346,2022-06,254054,5.343,660-699,90-95,20-30,VA,Purchase,Primary,Single_Family,ServicerC,360
LN000347,2022-04,218169,4.602,780+,<60,20-30,GA,Purchase,Primary,Single_Family,ServicerD,180
LN000348,2023-12,133275,5.361,700-739,70-80,30-40,VA,Refinance_NoCashout,Investment,Single_Family,ServicerE,240
LN000349,2023-02,81840,6.329,<620,80-90,20-30,FL,Purchase,Primary,Multi_Family,ServicerA,360
LN000350,2022-09,194959,6.736,<620,80-90,<20,VA,Purchase,Primary,Single_Family,ServicerC,360
LN000351,2022-01,139990,4.857,780+,60-70,30-40,FL,Purchase,Primary,Single_Family,ServicerA,360
LN000352,2023-06,367129,4.622,740-779,>95,40-50,OR,Refinance_Cashout,Second_Home,Multi_Family,ServicerC,360
LN000353,2022-12,223836,5.701,700-739,90-95,20-30,KY,Purchase,Primary,Townhouse,ServicerE,360
LN000354,2022-06,203989,5.71,700-739,80-90,20-30,OK,Refinance_Cashout,Second_Home,Single_Family,ServicerD,240
LN000355,2022-06,199217,4.228,780+,80-90,<20,KY,Purchase,Primary,Single_Family,ServicerE,360
LN000356,2023-07,253708,4.941,740-779,70-80,20-30,AZ,Refinance_NoCashout,Primary,Multi_Family,ServicerC,180
LN000357,2022-08,144838,5.724,660-699,<60,40-50,OH,Refinance_Cashout,Investment,Multi_Family,ServicerD,360
LN000358,2023-04,190459,5.116,740-779,70-80,30-40,LA,Refinance_NoCashout,Primary,Townhouse,ServicerB,240
LN000359,2023-11,127291,5.285,700-739,>95,>50,MD,Purchase,Primary,Single_Family,ServicerD,240
LN000360,2022-03,184695,5.1,740-779,80-90,40-50,IN,Purchase,Primary,Single_Family,ServicerC,180
LN000361,2022-05,317284,6.309,620-659,80-90,30-40,CT,Purchase,Primary,Single_Family,ServicerC,360
LN000362,2022-08,164818,6.154,700-739,70-80,30-40,VA,Refinance_Cashout,Primary,Single_Family,ServicerC,360
LN000363,2023-06,272638,5.187,660-699,70-80,>50,WA,Purchase,Primary,Single_Family,ServicerD,360
LN000364,2023-06,177422,6.727,<620,90-95,20-30,CO,Refinance_Cashout,Primary,Multi_Family,ServicerE,360
LN000365,2023-01,231312,5.128,740-779,60-70,20-30,CT,Purchase,Primary,Single_Family,ServicerB,360
LN000366,2022-04,261200,5.026,740-779,<60,30-40,AZ,Purchase,Investment,Single_Family,ServicerB,240
LN000367,2023-02,390756,5.016,700-739,70-80,20-30,LA,Refinance_NoCashout,Primary,Single_Family,ServicerA,360
LN000368,2022-04,94980,5.517,700-739,80-90,>50,CA,Refinance_NoCashout,Primary,Multi_Family,ServicerA,360
LN000369,2023-09,231088,5.634,660-699,60-70,30-40,KY,Refinance_Cashout,Primary,Single_Family,ServicerE,180
LN000370,2023-02,353052,6.026,620-659,90-95,30-40,PA,Refinance_NoCashout,Investment,Single_Family,ServicerD,360
LN000371,2023-08,168631,5.237,700-739,90-95,20-30,WA,Refinance_Cashout,Primary,Single_Family,ServicerC,240
LN000372,2023-09,228868,6.129,660-699,>95,20-30,OR,Refinance_NoCashout,Primary,Multi_Family,ServicerD,360
LN000373,2023-01,61877,5.326,700-739,<60,30-40,NC,Refinance_Cashout,Primary,Single_Family,ServicerD,240
LN000374,2023-08,111906,4.738,700-739,60-70,40-50,PA,Refinance_NoCashout,Primary,Single_Family,ServicerB,360
LN000375,2023-12,244919,4.572,740-779,<60,30-40,CO,Purchase,Primary,Single_Family,ServicerA,360
LN000376,2023-12,113369,5.579,660-699,<60,30-40,NC,Purchase,Investment,Single_Family,ServicerE,240
LN000377,2023-01,121717,6.517,<620,60-70,<20,UT,Purchase,Primary,Condo,ServicerD,240
LN000378,2022-01,486722,6.09,<620,60-70,30-40,VA,Refinance_NoCashout,Primary,Single_Family,ServicerE,240
LN000379,2022-08,117721,6.022,<620,<60,30-40,WI,Purchase,Investment,Single_Family,ServicerD,360
LN000380,2023-02,222056,5.105,700-739,60-70,20-30,PA,Purchase,Investment,Single_Family,ServicerC,360
LN000381,2023-02,97041,5.273,660-699,70-80,<20,UT,Purchase,Investment,Townhouse,ServicerA,360
LN000382,2022-11,416743,4.92,740-779,70-80,>50,WI,Refinance_Cashout,Primary,Single_Family,ServicerA,360
LN000383,2022-10,193353,4.309,740-779,70-80,40-50,CO,Refinance_NoCashout,Primary,Single_Family,ServicerA,240
LN000384,2022-09,145150,5.995,660-699,80-90,>50,GA,Purchase,Second_Home,Townhouse,ServicerA,360
LN000385,2022-08,145943,5.387,660-699,90-95,>50,AZ,Purchase,Second_Home,Single_Family,ServicerC,360
LN000386,2023-08,292908,6.323,620-659,70-80,30-40,OK,Purchase,Primary,Condo,ServicerC,240
LN000387,2023-02,126243,5.659,700-739,70-80,20-30,MA,Refinance_NoCashout,Primary,Condo,ServicerC,180
LN000388,2023-05,225618,5.724,620-659,90-95,40-50,PA,Purchase,Primary,Condo,ServicerB,360
LN000389,2023-05,238184,6.05,660-699,80-90,30-40,CO,Refinance_Cashout,Primary,Multi_Family,ServicerA,360
LN000390,2022-08,238209,4.959,740-779,90-95,30-40,MI,Refinance_Cashout,Investment,Single_Family,ServicerC,360
LN000391,2022-12,157815,4.533,740-779,90-95,20-30,TX,Refinance_Cashout,Second_Home,Multi_Family,ServicerC,360
LN000392,2023-07,195696,5.255,700-739,80-90,30-40,MD,Refinance_NoCashout,Primary,Townhouse,ServicerD,360
LN000393,2022-10,242692,6.47,<620,70-80,30-40,FL,Purchase,Primary,Single_Family,ServicerD,360
LN000394,2022-08,338322,5.373,700-739,80-90,<20,AZ,Refinance_Cashout,Primary,Single_Family,ServicerD,360
LN000395,2022-07,183751,5.634,660-699,80-90,20-30,VA,Refinance_Cashout,Investment,Condo,ServicerC,360
LN000396,2022-07,206680,5.158,740-779,80-90,30-40,NC,Refinance_NoCashout,Primary,Single_Family,ServicerE,360
LN000397,2023-05,135580,4.518,780+,90-95,<20,CT,Purchase,Primary,Condo,ServicerC,360
LN000398,2023-10,501423,5.067,700-739,60-70,40-50,NC,Purchase,Second_Home,Single_Family,ServicerA,360
LN000399,2023-03,261335,4.707,740-779,60-70,<20,SC,Purchase,Primary,Single_Family,ServicerD,360
LN000400,2022-03,288780,5.007,740-779,<60,>50,PA,Purchase,Primary,Single_Family,ServicerE,360
LN000401,2022-06,117431,5.279,700-739,60-70,30-40,CO,Refinance_Cashout,Second_Home,Single_Family,ServicerA,240
LN000402,2022-12,404341,4.386,780+,80-90,30-40,VA,Refinance_Cashout,Primary,Condo,ServicerC,360
LN000403,2022-07,141121,6.248,<620,60-70,40-50,IL,Refinance_Cashout,Second_Home,Single_Family,ServicerA,180
LN000404,2023-02,231439,4.432,780+,70-80,>50,AZ,Refinance_NoCashout,Primary,Single_Family,ServicerB,360
LN000405,2022-11,136885,4.635,740-779,90-95,>50,MN,Purchase,Primary,Single_Family,ServicerE,360
LN000406,2023-10,195933,5.607,740-779,<60,20-30,NC,Refinance_NoCashout,Primary,Multi_Family,ServicerE,360
LN000407,2022-06,376534,4.999,700-739,<60,<20,TN,Purchase,Primary,Condo,ServicerE,360
LN000408,2022-08,174790,5.717,700-739,80-90,>50,CO,Purchase,Primary,Single_Family,ServicerD,360
LN000409,2023-11,396295,5.264,700-739,90-95,20-30,AZ,Refinance_NoCashout,Investment,Single_Family,ServicerE,360
LN000410,2023-10,242466,5.426,700-739,<60,20-30,IN,Refinance_Cashout,Second_Home,Multi_Family,ServicerE,360
LN000411,2022-03,220174,6.68,<620,70-80,40-50,CT,Refinance_Cashout,Second_Home,Single_Family,ServicerA,180
LN000412,2023-05,196127,5.767,660-699,80-90,>50,MO,Refinance_Cashout,Second_Home,Single_Family,ServicerE,360
LN000413,2022-02,324660,6.263,<620,90-95,30-40,CO,Refinance_Cashout,Primary,Single_Family,ServicerC,360
LN000414,2023-10,156560,4.699,740-779,60-70,30-40,UT,Purchase,Primary,Single_Family,ServicerC,240
LN000415,2023-01,163824,5.418,700-739,60-70,30-40,OH,Refinance_Cashout,Primary,Single_Family,ServicerA,360
LN000416,2022-03,139098,5.008,780+,70-80,20-30,KY,Purchase,Second_Home,Single_Family,ServicerB,360
LN000417,2023-04,174431,5.435,700-739,60-70,40-50,CO,Refinance_Cashout,Primary,Single_Family,ServicerD,360
LN000418,2023-10,565708,4.578,780+,70-80,40-50,MO,Purchase,Primary,Single_Family,ServicerD,360
LN000419,2022-07,270093,5.284,700-739,<60,<20,WI,Refinance_Cashout,Primary,Condo,ServicerA,360
LN000420,2023-02,251702,6.414,620-659,60-70,<20,PA,Refinance_NoCashout,Primary,Condo,ServicerA,360
LN000421,2023-02,157084,5.745,660-699,70-80,20-30,IL,Refinance_NoCashout,Primary,Single_Family,ServicerE,360
LN000422,2022-12,243668,4.623,700-739,<60,40-50,MA,Refinance_Cashout,Primary,Single_Family,ServicerD,360
LN000423,2022-04,158905,6.391,<620,90-95,20-30,OH,Purchase,Primary,Single_Family,ServicerE,360
LN000424,2023-12,287239,5.659,660-699,>95,20-30,UT,Refinance_Cashout,Primary,Single_Family,ServicerE,360
LN000425,2022-06,102519,4.358,780+,70-80,30-40,VA,Purchase,Second_Home,Single_Family,ServicerE,240
LN000426,2023-07,217769,5.779,700-739,90-95,>50,IN,Purchase,Primary,Single_Family,ServicerB,360
LN000427,2023-09,194028,6.12,<620,70-80,30-40,AZ,Purchase,Primary,Townhouse,ServicerB,360
LN000428,2023-07,185799,5.729,700-739,90-95,<20,MO,Purchase,Primary,Townhouse,ServicerE,180
LN000429,2022-06,291463,5.647,700-739,90-95,40-50,TX,Refinance_Cashout,Primary,Condo,ServicerD,360
LN000430,2023-04,258956,4.403,740-779,70-80,30-40,MI,Refinance_NoCashout,Primary,Single_Family,ServicerE,180
LN000431,2022-02,67567,4.6,780+,70-80,20-30,OH,Refinance_Cashout,Primary,Single_Family,ServicerB,360
LN000432,2022-06,101506,4.826,740-779,70-80,30-40,CA,Purchase,Primary,Multi_Family,ServicerE,240
LN000433,2022-06,342204,4.884,740-779,60-70,30-40,WI,Refinance_Cashout,Primary,Townhouse,ServicerC,240
LN000434,2023-05,309716,5.436,740-779,60-70,40-50,NJ,Purchase,Primary,Townhouse,ServicerE,360
LN000435,2023-09,222947,5.029,740-779,90-95,30-40,PA,Purchase,Primary,Condo,ServicerE,240
LN000436,2022-10,233685,4.209,780+,70-80,20-30,OH,Refinance_Cashout,Investment,Multi_Family,ServicerB,360
LN000437,2023-04,140011,5.939,660-699,90-95,20-30,IL,Purchase,Primary,Single_Family,ServicerE,360
LN000438,2023-02,320396,6.127,620-659,80-90,20-30,NC,Refinance_NoCashout,Primary,Townhouse,ServicerC,360
LN000439,2022-03,206377,4.859,740-779,70-80,20-30,IL,Purchase,Primary,Condo,ServicerC,180
LN000440,2023-09,198022,4.45,740-779,60-70,20-30,NJ,Refinance_Cashout,Primary,Single_Family,ServicerC,360
LN000441,2023-12,263644,5.41,660-699,70-80,30-40,AZ,Purchase,Primary,Townhouse,ServicerA,360
LN000442,2022-03,484328,5.408,700-739,60-70,30-40,NY,Purchase,Primary,Single_Family,ServicerD,360
LN000443,2023-08,233103,4.28,780+,70-80,20-30,KY,Refinance_Cashout,Primary,Single_Family,ServicerB,180
LN000444,2023-05,451838,4.469,780+,>95,<20,FL,Refinance_NoCashout,Primary,Single_Family,ServicerB,360
LN000445,2022-11,290823,4.757,740-779,70-80,20-30,WA,Refinance_Cashout,Primary,Single_Family,ServicerB,360
LN000446,2023-10,303840,4.362,780+,70-80,20-30,AL,Purchase,Primary,Single_Family,ServicerA,360
LN000447,2022-09,358707,5.799,660-699,80-90,>50,KY,Refinance_Cashout,Primary,Single_Family,ServicerB,360
LN000448,2022-05,160162,5.358,660-699,80-90,<20,IN,Purchase,Primary,Single_Family,ServicerA,360
LN000449,2022-08,267116,6.519,660-699,60-70,>50,PA,Purchase,Primary,Single_Family,ServicerA,240
LN000450,2022-11,82458,5.39,660-699,<60,<20,AL,Refinance_NoCashout,Primary,Single_Family,ServicerB,360
LN000451,2023-01,424965,5.118,700-739,>95,30-40,WA,Refinance_NoCashout,Primary,Single_Family,ServicerA,360
LN000452,2023-08,326422,5.017,700-739,70-80,30-40,TN,Refinance_Cashout,Primary,Single_Family,ServicerD,360
LN000453,2022-01,166158,6.013,<620,<60,20-30,AL,Purchase,Investment,Multi_Family,ServicerD,360
LN000454,2022-10,159044,4.469,780+,70-80,30-40,UT,Refinance_Cashout,Primary,Single_Family,ServicerE,360
LN000455,2023-11,209075,6.584,620-659,60-70,30-40,MO,Purchase,Primary,Single_Family,ServicerC,360
LN000456,2023-12,226989,5.388,700-739,80-90,20-30,MN,Refinance_Cashout,Primary,Multi_Family,ServicerD,180
LN000457,2022-11,80314,5.553,660-699,80-90,30-40,AZ,Refinance_Cashout,Primary,Single_Family,ServicerB,360
LN000458,2023-09,127844,5.633,700-739,90-95,>50,PA,Refinance_Cashout,Primary,Single_Family,ServicerD,180
LN000459,2023-08,166324,6.485,<620,60-70,20-30,WI,Purchase,Primary,Single_Family,ServicerB,180
LN000460,2022-03,163706,5.428,620-659,90-95,20-30,WI,Purchase,Primary,Multi_Family,ServicerC,360
LN000461,2022-12,180954,6.476,<620,70-80,30-40,CT,Refinance_Cashout,Primary,Single_Family,ServicerD,240
LN000462,2022-05,146616,5.835,700-739,70-80,20-30,AZ,Refinance_Cashout,Primary,Single_Family,ServicerC,360
LN000463,2023-05,238948,6.062,660-699,60-70,30-40,MN,Refinance_NoCashout,Primary,Condo,ServicerE,360
LN000464,2023-04,284219,5.629,660-699,70-80,20-30,UT,Refinance_Cashout,Primary,Single_Family,ServicerD,360
LN000465,2023-10,91275,5.32,700-739,70-80,20-30,UT,Refinance_NoCashout,Primary,Condo,ServicerC,240
LN000466,2023-08,236831,5.036,700-739,70-80,>50,NY,Refinance_Cashout,Primary,Multi_Family,ServicerA,360
LN000467,2022-10,157791,6.392,620-659,70-80,40-50,KY,Refinance_Cashout,Primary,Single_Family,ServicerB,360
LN000468,2023-09,61160,4.952,740-779,70-80,30-40,MD,Refinance_Cashout,Primary,Single_Family,ServicerB,180
LN000469,2023-09,143600,5.527,700-739,>95,30-40,MA,Refinance_Cashout,Primary,Single_Family,ServicerD,360
LN000470,2023-03,72594,4.28,780+,60-70,20-30,GA,Purchase,Primary,Single_Family,ServicerD,360
LN000471,2022-04,312132,5.96,660-699,60-70,<20,MO,Refinance_Cashout,Primary,Single_Family,ServicerA,360
LN000472,2023-05,144080,4.86,700-739,70-80,30-40,OR,Refinance_NoCashout,Investment,Single_Family,ServicerD,240
LN000473,2022-08,168333,5.43,660-699,70-80,30-40,GA,Purchase,Investment,Condo,ServicerA,360
LN000474,2023-04,258202,5.874,660-699,60-70,30-40,MO,Purchase,Primary,Townhouse,ServicerD,180
LN000475,2022-04,182420,5.778,700-739,90-95,30-40,OH,Refinance_Cashout,Primary,Condo,ServicerB,240
LN000476,2022-02,159079,5.392,700-739,70-80,30-40,NC,Refinance_NoCashout,Investment,Condo,ServicerB,360
LN000477,2023-04,189582,5.146,700-739,70-80,30-40,KY,Purchase,Primary,Condo,ServicerE,240
LN000478,2022-09,167923,6.392,620-659,90-95,40-50,OR,Purchase,Primary,Single_Family,ServicerA,240
LN000479,2023-12,279795,5.217,740-779,60-70,>50,MA,Purchase,Second_Home,Single_Family,ServicerC,360
LN000480,2023-05,153152,5.411,700-739,<60,20-30,IN,Purchase,Investment,Single_Family,ServicerE,360
LN000481,2023-03,131280,6.039,660-699,80-90,20-30,CT,Refinance_NoCashout,Primary,Single_Family,ServicerC,180
LN000482,2022-03,225771,5.088,740-779,60-70,30-40,NJ,Refinance_NoCashout,Primary,Townhouse,ServicerE,360
LN000483,2022-10,325960,5.276,660-699,70-80,40-50,NY,Refinance_Cashout,Primary,Condo,ServicerE,360
LN000484,2023-12,514149,4.787,700-739,70-80,<20,KY,Refinance_Cashout,Primary,Single_Family,ServicerC,360
LN000485,2023-01,141683,5.931,620-659,80-90,40-50,CA,Refinance_Cashout,Second_Home,Single_Family,ServicerE,360
LN000486,2023-05,223534,5.829,660-699,70-80,30-40,MD,Purchase,Primary,Multi_Family,ServicerC,240
LN000487,2023-12,236992,6.602,620-659,60-70,30-40,GA,Purchase,Second_Home,Condo,ServicerA,360
LN000488,2023-02,53525,4.372,780+,70-80,40-50,MI,Refinance_NoCashout,Primary,Condo,ServicerA,360
LN000489,2022-03,95261,6.004,660-699,<60,<20,MI,Purchase,Investment,Multi_Family,ServicerC,180
LN000490,2023-09,312356,5.712,700-739,80-90,20-30,WA,Refinance_Cashout,Primary,Townhouse,ServicerE,240
LN000491,2022-02,173445,6.495,<620,60-70,<20,AZ,Purchase,Primary,Condo,ServicerD,180
LN000492,2022-03,310349,5.864,<620,80-90,40-50,KY,Refinance_Cashout,Primary,Condo,ServicerA,360
LN000493,2023-10,205865,5.425,700-739,70-80,40-50,CO,Purchase,Primary,Single_Family,ServicerA,180
LN000494,2023-12,96943,4.28,780+,<60,<20,TX,Refinance_NoCashout,Investment,Single_Family,ServicerC,360
LN000495,2022-11,123805,7.194,<620,70-80,<20,OR,Purchase,Primary,Single_Family,ServicerA,180
LN000496,2022-02,269519,6.022,620-659,60-70,40-50,CA,Purchase,Primary,Condo,ServicerD,180
LN000497,2022-05,275679,5.088,700-739,80-90,<20,OK,Refinance_Cashout,Primary,Single_Family,ServicerB,240
LN000498,2023-02,124455,4.924,740-779,70-80,<20,NY,Refinance_NoCashout,Investment,Condo,ServicerB,360
LN000499,2022-11,181490,6.241,620-659,80-90,30-40,KY,Purchase,Primary,Townhouse,ServicerB,360
LN000500,2022-04,190676,4.988,780+,90-95,40-50,MA,Refinance_NoCashout,Primary,Condo,ServicerD,360
LN000501,2022-05,94834,4.484,780+,70-80,>50,AL,Refinance_NoCashout,Primary,Single_Family,ServicerA,360
LN000502,2023-06,160174,5.272,700-739,90-95,30-40,MI,Refinance_NoCashout,Primary,Single_Family,ServicerE,360
LN000503,2022-03,192883,5.276,700-739,80-90,20-30,TX,Purchase,Primary,Single_Family,ServicerE,360
LN000504,2023-12,256709,5.732,660-699,80-90,20-30,GA,Refinance_NoCashout,Primary,Single_Family,ServicerC,360
LN000505,2022-03,156503,4.576,780+,<60,<20,GA,Purchase,Primary,Townhouse,ServicerE,360
LN000506,2022-07,151037,6.322,620-659,70-80,40-50,GA,Refinance_NoCashout,Primary,Single_Family,ServicerD,360
LN000507,2022-02,391177,4.707,700-739,70-80,<20,NY,Purchase,Investment,Townhouse,ServicerD,360
LN000508,2023-04,552612,4.338,780+,>95,30-40,WI,Refinance_NoCashout,Primary,Single_Family,ServicerE,360
LN000509,2022-04,299873,4.737,780+,>95,20-30,CA,Purchase,Investment,Single_Family,ServicerB,360
LN000510,2022-02,416301,5.413,740-779,70-80,30-40,WI,Purchase,Primary,Townhouse,ServicerE,240
LN000511,2022-05,259313,5.049,740-779,<60,20-30,OH,Purchase,Investment,Single_Family,ServicerC,360
LN000512,2023-03,142831,5.877,660-699,70-80,30-40,WA,Purchase,Primary,Single_Family,ServicerA,360
LN000513,2023-02,230778,5.972,660-699,60-70,20-30,NY,Purchase,Primary,Condo,ServicerD,360
LN000514,2022-09,412883,4.531,780+,60-70,20-30,CA,Refinance_NoCashout,Primary,Multi_Family,ServicerA,360
LN000515,2023-04,489904,5.354,740-779,>95,30-40,LA,Purchase,Primary,Single_Family,ServicerD,360
LN000516,2022-12,290546,4.822,780+,60-70,<20,OH,Refinance_Cashout,Investment,Single_Family,ServicerB,360
LN000517,2023-08,546502,5.788,700-739,70-80,<20,OR,Refinance_NoCashout,Primary,Single_Family,ServicerA,360
LN000518,2022-11,310576,6.739,<620,80-90,<20,PA,Purchase,Second_Home,Townhouse,ServicerC,360
LN000519,2022-04,407179,5.744,620-659,80-90,<20,OK,Purchase,Primary,Single_Family,ServicerD,360
LN000520,2023-04,193148,5.919,<620,<60,20-30,UT,Refinance_NoCashout,Investment,Single_Family,ServicerD,360
LN000521,2022-10,492543,5.535,660-699,80-90,20-30,NJ,Refinance_NoCashout,Primary,Single_Family,ServicerB,240
LN000522,2023-09,175362,5.205,700-739,60-70,30-40,PA,Refinance_NoCashout,Primary,Single_Family,ServicerD,360
LN000523,2023-01,124828,5.621,660-699,60-70,>50,AZ,Refinance_Cashout,Primary,Single_Family,ServicerA,360
LN000524,2022-11,82327,6.053,660-699,>95,20-30,CO,Refinance_NoCashout,Primary,Single_Family,ServicerC,360
LN000525,2023-09,115541,5.709,660-699,80-90,20-30,WI,Refinance_Cashout,Primary,Condo,ServicerC,240
LN000526,2022-02,108511,5.222,700-739,80-90,30-40,UT,Purchase,Primary,Condo,ServicerB,360
LN000527,2023-10,623887,6.002,660-699,80-90,<20,MD,Purchase,Investment,Single_Family,ServicerA,360
LN000528,2023-09,198216,6.245,620-659,90-95,<20,IL,Refinance_NoCashout,Primary,Single_Family,ServicerA,360
LN000529,2023-12,179901,4.548,780+,90-95,30-40,CT,Refinance_Cashout,Investment,Condo,ServicerD,240
LN000530,2023-02,183402,5.467,700-739,70-80,40-50,MA,Refinance_Cashout,Primary,Multi_Family,ServicerA,360
LN000531,2022-10,156507,5.211,700-739,80-90,<20,TN,Refinance_Cashout,Primary,Condo,ServicerC,360
LN000532,2022-08,200436,6.34,<620,80-90,20-30,MN,Purchase,Primary,Townhouse,ServicerE,180
LN000533,2023-03,179205,4.594,700-739,70-80,30-40,OR,Refinance_Cashout,Second_Home,Single_Family,ServicerD,360
LN000534,2022-06,137141,5.773,620-659,70-80,<20,WA,Purchase,Primary,Single_Family,ServicerA,360
LN000535,2023-02,145804,4.438,740-779,90-95,20-30,UT,Purchase,Investment,Single_Family,ServicerC,360
LN000536,2022-05,183470,5.955,660-699,60-70,>50,NJ,Refinance_Cashout,Primary,Single_Family,ServicerB,180
LN000537,2023-01,237653,5.75,660-699,80-90,20-30,CO,Refinance_Cashout,Investment,Single_Family,ServicerE,360
LN000538,2022-06,458236,4.48,780+,60-70,30-40,TN,Refinance_NoCashout,Primary,Single_Family,ServicerD,360
LN000539,2023-03,215792,6.448,<620,<60,20-30,GA,Purchase,Primary,Townhouse,ServicerC,360
LN000540,2022-01,256416,5.868,620-659,>95,40-50,NC,Purchase,Primary,Townhouse,ServicerD,360
LN000541,2023-01,190747,4.837,780+,90-95,<20,OR,Refinance_NoCashout,Primary,Single_Family,ServicerC,240
LN000542,2023-01,149917,4.547,780+,<60,<20,LA,Purchase,Investment,Townhouse,ServicerD,360
LN000543,2023-10,180934,5.796,660-699,>95,20-30,IL,Refinance_NoCashout,Primary,Multi_Family,ServicerD,360
LN000544,2023-12,209127,4.435,780+,70-80,30-40,CO,Refinance_NoCashout,Primary,Single_Family,ServicerA,360
LN000545,2022-05,188837,4.468,780+,>95,<20,MI,Purchase,Primary,Single_Family,ServicerD,360
LN000546,2022-11,278454,5.183,<620,<60,>50,GA,Purchase,Primary,Single_Family,ServicerE,360
LN000547,2023-06,238456,4.845,780+,60-70,30-40,CO,Refinance_Cashout,Primary,Single_Family,ServicerD,360
LN000548,2023-09,203230,4.822,700-739,90-95,20-30,UT,Refinance_NoCashout,Second_Home,Single_Family,ServicerD,360
LN000549,2023-08,216289,6.102,620-659,60-70,40-50,MD,Refinance_Cashout,Primary,Single_Family,ServicerE,360
LN000550,2023-05,150600,5.457,700-739,80-90,30-40,SC,Purchase,Second_Home,Single_Family,ServicerD,360
LN000551,2022-02,152401,5.155,740-779,80-90,40-50,NJ,Purchase,Primary,Townhouse,ServicerB,360
LN000552,2022-03,166731,6.243,660-699,60-70,30-40,PA,Refinance_NoCashout,Primary,Single_Family,ServicerE,360
LN000553,2022-08,352320,5.216,700-739,<60,40-50,FL,Purchase,Primary,Single_Family,ServicerA,360
LN000554,2022-04,240727,3.56,780+,>95,20-30,AZ,Refinance_NoCashout,Investment,Single_Family,ServicerE,180
LN000555,2022-07,200461,5.139,740-779,80-90,30-40,MA,Purchase,Primary,Condo,ServicerD,360
LN000556,2023-02,203046,5.311,740-779,80-90,<20,MI,Purchase,Primary,Single_Family,ServicerA,360
LN000557,2022-04,275637,5.475,700-739,60-70,30-40,OH,Refinance_NoCashout,Investment,Single_Family,ServicerB,180
LN000558,2022-10,128515,6.445,620-659,90-95,<20,GA,Refinance_Cashout,Second_Home,Single_Family,ServicerD,180
LN000559,2023-07,167089,5.478,740-779,80-90,<20,MN,Refinance_NoCashout,Primary,Townhouse,ServicerA,360
LN000560,2022-04,232979,6.462,660-699,60-70,>50,MD,Purchase,Primary,Condo,ServicerD,360
LN000561,2023-08,481442,4.483,780+,70-80,30-40,LA,Refinance_Cashout,Primary,Townhouse,ServicerB,360
LN000562,2023-04,619290,6.618,<620,>95,20-30,OR,Refinance_Cashout,Primary,Single_Family,ServicerD,360
LN000563,2023-04,122911,4.787,740-779,80-90,<20,MA,Purchase,Primary,Single_Family,ServicerB,360
LN000564,2023-10,173769,5.382,700-739,70-80,<20,NJ,Refinance_Cashout,Primary,Condo,ServicerB,180
LN000565,2022-08,703749,6.39,620-659,70-80,20-30,FL,Purchase,Primary,Townhouse,ServicerD,360
LN000566,2022-10,195374,5.069,700-739,>95,>50,TX,Purchase,Primary,Condo,ServicerE,360
LN000567,2023-01,264303,5.334,740-779,70-80,30-40,WA,Refinance_NoCashout,Primary,Single_Family,ServicerB,360
LN000568,2023-05,383700,4.841,780+,80-90,20-30,CT,Refinance_NoCashout,Second_Home,Single_Family,ServicerA,360
LN000569,2022-03,385527,6.014,620-659,<60,30-40,VA,Refinance_NoCashout,Second_Home,Condo,ServicerD,180
LN000570,2022-05,377231,5.906,620-659,<60,20-30,MD,Refinance_NoCashout,Investment,Townhouse,ServicerD,360
LN000571,2022-04,311326,5.492,740-779,90-95,20-30,OH,Purchase,Primary,Single_Family,ServicerA,180
LN000572,2023-10,246936,5.002,780+,>95,20-30,UT,Refinance_Cashout,Primary,Townhouse,ServicerE,360
LN000573,2023-12,204087,5.628,660-699,70-80,<20,MN,Refinance_Cashout,Second_Home,Single_Family,ServicerC,180
LN000574,2022-09,212963,6.117,620-659,80-90,40-50,TX,Purchase,Primary,Single_Family,ServicerE,360
LN000575,2022-08,311106,5.269,700-739,60-70,20-30,FL,Purchase,Primary,Townhouse,ServicerA,360
LN000576,2023-05,224735,5.929,660-699,<60,40-50,MD,Refinance_Cashout,Primary,Single_Family,ServicerD,360
LN000577,2023-08,335860,5.433,660-699,70-80,30-40,TX,Refinance_Cashout,Investment,Single_Family,ServicerD,180
LN000578,2022-02,96357,5.534,700-739,60-70,30-40,IN,Refinance_NoCashout,Primary,Multi_Family,ServicerB,180
LN000579,2023-12,211191,5.675,660-699,80-90,<20,OH,Purchase,Second_Home,Single_Family,ServicerE,180
LN000580,2023-01,98612,6.334,<620,<60,20-30,KY,Purchase,Primary,Single_Family,ServicerE,360
LN000581,2022-01,217614,5.956,620-659,70-80,30-40,NC,Purchase,Investment,Single_Family,ServicerB,240
LN000582,2022-04,99570,6.161,620-659,60-70,<20,AZ,Refinance_Cashout,Second_Home,Single_Family,ServicerD,360
LN000583,2023-11,244137,4.843,740-779,80-90,20-30,OH,Refinance_Cashout,Primary,Single_Family,ServicerA,360
LN000584,2022-04,189488,5.25,700-739,70-80,30-40,CO,Refinance_Cashout,Primary,Single_Family,ServicerA,360
LN000585,2023-05,66096,5.556,700-739,70-80,20-30,TN,Purchase,Primary,Single_Family,ServicerD,180
LN000586,2023-12,577567,5.127,740-779,80-90,20-30,TN,Purchase,Primary,Condo,ServicerA,180
LN000587,2023-09,137826,6.053,620-659,70-80,<20,MD,Refinance_Cashout,Investment,Single_Family,ServicerA,360
LN000588,2022-08,344757,6.03,620-659,60-70,30-40,IN,Purchase,Second_Home,Single_Family,ServicerC,360
LN000589,2023-06,284827,5.493,700-739,60-70,20-30,VA,Purchase,Primary,Single_Family,ServicerA,360
LN000590,2022-02,554546,5.032,700-739,60-70,30-40,IL,Purchase,Investment,Single_Family,ServicerE,240
LN000591,2023-08,491893,5.913,660-699,<60,20-30,MA,Refinance_Cashout,Primary,Single_Family,ServicerC,360
LN000592,2022-04,194455,6.4,620-659,>95,>50,PA,Refinance_NoCashout,Primary,Single_Family,ServicerB,360
LN000593,2022-09,138616,4.892,780+,80-90,<20,FL,Purchase,Primary,Condo,ServicerE,360
LN000594,2022-09,539950,6.369,<620,90-95,<20,KY,Purchase,Primary,Single_Family,ServicerA,360
LN000595,2022-01,178900,5.823,660-699,80-90,30-40,CO,Purchase,Primary,Townhouse,ServicerB,360
LN000596,2023-07,459246,4.934,780+,70-80,40-50,TN,Refinance_NoCashout,Investment,Single_Family,ServicerA,360
LN000597,2023-08,144232,5.686,700-739,70-80,>50,NJ,Purchase,Primary,Townhouse,ServicerD,360
LN000598,2022-01,144598,6.186,620-659,90-95,>50,MN,Refinance_Cashout,Primary,Condo,ServicerE,360
LN000599,2022-12,78940,6.098,660-699,70-80,40-50,VA,Refinance_NoCashout,Primary,Single_Family,ServicerA,240
LN000600,2022-11,202444,4.175,780+,80-90,30-40,AZ,Purchase,Primary,Single_Family,ServicerC,360
LN000601,2023-06,182444,4.431,780+,90-95,30-40,UT,Refinance_Cashout,Primary,Condo,ServicerE,360
LN000602,2023-03,212851,4.675,740-779,70-80,20-30,OK,Refinance_Cashout,Primary,Condo,ServicerE,180
LN000603,2023-01,145700,4.808,780+,70-80,20-30,NY,Refinance_NoCashout,Primary,Multi_Family,ServicerD,360
LN000604,2023-09,312397,5.502,660-699,70-80,40-50,NC,Refinance_Cashout,Investment,Condo,ServicerC,240
LN000605,2023-07,142710,4.768,780+,70-80,<20,WA,Refinance_Cashout,Primary,Single_Family,ServicerA,360
LN000606,2022-02,152461,4.589,740-779,60-70,30-40,SC,Purchase,Primary,Single_Family,ServicerA,360
LN000607,2022-05,224261,5.044,780+,60-70,30-40,VA,Purchase,Investment,Single_Family,ServicerD,240
LN000608,2022-03,150008,5.405,660-699,90-95,30-40,AZ,Refinance_Cashout,Second_Home,Single_Family,ServicerE,180
LN000609,2022-01,239598,5.639,660-699,70-80,<20,MI,Refinance_NoCashout,Primary,Single_Family,ServicerA,360
LN000610,2023-09,719250,4.669,780+,80-90,30-40,MI,Refinance_NoCashout,Primary,Single_Family,ServicerB,360
LN000611,2023-05,417932,4.736,740-779,90-95,20-30,AZ,Refinance_Cashout,Primary,Single_Family,ServicerB,360
LN000612,2023-08,176485,4.685,740-779,60-70,30-40,TN,Refinance_Cashout,Investment,Single_Family,ServicerE,360
LN000613,2023-06,263904,4.066,780+,70-80,30-40,MO,Purchase,Second_Home,Single_Family,ServicerA,240
LN000614,2022-11,100118,5.193,740-779,70-80,40-50,NJ,Refinance_NoCashout,Primary,Condo,ServicerC,360
LN000615,2022-01,408263,5.772,660-699,80-90,40-50,FL,Purchase,Primary,Single_Family,ServicerA,360
LN000616,2023-05,130362,5.627,660-699,80-90,40-50,OK,Refinance_NoCashout,Primary,Condo,ServicerE,360
LN000617,2023-02,132134,6.215,620-659,60-70,40-50,WI,Refinance_Cashout,Primary,Single_Family,ServicerD,360
LN000618,2022-06,174669,7.054,<620,60-70,20-30,AZ,Refinance_Cashout,Primary,Single_Family,ServicerC,360
LN000619,2023-12,158701,7.136,<620,70-80,20-30,TX,Refinance_Cashout,Investment,Single_Family,ServicerC,360
LN000620,2023-06,110686,5.918,660-699,90-95,<20,TN,Purchase,Investment,Single_Family,ServicerA,180
LN000621,2023-09,197796,6.216,620-659,70-80,40-50,WI,Refinance_Cashout,Primary,Single_Family,ServicerB,360
LN000622,2023-03,181568,4.486,740-779,80-90,30-40,AZ,Refinance_Cashout,Primary,Condo,ServicerB,360
LN000623,2023-03,169840,4.999,700-739,70-80,40-50,NJ,Refinance_Cashout,Primary,Single_Family,ServicerE,360
LN000624,2023-06,193979,6.561,<620,>95,40-50,GA,Refinance_Cashout,Primary,Townhouse,ServicerE,360
LN000625,2023-12,179622,5.759,660-699,70-80,<20,KY,Purchase,Primary,Condo,ServicerA,180
LN000626,2023-03,189956,6.072,660-699,60-70,<20,KY,Refinance_Cashout,Primary,Multi_Family,ServicerD,360
LN000627,2022-04,234649,4.403,780+,60-70,20-30,GA,Purchase,Primary,Multi_Family,ServicerA,360
LN000628,2023-01,206691,5.927,660-699,80-90,30-40,MO,Refinance_Cashout,Second_Home,Single_Family,ServicerC,360
LN000629,2022-03,83325,4.599,740-779,70-80,<20,SC,Refinance_Cashout,Primary,Single_Family,ServicerB,180
LN000630,2023-11,150219,5.899,660-699,80-90,>50,OK,Refinance_Cashout,Primary,Condo,ServicerD,360
LN000631,2023-12,74135,5.335,700-739,70-80,40-50,CT,Refinance_Cashout,Second_Home,Single_Family,ServicerB,240
LN000632,2023-10,150298,5.992,660-699,70-80,30-40,KY,Purchase,Primary,Townhouse,ServicerD,360
LN000633,2022-01,112012,4.463,740-779,90-95,30-40,MI,Refinance_NoCashout,Investment,Condo,ServicerB,360
LN000634,2023-03,239916,6.776,<620,90-95,40-50,AZ,Purchase,Primary,Condo,ServicerC,240
LN000635,2023-02,112352,4.949,700-739,>95,<20,AZ,Refinance_Cashout,Primary,Single_Family,ServicerA,240
LN000636,2023-03,50000,6.206,660-699,80-90,30-40,KY,Refinance_NoCashout,Primary,Single_Family,ServicerE,360
LN000637,2022-10,158483,5.229,700-739,60-70,20-30,GA,Refinance_NoCashout,Primary,Townhouse,ServicerB,360
LN000638,2023-07,106806,4.789,740-779,<60,>50,KY,Refinance_NoCashout,Primary,Condo,ServicerA,180
LN000639,2022-09,253929,6.019,<620,<60,<20,AL,Refinance_Cashout,Primary,Single_Family,ServicerC,360
LN000640,2023-03,240766,5.311,700-739,<60,40-50,OK,Purchase,Primary,Condo,ServicerC,360
LN000641,2023-10,309179,6.08,660-699,80-90,40-50,NC,Purchase,Primary,Single_Family,ServicerB,360
LN000642,2022-02,115745,4.95,660-699,70-80,30-40,TN,Purchase,Primary,Condo,ServicerB,360
LN000643,2022-02,115309,5.258,700-739,70-80,30-40,NJ,Purchase,Primary,Condo,ServicerB,360
LN000644,2022-05,166204,5.002,740-779,60-70,30-40,IN,Refinance_Cashout,Primary,Single_Family,ServicerA,360
LN000645,2023-10,176251,5.466,700-739,>95,20-30,MD,Purchase,Primary,Single_Family,ServicerB,240
LN000646,2023-07,130807,5.958,620-659,60-70,>50,WI,Refinance_Cashout,Primary,Condo,ServicerB,180
LN000647,2023-02,51371,5.233,780+,80-90,30-40,NY,Refinance_NoCashout,Primary,Single_Family,ServicerB,180
LN000648,2022-06,87280,4.145,780+,90-95,30-40,WI,Purchase,Primary,Single_Family,ServicerD,360
LN000649,2022-06,99502,5.244,660-699,>95,>50,AZ,Purchase,Primary,Single_Family,ServicerC,360
LN000650,2023-03,271532,5.73,620-659,60-70,>50,OH,Refinance_Cashout,Primary,Single_Family,ServicerD,360
LN000651,2022-02,445839,4.902,700-739,80-90,30-40,IL,Refinance_Cashout,Primary,Single_Family,ServicerB,360
LN000652,2023-12,121082,6.265,<620,80-90,20-30,NY,Refinance_NoCashout,Primary,Single_Family,ServicerD,360
LN000653,2023-03,250174,4.881,700-739,70-80,<20,NY,Refinance_NoCashout,Primary,Condo,ServicerA,360
LN000654,2022-10,278749,5.479,700-739,80-90,20-30,NJ,Refinance_Cashout,Second_Home,Multi_Family,ServicerD,360
LN000655,2022-09,234439,5.458,700-739,80-90,30-40,FL,Refinance_Cashout,Second_Home,Townhouse,ServicerB,360
LN000656,2022-12,158430,5.847,660-699,60-70,20-30,TN,Refinance_NoCashout,Primary,Condo,ServicerE,360
LN000657,2023-02,506924,5.11,700-739,80-90,>50,OR,Refinance_Cashout,Primary,Single_Family,ServicerB,360
LN000658,2023-12,189585,4.669,740-779,80-90,30-40,VA,Refinance_Cashout,Investment,Single_Family,ServicerE,360
LN000659,2023-04,143920,4.771,700-739,70-80,30-40,NC,Purchase,Primary,Single_Family,ServicerB,180
LN000660,2023-11,240918,5.195,700-739,60-70,30-40,IN,Purchase,Primary,Multi_Family,ServicerB,180
LN000661,2023-02,136013,5.228,740-779,60-70,40-50,TX,Purchase,Second_Home,Single_Family,ServicerE,360
LN000662,2022-05,212564,6.483,<620,<60,<20,MO,Refinance_NoCashout,Primary,Townhouse,ServicerA,360
LN000663,2023-09,162812,4.933,660-699,90-95,30-40,TN,Refinance_Cashout,Investment,Single_Family,ServicerC,360
LN000664,2022-03,188762,6.915,<620,80-90,<20,TX,Refinance_Cashout,Primary,Multi_Family,ServicerC,180
LN000665,2022-10,375574,5.581,<620,80-90,>50,OK,Purchase,Primary,Condo,ServicerC,240
LN000666,2023-04,609108,4.995,780+,<60,20-30,MD,Purchase,Primary,Single_Family,ServicerE,360
LN000667,2023-06,96641,4.544,780+,80-90,20-30,UT,Purchase,Primary,Single_Family,ServicerE,240
LN000668,2023-12,211210,5.7,660-699,70-80,20-30,UT,Refinance_NoCashout,Primary,Condo,ServicerB,240
LN000669,2022-10,326778,6.489,<620,70-80,<20,OR,Refinance_NoCashout,Primary,Condo,ServicerD,360
LN000670,2023-07,95791,5.39,660-699,80-90,40-50,OH,Refinance_NoCashout,Primary,Multi_Family,ServicerD,360
LN000671,2023-08,636603,4.916,740-779,60-70,30-40,OH,Purchase,Primary,Single_Family,ServicerB,360
LN000672,2023-01,401104,4.509,740-779,80-90,20-30,KY,Purchase,Primary,Single_Family,ServicerE,360
LN000673,2022-07,98644,6.562,<620,70-80,<20,IL,Purchase,Investment,Condo,ServicerB,360
LN000674,2022-02,72291,4.651,740-779,90-95,20-30,TN,Refinance_Cashout,Primary,Single_Family,ServicerB,360
LN000675,2023-11,501534,6.213,660-699,>95,20-30,AZ,Refinance_Cashout,Primary,Single_Family,ServicerB,360
LN000676,2022-01,178039,5.417,740-779,60-70,20-30,MI,Purchase,Primary,Townhouse,ServicerC,360
LN000677,2022-03,110822,5.328,740-779,70-80,40-50,OH,Refinance_Cashout,Investment,Condo,ServicerC,360
LN000678,2022-04,107904,4.366,780+,>95,20-30,SC,Purchase,Primary,Townhouse,ServicerA,360
LN000679,2023-11,202218,4.817,740-779,60-70,30-40,GA,Refinance_Cashout,Primary,Single_Family,ServicerC,180
LN000680,2022-09,135873,4.438,780+,>95,20-30,NY,Refinance_Cashout,Primary,Single_Family,ServicerA,240
LN000681,2022-10,214473,5.582,660-699,60-70,30-40,CO,Refinance_Cashout,Second_Home,Multi_Family,ServicerC,180
LN000682,2022-10,202993,4.45,740-779,80-90,20-30,OR,Refinance_NoCashout,Primary,Single_Family,ServicerD,180
LN000683,2023-02,157975,5.978,620-659,80-90,30-40,UT,Refinance_NoCashout,Primary,Condo,ServicerD,360
LN000684,2023-11,213319,5.972,620-659,60-70,20-30,NC,Refinance_Cashout,Primary,Single_Family,ServicerB,240
LN000685,2022-08,80589,4.77,780+,70-80,20-30,AL,Refinance_NoCashout,Primary,Condo,ServicerD,360
LN000686,2022-09,317416,5.432,700-739,70-80,30-40,KY,Refinance_NoCashout,Investment,Single_Family,ServicerE,360
LN000687,2023-07,266912,4.616,700-739,80-90,40-50,MD,Purchase,Investment,Condo,ServicerA,180
LN000688,2023-07,144694,4.692,740-779,80-90,<20,OR,Purchase,Primary,Multi_Family,ServicerD,360
LN000689,2022-09,194352,4.107,780+,<60,20-30,FL,Refinance_Cashout,Primary,Condo,ServicerB,360
LN000690,2022-02,265979,6.203,620-659,60-70,>50,FL,Purchase,Primary,Single_Family,ServicerA,240
LN000691,2022-09,166031,4.557,740-779,60-70,30-40,CA,Refinance_NoCashout,Primary,Single_Family,ServicerA,360
LN000692,2022-03,151890,5.069,700-739,80-90,30-40,OR,Purchase,Primary,Single_Family,ServicerC,360
LN000693,2022-07,245366,6.288,700-739,70-80,20-30,CA,Purchase,Primary,Single_Family,ServicerC,360
LN000694,2023-12,159177,5.03,740-779,70-80,>50,OK,Purchase,Primary,Townhouse,ServicerC,360
LN000695,2022-09,190035,5.325,660-699,>95,30-40,CO,Refinance_Cashout,Primary,Townhouse,ServicerE,180
LN000696,2022-09,190909,5.257,700-739,70-80,30-40,MI,Purchase,Primary,Multi_Family,ServicerD,360
LN000697,2023-02,235402,5.643,660-699,80-90,<20,MO,Refinance_NoCashout,Investment,Townhouse,ServicerC,240
LN000698,2022-04,330324,5.778,620-659,90-95,>50,FL,Refinance_NoCashout,Primary,Townhouse,ServicerB,180
LN000699,2023-02,260085,6.722,<620,>95,20-30,MD,Refinance_NoCashout,Primary,Single_Family,ServicerB,360
LN000700,2022-11,161498,6.153,620-659,<60,20-30,IN,Purchase,Primary,Townhouse,ServicerE,360
LN000701,2023-10,192379,5.895,660-699,>95,40-50,PA,Refinance_Cashout,Primary,Single_Family,ServicerB,360
LN000702,2023-06,113401,5.619,700-739,60-70,40-50,MO,Refinance_Cashout,Primary,Townhouse,ServicerC,360
LN000703,2022-05,245266,5.017,700-739,<60,<20,CO,Refinance_Cashout,Primary,Multi_Family,ServicerC,240
LN000704,2022-08,188979,4.21,780+,90-95,30-40,MO,Purchase,Primary,Single_Family,ServicerC,240
LN000705,2022-09,161114,4.839,780+,90-95,40-50,MN,Refinance_Cashout,Primary,Single_Family,ServicerA,360
LN000706,2022-09,95751,5.902,660-699,70-80,20-30,MA,Refinance_Cashout,Primary,Townhouse,ServicerE,360
LN000707,2022-03,371211,5.166,700-739,80-90,<20,NJ,Purchase,Primary,Townhouse,ServicerA,360
LN000708,2022-09,241424,4.842,740-779,70-80,30-40,PA,Refinance_Cashout,Primary,Single_Family,ServicerB,360
LN000709,2023-10,150604,4.32,780+,80-90,40-50,VA,Purchase,Primary,Single_Family,ServicerB,360
LN000710,2022-11,448919,4.643,740-779,60-70,40-50,UT,Refinance_Cashout,Primary,Single_Family,ServicerA,360
LN000711,2023-01,113096,5.332,620-659,70-80,30-40,CO,Refinance_Cashout,Primary,Condo,ServicerE,360
LN000712,2022-08,165619,5.648,740-779,80-90,30-40,TX,Purchase,Primary,Single_Family,ServicerC,360
LN000713,2022-09,180175,6.3,620-659,60-70,20-30,MN,Purchase,Primary,Single_Family,ServicerB,360
LN000714,2023-05,204549,5.063,660-699,>95,30-40,TX,Purchase,Investment,Single_Family,ServicerB,360
LN000715,2023-04,368700,5.161,700-739,70-80,30-40,CO,Refinance_NoCashout,Primary,Single_Family,ServicerA,240
LN000716,2023-04,179423,4.237,780+,70-80,20-30,CO,Refinance_NoCashout,Primary,Single_Family,ServicerA,240
LN000717,2022-11,342931,4.37,780+,<60,30-40,NY,Refinance_NoCashout,Primary,Single_Family,ServicerD,180
LN000718,2023-11,200255,4.097,780+,<60,<20,UT,Purchase,Second_Home,Condo,ServicerE,180
LN000719,2022-10,173416,5.341,780+,80-90,20-30,OK,Refinance_NoCashout,Primary,Townhouse,ServicerE,240
LN000720,2023-01,177360,4.904,700-739,80-90,>50,MN,Refinance_Cashout,Investment,Multi_Family,ServicerD,180
LN000721,2023-07,254306,5.266,660-699,90-95,40-50,VA,Purchase,Second_Home,Single_Family,ServicerC,360
LN000722,2022-05,210174,5.224,740-779,70-80,30-40,MN,Purchase,Primary,Multi_Family,ServicerC,180
LN000723,2023-10,370909,4.963,740-779,80-90,30-40,NJ,Purchase,Primary,Multi_Family,ServicerA,360
LN000724,2022-12,144099,6.327,<620,>95,20-30,VA,Purchase,Primary,Single_Family,ServicerE,360
LN000725,2022-08,302505,4.78,740-779,60-70,30-40,OH,Refinance_NoCashout,Second_Home,Single_Family,ServicerD,360
LN000726,2023-07,60664,4.554,780+,80-90,>50,WA,Refinance_NoCashout,Primary,Condo,ServicerD,360
LN000727,2023-01,178951,6.389,620-659,>95,20-30,NC,Refinance_NoCashout,Investment,Multi_Family,ServicerB,360
LN000728,2023-04,81204,5.146,700-739,90-95,<20,CO,Refinance_Cashout,Primary,Single_Family,ServicerA,360
LN000729,2022-01,136710,5.06,700-739,60-70,20-30,CO,Purchase,Primary,Single_Family,ServicerE,360
LN000730,2023-12,93763,5.43,700-739,70-80,30-40,IN,Purchase,Primary,Single_Family,ServicerB,360
LN000731,2023-07,469474,5.878,660-699,70-80,<20,SC,Purchase,Primary,Townhouse,ServicerD,180
LN000732,2023-02,122101,4.441,780+,70-80,<20,VA,Purchase,Primary,Single_Family,ServicerA,240
LN000733,2022-09,228169,5.041,740-779,70-80,30-40,TX,Refinance_Cashout,Primary,Townhouse,ServicerC,360
LN000734,2022-06,146564,5.424,700-739,80-90,30-40,AL,Refinance_NoCashout,Primary,Multi_Family,ServicerC,360
LN000735,2023-09,273936,3.72,780+,60-70,<20,KY,Refinance_NoCashout,Primary,Single_Family,ServicerB,360
LN000736,2022-08,277485,5.182,740-779,70-80,>50,CA,Purchase,Primary,Multi_Family,ServicerB,360
LN000737,2023-05,210914,6.044,660-699,90-95,20-30,OH,Refinance_Cashout,Primary,Single_Family,ServicerB,360
LN000738,2022-11,198084,5.155,740-779,80-90,20-30,CO,Purchase,Primary,Condo,ServicerA,240
LN000739,2023-06,152903,4.854,780+,70-80,20-30,OR,Refinance_Cashout,Primary,Condo,ServicerB,360
LN000740,2023-05,131144,4.599,780+,<60,<20,NJ,Purchase,Primary,Single_Family,ServicerA,360
LN000741,2023-02,321269,4.355,780+,70-80,30-40,WA,Refinance_NoCashout,Primary,Townhouse,ServicerB,180
LN000742,2022-10,366912,6.237,620-659,>95,30-40,LA,Refinance_Cashout,Primary,Single_Family,ServicerB,360
LN000743,2023-06,151033,5.89,660-699,90-95,20-30,CO,Purchase,Primary,Single_Family,ServicerA,240
LN000744,2022-02,186018,5.622,700-739,90-95,30-40,MN,Refinance_NoCashout,Primary,Single_Family,ServicerD,360
LN000745,2023-09,179427,4.915,700-739,<60,<20,OK,Refinance_Cashout,Primary,Single_Family,ServicerA,180
LN000746,2023-12,255674,6.173,620-659,80-90,<20,GA,Refinance_NoCashout,Investment,Single_Family,ServicerC,360
LN000747,2022-01,358499,4.717,740-779,<60,20-30,GA,Refinance_Cashout,Primary,Multi_Family,ServicerD,180
LN000748,2023-05,149972,5.351,660-699,80-90,30-40,IL,Purchase,Primary,Condo,ServicerD,360
LN000749,2023-11,188529,4.836,780+,60-70,30-40,IL,Refinance_NoCashout,Primary,Single_Family,ServicerB,360
LN000750,2023-11,115596,4.695,780+,90-95,<20,OK,Refinance_Cashout,Primary,Townhouse,ServicerE,360
LN000751,2023-02,263266,6.092,620-659,60-70,20-30,AL,Refinance_Cashout,Primary,Single_Family,ServicerB,360
LN000752,2022-02,140880,5.349,660-699,60-70,20-30,MI,Purchase,Primary,Single_Family,ServicerC,240
LN000753,2023-03,151626,4.567,780+,70-80,20-30,CO,Refinance_NoCashout,Primary,Townhouse,ServicerD,360
LN000754,2022-10,192923,5.774,660-699,60-70,>50,NJ,Refinance_Cashout,Primary,Single_Family,ServicerA,360
LN000755,2023-08,236415,4.881,740-779,<60,<20,MA,Purchase,Second_Home,Townhouse,ServicerC,360
LN000756,2023-01,158304,4.394,780+,70-80,20-30,CT,Refinance_NoCashout,Second_Home,Single_Family,ServicerE,360
LN000757,2023-11,408916,4.63,740-779,90-95,30-40,NJ,Purchase,Primary,Single_Family,ServicerE,360
LN000758,2022-05,240041,4.534,780+,80-90,40-50,OH,Refinance_NoCashout,Primary,Single_Family,ServicerB,360
LN000759,2023-08,398878,5.44,700-739,>95,30-40,OH,Purchase,Second_Home,Condo,ServicerA,360
LN000760,2023-02,559436,5.97,620-659,70-80,>50,MD,Refinance_Cashout,Primary,Condo,ServicerB,360
LN000761,2023-12,199897,5.232,700-739,70-80,30-40,MN,Purchase,Primary,Single_Family,ServicerE,360
LN000762,2023-02,370495,5.489,700-739,90-95,30-40,PA,Refinance_Cashout,Investment,Single_Family,ServicerC,360
LN000763,2023-05,118117,4.57,740-779,>95,30-40,TX,Purchase,Primary,Townhouse,ServicerC,360
LN000764,2022-04,196398,5.241,700-739,90-95,>50,OH,Purchase,Primary,Multi_Family,ServicerA,360
LN000765,2022-11,204943,5.956,660-699,70-80,>50,LA,Refinance_NoCashout,Investment,Single_Family,ServicerB,360
LN000766,2022-08,147470,5.184,700-739,60-70,40-50,FL,Refinance_Cashout,Primary,Single_Family,ServicerD,240
LN000767,2022-02,153174,4.825,780+,<60,40-50,NJ,Refinance_NoCashout,Primary,Single_Family,ServicerC,360
LN000768,2022-01,114800,4.393,740-779,<60,20-30,MN,Refinance_Cashout,Primary,Single_Family,ServicerE,360
LN000769,2023-11,166683,5.598,620-659,>95,30-40,NJ,Purchase,Primary,Condo,ServicerD,240
LN000770,2023-11,137764,6.027,660-699,70-80,30-40,CT,Refinance_Cashout,Investment,Townhouse,ServicerA,240
LN000771,2023-08,96505,5.257,700-739,80-90,<20,IL,Purchase,Primary,Single_Family,ServicerB,360
LN000772,2023-04,185385,5.2,660-699,60-70,40-50,MO,Refinance_Cashout,Primary,Townhouse,ServicerB,360
LN000773,2023-03,181456,4.22,780+,60-70,20-30,MO,Purchase,Primary,Single_Family,ServicerC,360
LN000774,2023-07,146415,5.019,780+,60-70,20-30,CO,Refinance_Cashout,Primary,Single_Family,ServicerE,360
LN000775,2023-10,192088,5.278,700-739,80-90,20-30,OR,Purchase,Primary,Multi_Family,ServicerC,360
LN000776,2023-05,102737,5.912,700-739,90-95,30-40,WA,Refinance_NoCashout,Investment,Single_Family,ServicerD,240
LN000777,2023-03,208886,4.741,700-739,60-70,<20,MN,Purchase,Primary,Single_Family,ServicerC,360
LN000778,2023-09,353133,4.676,780+,70-80,>50,WI,Purchase,Primary,Townhouse,ServicerA,360
LN000779,2023-02,314152,5.183,740-779,70-80,40-50,OH,Purchase,Primary,Single_Family,ServicerB,360
LN000780,2022-11,228285,5.285,660-699,60-70,>50,WI,Purchase,Investment,Single_Family,ServicerC,360
LN000781,2023-05,344699,6.207,<620,>95,>50,NJ,Purchase,Primary,Single_Family,ServicerA,180
LN000782,2023-01,396311,6.556,620-659,80-90,40-50,VA,Refinance_NoCashout,Primary,Townhouse,ServicerA,360
LN000783,2023-02,115538,6.228,620-659,90-95,>50,MD,Purchase,Primary,Single_Family,ServicerE,360
LN000784,2022-10,270645,4.924,780+,80-90,20-30,IL,Refinance_Cashout,Investment,Single_Family,ServicerC,360
LN000785,2022-12,249829,5.884,660-699,80-90,<20,VA,Purchase,Primary,Condo,ServicerE,360
LN000786,2022-03,152161,6.436,<620,80-90,20-30,AZ,Purchase,Primary,Condo,ServicerA,240
LN000787,2022-10,331984,5.514,700-739,90-95,<20,WI,Refinance_NoCashout,Investment,Single_Family,ServicerB,180
LN000788,2022-05,101096,5.367,660-699,80-90,>50,MI,Purchase,Primary,Single_Family,ServicerE,360
LN000789,2022-02,305603,4.896,780+,60-70,30-40,AL,Purchase,Primary,Single_Family,ServicerC,360
LN000790,2022-05,422922,5.036,740-779,90-95,<20,OH,Purchase,Primary,Condo,ServicerE,360
LN000791,2022-09,272989,5.433,700-739,80-90,<20,MN,Refinance_NoCashout,Second_Home,Single_Family,ServicerE,360
LN000792,2023-04,180017,5.052,740-779,60-70,40-50,AL,Refinance_NoCashout,Primary,Single_Family,ServicerB,360
LN000793,2023-02,161817,5.691,620-659,90-95,20-30,WA,Purchase,Primary,Condo,ServicerC,360
LN000794,2022-06,223266,5.451,740-779,70-80,20-30,MN,Purchase,Primary,Single_Family,ServicerB,360
LN000795,2022-10,268446,5.36,700-739,70-80,30-40,NJ,Refinance_Cashout,Primary,Single_Family,ServicerC,360
LN000796,2023-06,84863,4.61,780+,90-95,30-40,SC,Refinance_NoCashout,Investment,Townhouse,ServicerB,360
LN000797,2022-05,184270,4.5,780+,80-90,30-40,WI,Purchase,Second_Home,Multi_Family,ServicerB,360
LN000798,2022-05,126517,5.914,620-659,70-80,40-50,NJ,Purchase,Primary,Townhouse,ServicerC,360
LN000799,2022-06,225033,5.271,700-739,<60,<20,KY,Refinance_NoCashout,Primary,Townhouse,ServicerD,360
LN000800,2022-05,414918,5.02,740-779,70-80,20-30,PA,Purchase,Primary,Condo,ServicerB,360
LN000801,2022-03,182883,4.299,780+,<60,20-30,TN,Refinance_NoCashout,Investment,Condo,ServicerA,360
LN000802,2022-01,194292,4.976,740-779,80-90,40-50,OK,Purchase,Primary,Single_Family,ServicerD,360
LN000803,2022-09,787633,5.038,740-779,70-80,<20,TN,Purchase,Primary,Townhouse,ServicerD,180
LN000804,2023-08,181692,4.788,740-779,80-90,40-50,PA,Purchase,Second_Home,Condo,ServicerB,360
LN000805,2022-05,217359,5.175,700-739,90-95,30-40,IL,Refinance_Cashout,Primary,Single_Family,ServicerE,360
LN000806,2023-08,98864,5.394,700-739,80-90,20-30,IL,Refinance_NoCashout,Investment,Single_Family,ServicerB,360
LN000807,2023-01,146739,4.258,780+,70-80,30-40,UT,Purchase,Primary,Single_Family,ServicerC,360
LN000808,2022-12,260919,5.93,620-659,90-95,40-50,WA,Refinance_Cashout,Primary,Single_Family,ServicerE,360
LN000809,2023-11,190560,6.083,660-699,60-70,>50,FL,Purchase,Primary,Multi_Family,ServicerA,360
LN000810,2023-01,89174,5.184,740-779,80-90,30-40,TN,Refinance_Cashout,Second_Home,Condo,ServicerB,180
LN000811,2023-08,66691,4.184,740-779,80-90,20-30,CT,Purchase,Primary,Single_Family,ServicerE,360
LN000812,2023-11,152802,4.729,740-779,90-95,30-40,AZ,Purchase,Investment,Single_Family,ServicerD,240
LN000813,2022-01,157128,4.762,700-739,60-70,30-40,MI,Refinance_NoCashout,Primary,Single_Family,ServicerA,360
LN000814,2023-03,248758,5.77,700-739,80-90,<20,MA,Purchase,Second_Home,Condo,ServicerE,360
LN000815,2023-04,112211,5.45,700-739,80-90,<20,AZ,Purchase,Primary,Condo,ServicerD,240
LN000816,2023-09,329192,5.601,620-659,80-90,30-40,IL,Refinance_Cashout,Primary,Condo,ServicerE,360
LN000817,2022-05,331606,4.447,780+,80-90,20-30,LA,Purchase,Investment,Single_Family,ServicerA,360
LN000818,2022-06,362530,5.817,700-739,<60,30-40,TN,Purchase,Primary,Single_Family,ServicerA,240
LN000819,2022-01,190158,4.793,780+,<60,20-30,WI,Purchase,Primary,Condo,ServicerD,360
LN000820,2023-03,338685,5.103,780+,60-70,20-30,CT,Refinance_Cashout,Primary,Single_Family,ServicerB,240
LN000821,2022-07,152254,4.616,780+,>95,<20,MA,Refinance_Cashout,Investment,Single_Family,ServicerD,360
LN000822,2023-03,153878,6.222,620-659,60-70,30-40,UT,Refinance_NoCashout,Primary,Single_Family,ServicerB,360
LN000823,2023-03,208551,4.432,780+,60-70,<20,IL,Refinance_NoCashout,Primary,Single_Family,ServicerA,180
LN000824,2023-05,249975,5.516,740-779,70-80,<20,TX,Purchase,Primary,Single_Family,ServicerC,360
LN000825,2022-06,136386,5.363,700-739,70-80,<20,PA,Refinance_Cashout,Primary,Townhouse,ServicerB,360
LN000826,2022-10,146046,6.404,<620,60-70,<20,CA,Refinance_NoCashout,Primary,Condo,ServicerB,360
LN000827,2023-07,159406,4.498,780+,>95,20-30,NY,Refinance_Cashout,Primary,Single_Family,ServicerB,360
LN000828,2022-02,209016,5.358,700-739,70-80,40-50,NC,Refinance_Cashout,Primary,Condo,ServicerE,360
LN000829,2023-02,418145,5.184,740-779,90-95,40-50,AZ,Refinance_NoCashout,Second_Home,Single_Family,ServicerC,240
LN000830,2022-05,118479,6.507,620-659,70-80,20-30,NC,Purchase,Primary,Single_Family,ServicerD,360
LN000831,2022-11,127040,4.137,780+,80-90,<20,IN,Refinance_NoCashout,Primary,Single_Family,ServicerD,360
LN000832,2022-04,80711,4.626,780+,60-70,30-40,AL,Purchase,Primary,Single_Family,ServicerB,360
LN000833,2023-03,268291,6.068,660-699,90-95,40-50,IN,Refinance_Cashout,Primary,Single_Family,ServicerD,360
LN000834,2022-08,260423,5.307,700-739,60-70,20-30,IL,Refinance_NoCashout,Primary,Single_Family,ServicerA,360
LN000835,2023-07,101765,5.041,780+,90-95,>50,MO,Purchase,Investment,Townhouse,ServicerE,360
LN000836,2023-06,204552,4.641,660-699,70-80,30-40,OR,Refinance_NoCashout,Primary,Multi_Family,ServicerC,360
LN000837,2022-05,181172,6.145,<620,80-90,<20,NJ,Refinance_Cashout,Primary,Single_Family,ServicerA,360
LN000838,2022-01,137366,6.175,620-659,60-70,30-40,PA,Refinance_NoCashout,Primary,Townhouse,ServicerA,360
LN000839,2023-12,173784,5.963,620-659,60-70,30-40,NC,Refinance_NoCashout,Primary,Single_Family,ServicerE,240
LN000840,2023-07,165368,4.705,780+,80-90,<20,VA,Purchase,Primary,Condo,ServicerD,360
LN000841,2023-02,202420,6.377,<620,90-95,<20,TX,Purchase,Primary,Condo,ServicerD,360
LN000842,2023-08,101049,6.402,<620,70-80,20-30,WI,Refinance_NoCashout,Primary,Townhouse,ServicerA,360
LN000843,2023-05,164987,5.531,660-699,70-80,<20,CT,Purchase,Primary,Multi_Family,ServicerB,360
LN000844,2023-05,100508,4.861,780+,60-70,20-30,NJ,Purchase,Primary,Single_Family,ServicerB,360
LN000845,2023-03,152251,5.157,700-739,70-80,30-40,OK,Purchase,Primary,Single_Family,ServicerD,360
LN000846,2023-05,93969,5.317,700-739,80-90,>50,AZ,Refinance_Cashout,Primary,Single_Family,ServicerC,360
LN000847,2023-12,277386,4.144,780+,60-70,<20,WI,Purchase,Primary,Townhouse,ServicerA,360
LN000848,2022-12,246740,6.666,<620,80-90,20-30,CO,Refinance_Cashout,Primary,Multi_Family,ServicerD,360
LN000849,2022-12,79862,4.243,740-779,80-90,<20,UT,Refinance_Cashout,Primary,Single_Family,ServicerB,240
LN000850,2023-11,203369,6.125,660-699,>95,30-40,TN,Refinance_NoCashout,Primary,Single_Family,ServicerD,180
LN000851,2022-02,321185,4.367,780+,80-90,30-40,MI,Refinance_NoCashout,Primary,Condo,ServicerD,240
LN000852,2023-10,215163,6.632,<620,70-80,40-50,UT,Purchase,Primary,Multi_Family,ServicerA,360
LN000853,2023-09,329861,4.956,780+,80-90,40-50,MA,Purchase,Primary,Single_Family,ServicerA,360
LN000854,2023-09,166770,6.443,<620,70-80,30-40,CO,Refinance_NoCashout,Second_Home,Condo,ServicerA,360
LN000855,2022-10,259287,5.027,740-779,70-80,>50,LA,Refinance_Cashout,Second_Home,Townhouse,ServicerD,180
LN000856,2023-04,290899,5.67,660-699,>95,20-30,FL,Purchase,Investment,Condo,ServicerE,180
LN000857,2022-09,111462,6.529,620-659,60-70,20-30,CA,Purchase,Primary,Multi_Family,ServicerA,360
LN000858,2022-12,345031,5.689,700-739,>95,40-50,FL,Refinance_Cashout,Investment,Single_Family,ServicerC,360
LN000859,2023-09,97893,5.08,780+,70-80,40-50,NC,Refinance_Cashout,Primary,Single_Family,ServicerB,240
LN000860,2022-02,399777,4.893,740-779,80-90,30-40,MI,Refinance_Cashout,Primary,Single_Family,ServicerD,360
LN000861,2022-12,226584,5.79,620-659,60-70,<20,MO,Refinance_Cashout,Primary,Condo,ServicerE,360
LN000862,2022-10,183498,6.238,660-699,60-70,30-40,NY,Refinance_Cashout,Investment,Single_Family,ServicerE,360
LN000863,2023-01,310215,5.281,740-779,80-90,30-40,MI,Purchase,Investment,Single_Family,ServicerE,360
LN000864,2023-08,73284,5.6,700-739,90-95,20-30,MA,Refinance_NoCashout,Primary,Multi_Family,ServicerD,360
LN000865,2023-09,260118,4.671,780+,>95,20-30,OH,Purchase,Primary,Single_Family,ServicerD,360
LN000866,2022-01,171558,4.755,740-779,70-80,30-40,CA,Purchase,Investment,Single_Family,ServicerA,180
LN000867,2023-05,390315,5.305,740-779,60-70,30-40,NY,Purchase,Primary,Multi_Family,ServicerB,360
LN000868,2022-02,353687,5.175,700-739,60-70,20-30,OK,Refinance_NoCashout,Primary,Condo,ServicerB,360
LN000869,2022-12,181670,5.611,700-739,60-70,20-30,VA,Purchase,Primary,Multi_Family,ServicerD,360
LN000870,2022-03,113005,5.408,700-739,90-95,<20,MA,Purchase,Investment,Townhouse,ServicerA,360
LN000871,2023-12,147487,4.697,700-739,90-95,30-40,CT,Purchase,Primary,Single_Family,ServicerC,360
LN000872,2022-07,287320,5.371,660-699,70-80,20-30,GA,Purchase,Primary,Townhouse,ServicerE,360
LN000873,2023-04,209323,5.73,660-699,80-90,>50,WA,Purchase,Primary,Multi_Family,ServicerA,360
LN000874,2022-01,118824,6.566,620-659,>95,20-30,AL,Purchase,Second_Home,Multi_Family,ServicerA,360
LN000875,2023-07,218086,5.824,660-699,<60,40-50,SC,Purchase,Primary,Condo,ServicerA,360
LN000876,2023-04,662425,5.711,660-699,70-80,<20,CT,Refinance_Cashout,Primary,Single_Family,ServicerB,360
LN000877,2023-03,368284,5.868,660-699,70-80,30-40,PA,Refinance_Cashout,Investment,Single_Family,ServicerB,360
LN000878,2022-10,124228,6.002,620-659,80-90,40-50,UT,Refinance_Cashout,Investment,Multi_Family,ServicerB,180
LN000879,2023-09,246285,5.283,740-779,>95,30-40,CO,Purchase,Primary,Multi_Family,ServicerE,360
LN000880,2022-06,337696,5.448,700-739,60-70,30-40,UT,Refinance_Cashout,Primary,Single_Family,ServicerE,360
LN000881,2022-10,507405,4.815,740-779,<60,20-30,MN,Refinance_Cashout,Primary,Townhouse,ServicerE,360
LN000882,2022-03,151064,4.764,700-739,<60,30-40,GA,Purchase,Primary,Single_Family,ServicerD,240
LN000883,2023-02,131429,5.348,700-739,60-70,>50,CT,Purchase,Primary,Single_Family,ServicerD,180
LN000884,2022-08,128472,5.58,700-739,80-90,30-40,CO,Refinance_Cashout,Primary,Single_Family,ServicerE,360
LN000885,2022-10,118786,5.041,740-779,90-95,20-30,WI,Purchase,Primary,Townhouse,ServicerB,240
LN000886,2023-06,181855,4.994,700-739,70-80,40-50,MD,Refinance_NoCashout,Primary,Single_Family,ServicerD,360
LN000887,2023-06,267789,6.025,660-699,>95,30-40,SC,Purchase,Primary,Single_Family,ServicerB,360
LN000888,2022-01,210133,4.96,740-779,90-95,40-50,GA,Purchase,Primary,Multi_Family,ServicerC,240
LN000889,2023-02,128202,4.641,780+,60-70,20-30,NJ,Refinance_Cashout,Investment,Single_Family,ServicerC,360
LN000890,2023-09,360564,4.881,740-779,60-70,<20,OR,Refinance_Cashout,Primary,Condo,ServicerB,360
LN000891,2023-05,145580,4.67,780+,90-95,30-40,WA,Refinance_Cashout,Primary,Condo,ServicerC,360
LN000892,2023-06,586877,5.392,740-779,80-90,20-30,NY,Refinance_NoCashout,Investment,Condo,ServicerE,360
LN000893,2022-10,124086,5.214,700-739,>95,<20,WA,Refinance_Cashout,Second_Home,Single_Family,ServicerB,360
LN000894,2022-06,378630,4.473,740-779,70-80,20-30,CO,Refinance_NoCashout,Primary,Single_Family,ServicerC,360
LN000895,2023-07,132103,5.735,620-659,80-90,>50,MA,Purchase,Primary,Single_Family,ServicerD,240
LN000896,2022-10,183048,4.715,780+,70-80,40-50,NJ,Purchase,Primary,Single_Family,ServicerD,360
LN000897,2023-03,380275,4.452,780+,<60,20-30,OH,Purchase,Primary,Condo,ServicerB,240
LN000898,2023-02,138628,5.616,620-659,<60,<20,CO,Refinance_Cashout,Second_Home,Single_Family,ServicerE,360
LN000899,2023-06,194974,5.36,660-699,>95,30-40,UT,Refinance_Cashout,Investment,Multi_Family,ServicerD,360
LN000900,2022-11,105387,4.448,780+,80-90,<20,CT,Purchase,Investment,Single_Family,ServicerC,360
LN000901,2023-05,141061,5.299,700-739,60-70,30-40,CO,Refinance_Cashout,Primary,Condo,ServicerA,360
LN000902,2022-04,124054,4.866,740-779,60-70,>50,GA,Purchase,Primary,Multi_Family,ServicerE,180
LN000903,2023-04,133071,5.322,700-739,<60,30-40,TN,Purchase,Primary,Condo,ServicerE,360
LN000904,2022-08,97958,3.938,780+,70-80,40-50,MA,Purchase,Investment,Multi_Family,ServicerB,360
LN000905,2022-11,214786,5.055,700-739,70-80,30-40,TN,Refinance_NoCashout,Primary,Condo,ServicerA,180
LN000906,2023-04,142872,6.436,<620,70-80,30-40,IL,Refinance_Cashout,Primary,Single_Family,ServicerC,360
LN000907,2023-04,213828,5.185,700-739,60-70,40-50,WI,Refinance_Cashout,Primary,Condo,ServicerA,180
LN000908,2022-03,70661,5.901,620-659,80-90,<20,IN,Purchase,Primary,Townhouse,ServicerE,360
LN000909,2023-08,308268,5.754,660-699,80-90,40-50,AZ,Refinance_NoCashout,Primary,Single_Family,ServicerA,360
LN000910,2022-06,311356,5.733,660-699,80-90,30-40,PA,Refinance_Cashout,Primary,Single_Family,ServicerC,360
LN000911,2023-11,129141,5.588,700-739,>95,20-30,OR,Purchase,Primary,Single_Family,ServicerD,180
LN000912,2023-05,102273,5.496,700-739,80-90,20-30,FL,Refinance_Cashout,Second_Home,Condo,ServicerE,360
LN000913,2022-06,551271,4.044,780+,80-90,40-50,MN,Refinance_Cashout,Primary,Condo,ServicerB,360
LN000914,2023-04,289086,5.632,660-699,80-90,<20,MD,Refinance_NoCashout,Primary,Single_Family,ServicerA,240
LN000915,2023-01,121846,5.176,700-739,90-95,40-50,FL,Purchase,Investment,Single_Family,ServicerC,360
LN000916,2022-09,382095,5.316,660-699,90-95,<20,SC,Refinance_NoCashout,Investment,Townhouse,ServicerC,360
LN000917,2022-07,371453,5.124,780+,80-90,20-30,GA,Purchase,Primary,Condo,ServicerD,180
LN000918,2023-11,97063,6.222,660-699,60-70,<20,CT,Purchase,Primary,Single_Family,ServicerA,360
LN000919,2022-05,142058,6.84,<620,80-90,20-30,FL,Purchase,Primary,Single_Family,ServicerA,360
LN000920,2022-01,259115,5.574,660-699,60-70,40-50,NC,Refinance_Cashout,Second_Home,Single_Family,ServicerA,360
LN000921,2023-09,281160,5.994,<620,70-80,20-30,FL,Refinance_Cashout,Investment,Single_Family,ServicerA,360
LN000922,2022-08,172384,5.18,740-779,60-70,20-30,MD,Purchase,Primary,Multi_Family,ServicerB,180
LN000923,2022-05,272992,4.451,700-739,<60,20-30,NC,Purchase,Primary,Condo,ServicerC,360
LN000924,2022-01,154490,4.876,740-779,90-95,40-50,AL,Refinance_NoCashout,Primary,Single_Family,ServicerE,360
LN000925,2023-03,187486,5.383,740-779,80-90,<20,MA,Refinance_Cashout,Primary,Single_Family,ServicerA,360
LN000926,2023-12,87251,5.208,740-779,80-90,<20,GA,Refinance_Cashout,Primary,Townhouse,ServicerA,180
LN000927,2022-03,185260,4.695,740-779,80-90,40-50,VA,Purchase,Primary,Condo,ServicerD,240
LN000928,2023-03,273143,5.337,660-699,>95,20-30,VA,Purchase,Primary,Condo,ServicerE,240
LN000929,2022-01,165372,6.962,<620,70-80,<20,TX,Purchase,Investment,Condo,ServicerD,180
LN000930,2022-01,256435,4.917,740-779,70-80,20-30,AZ,Refinance_NoCashout,Primary,Single_Family,ServicerD,360
LN000931,2022-01,84649,4.358,780+,90-95,>50,PA,Purchase,Investment,Single_Family,ServicerB,360
LN000932,2023-05,435821,5.195,740-779,60-70,30-40,TN,Purchase,Primary,Single_Family,ServicerA,360
LN000933,2023-09,99459,5.369,700-739,60-70,20-30,MO,Refinance_NoCashout,Primary,Single_Family,ServicerC,180
LN000934,2023-07,506370,5.261,740-779,70-80,20-30,GA,Refinance_Cashout,Primary,Single_Family,ServicerA,240
LN000935,2023-01,258897,4.966,700-739,<60,>50,MO,Refinance_NoCashout,Primary,Multi_Family,ServicerA,180
LN000936,2023-11,320377,4.514,740-779,60-70,20-30,LA,Refinance_NoCashout,Primary,Single_Family,ServicerE,180
LN000937,2022-06,61870,5.976,700-739,70-80,20-30,IN,Purchase,Investment,Condo,ServicerD,360
LN000938,2022-01,134957,4.581,780+,80-90,40-50,CA,Refinance_Cashout,Investment,Single_Family,ServicerB,360
LN000939,2022-05,245795,5.134,700-739,80-90,30-40,TN,Refinance_NoCashout,Primary,Condo,ServicerB,360
LN000940,2022-06,71551,5.797,660-699,70-80,30-40,GA,Refinance_NoCashout,Primary,Single_Family,ServicerC,180
LN000941,2023-03,320744,5.969,620-659,>95,30-40,AZ,Purchase,Primary,Single_Family,ServicerC,240
LN000942,2022-06,139973,5.638,660-699,70-80,20-30,OR,Refinance_NoCashout,Primary,Townhouse,ServicerB,360
LN000943,2023-02,250164,6.472,<620,90-95,20-30,UT,Refinance_NoCashout,Second_Home,Single_Family,ServicerA,360
LN000944,2023-03,639216,4.521,740-779,60-70,20-30,MA,Refinance_Cashout,Primary,Multi_Family,ServicerD,180
LN000945,2022-01,322712,5.552,660-699,80-90,20-30,CO,Refinance_NoCashout,Primary,Condo,ServicerA,180
LN000946,2023-01,174474,5.034,740-779,60-70,<20,MN,Refinance_NoCashout,Primary,Condo,ServicerD,360
LN000947,2023-12,333036,5.054,740-779,70-80,20-30,MD,Purchase,Primary,Single_Family,ServicerB,360
LN000948,2023-06,359102,6.039,660-699,70-80,30-40,IL,Purchase,Primary,Single_Family,ServicerB,360
LN000949,2022-10,178863,6.063,620-659,70-80,30-40,FL,Refinance_NoCashout,Primary,Condo,ServicerA,360
LN000950,2022-12,79833,5.121,740-779,60-70,20-30,GA,Purchase,Primary,Multi_Family,ServicerA,360
LN000951,2022-04,241211,4.498,740-779,80-90,40-50,WI,Refinance_NoCashout,Investment,Condo,ServicerE,360
LN000952,2022-08,93836,6.298,<620,70-80,30-40,IN,Refinance_Cashout,Primary,Single_Family,ServicerE,360
LN000953,2023-12,102675,6.368,<620,<60,30-40,AZ,Purchase,Primary,Condo,ServicerA,360
LN000954,2023-08,158762,5.553,700-739,90-95,<20,OR,Purchase,Investment,Single_Family,ServicerB,360
LN000955,2022-03,84085,4.424,780+,70-80,40-50,GA,Purchase,Primary,Condo,ServicerC,360
LN000956,2023-12,263488,5.931,620-659,>95,30-40,OH,Refinance_NoCashout,Primary,Single_Family,ServicerD,180
LN000957,2023-05,257111,6.124,620-659,80-90,40-50,KY,Purchase,Primary,Multi_Family,ServicerE,360
LN000958,2022-11,300367,4.754,740-779,80-90,20-30,CT,Refinance_NoCashout,Primary,Single_Family,ServicerC,360
LN000959,2022-08,251870,4.434,780+,<60,20-30,NC,Purchase,Primary,Single_Family,ServicerC,180
LN000960,2022-02,530049,6.282,620-659,70-80,<20,NY,Purchase,Investment,Single_Family,ServicerC,360
LN000961,2022-12,96355,5.271,700-739,60-70,30-40,OR,Refinance_NoCashout,Primary,Single_Family,ServicerA,360
LN000962,2022-05,87291,6.207,<620,<60,20-30,OK,Refinance_NoCashout,Primary,Single_Family,ServicerC,360
LN000963,2022-09,166508,5.528,700-739,90-95,20-30,CA,Purchase,Primary,Single_Family,ServicerC,360
LN000964,2023-09,294578,4.886,740-779,90-95,<20,OK,Refinance_NoCashout,Primary,Single_Family,ServicerD,180
LN000965,2023-05,164090,4.26,740-779,70-80,30-40,KY,Purchase,Primary,Single_Family,ServicerB,360
LN000966,2023-12,134435,6.438,660-699,60-70,>50,NJ,Refinance_Cashout,Primary,Multi_Family,ServicerB,360
LN000967,2022-03,167712,5.223,700-739,90-95,30-40,TN,Refinance_Cashout,Primary,Single_Family,ServicerC,240
LN000968,2023-12,118227,5.694,660-699,<60,20-30,GA,Refinance_Cashout,Primary,Condo,ServicerC,180
LN000969,2022-01,394961,5.117,740-779,90-95,30-40,SC,Refinance_Cashout,Primary,Single_Family,ServicerD,180
LN000970,2022-03,217105,5.245,700-739,90-95,20-30,NJ,Purchase,Second_Home,Single_Family,ServicerC,360
LN000971,2022-09,85391,5.227,660-699,<60,20-30,IN,Purchase,Primary,Single_Family,ServicerD,360
LN000972,2022-01,180056,4.15,780+,>95,20-30,AL,Refinance_NoCashout,Primary,Single_Family,ServicerD,360
LN000973,2023-10,257310,4.286,780+,<60,20-30,NY,Purchase,Second_Home,Single_Family,ServicerC,360
LN000974,2022-06,371880,5.328,700-739,70-80,20-30,KY,Refinance_Cashout,Primary,Multi_Family,ServicerD,360
LN000975,2023-05,188869,5.456,700-739,>95,20-30,PA,Refinance_Cashout,Primary,Single_Family,ServicerE,360
LN000976,2023-02,133218,5.803,660-699,<60,30-40,KY,Refinance_NoCashout,Primary,Condo,ServicerC,360
LN000977,2023-03,289096,5.207,780+,80-90,30-40,PA,Purchase,Primary,Condo,ServicerA,360
LN000978,2022-06,178144,4.435,740-779,70-80,30-40,MN,Refinance_NoCashout,Primary,Single_Family,ServicerE,240
LN000979,2023-02,186116,6.117,<620,60-70,20-30,SC,Refinance_NoCashout,Primary,Single_Family,ServicerB,240
LN000980,2023-04,178890,4.992,700-739,>95,20-30,OK,Refinance_NoCashout,Primary,Multi_Family,ServicerA,360
LN000981,2022-10,184396,4.977,700-739,80-90,20-30,VA,Refinance_Cashout,Primary,Single_Family,ServicerC,360
LN000982,2023-07,165486,5.209,740-779,80-90,30-40,MA,Purchase,Primary,Single_Family,ServicerD,360
LN000983,2022-06,190718,5.459,700-739,70-80,>50,IN,Purchase,Primary,Townhouse,ServicerA,360
LN000984,2022-09,219147,5.55,700-739,<60,30-40,GA,Refinance_NoCashout,Second_Home,Single_Family,ServicerA,360
LN000985,2023-04,290725,6.406,620-659,60-70,30-40,WA,Refinance_Cashout,Primary,Single_Family,ServicerC,360
LN000986,2023-03,83226,4.884,740-779,>95,20-30,OK,Purchase,Primary,Townhouse,ServicerC,360
LN000987,2023-05,192949,5.68,660-699,80-90,<20,MI,Refinance_NoCashout,Primary,Single_Family,ServicerB,180
LN000988,2022-09,339434,6.069,620-659,60-70,20-30,MN,Refinance_Cashout,Primary,Townhouse,ServicerC,360
LN000989,2022-11,161722,7.309,<620,80-90,20-30,TN,Purchase,Investment,Multi_Family,ServicerE,360
LN000990,2022-02,150692,6.011,660-699,>95,30-40,MI,Refinance_NoCashout,Primary,Single_Family,ServicerE,360
LN000991,2022-07,182920,4.01,780+,90-95,20-30,KY,Purchase,Primary,Condo,ServicerC,360
LN000992,2023-05,193810,6.217,<620,80-90,20-30,WI,Purchase,Primary,Single_Family,ServicerD,360
LN000993,2022-06,329853,5.144,740-779,90-95,20-30,AZ,Purchase,Investment,Multi_Family,ServicerC,180
LN000994,2022-10,356460,5.285,700-739,70-80,30-40,AL,Refinance_NoCashout,Primary,Single_Family,ServicerD,360
LN000995,2022-11,264935,5.603,700-739,>95,40-50,LA,Refinance_NoCashout,Primary,Single_Family,ServicerD,240
LN000996,2023-07,173769,5.029,740-779,90-95,30-40,MD,Refinance_NoCashout,Primary,Townhouse,ServicerB,360
LN000997,2022-04,394834,4.416,780+,60-70,<20,AZ,Refinance_NoCashout,Primary,Single_Family,ServicerE,360
LN000998,2022-08,215336,5.689,700-739,>95,30-40,OR,Refinance_Cashout,Primary,Single_Family,ServicerB,240
LN000999,2023-06,266204,5.753,660-699,80-90,40-50,TN,Refinance_Cashout,Primary,Townhouse,ServicerE,240
LN001000,2023-08,152656,5.538,700-739,70-80,30-40,KY,Purchase,Investment,Single_Family,ServicerA,360
LN001001,2023-07,371805,5.448,660-699,<60,40-50,CT,Refinance_NoCashout,Primary,Condo,ServicerC,360
LN001002,2023-09,166214,5.291,740-779,70-80,>50,PA,Purchase,Primary,Townhouse,ServicerC,360
LN001003,2023-05,244047,5.088,700-739,70-80,<20,WA,Refinance_Cashout,Primary,Condo,ServicerC,360
LN001004,2022-04,481799,5.954,620-659,80-90,<20,UT,Purchase,Second_Home,Single_Family,ServicerE,360
LN001005,2022-06,332323,6.472,<620,90-95,30-40,CO,Purchase,Investment,Multi_Family,ServicerA,360
LN001006,2023-03,197200,6.578,620-659,90-95,<20,OH,Purchase,Primary,Multi_Family,ServicerA,360
LN001007,2023-07,100826,5.573,700-739,>95,30-40,CO,Purchase,Investment,Condo,ServicerB,240
LN001008,2023-12,313437,4.737,780+,80-90,30-40,NC,Refinance_NoCashout,Primary,Single_Family,ServicerD,360
LN001009,2023-05,90653,5.138,740-779,>95,30-40,TN,Purchase,Primary,Condo,ServicerE,360
LN001010,2022-06,212534,5.939,620-659,70-80,20-30,LA,Refinance_Cashout,Primary,Single_Family,ServicerB,360
LN001011,2023-05,144663,5.079,740-779,60-70,30-40,NY,Purchase,Primary,Townhouse,ServicerA,240
LN001012,2022-02,331128,4.5,780+,80-90,30-40,SC,Purchase,Primary,Townhouse,ServicerC,360
LN001013,2023-08,83895,5.415,740-779,80-90,40-50,NC,Refinance_NoCashout,Primary,Single_Family,ServicerE,240
LN001014,2022-02,132176,6.094,620-659,70-80,30-40,AL,Refinance_NoCashout,Primary,Single_Family,ServicerB,240
LN001015,2023-05,154316,5.438,700-739,>95,30-40,PA,Purchase,Primary,Single_Family,ServicerE,360
LN001016,2023-05,354050,5.456,700-739,90-95,<20,NC,Purchase,Primary,Single_Family,ServicerC,360
LN001017,2023-12,187451,4.991,740-779,80-90,40-50,MO,Refinance_Cashout,Investment,Single_Family,ServicerA,360
LN001018,2022-10,181182,5.353,660-699,80-90,20-30,NJ,Purchase,Second_Home,Townhouse,ServicerE,360
LN001019,2023-01,173002,4.708,740-779,70-80,20-30,UT,Purchase,Primary,Single_Family,ServicerD,360
LN001020,2023-06,90697,4.255,780+,>95,20-30,MA,Refinance_NoCashout,Primary,Single_Family,ServicerC,360
LN001021,2022-06,249981,4.58,740-779,90-95,<20,OR,Purchase,Primary,Townhouse,ServicerC,360
LN001022,2022-10,406238,5.34,700-739,70-80,30-40,SC,Refinance_Cashout,Primary,Single_Family,ServicerE,360
LN001023,2022-05,120559,4.835,740-779,80-90,>50,AL,Purchase,Investment,Townhouse,ServicerA,180
LN001024,2023-08,168876,5.537,700-739,<60,30-40,GA,Purchase,Primary,Multi_Family,ServicerD,360
LN001025,2022-10,61975,5.944,660-699,80-90,<20,CA,Purchase,Primary,Multi_Family,ServicerD,180
LN001026,2022-05,158331,4.856,700-739,70-80,30-40,PA,Refinance_Cashout,Primary,Townhouse,ServicerC,360
LN001027,2022-02,278905,5.295,740-779,70-80,<20,OR,Refinance_Cashout,Second_Home,Condo,ServicerA,240
LN001028,2023-07,230942,5.462,660-699,>95,30-40,LA,Refinance_Cashout,Primary,Single_Family,ServicerA,360
LN001029,2023-03,323373,4.759,780+,70-80,30-40,IL,Purchase,Second_Home,Single_Family,ServicerC,240
LN001030,2022-10,125282,5.326,660-699,<60,<20,IN,Refinance_Cashout,Primary,Townhouse,ServicerC,360
LN001031,2022-07,184197,5.59,700-739,60-70,30-40,CT,Refinance_NoCashout,Second_Home,Townhouse,ServicerA,360
LN001032,2023-10,120060,5.077,700-739,90-95,20-30,OH,Purchase,Investment,Single_Family,ServicerB,360
LN001033,2023-05,233146,6.115,660-699,90-95,<20,IN,Purchase,Primary,Single_Family,ServicerB,180
LN001034,2023-06,521276,6.66,<620,90-95,>50,CO,Refinance_Cashout,Primary,Multi_Family,ServicerA,360
LN001035,2023-12,158597,5.063,700-739,90-95,<20,IL,Purchase,Primary,Single_Family,ServicerD,360
LN001036,2023-03,321762,4.632,780+,70-80,20-30,OK,Refinance_Cashout,Primary,Single_Family,ServicerE,360
LN001037,2023-07,96007,5.907,660-699,>95,30-40,TN,Refinance_NoCashout,Investment,Multi_Family,ServicerC,360
LN001038,2022-12,210705,5.859,660-699,70-80,>50,AZ,Refinance_NoCashout,Investment,Multi_Family,ServicerD,360
LN001039,2023-02,141863,3.859,780+,60-70,20-30,AL,Purchase,Primary,Multi_Family,ServicerC,360
LN001040,2022-10,124986,5.438,700-739,90-95,>50,WA,Purchase,Primary,Single_Family,ServicerC,360
LN001041,2023-01,113338,5.663,660-699,70-80,20-30,OR,Purchase,Investment,Single_Family,ServicerB,360
LN001042,2023-02,103150,4.461,740-779,80-90,20-30,MD,Purchase,Second_Home,Single_Family,ServicerA,360
LN001043,2023-10,93949,6.097,<620,90-95,>50,WA,Refinance_Cashout,Primary,Townhouse,ServicerE,360
LN001044,2023-02,206493,4.614,740-779,70-80,>50,KY,Purchase,Primary,Condo,ServicerC,360
LN001045,2022-11,236655,4.701,780+,90-95,20-30,CT,Refinance_Cashout,Investment,Single_Family,ServicerE,240
LN001046,2023-04,108687,5.238,700-739,90-95,>50,UT,Refinance_Cashout,Second_Home,Multi_Family,ServicerB,360
LN001047,2022-08,291103,5.727,660-699,80-90,40-50,NY,Purchase,Primary,Single_Family,ServicerB,360
LN001048,2022-10,150574,5.708,660-699,80-90,20-30,WA,Purchase,Primary,Condo,ServicerA,240
LN001049,2022-06,150493,5.772,660-699,70-80,40-50,MD,Refinance_NoCashout,Primary,Townhouse,ServicerB,360
LN001050,2023-03,197751,6.299,660-699,<60,30-40,CT,Refinance_Cashout,Primary,Single_Family,ServicerD,360
LN001051,2023-06,125225,4.173,780+,80-90,30-40,CO,Purchase,Primary,Single_Family,ServicerC,180
LN001052,2023-11,417891,6.43,<620,80-90,20-30,LA,Purchase,Primary,Condo,ServicerE,240
LN001053,2023-09,191580,5.619,740-779,70-80,20-30,SC,Purchase,Primary,Condo,ServicerC,360
LN001054,2022-11,141261,5.742,660-699,70-80,30-40,IL,Refinance_Cashout,Primary,Multi_Family,ServicerC,360
LN001055,2022-08,178473,5.306,660-699,<60,40-50,IN,Refinance_NoCashout,Second_Home,Multi_Family,ServicerA,360
LN001056,2023-01,125603,5.514,700-739,60-70,20-30,OK,Purchase,Primary,Condo,ServicerC,180
LN001057,2022-03,602637,6.142,620-659,80-90,<20,SC,Purchase,Primary,Multi_Family,ServicerD,360
LN001058,2023-01,283329,5.7,660-699,60-70,30-40,PA,Refinance_NoCashout,Primary,Single_Family,ServicerA,360
LN001059,2023-10,349098,5.07,740-779,<60,30-40,OR,Refinance_Cashout,Primary,Condo,ServicerC,360
LN001060,2023-09,272646,6.233,660-699,<60,30-40,MO,Purchase,Investment,Single_Family,ServicerC,360
LN001061,2022-06,207345,4.86,700-739,60-70,30-40,IL,Purchase,Primary,Single_Family,ServicerD,180
LN001062,2023-10,327235,5.676,620-659,80-90,20-30,SC,Refinance_Cashout,Primary,Townhouse,ServicerE,360
LN001063,2022-04,441333,4.708,740-779,70-80,<20,NJ,Purchase,Primary,Townhouse,ServicerE,360
LN001064,2022-09,176445,6.756,<620,70-80,<20,WI,Refinance_Cashout,Primary,Condo,ServicerB,360
LN001065,2022-02,362492,6.812,<620,90-95,30-40,TX,Refinance_Cashout,Primary,Townhouse,ServicerD,180
LN001066,2023-02,507460,5.851,700-739,90-95,30-40,TN,Purchase,Primary,Single_Family,ServicerA,240
LN001067,2023-07,451987,6.258,620-659,70-80,<20,CA,Purchase,Primary,Townhouse,ServicerC,360
LN001068,2022-02,158268,6.361,<620,60-70,30-40,NC,Purchase,Primary,Single_Family,ServicerA,240
LN001069,2023-12,182124,6.509,<620,70-80,<20,KY,Purchase,Primary,Single_Family,ServicerB,180
LN001070,2023-05,402460,5.539,660-699,>95,>50,KY,Refinance_NoCashout,Primary,Single_Family,ServicerD,360
LN001071,2023-02,187213,4.128,780+,80-90,40-50,GA,Refinance_NoCashout,Investment,Townhouse,ServicerC,360
LN001072,2022-07,227742,6.033,660-699,90-95,<20,MO,Refinance_Cashout,Primary,Single_Family,ServicerE,240
LN001073,2022-03,246456,5.264,660-699,<60,30-40,WA,Refinance_Cashout,Investment,Single_Family,ServicerB,360
LN001074,2022-03,236278,6.82,<620,90-95,>50,CO,Purchase,Primary,Single_Family,ServicerC,240
LN001075,2022-01,250872,5.626,700-739,80-90,20-30,TX,Purchase,Primary,Single_Family,ServicerB,360
LN001076,2022-04,164954,5.177,700-739,>95,<20,TX,Purchase,Primary,Single_Family,ServicerE,360
LN001077,2023-01,184542,5.974,660-699,60-70,40-50,NY,Refinance_Cashout,Investment,Single_Family,ServicerB,360
LN001078,2022-12,131016,4.89,740-779,60-70,20-30,MD,Purchase,Primary,Townhouse,ServicerA,360
LN001079,2022-08,170465,5.83,660-699,80-90,20-30,MI,Purchase,Primary,Condo,ServicerB,240
LN001080,2022-11,102825,5.575,660-699,70-80,30-40,NC,Refinance_Cashout,Second_Home,Condo,ServicerC,360
LN001081,2022-04,464114,5.029,740-779,80-90,20-30,OK,Refinance_Cashout,Primary,Single_Family,ServicerC,240
LN001082,2022-02,89139,6.619,<620,90-95,30-40,IL,Refinance_Cashout,Second_Home,Multi_Family,ServicerE,180
LN001083,2023-06,92379,5.25,740-779,60-70,<20,OK,Purchase,Investment,Single_Family,ServicerA,180
LN001084,2022-12,136734,4.455,740-779,80-90,30-40,MN,Refinance_NoCashout,Second_Home,Single_Family,ServicerA,240
LN001085,2022-07,189672,6.418,<620,70-80,<20,WA,Refinance_Cashout,Second_Home,Multi_Family,ServicerD,360
LN001086,2022-08,150187,4.768,740-779,<60,20-30,FL,Purchase,Primary,Single_Family,ServicerE,240
LN001087,2023-04,111648,4.197,780+,80-90,20-30,MI,Purchase,Primary,Single_Family,ServicerD,180
LN001088,2022-07,117848,6.41,<620,60-70,40-50,TX,Refinance_Cashout,Primary,Single_Family,ServicerE,240
LN001089,2023-05,587573,4.71,700-739,>95,40-50,OR,Purchase,Primary,Single_Family,ServicerA,360
LN001090,2023-09,170869,6.391,<620,>95,30-40,NJ,Refinance_Cashout,Primary,Condo,ServicerE,360
LN001091,2023-10,157863,5.458,700-739,<60,40-50,MI,Refinance_Cashout,Primary,Single_Family,ServicerE,360
LN001092,2022-12,242333,5.399,700-739,60-70,30-40,UT,Refinance_NoCashout,Primary,Townhouse,ServicerA,180
LN001093,2023-08,300707,4.86,740-779,90-95,30-40,AL,Purchase,Primary,Single_Family,ServicerD,240
LN001094,2023-04,409155,4.864,740-779,90-95,<20,AL,Purchase,Primary,Condo,ServicerD,240
LN001095,2022-09,113697,4.847,740-779,60-70,40-50,CT,Purchase,Primary,Multi_Family,ServicerD,360
LN001096,2023-11,175972,4.968,740-779,80-90,20-30,MO,Purchase,Primary,Condo,ServicerA,360
LN001097,2022-11,165237,5.039,740-779,>95,20-30,LA,Purchase,Primary,Condo,ServicerA,360
LN001098,2022-07,90757,4.142,740-779,70-80,20-30,MA,Refinance_NoCashout,Primary,Single_Family,ServicerE,360
LN001099,2022-06,153997,5.599,660-699,>95,30-40,CT,Refinance_Cashout,Primary,Single_Family,ServicerB,360
LN001100,2023-12,179100,6.06,660-699,>95,20-30,NY,Purchase,Primary,Single_Family,ServicerD,360
LN001101,2022-02,260041,5.597,660-699,90-95,40-50,MI,Purchase,Primary,Townhouse,ServicerA,360
LN001102,2023-04,74219,4.535,740-779,90-95,20-30,MA,Purchase,Primary,Condo,ServicerA,240
LN001103,2023-01,109624,5.95,620-659,70-80,30-40,OH,Refinance_NoCashout,Primary,Single_Family,ServicerE,360
LN001104,2022-05,129530,5.749,700-739,60-70,30-40,MD,Refinance_NoCashout,Primary,Single_Family,ServicerE,360
LN001105,2023-02,213356,5.571,660-699,80-90,20-30,VA,Refinance_NoCashout,Primary,Single_Family,ServicerE,360
LN001106,2022-05,340854,4.591,740-779,80-90,40-50,MN,Purchase,Primary,Single_Family,ServicerC,180
LN001107,2023-07,85752,5.725,660-699,70-80,>50,CT,Refinance_Cashout,Investment,Multi_Family,ServicerC,360
LN001108,2022-09,130220,6.266,620-659,70-80,30-40,KY,Refinance_Cashout,Primary,Single_Family,ServicerA,360
LN001109,2022-08,235034,4.348,740-779,80-90,40-50,WI,Purchase,Primary,Single_Family,ServicerD,360
LN001110,2022-03,121627,5.812,<620,70-80,30-40,TN,Purchase,Primary,Townhouse,ServicerE,360
LN001111,2023-09,133635,4.641,740-779,80-90,>50,IN,Purchase,Primary,Single_Family,ServicerC,360
LN001112,2023-12,91625,4.905,740-779,60-70,40-50,CO,Purchase,Second_Home,Multi_Family,ServicerA,360
LN001113,2023-08,463450,5.561,660-699,80-90,30-40,WA,Purchase,Investment,Single_Family,ServicerB,240
LN001114,2023-03,239213,4.575,740-779,90-95,<20,MI,Refinance_Cashout,Primary,Multi_Family,ServicerB,240
LN001115,2022-09,216695,5.412,700-739,70-80,30-40,IL,Purchase,Primary,Townhouse,ServicerE,180
LN001116,2023-03,131904,5.671,660-699,80-90,20-30,OH,Purchase,Primary,Single_Family,ServicerD,360
LN001117,2022-09,218455,6.343,<620,80-90,30-40,NJ,Refinance_Cashout,Primary,Townhouse,ServicerA,240
LN001118,2022-11,341974,5.062,700-739,80-90,20-30,MN,Refinance_Cashout,Primary,Single_Family,ServicerC,360
LN001119,2022-07,127247,5.474,700-739,80-90,30-40,MN,Refinance_Cashout,Primary,Townhouse,ServicerD,360
LN001120,2023-09,234338,4.667,780+,>95,30-40,AZ,Purchase,Primary,Single_Family,ServicerA,360
LN001121,2023-07,102908,4.705,740-779,80-90,30-40,CO,Purchase,Primary,Single_Family,ServicerA,240
LN001122,2023-10,264362,5.196,700-739,70-80,40-50,MO,Refinance_Cashout,Primary,Multi_Family,ServicerB,360
LN001123,2023-09,220091,5.215,700-739,70-80,30-40,OH,Purchase,Primary,Single_Family,ServicerA,360
LN001124,2023-06,83422,5.892,660-699,70-80,20-30,OR,Refinance_Cashout,Investment,Multi_Family,ServicerA,360
LN001125,2023-09,326958,5.446,660-699,80-90,20-30,KY,Purchase,Primary,Condo,ServicerB,180
LN001126,2023-03,98455,5.514,660-699,90-95,<20,TN,Refinance_Cashout,Second_Home,Condo,ServicerC,360
LN001127,2023-11,209559,5.828,660-699,>95,<20,GA,Purchase,Primary,Townhouse,ServicerC,180
LN001128,2023-05,370105,5.304,660-699,70-80,20-30,IL,Purchase,Primary,Single_Family,ServicerE,360
LN001129,2022-07,217181,4.868,700-739,90-95,20-30,PA,Refinance_NoCashout,Primary,Multi_Family,ServicerE,360
LN001130,2023-02,117391,4.038,740-779,>95,20-30,AL,Refinance_Cashout,Second_Home,Single_Family,ServicerE,360
LN001131,2022-09,136061,4.712,740-779,80-90,40-50,MO,Refinance_Cashout,Investment,Condo,ServicerA,360
LN001132,2023-09,558269,5.582,660-699,80-90,30-40,UT,Purchase,Primary,Condo,ServicerB,360
LN001133,2022-04,401815,5.843,700-739,70-80,40-50,AZ,Refinance_NoCashout,Primary,Townhouse,ServicerE,180
LN001134,2022-05,105285,5.687,660-699,70-80,20-30,SC,Purchase,Primary,Condo,ServicerE,360
LN001135,2022-08,348895,5.894,660-699,90-95,20-30,FL,Purchase,Primary,Single_Family,ServicerA,240
LN001136,2023-04,280182,4.97,700-739,60-70,30-40,OR,Purchase,Primary,Single_Family,ServicerD,360
LN001137,2023-11,205993,5.198,780+,70-80,40-50,VA,Purchase,Primary,Townhouse,ServicerE,360
LN001138,2023-11,202343,5.404,660-699,<60,>50,TN,Purchase,Investment,Townhouse,ServicerA,360
LN001139,2022-11,382342,6.476,<620,90-95,<20,MI,Refinance_NoCashout,Primary,Single_Family,ServicerE,240
LN001140,2022-09,230051,5.154,660-699,<60,30-40,AZ,Refinance_Cashout,Primary,Single_Family,ServicerC,360
LN001141,2022-05,190114,5.17,740-779,60-70,20-30,NC,Refinance_Cashout,Primary,Single_Family,ServicerC,360
LN001142,2023-02,185518,6.08,<620,60-70,30-40,OK,Refinance_Cashout,Primary,Single_Family,ServicerC,180
LN001143,2022-04,259002,4.959,700-739,>95,30-40,CT,Refinance_Cashout,Primary,Condo,ServicerB,360
LN001144,2022-10,413048,5.182,660-699,70-80,20-30,AL,Refinance_Cashout,Primary,Single_Family,ServicerC,180
LN001145,2022-09,196088,5.683,700-739,>95,20-30,TN,Refinance_NoCashout,Investment,Single_Family,ServicerB,360
LN001146,2023-09,277231,4.443,740-779,80-90,20-30,OR,Refinance_Cashout,Primary,Single_Family,ServicerB,360
LN001147,2022-10,111351,6.158,660-699,70-80,<20,SC,Purchase,Primary,Condo,ServicerA,360
LN001148,2023-12,302763,5.0,740-779,60-70,20-30,WI,Purchase,Primary,Single_Family,ServicerE,360
LN001149,2023-04,172315,5.291,660-699,80-90,<20,IN,Purchase,Investment,Multi_Family,ServicerD,360
LN001150,2023-12,137497,4.982,740-779,<60,40-50,NC,Purchase,Second_Home,Townhouse,ServicerA,360
LN001151,2023-01,220262,4.936,740-779,90-95,40-50,OK,Purchase,Primary,Single_Family,ServicerE,360
LN001152,2023-06,250416,6.007,620-659,80-90,<20,AL,Refinance_Cashout,Primary,Single_Family,ServicerB,360
LN001153,2023-09,180033,6.112,620-659,>95,<20,AL,Purchase,Primary,Single_Family,ServicerD,360
LN001154,2023-04,158343,5.194,700-739,80-90,40-50,NC,Refinance_NoCashout,Primary,Single_Family,ServicerA,360
LN001155,2023-10,209153,6.027,660-699,70-80,40-50,IN,Purchase,Primary,Single_Family,ServicerD,180
LN001156,2022-07,70717,4.878,740-779,60-70,<20,NY,Purchase,Primary,Single_Family,ServicerC,360
LN001157,2023-01,227259,4.23,780+,90-95,30-40,IL,Purchase,Primary,Single_Family,ServicerD,180
LN001158,2023-06,149645,6.294,<620,80-90,40-50,AL,Purchase,Primary,Multi_Family,ServicerE,360
LN001159,2023-05,509571,5.457,700-739,80-90,30-40,MA,Refinance_Cashout,Investment,Condo,ServicerA,360
LN001160,2023-05,180827,6.224,620-659,<60,>50,OK,Purchase,Investment,Townhouse,ServicerC,240
LN001161,2023-05,166872,5.692,700-739,90-95,40-50,TN,Refinance_Cashout,Primary,Single_Family,ServicerD,180
LN001162,2023-09,204476,6.828,<620,<60,>50,SC,Purchase,Second_Home,Single_Family,ServicerD,360
LN001163,2022-12,162791,5.73,660-699,80-90,<20,MI,Purchase,Investment,Single_Family,ServicerA,240
LN001164,2022-04,228966,4.773,740-779,70-80,>50,IL,Refinance_Cashout,Primary,Multi_Family,ServicerD,240
LN001165,2023-11,136095,5.355,700-739,60-70,30-40,CO,Refinance_Cashout,Primary,Single_Family,ServicerB,360
LN001166,2022-04,186678,4.559,740-779,>95,<20,WI,Purchase,Primary,Townhouse,ServicerD,360
LN001167,2022-11,305650,5.838,660-699,70-80,40-50,NJ,Refinance_Cashout,Primary,Single_Family,ServicerE,360
LN001168,2023-08,440052,4.275,740-779,80-90,30-40,VA,Purchase,Primary,Single_Family,ServicerE,240
LN001169,2022-10,193206,4.982,700-739,60-70,20-30,NC,Refinance_Cashout,Primary,Single_Family,ServicerD,360
LN001170,2022-04,205185,4.408,700-739,80-90,30-40,FL,Refinance_NoCashout,Primary,Single_Family,ServicerC,360
LN001171,2022-04,348772,5.419,660-699,90-95,30-40,VA,Purchase,Investment,Single_Family,ServicerB,360
LN001172,2022-08,401695,7.183,<620,80-90,20-30,UT,Refinance_NoCashout,Investment,Single_Family,ServicerB,240
LN001173,2023-02,286452,4.43,780+,60-70,20-30,GA,Purchase,Investment,Townhouse,ServicerA,240
LN001174,2022-02,207824,5.066,700-739,90-95,20-30,AL,Purchase,Primary,Townhouse,ServicerC,360
LN001175,2023-07,199782,4.944,700-739,90-95,<20,CA,Purchase,Primary,Condo,ServicerB,360
LN001176,2022-02,167333,4.386,740-779,70-80,>50,AL,Purchase,Primary,Condo,ServicerE,360
LN001177,2023-05,213419,5.023,780+,>95,30-40,OR,Refinance_Cashout,Primary,Single_Family,ServicerA,240
LN001178,2023-12,178803,6.675,<620,60-70,<20,MA,Refinance_NoCashout,Primary,Single_Family,ServicerA,180
LN001179,2023-09,217328,3.819,780+,80-90,30-40,LA,Purchase,Second_Home,Condo,ServicerC,360
LN001180,2023-08,292250,4.961,700-739,60-70,30-40,OH,Purchase,Primary,Townhouse,ServicerC,360
LN001181,2023-05,134215,5.46,700-739,90-95,20-30,MD,Refinance_NoCashout,Primary,Single_Family,ServicerA,180
LN001182,2023-04,314910,5.297,740-779,70-80,<20,KY,Refinance_Cashout,Primary,Single_Family,ServicerD,360
LN001183,2022-01,105042,5.047,740-779,80-90,30-40,MA,Refinance_Cashout,Primary,Townhouse,ServicerE,360
LN001184,2023-10,198736,5.648,620-659,70-80,40-50,WI,Purchase,Primary,Townhouse,ServicerD,360
LN001185,2023-04,79783,5.02,700-739,70-80,20-30,WA,Purchase,Investment,Condo,ServicerA,180
LN001186,2023-03,338995,5.326,700-739,90-95,30-40,MN,Purchase,Primary,Single_Family,ServicerC,360
LN001187,2023-06,326514,5.577,660-699,60-70,20-30,TN,Purchase,Primary,Single_Family,ServicerE,360
LN001188,2022-11,198615,5.309,740-779,60-70,20-30,CA,Refinance_Cashout,Primary,Multi_Family,ServicerB,360
LN001189,2022-07,299919,4.238,780+,80-90,20-30,TN,Purchase,Second_Home,Townhouse,ServicerC,240
LN001190,2022-10,183028,5.707,660-699,80-90,20-30,FL,Refinance_NoCashout,Primary,Single_Family,ServicerB,360
LN001191,2022-08,375648,5.149,660-699,70-80,20-30,WI,Purchase,Primary,Single_Family,ServicerB,360
LN001192,2023-12,69107,5.419,740-779,>95,30-40,AZ,Purchase,Primary,Multi_Family,ServicerB,360
LN001193,2022-07,211129,6.096,620-659,60-70,30-40,FL,Purchase,Primary,Single_Family,ServicerB,360
LN001194,2022-01,463749,4.54,780+,90-95,20-30,WI,Refinance_NoCashout,Primary,Condo,ServicerE,360
LN001195,2022-10,200396,4.253,780+,>95,20-30,MO,Refinance_NoCashout,Primary,Townhouse,ServicerD,360
LN001196,2023-11,238852,5.853,620-659,80-90,20-30,PA,Refinance_Cashout,Primary,Multi_Family,ServicerD,360
LN001197,2023-06,224954,4.494,740-779,80-90,>50,AL,Purchase,Primary,Single_Family,ServicerB,360
LN001198,2023-07,251792,5.348,700-739,<60,30-40,CT,Refinance_Cashout,Primary,Condo,ServicerC,360
LN001199,2023-01,241204,5.747,660-699,70-80,40-50,TX,Purchase,Primary,Townhouse,ServicerA,180
LN001200,2022-09,115178,5.605,660-699,70-80,20-30,WI,Purchase,Investment,Single_Family,ServicerD,360
LN001201,2023-02,303869,6.317,620-659,70-80,<20,NJ,Purchase,Investment,Single_Family,ServicerE,360
LN001202,2023-12,139698,6.638,620-659,<60,30-40,MI,Refinance_NoCashout,Primary,Single_Family,ServicerE,180
LN001203,2022-04,207934,5.182,700-739,80-90,20-30,OH,Refinance_Cashout,Investment,Single_Family,ServicerB,360
LN001204,2022-02,181466,4.692,740-779,90-95,40-50,LA,Refinance_Cashout,Primary,Condo,ServicerC,360
LN001205,2022-10,217355,5.688,660-699,60-70,20-30,MA,Refinance_Cashout,Primary,Single_Family,ServicerB,240
LN001206,2022-01,128824,4.832,740-779,70-80,20-30,TN,Purchase,Investment,Single_Family,ServicerE,360
LN001207,2022-03,149715,4.731,740-779,70-80,30-40,VA,Refinance_NoCashout,Second_Home,Multi_Family,ServicerB,360
LN001208,2022-04,105256,5.768,660-699,80-90,40-50,CT,Refinance_Cashout,Second_Home,Single_Family,ServicerD,360
LN001209,2023-09,126992,5.288,700-739,70-80,>50,IN,Refinance_NoCashout,Second_Home,Single_Family,ServicerA,240
LN001210,2023-01,157463,5.504,700-739,90-95,30-40,VA,Refinance_Cashout,Primary,Single_Family,ServicerD,360
LN001211,2022-08,154188,6.353,620-659,80-90,20-30,NC,Purchase,Primary,Single_Family,ServicerC,360
LN001212,2023-04,577616,6.079,620-659,80-90,30-40,AL,Purchase,Primary,Townhouse,ServicerD,240
LN001213,2023-07,311622,4.893,740-779,60-70,30-40,NC,Refinance_NoCashout,Primary,Condo,ServicerD,360
LN001214,2022-07,468696,4.944,740-779,60-70,<20,OK,Refinance_NoCashout,Investment,Multi_Family,ServicerE,360
LN001215,2022-08,89444,5.115,740-779,<60,20-30,OR,Refinance_NoCashout,Primary,Single_Family,ServicerE,240
LN001216,2023-06,401906,6.818,<620,80-90,30-40,NC,Purchase,Primary,Single_Family,ServicerC,360
LN001217,2022-09,244367,6.49,<620,60-70,20-30,WI,Refinance_Cashout,Investment,Condo,ServicerB,360
LN001218,2023-01,141341,5.479,660-699,60-70,30-40,OK,Purchase,Primary,Condo,ServicerA,180
LN001219,2023-12,142945,5.828,660-699,>95,30-40,KY,Refinance_Cashout,Primary,Townhouse,ServicerD,240
LN001220,2022-05,224325,5.219,700-739,90-95,20-30,IL,Purchase,Investment,Single_Family,ServicerD,360
LN001221,2022-01,180175,5.963,660-699,70-80,40-50,MN,Purchase,Primary,Single_Family,ServicerB,360
LN001222,2023-03,303227,4.804,740-779,70-80,20-30,OK,Refinance_Cashout,Second_Home,Single_Family,ServicerA,360
LN001223,2022-03,800000,5.235,700-739,70-80,30-40,CA,Refinance_Cashout,Second_Home,Multi_Family,ServicerB,180
LN001224,2022-03,208918,4.952,740-779,80-90,20-30,OR,Purchase,Primary,Multi_Family,ServicerD,360
LN001225,2022-04,166516,5.358,700-739,90-95,20-30,NY,Purchase,Primary,Multi_Family,ServicerE,180
LN001226,2023-10,268349,6.281,<620,<60,30-40,WI,Refinance_Cashout,Primary,Multi_Family,ServicerA,360
LN001227,2022-07,174300,5.575,660-699,90-95,20-30,OH,Refinance_NoCashout,Primary,Single_Family,ServicerD,240
LN001228,2023-07,112450,5.685,660-699,90-95,20-30,TN,Refinance_Cashout,Investment,Single_Family,ServicerA,360
LN001229,2022-07,215696,4.949,780+,90-95,<20,PA,Refinance_Cashout,Primary,Condo,ServicerD,240
LN001230,2022-09,730136,5.458,660-699,<60,20-30,TX,Purchase,Primary,Condo,ServicerE,180
LN001231,2022-12,175667,4.557,740-779,60-70,<20,MI,Refinance_NoCashout,Primary,Condo,ServicerD,240
LN001232,2023-06,201228,5.054,700-739,70-80,20-30,MA,Refinance_NoCashout,Primary,Townhouse,ServicerD,360
LN001233,2023-02,331636,4.789,740-779,90-95,30-40,MA,Purchase,Second_Home,Single_Family,ServicerC,360
LN001234,2023-11,106346,4.296,780+,70-80,20-30,MD,Purchase,Primary,Single_Family,ServicerA,360
LN001235,2023-10,77816,5.154,700-739,60-70,<20,NY,Purchase,Primary,Single_Family,ServicerC,360
LN001236,2023-06,94545,6.015,620-659,<60,30-40,NY,Purchase,Investment,Multi_Family,ServicerC,180
LN001237,2022-12,377712,4.43,740-779,>95,40-50,CO,Purchase,Primary,Townhouse,ServicerE,180
LN001238,2022-01,179073,5.911,660-699,60-70,<20,VA,Refinance_Cashout,Primary,Multi_Family,ServicerB,360
LN001239,2023-03,166726,5.48,660-699,<60,40-50,PA,Refinance_Cashout,Primary,Condo,ServicerD,240
LN001240,2022-06,414762,5.104,780+,70-80,40-50,CA,Purchase,Primary,Single_Family,ServicerD,360
LN001241,2023-04,165626,5.645,740-779,70-80,<20,IN,Refinance_Cashout,Primary,Townhouse,ServicerB,360
LN001242,2022-12,247088,6.471,<620,60-70,40-50,IN,Purchase,Primary,Condo,ServicerA,360
LN001243,2022-09,132232,4.503,780+,70-80,40-50,NJ,Purchase,Primary,Single_Family,ServicerA,360
LN001244,2023-03,241703,4.621,780+,80-90,30-40,IN,Purchase,Investment,Multi_Family,ServicerE,360
LN001245,2022-05,294288,5.382,700-739,80-90,<20,NY,Refinance_Cashout,Primary,Multi_Family,ServicerB,180
LN001246,2022-10,151938,5.684,660-699,90-95,30-40,OH,Refinance_NoCashout,Primary,Single_Family,ServicerC,240
LN001247,2023-12,215535,5.247,700-739,60-70,30-40,OH,Refinance_NoCashout,Second_Home,Single_Family,ServicerD,360
LN001248,2022-12,159297,6.716,<620,<60,20-30,OR,Purchase,Primary,Single_Family,ServicerC,360
LN001249,2022-08,243184,6.271,660-699,>95,20-30,IN,Purchase,Primary,Single_Family,ServicerA,240
LN001250,2023-12,449486,5.683,700-739,>95,20-30,CT,Purchase,Primary,Single_Family,ServicerD,360
LN001251,2022-02,403674,5.486,660-699,>95,20-30,MA,Purchase,Primary,Townhouse,ServicerE,180
LN001252,2023-01,181184,5.643,660-699,70-80,20-30,IN,Refinance_Cashout,Investment,Condo,ServicerE,360
LN001253,2022-09,125846,5.488,660-699,90-95,20-30,NJ,Refinance_Cashout,Primary,Condo,ServicerD,360
LN001254,2022-06,143139,5.051,700-739,70-80,30-40,OH,Refinance_Cashout,Primary,Condo,ServicerD,360
LN001255,2023-05,103910,5.085,740-779,60-70,<20,VA,Purchase,Primary,Multi_Family,ServicerA,240
LN001256,2023-06,173819,4.517,780+,>95,20-30,NC,Refinance_NoCashout,Primary,Single_Family,ServicerA,360
LN001257,2022-06,161218,6.366,<620,70-80,30-40,PA,Purchase,Primary,Single_Family,ServicerB,240
LN001258,2022-03,231620,5.16,700-739,70-80,20-30,TN,Refinance_Cashout,Investment,Single_Family,ServicerB,360
LN001259,2023-03,110344,5.589,700-739,>95,20-30,CA,Refinance_NoCashout,Primary,Multi_Family,ServicerA,360
LN001260,2022-05,219713,4.452,780+,80-90,>50,OK,Refinance_Cashout,Primary,Single_Family,ServicerE,360
LN001261,2022-07,234088,5.554,660-699,80-90,30-40,OR,Refinance_NoCashout,Primary,Single_Family,ServicerE,360
LN001262,2023-10,211615,6.338,620-659,70-80,30-40,PA,Refinance_NoCashout,Primary,Single_Family,ServicerD,360
LN001263,2022-08,231019,4.96,740-779,<60,20-30,MD,Refinance_Cashout,Primary,Multi_Family,ServicerE,240
LN001264,2023-12,135661,5.47,700-739,70-80,30-40,TX,Refinance_Cashout,Primary,Single_Family,ServicerE,360
LN001265,2023-09,304630,6.091,<620,60-70,<20,SC,Refinance_NoCashout,Second_Home,Townhouse,ServicerA,360
LN001266,2023-11,378641,5.439,740-779,90-95,30-40,MN,Refinance_Cashout,Primary,Single_Family,ServicerC,180
LN001267,2022-11,204091,5.601,620-659,<60,20-30,KY,Purchase,Primary,Condo,ServicerB,360
LN001268,2023-04,179315,5.504,700-739,<60,30-40,CA,Purchase,Primary,Townhouse,ServicerC,240
LN001269,2023-09,146850,5.385,700-739,60-70,<20,MD,Refinance_NoCashout,Primary,Multi_Family,ServicerB,360
LN001270,2022-05,173759,5.004,740-779,60-70,<20,OR,Purchase,Primary,Single_Family,ServicerA,360
LN001271,2022-06,267941,5.217,660-699,80-90,<20,MI,Purchase,Primary,Townhouse,ServicerD,240
LN001272,2022-04,216968,5.688,660-699,60-70,20-30,SC,Purchase,Primary,Single_Family,ServicerD,360
LN001273,2023-07,128727,5.506,700-739,70-80,20-30,OH,Refinance_NoCashout,Investment,Single_Family,ServicerA,360
LN001274,2023-01,244424,5.057,740-779,70-80,20-30,CO,Purchase,Second_Home,Single_Family,ServicerB,360
LN001275,2022-10,204034,5.295,700-739,70-80,>50,WA,Purchase,Primary,Single_Family,ServicerA,360
LN001276,2022-08,486697,4.921,700-739,60-70,40-50,OH,Purchase,Primary,Condo,ServicerD,360
LN001277,2022-07,469889,6.316,<620,60-70,30-40,CO,Refinance_Cashout,Primary,Single_Family,ServicerD,360
LN001278,2022-07,139716,5.675,700-739,80-90,40-50,MO,Purchase,Primary,Single_Family,ServicerE,360
LN001279,2022-10,329383,6.172,660-699,60-70,30-40,PA,Refinance_NoCashout,Primary,Condo,ServicerD,360
LN001280,2022-08,151258,5.065,700-739,<60,30-40,GA,Refinance_Cashout,Primary,Single_Family,ServicerA,180
LN001281,2023-04,357057,4.519,740-779,70-80,40-50,NJ,Refinance_Cashout,Primary,Townhouse,ServicerD,360
LN001282,2023-03,163993,5.027,700-739,80-90,30-40,NY,Purchase,Primary,Single_Family,ServicerD,180
LN001283,2023-06,305710,5.164,700-739,80-90,40-50,UT,Refinance_Cashout,Primary,Condo,ServicerE,360
LN001284,2022-06,167290,4.724,780+,60-70,>50,GA,Purchase,Second_Home,Multi_Family,ServicerE,360
LN001285,2022-08,265780,5.955,660-699,60-70,40-50,KY,Purchase,Primary,Multi_Family,ServicerE,360
LN001286,2022-07,152606,6.504,<620,<60,40-50,MN,Refinance_Cashout,Primary,Single_Family,ServicerB,360
LN001287,2022-10,237205,5.842,660-699,<60,>50,OR,Purchase,Investment,Townhouse,ServicerE,240
LN001288,2022-05,112112,5.639,660-699,80-90,30-40,VA,Refinance_Cashout,Second_Home,Condo,ServicerB,180
LN001289,2023-01,707330,4.821,740-779,80-90,<20,UT,Refinance_NoCashout,Primary,Condo,ServicerB,360
LN001290,2022-05,190104,5.433,700-739,60-70,20-30,TX,Refinance_NoCashout,Primary,Single_Family,ServicerE,360
LN001291,2023-11,341050,5.297,700-739,80-90,40-50,WA,Purchase,Primary,Condo,ServicerE,360
LN001292,2023-12,118879,4.725,780+,<60,30-40,AL,Refinance_NoCashout,Primary,Single_Family,ServicerB,360
LN001293,2023-09,217082,6.077,620-659,90-95,20-30,MI,Purchase,Primary,Condo,ServicerE,360
LN001294,2022-11,77889,5.665,660-699,90-95,30-40,IL,Refinance_Cashout,Second_Home,Single_Family,ServicerA,360
LN001295,2022-05,71472,6.218,660-699,60-70,>50,VA,Refinance_Cashout,Primary,Multi_Family,ServicerA,360
LN001296,2023-12,361990,5.7,660-699,80-90,>50,AL,Refinance_NoCashout,Investment,Single_Family,ServicerA,360
LN001297,2022-05,176411,4.212,780+,70-80,20-30,NY,Purchase,Primary,Condo,ServicerA,360
LN001298,2023-12,208615,5.531,700-739,70-80,20-30,PA,Refinance_Cashout,Primary,Single_Family,ServicerE,360
LN001299,2022-05,338468,6.339,620-659,70-80,20-30,GA,Purchase,Primary,Single_Family,ServicerB,360
LN001300,2022-09,317974,5.751,700-739,>95,20-30,TX,Refinance_NoCashout,Primary,Condo,ServicerB,360
LN001301,2022-04,73537,5.772,660-699,80-90,<20,PA,Refinance_Cashout,Second_Home,Multi_Family,ServicerD,360
LN001302,2023-07,239960,6.303,<620,>95,30-40,CO,Refinance_NoCashout,Second_Home,Townhouse,ServicerD,360
LN001303,2023-01,205844,4.184,780+,80-90,30-40,OK,Refinance_Cashout,Investment,Townhouse,ServicerD,360
LN001304,2023-07,467399,5.209,700-739,80-90,30-40,PA,Purchase,Investment,Multi_Family,ServicerB,240
LN001305,2022-11,238406,5.363,700-739,70-80,30-40,NC,Refinance_Cashout,Primary,Single_Family,ServicerD,360
LN001306,2023-05,200638,4.577,780+,70-80,30-40,NJ,Purchase,Primary,Townhouse,ServicerB,360
LN001307,2022-04,119251,5.727,660-699,>95,30-40,TN,Refinance_Cashout,Primary,Single_Family,ServicerD,360
LN001308,2023-11,211869,4.062,780+,70-80,30-40,AZ,Purchase,Primary,Single_Family,ServicerB,360
LN001309,2023-03,180191,4.722,740-779,60-70,30-40,OH,Purchase,Primary,Multi_Family,ServicerA,180
LN001310,2023-05,196244,5.007,740-779,80-90,30-40,MN,Refinance_NoCashout,Primary,Townhouse,ServicerB,360
LN001311,2023-12,331536,5.596,660-699,90-95,<20,WI,Purchase,Primary,Single_Family,ServicerD,180
LN001312,2023-12,153511,4.759,740-779,80-90,40-50,WA,Refinance_Cashout,Primary,Condo,ServicerA,360
LN001313,2023-06,196392,5.29,740-779,60-70,40-50,MI,Refinance_Cashout,Primary,Single_Family,ServicerB,360
LN001314,2023-01,739104,5.274,700-739,>95,20-30,PA,Refinance_Cashout,Second_Home,Single_Family,ServicerE,240
LN001315,2022-11,235398,6.143,620-659,80-90,40-50,OH,Purchase,Investment,Townhouse,ServicerB,360
LN001316,2022-03,313619,6.754,620-659,70-80,40-50,NC,Purchase,Primary,Single_Family,ServicerC,360
LN001317,2023-01,239192,4.562,780+,90-95,30-40,IN,Refinance_NoCashout,Primary,Single_Family,ServicerE,360
LN001318,2022-12,97054,5.127,660-699,70-80,30-40,VA,Refinance_Cashout,Primary,Single_Family,ServicerA,360
LN001319,2023-11,224550,4.968,700-739,70-80,20-30,PA,Purchase,Investment,Condo,ServicerE,180
LN001320,2022-08,134246,5.711,660-699,>95,40-50,IN,Refinance_NoCashout,Primary,Single_Family,ServicerE,360
LN001321,2022-10,261670,5.23,740-779,80-90,40-50,OR,Refinance_NoCashout,Primary,Townhouse,ServicerC,360
LN001322,2023-03,163223,4.017,780+,90-95,20-30,CO,Purchase,Second_Home,Townhouse,ServicerD,360
LN001323,2022-01,312276,5.359,700-739,>95,40-50,LA,Refinance_Cashout,Primary,Single_Family,ServicerE,360
LN001324,2023-11,158084,4.224,780+,60-70,40-50,IL,Refinance_NoCashout,Primary,Condo,ServicerA,360
LN001325,2022-06,165705,4.753,740-779,70-80,<20,KY,Purchase,Investment,Multi_Family,ServicerE,360
LN001326,2023-11,196546,5.405,660-699,90-95,30-40,MO,Purchase,Investment,Townhouse,ServicerD,360
LN001327,2022-06,330912,6.528,<620,80-90,20-30,MD,Refinance_Cashout,Primary,Single_Family,ServicerB,360
LN001328,2023-12,428405,5.54,740-779,60-70,<20,MN,Refinance_NoCashout,Investment,Condo,ServicerA,360
LN001329,2023-10,202511,4.846,740-779,>95,40-50,MD,Purchase,Second_Home,Condo,ServicerB,240
LN001330,2022-06,500006,5.667,660-699,80-90,20-30,MN,Refinance_Cashout,Second_Home,Single_Family,ServicerB,240
LN001331,2023-05,154851,5.005,700-739,80-90,30-40,PA,Purchase,Primary,Townhouse,ServicerE,360
LN001332,2023-01,155312,4.672,740-779,70-80,>50,KY,Purchase,Primary,Townhouse,ServicerC,360
LN001333,2023-11,119018,5.693,660-699,<60,30-40,OK,Purchase,Primary,Townhouse,ServicerA,360
LN001334,2023-02,106454,5.362,700-739,>95,40-50,AZ,Refinance_Cashout,Primary,Single_Family,ServicerA,360
LN001335,2023-02,369666,5.564,660-699,70-80,20-30,MO,Purchase,Primary,Single_Family,ServicerC,360
LN001336,2022-10,50000,6.861,<620,<60,30-40,MI,Refinance_Cashout,Primary,Single_Family,ServicerB,240
LN001337,2023-08,260735,4.734,780+,80-90,<20,MO,Refinance_NoCashout,Primary,Townhouse,ServicerE,240
LN001338,2022-05,69492,5.599,740-779,>95,20-30,VA,Purchase,Primary,Townhouse,ServicerC,360
LN001339,2022-01,136546,5.601,660-699,70-80,20-30,MI,Refinance_NoCashout,Primary,Condo,ServicerD,360
LN001340,2022-10,759119,4.799,780+,>95,40-50,NC,Refinance_Cashout,Primary,Multi_Family,ServicerA,360
LN001341,2022-07,151532,5.092,700-739,60-70,30-40,KY,Purchase,Investment,Condo,ServicerE,360
LN001342,2023-02,243322,5.391,700-739,>95,<20,NC,Refinance_Cashout,Investment,Condo,ServicerE,360
LN001343,2023-11,323850,5.043,700-739,90-95,30-40,OK,Refinance_NoCashout,Primary,Townhouse,ServicerC,360
LN001344,2022-04,172257,4.812,700-739,80-90,20-30,GA,Refinance_NoCashout,Primary,Single_Family,ServicerA,360
LN001345,2022-12,151107,5.21,700-739,70-80,>50,OH,Refinance_Cashout,Second_Home,Single_Family,ServicerC,360
LN001346,2022-09,102022,4.649,780+,>95,40-50,MN,Refinance_NoCashout,Primary,Single_Family,ServicerD,360
LN001347,2023-10,111974,4.92,740-779,90-95,<20,NY,Purchase,Second_Home,Single_Family,ServicerA,180
LN001348,2023-11,388127,5.515,660-699,70-80,40-50,NC,Purchase,Primary,Single_Family,ServicerB,360
LN001349,2023-09,237318,5.628,700-739,>95,<20,PA,Refinance_NoCashout,Primary,Townhouse,ServicerB,240
LN001350,2022-07,183780,5.283,700-739,>95,30-40,PA,Purchase,Primary,Townhouse,ServicerE,360
LN001351,2022-06,154965,5.29,700-739,80-90,20-30,NY,Purchase,Primary,Single_Family,ServicerD,360
LN001352,2023-08,124068,6.318,<620,70-80,20-30,CT,Refinance_Cashout,Primary,Single_Family,ServicerC,360
LN001353,2023-05,230986,5.053,740-779,90-95,30-40,CT,Refinance_NoCashout,Investment,Single_Family,ServicerE,360
LN001354,2023-09,398026,6.368,620-659,80-90,20-30,CO,Refinance_Cashout,Primary,Single_Family,ServicerE,360
LN001355,2022-04,168272,6.068,620-659,70-80,20-30,VA,Refinance_NoCashout,Primary,Townhouse,ServicerC,180
LN001356,2022-05,199715,6.294,620-659,80-90,>50,NJ,Purchase,Investment,Single_Family,ServicerD,360
LN001357,2022-07,170567,5.427,700-739,70-80,<20,OH,Refinance_NoCashout,Primary,Condo,ServicerC,360
LN001358,2023-12,228901,4.714,700-739,80-90,30-40,MD,Refinance_Cashout,Primary,Single_Family,ServicerB,360
LN001359,2022-05,176052,5.724,620-659,60-70,30-40,KY,Purchase,Primary,Townhouse,ServicerA,360
LN001360,2023-11,228175,5.372,700-739,70-80,20-30,WA,Purchase,Primary,Townhouse,ServicerE,360
LN001361,2023-12,291410,6.303,<620,90-95,30-40,MD,Purchase,Investment,Single_Family,ServicerD,360
LN001362,2023-04,156993,6.067,620-659,>95,30-40,IL,Refinance_NoCashout,Investment,Multi_Family,ServicerD,360
LN001363,2023-10,113125,5.929,660-699,>95,<20,LA,Refinance_Cashout,Investment,Single_Family,ServicerB,360
LN001364,2023-08,140380,4.833,740-779,60-70,<20,WA,Purchase,Primary,Single_Family,ServicerD,360
LN001365,2023-05,238879,4.703,700-739,90-95,30-40,CO,Purchase,Primary,Single_Family,ServicerA,240
LN001366,2023-08,203685,5.121,740-779,>95,40-50,OR,Purchase,Primary,Single_Family,ServicerA,180
LN001367,2022-01,561344,4.219,740-779,<60,30-40,WI,Purchase,Investment,Condo,ServicerC,360
LN001368,2022-06,121365,6.006,660-699,70-80,<20,CT,Refinance_Cashout,Second_Home,Townhouse,ServicerC,360
LN001369,2022-02,67793,6.535,620-659,80-90,20-30,OK,Purchase,Primary,Condo,ServicerD,360
LN001370,2023-04,131758,5.017,740-779,80-90,30-40,MN,Purchase,Primary,Condo,ServicerC,240
LN001371,2022-06,352711,5.877,660-699,80-90,20-30,UT,Purchase,Second_Home,Condo,ServicerD,180
LN001372,2023-04,179574,5.793,660-699,>95,20-30,OH,Purchase,Primary,Townhouse,ServicerC,360
LN001373,2022-11,426155,6.334,<620,70-80,40-50,MN,Refinance_Cashout,Primary,Single_Family,ServicerB,360
LN001374,2023-08,211664,6.053,620-659,90-95,30-40,MI,Purchase,Primary,Multi_Family,ServicerA,360
LN001375,2022-06,176078,3.923,780+,60-70,>50,PA,Refinance_Cashout,Second_Home,Single_Family,ServicerD,360
LN001376,2023-09,167203,4.458,780+,>95,30-40,OK,Refinance_Cashout,Primary,Single_Family,ServicerD,360
LN001377,2022-03,143608,5.853,660-699,70-80,20-30,TN,Refinance_NoCashout,Investment,Single_Family,ServicerD,240
LN001378,2022-03,440496,5.898,620-659,80-90,20-30,OH,Purchase,Investment,Multi_Family,ServicerE,360
LN001379,2023-07,299984,4.703,780+,80-90,40-50,MN,Purchase,Primary,Single_Family,ServicerC,240
LN001380,2023-06,236381,5.503,700-739,90-95,30-40,TX,Refinance_NoCashout,Primary,Single_Family,ServicerC,360
LN001381,2023-01,168882,4.43,780+,90-95,30-40,OH,Purchase,Investment,Multi_Family,ServicerA,360
LN001382,2023-11,378962,5.583,660-699,70-80,20-30,GA,Purchase,Primary,Townhouse,ServicerB,360
LN001383,2022-08,168637,4.631,740-779,90-95,20-30,MI,Refinance_Cashout,Investment,Multi_Family,ServicerD,360
LN001384,2022-06,225914,6.228,620-659,80-90,20-30,OK,Refinance_Cashout,Primary,Townhouse,ServicerB,360
LN001385,2023-02,447263,4.359,780+,90-95,20-30,SC,Purchase,Primary,Single_Family,ServicerE,240
LN001386,2022-11,241443,6.675,<620,70-80,30-40,LA,Refinance_Cashout,Primary,Multi_Family,ServicerB,360
LN001387,2023-06,133594,5.671,620-659,90-95,30-40,WI,Purchase,Second_Home,Townhouse,ServicerB,240
LN001388,2023-02,226878,4.882,740-779,80-90,20-30,WI,Refinance_Cashout,Primary,Condo,ServicerB,360
LN001389,2022-04,126967,5.793,660-699,90-95,40-50,CO,Purchase,Primary,Single_Family,ServicerA,180
LN001390,2023-09,106536,5.637,660-699,70-80,20-30,UT,Refinance_NoCashout,Primary,Single_Family,ServicerD,180
LN001391,2022-12,283110,4.788,740-779,60-70,20-30,VA,Refinance_Cashout,Investment,Single_Family,ServicerC,360
LN001392,2022-12,398939,5.892,620-659,80-90,40-50,MN,Refinance_Cashout,Primary,Multi_Family,ServicerE,360
LN001393,2022-06,306805,5.337,740-779,90-95,>50,MI,Refinance_NoCashout,Primary,Single_Family,ServicerB,360
LN001394,2023-11,191369,5.138,700-739,>95,30-40,AZ,Purchase,Primary,Single_Family,ServicerC,360
LN001395,2022-09,138407,5.234,740-779,60-70,30-40,PA,Purchase,Primary,Condo,ServicerD,180
LN001396,2023-07,233883,5.134,780+,60-70,30-40,NJ,Refinance_Cashout,Primary,Single_Family,ServicerD,360
LN001397,2023-11,137310,4.56,740-779,60-70,<20,NC,Refinance_Cashout,Primary,Single_Family,ServicerB,360
LN001398,2022-11,257710,4.943,700-739,90-95,30-40,MD,Purchase,Primary,Multi_Family,ServicerE,240
LN001399,2023-10,241844,5.336,660-699,70-80,40-50,TX,Refinance_NoCashout,Primary,Single_Family,ServicerB,360
LN001400,2023-10,212267,5.55,700-739,60-70,20-30,IN,Purchase,Primary,Single_Family,ServicerE,360
LN001401,2023-06,194581,5.754,660-699,90-95,<20,KY,Refinance_Cashout,Primary,Townhouse,ServicerC,180
LN001402,2022-03,185763,4.265,780+,90-95,30-40,WA,Refinance_NoCashout,Investment,Townhouse,ServicerC,360
LN001403,2022-10,389062,4.677,700-739,60-70,40-50,TX,Purchase,Primary,Condo,ServicerD,360
LN001404,2023-09,191133,6.298,<620,80-90,<20,TN,Refinance_NoCashout,Primary,Single_Family,ServicerC,360
LN001405,2022-11,116998,4.707,780+,80-90,20-30,MO,Refinance_NoCashout,Primary,Townhouse,ServicerB,360
LN001406,2022-03,312537,5.666,700-739,90-95,20-30,FL,Purchase,Investment,Single_Family,ServicerA,360
LN001407,2023-03,124899,5.549,700-739,<60,<20,NC,Purchase,Primary,Single_Family,ServicerD,360
LN001408,2023-11,160475,6.392,620-659,80-90,30-40,GA,Refinance_NoCashout,Primary,Condo,ServicerA,240
LN001409,2022-06,250723,5.598,700-739,60-70,30-40,MO,Purchase,Primary,Single_Family,ServicerA,360
LN001410,2022-06,124718,5.531,700-739,>95,40-50,NC,Refinance_Cashout,Investment,Single_Family,ServicerA,360
LN001411,2022-03,249503,6.847,<620,90-95,<20,WA,Refinance_Cashout,Second_Home,Townhouse,ServicerD,360
LN001412,2023-11,519253,5.913,660-699,60-70,40-50,UT,Purchase,Primary,Condo,ServicerD,360
LN001413,2023-08,214506,6.162,620-659,70-80,20-30,MI,Purchase,Primary,Single_Family,ServicerA,360
LN001414,2022-04,89090,5.208,700-739,<60,20-30,MD,Refinance_NoCashout,Primary,Single_Family,ServicerE,360
LN001415,2023-07,309423,5.432,660-699,60-70,30-40,TN,Purchase,Primary,Single_Family,ServicerC,360
LN001416,2022-11,166005,4.374,780+,<60,30-40,FL,Purchase,Primary,Multi_Family,ServicerA,240
LN001417,2023-04,528315,5.438,740-779,70-80,<20,FL,Refinance_NoCashout,Primary,Single_Family,ServicerC,360
LN001418,2023-11,277349,5.697,660-699,60-70,20-30,MN,Purchase,Primary,Single_Family,ServicerC,360
LN001419,2023-12,330323,4.816,740-779,90-95,20-30,OH,Refinance_Cashout,Primary,Townhouse,ServicerD,180
LN001420,2022-11,171297,5.514,660-699,80-90,40-50,SC,Refinance_Cashout,Investment,Condo,ServicerE,360
LN001421,2023-09,251958,5.026,780+,70-80,30-40,CA,Purchase,Primary,Townhouse,ServicerA,360
LN001422,2022-04,480278,6.529,620-659,70-80,40-50,MO,Purchase,Second_Home,Single_Family,ServicerE,360
LN001423,2022-05,256945,4.573,780+,70-80,20-30,MA,Refinance_NoCashout,Primary,Townhouse,ServicerE,360
LN001424,2022-08,186184,6.635,<620,70-80,40-50,KY,Refinance_Cashout,Second_Home,Condo,ServicerB,360
LN001425,2022-07,121111,4.63,740-779,80-90,40-50,UT,Refinance_NoCashout,Primary,Townhouse,ServicerB,180
LN001426,2023-04,224977,5.226,740-779,70-80,40-50,VA,Refinance_Cashout,Investment,Single_Family,ServicerD,360
LN001427,2022-09,302441,4.438,780+,90-95,40-50,FL,Refinance_NoCashout,Second_Home,Townhouse,ServicerE,360
LN001428,2023-10,196795,6.002,660-699,>95,30-40,NY,Refinance_Cashout,Second_Home,Townhouse,ServicerC,360
LN001429,2022-02,82870,6.501,<620,90-95,20-30,CO,Refinance_Cashout,Primary,Single_Family,ServicerD,360
LN001430,2023-12,175061,4.958,740-779,70-80,40-50,MI,Purchase,Primary,Single_Family,ServicerA,240
LN001431,2023-04,460148,5.396,740-779,80-90,>50,WI,Purchase,Primary,Single_Family,ServicerE,360
LN001432,2023-01,261918,5.839,700-739,80-90,30-40,CA,Refinance_NoCashout,Primary,Single_Family,ServicerE,360
LN001433,2023-12,105889,6.226,<620,80-90,<20,MI,Purchase,Primary,Single_Family,ServicerC,360
LN001434,2023-02,317119,5.042,700-739,90-95,20-30,MA,Refinance_NoCashout,Primary,Townhouse,ServicerD,360
LN001435,2023-01,163101,5.317,700-739,<60,20-30,MD,Refinance_NoCashout,Primary,Single_Family,ServicerC,360
LN001436,2022-05,322963,4.794,780+,>95,20-30,NY,Refinance_NoCashout,Second_Home,Single_Family,ServicerC,360
LN001437,2023-03,145267,5.659,660-699,70-80,30-40,PA,Refinance_Cashout,Primary,Single_Family,ServicerB,360
LN001438,2022-12,109632,4.881,740-779,70-80,30-40,NY,Purchase,Investment,Single_Family,ServicerC,360
LN001439,2022-02,243910,5.539,660-699,70-80,40-50,NJ,Refinance_Cashout,Primary,Townhouse,ServicerE,240
LN001440,2023-11,152380,6.315,<620,70-80,20-30,PA,Refinance_NoCashout,Investment,Single_Family,ServicerC,360
LN001441,2022-04,398583,5.923,620-659,70-80,30-40,UT,Refinance_Cashout,Investment,Single_Family,ServicerD,360
LN001442,2022-09,145347,5.72,660-699,80-90,30-40,SC,Purchase,Second_Home,Single_Family,ServicerD,240
LN001443,2023-01,176195,5.369,700-739,80-90,30-40,CO,Refinance_Cashout,Primary,Townhouse,ServicerB,360
LN001444,2023-06,300751,5.929,660-699,80-90,<20,OR,Refinance_Cashout,Primary,Single_Family,ServicerD,360
LN001445,2023-03,136056,5.914,620-659,>95,40-50,OR,Refinance_Cashout,Primary,Townhouse,ServicerB,240
LN001446,2023-10,335224,5.149,660-699,60-70,<20,OR,Purchase,Primary,Single_Family,ServicerB,360
LN001447,2023-11,410233,5.259,660-699,60-70,<20,UT,Purchase,Primary,Townhouse,ServicerA,180
LN001448,2022-05,476525,5.16,700-739,90-95,20-30,CO,Refinance_NoCashout,Second_Home,Single_Family,ServicerD,360
LN001449,2023-11,158078,5.516,660-699,60-70,>50,AZ,Refinance_Cashout,Primary,Condo,ServicerC,360
LN001450,2022-02,169773,5.579,620-659,60-70,20-30,OK,Purchase,Primary,Townhouse,ServicerD,240
LN001451,2022-06,177599,4.841,740-779,70-80,40-50,MI,Refinance_NoCashout,Primary,Condo,ServicerC,360
LN001452,2023-07,124900,4.537,740-779,<60,30-40,IN,Refinance_Cashout,Primary,Single_Family,ServicerE,360
LN001453,2023-11,336161,5.654,660-699,60-70,30-40,MA,Purchase,Primary,Single_Family,ServicerD,180
LN001454,2022-06,134104,5.262,660-699,90-95,30-40,MD,Refinance_Cashout,Primary,Single_Family,ServicerC,360
LN001455,2023-12,134439,5.388,700-739,70-80,20-30,UT,Refinance_Cashout,Primary,Single_Family,ServicerE,180
LN001456,2023-01,140544,5.452,740-779,70-80,40-50,MI,Refinance_NoCashout,Primary,Townhouse,ServicerD,360
LN001457,2023-08,121197,5.335,660-699,70-80,40-50,WI,Refinance_Cashout,Primary,Multi_Family,ServicerB,180
LN001458,2022-06,252125,4.622,780+,70-80,20-30,NJ,Purchase,Primary,Single_Family,ServicerB,360
LN001459,2022-06,256077,6.404,620-659,70-80,20-30,NJ,Refinance_NoCashout,Second_Home,Single_Family,ServicerB,360
LN001460,2023-12,163422,5.374,660-699,70-80,20-30,NC,Refinance_NoCashout,Primary,Single_Family,ServicerA,180
LN001461,2022-09,411172,5.355,780+,80-90,40-50,GA,Purchase,Second_Home,Single_Family,ServicerA,180
LN001462,2023-12,186149,5.748,660-699,80-90,<20,WI,Refinance_NoCashout,Primary,Single_Family,ServicerA,360
LN001463,2023-07,208944,4.587,740-779,>95,40-50,MA,Refinance_Cashout,Investment,Condo,ServicerB,360
LN001464,2023-12,183036,5.423,740-779,70-80,>50,CT,Refinance_Cashout,Investment,Single_Family,ServicerB,360
LN001465,2022-08,148348,4.038,780+,60-70,20-30,MA,Purchase,Primary,Condo,ServicerB,360
LN001466,2023-07,314765,6.527,<620,90-95,<20,AL,Purchase,Primary,Single_Family,ServicerC,360
LN001467,2022-10,262302,4.588,780+,80-90,30-40,WA,Purchase,Primary,Single_Family,ServicerA,360
LN001468,2023-12,371940,5.339,620-659,90-95,<20,NY,Refinance_NoCashout,Primary,Single_Family,ServicerB,360
LN001469,2023-10,88537,5.657,660-699,80-90,30-40,CO,Refinance_Cashout,Investment,Single_Family,ServicerA,360
LN001470,2023-09,344855,5.22,740-779,>95,30-40,PA,Purchase,Primary,Multi_Family,ServicerE,240
LN001471,2022-09,199954,5.369,660-699,80-90,30-40,MD,Refinance_Cashout,Primary,Single_Family,ServicerA,360
LN001472,2023-06,270418,5.407,700-739,90-95,30-40,CO,Refinance_NoCashout,Primary,Multi_Family,ServicerE,180
LN001473,2023-07,385575,4.986,700-739,<60,30-40,MA,Purchase,Primary,Townhouse,ServicerC,240
LN001474,2022-10,194304,5.925,660-699,80-90,30-40,IN,Refinance_Cashout,Primary,Condo,ServicerC,360
LN001475,2023-02,247814,6.122,660-699,<60,>50,TX,Refinance_NoCashout,Primary,Townhouse,ServicerD,360
LN001476,2023-08,222770,6.17,660-699,<60,20-30,TN,Refinance_NoCashout,Primary,Single_Family,ServicerC,180
LN001477,2023-12,76470,5.791,700-739,70-80,<20,PA,Refinance_NoCashout,Primary,Single_Family,ServicerA,240
LN001478,2023-01,671498,4.725,740-779,80-90,<20,IL,Refinance_Cashout,Primary,Single_Family,ServicerD,360
LN001479,2022-09,232926,4.654,740-779,70-80,20-30,MO,Purchase,Primary,Single_Family,ServicerC,240
LN001480,2022-07,472250,6.194,620-659,70-80,30-40,IN,Refinance_NoCashout,Investment,Single_Family,ServicerA,360
LN001481,2022-06,263481,3.883,780+,70-80,20-30,WI,Refinance_Cashout,Primary,Condo,ServicerC,360
LN001482,2023-02,220990,5.311,700-739,60-70,40-50,WI,Refinance_Cashout,Primary,Single_Family,ServicerA,180
LN001483,2022-10,183955,5.444,700-739,70-80,<20,AL,Refinance_NoCashout,Primary,Single_Family,ServicerC,360
LN001484,2022-06,60914,4.847,780+,70-80,<20,SC,Refinance_NoCashout,Primary,Townhouse,ServicerB,360
LN001485,2023-12,360553,4.397,780+,80-90,20-30,MO,Purchase,Primary,Townhouse,ServicerE,180
LN001486,2023-09,170943,5.011,700-739,60-70,20-30,MD,Refinance_Cashout,Primary,Condo,ServicerA,180
LN001487,2022-10,110681,4.612,740-779,60-70,20-30,OR,Refinance_NoCashout,Primary,Single_Family,ServicerB,360
LN001488,2022-01,99178,4.521,780+,90-95,>50,AL,Purchase,Investment,Multi_Family,ServicerE,360
LN001489,2022-08,108906,5.615,700-739,60-70,30-40,GA,Refinance_NoCashout,Primary,Single_Family,ServicerA,360
LN001490,2023-12,115547,4.966,660-699,<60,40-50,MD,Refinance_NoCashout,Primary,Townhouse,ServicerE,360
LN001491,2023-07,729062,5.356,660-699,70-80,30-40,NC,Refinance_Cashout,Primary,Condo,ServicerC,360
LN001492,2023-11,316115,5.35,660-699,>95,<20,AL,Refinance_Cashout,Second_Home,Condo,ServicerC,240
LN001493,2022-02,299559,5.228,700-739,80-90,30-40,NY,Refinance_Cashout,Primary,Single_Family,ServicerC,240
LN001494,2023-01,210596,5.207,740-779,70-80,20-30,TX,Refinance_Cashout,Primary,Single_Family,ServicerC,360
LN001495,2022-01,280734,5.303,700-739,80-90,>50,LA,Refinance_Cashout,Second_Home,Single_Family,ServicerA,360
LN001496,2022-03,395312,5.103,660-699,<60,30-40,MO,Refinance_Cashout,Primary,Multi_Family,ServicerB,360
LN001497,2022-08,149181,4.69,740-779,80-90,40-50,OK,Refinance_Cashout,Primary,Condo,ServicerB,180
LN001498,2022-06,533144,5.253,740-779,80-90,20-30,OK,Refinance_NoCashout,Second_Home,Single_Family,ServicerC,240
LN001499,2022-02,149136,5.35,740-779,80-90,20-30,AZ,Refinance_Cashout,Primary,Single_Family,ServicerD,360
LN001500,2022-04,119759,5.282,660-699,80-90,30-40,AL,Purchase,Investment,Condo,ServicerE,360
LN001501,2022-03,462041,5.775,660-699,>95,30-40,PA,Refinance_NoCashout,Investment,Condo,ServicerA,360
LN001502,2023-07,381168,5.729,700-739,<60,>50,MD,Purchase,Investment,Multi_Family,ServicerD,240
LN001503,2022-09,221773,5.02,740-779,70-80,>50,IL,Refinance_Cashout,Investment,Single_Family,ServicerA,360
LN001504,2022-03,292203,5.087,780+,80-90,<20,WA,Purchase,Investment,Single_Family,ServicerC,180
LN001505,2023-11,114047,4.996,740-779,>95,30-40,CT,Refinance_NoCashout,Primary,Single_Family,ServicerD,240
LN001506,2022-09,307284,5.182,740-779,80-90,>50,LA,Purchase,Primary,Condo,ServicerE,360
LN001507,2022-09,99232,5.258,740-779,90-95,20-30,NC,Purchase,Primary,Townhouse,ServicerC,360
LN001508,2023-05,330090,6.499,<620,80-90,20-30,LA,Refinance_NoCashout,Primary,Single_Family,ServicerC,360
LN001509,2023-04,235530,6.43,<620,90-95,20-30,MI,Refinance_Cashout,Primary,Condo,ServicerA,360
LN001510,2022-09,187827,4.626,740-779,80-90,20-30,KY,Refinance_Cashout,Primary,Multi_Family,ServicerB,180
LN001511,2022-08,263080,4.584,780+,80-90,30-40,UT,Purchase,Primary,Single_Family,ServicerD,240
LN001512,2023-05,116471,5.437,660-699,60-70,40-50,CA,Refinance_Cashout,Primary,Single_Family,ServicerA,360
LN001513,2023-10,507215,4.893,740-779,70-80,<20,WI,Refinance_NoCashout,Primary,Townhouse,ServicerD,360
LN001514,2023-08,123832,6.329,<620,80-90,20-30,GA,Refinance_Cashout,Primary,Condo,ServicerB,360
LN001515,2022-12,247757,6.817,<620,>95,<20,MI,Purchase,Primary,Condo,ServicerA,360
LN001516,2023-11,95465,5.136,700-739,60-70,>50,TX,Refinance_Cashout,Primary,Multi_Family,ServicerE,360
LN001517,2022-09,184981,5.095,700-739,80-90,20-30,OR,Refinance_NoCashout,Primary,Single_Family,ServicerE,360
LN001518,2023-05,222853,5.372,700-739,80-90,20-30,NJ,Purchase,Primary,Condo,ServicerB,240
LN001519,2023-12,99533,4.399,740-779,>95,30-40,NC,Refinance_NoCashout,Primary,Single_Family,ServicerE,360
LN001520,2022-10,272148,6.73,620-659,70-80,20-30,LA,Purchase,Primary,Single_Family,ServicerA,360
LN001521,2023-12,171714,6.141,620-659,70-80,40-50,GA,Refinance_NoCashout,Second_Home,Condo,ServicerB,360
LN001522,2023-04,513520,5.072,740-779,70-80,>50,UT,Refinance_NoCashout,Primary,Single_Family,ServicerD,360
LN001523,2022-05,314548,5.825,660-699,70-80,>50,MI,Purchase,Primary,Single_Family,ServicerB,360
LN001524,2022-05,67280,5.276,740-779,70-80,<20,MI,Purchase,Primary,Condo,ServicerB,360
LN001525,2023-05,217257,4.927,740-779,80-90,20-30,CA,Purchase,Investment,Single_Family,ServicerB,180
LN001526,2022-12,361158,5.635,660-699,70-80,<20,CT,Refinance_Cashout,Primary,Single_Family,ServicerA,360
LN001527,2022-09,232476,6.083,660-699,60-70,30-40,WI,Refinance_Cashout,Second_Home,Multi_Family,ServicerE,180
LN001528,2023-08,209508,5.621,660-699,>95,>50,WA,Refinance_NoCashout,Primary,Single_Family,ServicerA,360
LN001529,2023-03,152460,4.28,780+,70-80,20-30,MD,Purchase,Primary,Single_Family,ServicerE,360
LN001530,2022-02,300441,5.554,660-699,60-70,>50,OR,Purchase,Investment,Condo,ServicerE,180
LN001531,2022-06,370712,6.259,620-659,60-70,<20,UT,Refinance_Cashout,Primary,Townhouse,ServicerB,240
LN001532,2022-03,56235,4.084,780+,>95,20-30,OR,Purchase,Primary,Single_Family,ServicerB,360
LN001533,2023-03,257347,6.118,660-699,>95,40-50,GA,Refinance_NoCashout,Primary,Condo,ServicerA,360
LN001534,2022-01,142432,4.174,780+,>95,30-40,NC,Purchase,Primary,Condo,ServicerD,360
LN001535,2023-08,229905,5.543,620-659,70-80,<20,MO,Refinance_Cashout,Primary,Single_Family,ServicerC,240
LN001536,2023-03,97190,6.255,660-699,80-90,20-30,NC,Refinance_Cashout,Investment,Single_Family,ServicerD,180
LN001537,2023-04,375025,4.904,740-779,80-90,20-30,AL,Refinance_Cashout,Primary,Condo,ServicerD,360
LN001538,2023-07,283163,5.08,700-739,80-90,40-50,GA,Refinance_NoCashout,Investment,Single_Family,ServicerB,180
LN001539,2023-10,587377,5.039,780+,60-70,20-30,NJ,Refinance_Cashout,Primary,Multi_Family,ServicerE,360
LN001540,2023-05,227861,4.735,780+,<60,20-30,OR,Purchase,Primary,Townhouse,ServicerE,360
LN001541,2022-05,455570,5.384,700-739,<60,20-30,NJ,Refinance_NoCashout,Second_Home,Single_Family,ServicerA,360
LN001542,2023-10,145206,6.314,<620,>95,20-30,CT,Refinance_NoCashout,Second_Home,Multi_Family,ServicerB,180
LN001543,2023-12,117647,4.958,740-779,70-80,<20,MD,Purchase,Investment,Townhouse,ServicerD,360
LN001544,2023-08,135363,4.844,740-779,80-90,30-40,MA,Refinance_Cashout,Primary,Single_Family,ServicerD,360
LN001545,2022-07,416647,5.151,700-739,70-80,20-30,CT,Purchase,Primary,Single_Family,ServicerC,360
LN001546,2023-04,224635,5.116,740-779,80-90,30-40,OR,Refinance_Cashout,Second_Home,Townhouse,ServicerD,180
LN001547,2023-12,126539,4.268,780+,80-90,30-40,MN,Refinance_Cashout,Primary,Condo,ServicerE,180
LN001548,2022-02,191048,5.691,700-739,80-90,<20,MA,Refinance_Cashout,Investment,Townhouse,ServicerE,360
LN001549,2023-06,180231,5.356,620-659,90-95,30-40,MD,Purchase,Primary,Condo,ServicerD,180
LN001550,2022-06,269679,4.987,740-779,>95,20-30,WA,Purchase,Investment,Condo,ServicerC,360
LN001551,2022-10,116942,6.229,660-699,80-90,>50,NJ,Refinance_Cashout,Primary,Single_Family,ServicerE,360
LN001552,2023-05,189325,5.208,700-739,70-80,20-30,TN,Refinance_Cashout,Primary,Townhouse,ServicerC,360
LN001553,2022-04,479914,5.999,<620,70-80,>50,TX,Refinance_Cashout,Primary,Single_Family,ServicerA,360
LN001554,2022-03,102616,4.717,700-739,90-95,>50,WI,Purchase,Primary,Single_Family,ServicerB,360
LN001555,2023-02,148891,5.388,700-739,90-95,20-30,IL,Purchase,Primary,Single_Family,ServicerC,360
LN001556,2022-04,229983,6.387,620-659,90-95,30-40,MA,Refinance_Cashout,Primary,Condo,ServicerD,180
LN001557,2022-11,339587,4.339,780+,80-90,30-40,TN,Purchase,Primary,Single_Family,ServicerA,180
LN001558,2022-08,87120,6.007,660-699,90-95,>50,SC,Refinance_Cashout,Investment,Single_Family,ServicerC,240
LN001559,2022-10,173939,4.185,780+,60-70,40-50,CT,Purchase,Primary,Single_Family,ServicerC,360
LN001560,2022-12,305250,5.22,660-699,70-80,<20,MN,Refinance_NoCashout,Investment,Single_Family,ServicerB,360
LN001561,2022-07,351951,6.129,620-659,<60,20-30,SC,Purchase,Primary,Single_Family,ServicerE,360
LN001562,2023-03,383616,4.924,780+,80-90,40-50,OH,Refinance_Cashout,Primary,Townhouse,ServicerA,360
LN001563,2023-08,380068,5.138,660-699,>95,>50,IN,Purchase,Primary,Single_Family,ServicerC,360
LN001564,2023-07,124753,6.157,620-659,70-80,30-40,WI,Purchase,Second_Home,Single_Family,ServicerE,360
LN001565,2022-04,291083,5.519,700-739,90-95,20-30,MO,Purchase,Primary,Single_Family,ServicerA,360
LN001566,2023-02,149015,4.576,700-739,80-90,30-40,NY,Refinance_NoCashout,Primary,Townhouse,ServicerE,360
LN001567,2022-02,132851,4.864,700-739,60-70,<20,LA,Purchase,Second_Home,Townhouse,ServicerC,240
LN001568,2022-02,61992,5.869,700-739,90-95,20-30,IL,Refinance_Cashout,Primary,Townhouse,ServicerB,360
LN001569,2023-11,451252,6.064,660-699,70-80,20-30,MI,Refinance_NoCashout,Investment,Townhouse,ServicerD,180
LN001570,2023-05,113485,5.283,700-739,70-80,<20,OH,Purchase,Primary,Multi_Family,ServicerC,240
LN001571,2023-05,127790,5.366,700-739,>95,<20,IN,Purchase,Investment,Single_Family,ServicerD,180
LN001572,2023-11,183842,5.734,700-739,<60,40-50,FL,Refinance_NoCashout,Investment,Single_Family,ServicerB,360
LN001573,2023-06,152814,4.423,740-779,80-90,40-50,OR,Refinance_Cashout,Primary,Single_Family,ServicerB,240
LN001574,2022-10,440696,4.887,740-779,70-80,20-30,KY,Refinance_Cashout,Primary,Multi_Family,ServicerC,180
LN001575,2022-07,160232,4.973,780+,70-80,20-30,UT,Refinance_NoCashout,Primary,Townhouse,ServicerB,360
LN001576,2022-04,205503,4.774,740-779,70-80,30-40,AL,Refinance_Cashout,Primary,Single_Family,ServicerB,180
LN001577,2022-03,315022,6.523,<620,60-70,<20,FL,Refinance_NoCashout,Second_Home,Single_Family,ServicerC,360
LN001578,2023-07,108450,5.595,660-699,70-80,30-40,WA,Refinance_Cashout,Primary,Townhouse,ServicerE,240
LN001579,2023-12,176428,5.356,740-779,90-95,30-40,TX,Purchase,Primary,Single_Family,ServicerC,180
LN001580,2023-06,84784,6.059,660-699,80-90,30-40,UT,Refinance_Cashout,Primary,Single_Family,ServicerB,360
LN001581,2023-11,87465,5.988,620-659,70-80,30-40,LA,Refinance_NoCashout,Primary,Single_Family,ServicerB,360
LN001582,2023-01,223358,5.558,700-739,70-80,40-50,NJ,Refinance_Cashout,Primary,Single_Family,ServicerD,360
LN001583,2023-08,126304,5.955,620-659,90-95,20-30,AL,Refinance_NoCashout,Primary,Single_Family,ServicerD,180
LN001584,2023-11,243983,6.084,660-699,70-80,20-30,WI,Refinance_Cashout,Primary,Single_Family,ServicerE,360
LN001585,2022-12,195702,6.043,620-659,60-70,30-40,IL,Purchase,Primary,Single_Family,ServicerB,240
LN001586,2023-05,319452,5.307,700-739,>95,20-30,LA,Purchase,Primary,Condo,ServicerA,360
LN001587,2022-12,136457,4.112,780+,80-90,>50,SC,Refinance_Cashout,Investment,Condo,ServicerD,180
LN001588,2023-11,111368,5.892,620-659,>95,30-40,MO,Refinance_Cashout,Primary,Condo,ServicerC,360
LN001589,2023-03,221657,6.335,660-699,80-90,30-40,WA,Purchase,Primary,Multi_Family,ServicerD,360
LN001590,2022-03,148011,5.358,740-779,70-80,<20,NY,Refinance_NoCashout,Primary,Single_Family,ServicerA,360
LN001591,2023-10,286718,5.704,700-739,80-90,<20,MD,Purchase,Primary,Condo,ServicerA,360
LN001592,2022-01,265783,5.108,740-779,60-70,30-40,CA,Refinance_Cashout,Primary,Condo,ServicerC,360
LN001593,2023-02,93775,5.541,700-739,70-80,30-40,KY,Purchase,Investment,Condo,ServicerD,180
LN001594,2023-01,290232,6.366,660-699,>95,>50,WI,Refinance_NoCashout,Primary,Townhouse,ServicerC,360
LN001595,2022-04,158935,4.653,740-779,70-80,>50,OK,Refinance_Cashout,Primary,Single_Family,ServicerA,360
LN001596,2023-05,106247,6.029,660-699,80-90,<20,WI,Refinance_Cashout,Primary,Single_Family,ServicerD,360
LN001597,2022-09,245039,5.619,660-699,70-80,20-30,NC,Purchase,Primary,Single_Family,ServicerA,360
LN001598,2022-02,182731,5.415,700-739,<60,30-40,AL,Purchase,Second_Home,Single_Family,ServicerD,360
LN001599,2023-08,89200,4.964,780+,<60,<20,NC,Refinance_Cashout,Primary,Condo,ServicerB,360
LN001600,2023-05,176039,4.886,700-739,>95,30-40,CO,Purchase,Primary,Condo,ServicerA,180
LN001601,2022-06,125803,5.353,700-739,70-80,30-40,CA,Purchase,Second_Home,Single_Family,ServicerE,360
LN001602,2022-08,88535,5.772,660-699,<60,40-50,NJ,Refinance_NoCashout,Primary,Single_Family,ServicerC,360
LN001603,2022-01,186726,4.826,780+,70-80,20-30,OK,Refinance_Cashout,Primary,Single_Family,ServicerC,360
LN001604,2022-02,200775,4.959,740-779,70-80,20-30,AL,Purchase,Primary,Condo,ServicerB,360
LN001605,2023-08,191917,4.82,740-779,>95,>50,MA,Refinance_NoCashout,Primary,Single_Family,ServicerA,360
LN001606,2022-01,104092,5.755,700-739,90-95,30-40,MD,Refinance_NoCashout,Primary,Single_Family,ServicerB,360
LN001607,2023-12,272874,4.613,740-779,>95,20-30,MI,Refinance_NoCashout,Investment,Townhouse,ServicerE,360
LN001608,2023-08,161014,6.262,620-659,70-80,40-50,IL,Refinance_Cashout,Primary,Townhouse,ServicerD,360
LN001609,2023-03,208085,5.639,660-699,70-80,<20,WA,Refinance_NoCashout,Primary,Multi_Family,ServicerE,180
LN001610,2023-12,286855,5.18,740-779,>95,>50,TX,Purchase,Primary,Condo,ServicerC,180
LN001611,2022-12,122811,5.094,700-739,80-90,30-40,CO,Refinance_Cashout,Primary,Single_Family,ServicerD,360
LN001612,2023-09,227709,5.693,660-699,80-90,30-40,SC,Refinance_NoCashout,Primary,Single_Family,ServicerE,360
LN001613,2023-08,311746,5.225,700-739,70-80,<20,TX,Refinance_NoCashout,Primary,Townhouse,ServicerD,360
LN001614,2023-11,158650,5.779,660-699,80-90,<20,WI,Purchase,Primary,Multi_Family,ServicerA,360
LN001615,2022-07,150974,4.667,740-779,80-90,<20,VA,Refinance_NoCashout,Investment,Single_Family,ServicerB,180
LN001616,2023-07,173640,5.152,700-739,90-95,<20,SC,Refinance_NoCashout,Primary,Townhouse,ServicerA,180
LN001617,2022-10,90409,5.11,700-739,70-80,30-40,GA,Refinance_NoCashout,Investment,Single_Family,ServicerB,360
LN001618,2023-07,168130,6.089,620-659,90-95,30-40,UT,Purchase,Primary,Single_Family,ServicerB,360
LN001619,2022-05,227278,5.597,660-699,<60,20-30,CT,Refinance_NoCashout,Second_Home,Single_Family,ServicerA,360
LN001620,2022-09,481165,5.301,700-739,>95,40-50,NJ,Purchase,Primary,Condo,ServicerA,360
LN001621,2022-03,440147,5.527,740-779,<60,40-50,NC,Refinance_NoCashout,Investment,Single_Family,ServicerC,360
LN001622,2022-01,194733,3.863,780+,<60,30-40,KY,Purchase,Primary,Single_Family,ServicerB,180
LN001623,2023-06,285247,5.011,740-779,70-80,40-50,CO,Refinance_NoCashout,Primary,Single_Family,ServicerE,360
LN001624,2023-04,209014,5.918,660-699,>95,20-30,UT,Purchase,Investment,Single_Family,ServicerE,180
LN001625,2023-11,326568,6.048,660-699,>95,30-40,UT,Refinance_NoCashout,Primary,Single_Family,ServicerA,180
LN001626,2023-08,476762,4.871,780+,90-95,20-30,CO,Refinance_NoCashout,Primary,Condo,ServicerB,360
LN001627,2022-09,58543,5.589,700-739,80-90,>50,CO,Refinance_Cashout,Primary,Single_Family,ServicerD,360
LN001628,2023-10,105252,5.962,620-659,60-70,30-40,MN,Refinance_Cashout,Primary,Single_Family,ServicerE,360
LN001629,2022-09,75119,5.406,700-739,80-90,40-50,WA,Refinance_NoCashout,Primary,Condo,ServicerB,360
LN001630,2023-08,172365,4.542,780+,60-70,<20,MI,Purchase,Primary,Single_Family,ServicerB,360
LN001631,2023-09,94090,5.667,660-699,70-80,>50,OH,Purchase,Primary,Townhouse,ServicerD,360
LN001632,2022-10,212875,4.236,780+,80-90,40-50,FL,Refinance_NoCashout,Primary,Single_Family,ServicerD,360
LN001633,2022-08,333216,5.997,620-659,70-80,40-50,AZ,Refinance_Cashout,Primary,Single_Family,ServicerB,360
LN001634,2022-12,369098,4.441,740-779,60-70,40-50,CT,Refinance_Cashout,Primary,Condo,ServicerA,360
LN001635,2023-01,225036,6.957,<620,60-70,30-40,CT,Purchase,Primary,Single_Family,ServicerE,360
LN001636,2022-02,325799,4.818,700-739,90-95,>50,LA,Refinance_Cashout,Primary,Single_Family,ServicerE,360
LN001637,2022-09,439082,4.85,700-739,70-80,<20,LA,Purchase,Primary,Townhouse,ServicerC,360
LN001638,2022-06,381924,5.12,700-739,70-80,30-40,CA,Purchase,Primary,Single_Family,ServicerC,360
LN001639,2023-11,306998,6.174,<620,>95,20-30,OH,Refinance_Cashout,Primary,Single_Family,ServicerB,360
LN001640,2022-03,230022,6.636,<620,>95,20-30,OH,Purchase,Primary,Single_Family,ServicerA,360
LN001641,2023-01,148659,4.783,780+,>95,20-30,WI,Refinance_Cashout,Primary,Single_Family,ServicerE,360
LN001642,2022-01,560324,4.48,780+,80-90,20-30,TN,Purchase,Primary,Multi_Family,ServicerD,240
LN001643,2022-03,203301,5.553,700-739,90-95,30-40,NC,Purchase,Primary,Townhouse,ServicerB,180
LN001644,2022-08,398964,4.42,780+,80-90,30-40,LA,Purchase,Primary,Condo,ServicerA,240
LN001645,2022-01,233894,4.902,740-779,70-80,<20,WI,Refinance_Cashout,Primary,Condo,ServicerC,360
LN001646,2023-10,138271,5.588,700-739,80-90,40-50,MO,Purchase,Primary,Townhouse,ServicerA,360
LN001647,2022-02,251107,6.962,<620,80-90,20-30,CT,Refinance_Cashout,Primary,Condo,ServicerD,360
LN001648,2022-03,144109,5.278,740-779,70-80,>50,AL,Refinance_NoCashout,Primary,Single_Family,ServicerA,360
LN001649,2023-06,277726,5.874,700-739,>95,30-40,LA,Refinance_Cashout,Investment,Single_Family,ServicerA,360
LN001650,2023-09,134381,6.639,620-659,90-95,40-50,LA,Purchase,Primary,Single_Family,ServicerC,360
LN001651,2022-08,330864,4.937,740-779,80-90,>50,IN,Purchase,Primary,Townhouse,ServicerD,180
LN001652,2023-06,211879,5.24,700-739,80-90,20-30,IN,Refinance_NoCashout,Primary,Single_Family,ServicerB,360
LN001653,2023-02,284760,6.332,620-659,60-70,20-30,CT,Refinance_Cashout,Primary,Single_Family,ServicerE,360
LN001654,2023-12,136162,5.434,660-699,80-90,30-40,TX,Purchase,Primary,Condo,ServicerB,360
LN001655,2022-09,121915,6.451,<620,>95,<20,LA,Refinance_Cashout,Primary,Single_Family,ServicerD,360
LN001656,2022-09,185640,4.337,780+,60-70,30-40,GA,Purchase,Second_Home,Single_Family,ServicerE,240
LN001657,2023-12,131373,5.408,700-739,80-90,30-40,TX,Refinance_Cashout,Primary,Single_Family,ServicerD,180
LN001658,2023-08,197755,5.371,700-739,>95,<20,IL,Refinance_Cashout,Primary,Condo,ServicerE,360
LN001659,2023-06,160545,6.236,<620,80-90,20-30,GA,Purchase,Primary,Multi_Family,ServicerA,180
LN001660,2023-11,306722,5.261,660-699,80-90,30-40,MO,Purchase,Second_Home,Single_Family,ServicerC,360
LN001661,2023-03,163846,5.314,700-739,70-80,30-40,MI,Refinance_Cashout,Primary,Townhouse,ServicerC,360
LN001662,2023-09,189897,4.801,780+,70-80,20-30,CT,Purchase,Primary,Single_Family,ServicerA,360
LN001663,2023-07,232784,5.705,620-659,80-90,40-50,LA,Purchase,Primary,Single_Family,ServicerB,240
LN001664,2022-05,644928,5.314,700-739,60-70,20-30,AL,Purchase,Primary,Single_Family,ServicerD,360
LN001665,2023-10,200478,6.352,<620,80-90,<20,TN,Refinance_Cashout,Primary,Single_Family,ServicerD,360
LN001666,2023-06,160617,5.178,740-779,70-80,20-30,IL,Refinance_Cashout,Primary,Townhouse,ServicerE,360
LN001667,2022-01,222905,5.421,700-739,60-70,>50,AZ,Refinance_NoCashout,Investment,Single_Family,ServicerA,360
LN001668,2022-03,167403,5.084,740-779,70-80,<20,IL,Purchase,Primary,Multi_Family,ServicerA,360
LN001669,2022-04,96870,4.861,700-739,60-70,20-30,TN,Refinance_NoCashout,Primary,Condo,ServicerC,360
LN001670,2022-10,149714,5.51,700-739,70-80,30-40,TX,Refinance_NoCashout,Primary,Multi_Family,ServicerA,180
LN001671,2022-05,466116,6.655,620-659,90-95,30-40,WI,Refinance_NoCashout,Investment,Townhouse,ServicerC,360
LN001672,2023-09,316990,5.945,620-659,>95,>50,LA,Purchase,Investment,Townhouse,ServicerD,360
LN001673,2023-06,213167,5.495,700-739,90-95,20-30,OK,Purchase,Second_Home,Single_Family,ServicerB,360
LN001674,2023-02,179066,5.302,740-779,60-70,30-40,FL,Purchase,Primary,Single_Family,ServicerC,180
LN001675,2022-05,132280,5.303,740-779,60-70,20-30,GA,Refinance_Cashout,Primary,Single_Family,ServicerC,360
LN001676,2023-12,183740,4.585,740-779,70-80,40-50,GA,Refinance_Cashout,Investment,Single_Family,ServicerE,360
LN001677,2022-11,191995,5.431,700-739,70-80,20-30,NJ,Refinance_NoCashout,Primary,Single_Family,ServicerA,360
LN001678,2022-02,361331,4.84,740-779,80-90,30-40,NJ,Purchase,Primary,Townhouse,ServicerE,360
LN001679,2022-10,134705,5.387,660-699,90-95,30-40,OH,Refinance_Cashout,Primary,Condo,ServicerE,360
LN001680,2022-02,240545,5.645,660-699,70-80,30-40,IN,Purchase,Primary,Condo,ServicerB,360
LN001681,2022-06,228447,4.213,780+,70-80,20-30,AZ,Refinance_NoCashout,Investment,Single_Family,ServicerA,360
LN001682,2023-12,208162,5.449,700-739,60-70,30-40,AZ,Refinance_Cashout,Primary,Multi_Family,ServicerC,360
LN001683,2023-06,201446,5.061,700-739,70-80,20-30,MA,Refinance_NoCashout,Primary,Townhouse,ServicerC,240
LN001684,2022-01,185458,5.442,700-739,80-90,>50,CA,Purchase,Primary,Condo,ServicerE,360
LN001685,2022-07,278290,4.953,780+,70-80,30-40,FL,Refinance_Cashout,Primary,Single_Family,ServicerB,360
LN001686,2023-01,405316,3.913,780+,70-80,>50,OH,Purchase,Primary,Townhouse,ServicerA,360
LN001687,2022-03,171646,6.317,<620,70-80,<20,OH,Purchase,Primary,Townhouse,ServicerE,360
LN001688,2023-02,105091,5.471,700-739,80-90,20-30,LA,Refinance_NoCashout,Investment,Townhouse,ServicerC,360
LN001689,2022-12,252089,5.739,740-779,80-90,30-40,AL,Refinance_Cashout,Primary,Single_Family,ServicerB,360
LN001690,2022-04,165764,4.498,780+,60-70,20-30,IN,Refinance_Cashout,Primary,Single_Family,ServicerE,360
LN001691,2022-04,521258,4.603,740-779,<60,30-40,PA,Purchase,Second_Home,Single_Family,ServicerA,360
LN001692,2023-05,68991,4.631,780+,<60,<20,NJ,Refinance_Cashout,Primary,Single_Family,ServicerD,240
LN001693,2023-06,208745,4.395,740-779,80-90,<20,MN,Purchase,Primary,Multi_Family,ServicerE,360
LN001694,2023-04,171303,6.042,620-659,80-90,40-50,NC,Purchase,Primary,Single_Family,ServicerD,180
LN001695,2022-03,170695,4.368,780+,60-70,30-40,OK,Purchase,Primary,Single_Family,ServicerC,360
LN001696,2023-02,154628,4.792,740-779,70-80,<20,MN,Purchase,Primary,Multi_Family,ServicerE,180
LN001697,2023-11,228325,4.621,740-779,70-80,30-40,KY,Refinance_Cashout,Primary,Townhouse,ServicerA,360
LN001698,2022-09,241844,5.091,740-779,70-80,>50,SC,Refinance_Cashout,Primary,Condo,ServicerA,240
LN001699,2022-09,279098,4.186,780+,>95,30-40,OH,Refinance_NoCashout,Primary,Townhouse,ServicerB,360
LN001700,2022-09,114457,5.788,620-659,>95,20-30,WA,Refinance_Cashout,Primary,Townhouse,ServicerE,180
LN001701,2023-01,409802,6.992,<620,60-70,30-40,TX,Purchase,Investment,Multi_Family,ServicerC,360
LN001702,2023-12,117041,5.185,700-739,>95,20-30,FL,Refinance_NoCashout,Primary,Single_Family,ServicerB,360
LN001703,2023-11,256210,4.621,780+,70-80,40-50,NC,Purchase,Second_Home,Condo,ServicerB,240
LN001704,2022-11,402774,4.856,780+,90-95,30-40,OR,Refinance_NoCashout,Primary,Multi_Family,ServicerC,360
LN001705,2023-07,641573,5.301,660-699,<60,20-30,OR,Purchase,Primary,Single_Family,ServicerA,180
LN001706,2022-06,210946,5.585,700-739,80-90,40-50,FL,Refinance_NoCashout,Investment,Single_Family,ServicerD,360
LN001707,2023-09,226974,4.892,780+,70-80,<20,GA,Refinance_Cashout,Primary,Single_Family,ServicerE,360
LN001708,2022-12,102900,5.642,660-699,80-90,30-40,OK,Purchase,Primary,Townhouse,ServicerA,360
LN001709,2023-11,343388,6.171,620-659,80-90,30-40,MA,Refinance_NoCashout,Primary,Single_Family,ServicerB,360
LN001710,2023-04,315045,4.27,780+,80-90,<20,MD,Purchase,Investment,Single_Family,ServicerC,360
LN001711,2022-03,87349,5.361,700-739,80-90,>50,WI,Purchase,Primary,Single_Family,ServicerA,360
LN001712,2023-02,166181,4.476,740-779,80-90,<20,KY,Refinance_Cashout,Primary,Single_Family,ServicerE,360
LN001713,2023-01,209463,5.224,660-699,80-90,>50,AZ,Refinance_NoCashout,Primary,Single_Family,ServicerC,240
LN001714,2023-09,257713,4.307,780+,80-90,>50,UT,Purchase,Primary,Townhouse,ServicerC,360
LN001715,2022-11,247181,4.834,740-779,80-90,20-30,TN,Purchase,Primary,Townhouse,ServicerA,360
LN001716,2022-02,228506,5.189,740-779,60-70,20-30,VA,Purchase,Primary,Condo,ServicerD,360
LN001717,2023-09,135217,4.92,780+,80-90,20-30,IN,Purchase,Primary,Condo,ServicerB,360
LN001718,2023-08,261743,5.33,700-739,60-70,30-40,MI,Purchase,Investment,Single_Family,ServicerC,180
LN001719,2023-02,237492,6.201,620-659,70-80,>50,OH,Refinance_Cashout,Primary,Condo,ServicerE,360
LN001720,2022-05,119576,5.911,620-659,90-95,20-30,CT,Refinance_NoCashout,Investment,Condo,ServicerE,180
LN001721,2022-04,444365,5.526,660-699,70-80,20-30,AZ,Purchase,Second_Home,Condo,ServicerE,360
LN001722,2023-04,133265,5.372,660-699,<60,>50,AL,Refinance_NoCashout,Primary,Townhouse,ServicerD,360
LN001723,2023-11,339691,5.195,660-699,<60,<20,TX,Purchase,Primary,Single_Family,ServicerE,360
LN001724,2022-02,281042,6.191,620-659,70-80,30-40,WI,Refinance_NoCashout,Primary,Single_Family,ServicerA,240
LN001725,2022-10,108841,5.657,700-739,<60,<20,AZ,Purchase,Primary,Single_Family,ServicerE,180
LN001726,2023-10,163446,4.973,740-779,>95,<20,NJ,Refinance_NoCashout,Primary,Single_Family,ServicerC,360
LN001727,2023-10,120296,5.431,740-779,60-70,20-30,KY,Purchase,Investment,Single_Family,ServicerD,360
LN001728,2023-11,101818,5.564,660-699,<60,30-40,TX,Refinance_NoCashout,Primary,Condo,ServicerC,360
LN001729,2023-05,142308,5.564,700-739,70-80,<20,OH,Refinance_Cashout,Primary,Townhouse,ServicerC,360
LN001730,2022-04,143178,4.745,780+,70-80,20-30,IN,Purchase,Investment,Single_Family,ServicerC,360
LN001731,2022-12,410220,5.739,660-699,80-90,30-40,AZ,Purchase,Primary,Single_Family,ServicerC,360
LN001732,2022-09,220335,4.996,740-779,<60,>50,IL,Purchase,Primary,Single_Family,ServicerB,240
LN001733,2023-06,202445,5.384,660-699,60-70,20-30,LA,Refinance_Cashout,Primary,Townhouse,ServicerD,180
LN001734,2023-09,510875,5.707,700-739,70-80,>50,KY,Refinance_NoCashout,Primary,Single_Family,ServicerA,240
LN001735,2023-08,396484,4.902,740-779,60-70,20-30,AL,Refinance_Cashout,Primary,Single_Family,ServicerD,240
LN001736,2023-12,322358,5.919,660-699,80-90,20-30,NC,Purchase,Investment,Single_Family,ServicerE,360
LN001737,2022-01,177721,4.732,700-739,90-95,20-30,LA,Refinance_Cashout,Primary,Single_Family,ServicerC,180
LN001738,2023-12,364764,6.069,660-699,>95,20-30,AL,Refinance_Cashout,Second_Home,Single_Family,ServicerA,360
LN001739,2022-09,246565,6.162,620-659,80-90,30-40,MI,Purchase,Primary,Single_Family,ServicerD,360
LN001740,2022-05,81607,5.42,700-739,70-80,<20,MO,Purchase,Primary,Condo,ServicerC,180
LN001741,2023-03,266266,5.793,700-739,60-70,20-30,MI,Purchase,Primary,Single_Family,ServicerA,360
LN001742,2023-04,125679,6.258,<620,80-90,30-40,WA,Refinance_NoCashout,Primary,Single_Family,ServicerB,360
LN001743,2022-08,464094,5.036,700-739,70-80,>50,TN,Purchase,Primary,Single_Family,ServicerE,360
LN001744,2023-07,129777,4.853,740-779,70-80,30-40,NJ,Refinance_Cashout,Primary,Single_Family,ServicerE,240
LN001745,2022-02,646330,5.472,740-779,70-80,30-40,MN,Refinance_Cashout,Investment,Single_Family,ServicerE,180
LN001746,2022-05,238424,5.287,660-699,80-90,40-50,TN,Purchase,Primary,Single_Family,ServicerA,180
LN001747,2023-05,215154,4.473,780+,>95,30-40,CA,Refinance_Cashout,Primary,Townhouse,ServicerC,360
LN001748,2022-07,96137,4.268,780+,60-70,20-30,PA,Purchase,Primary,Townhouse,ServicerA,360
LN001749,2022-02,235722,6.475,<620,70-80,20-30,WA,Refinance_NoCashout,Investment,Multi_Family,ServicerD,360
LN001750,2022-12,268915,4.929,740-779,80-90,20-30,MI,Refinance_Cashout,Second_Home,Single_Family,ServicerE,180
LN001751,2022-07,335748,4.546,780+,70-80,20-30,NC,Refinance_Cashout,Primary,Multi_Family,ServicerC,360
LN001752,2023-06,415522,5.851,620-659,80-90,20-30,MN,Refinance_NoCashout,Primary,Townhouse,ServicerD,360
LN001753,2022-06,170737,6.057,620-659,70-80,40-50,MO,Refinance_Cashout,Primary,Condo,ServicerB,360
LN001754,2022-07,131264,5.117,660-699,90-95,30-40,IN,Refinance_Cashout,Second_Home,Single_Family,ServicerD,360
LN001755,2022-10,190510,4.805,700-739,80-90,>50,LA,Refinance_Cashout,Investment,Condo,ServicerD,360
LN001756,2023-05,179749,6.302,620-659,>95,<20,VA,Purchase,Primary,Condo,ServicerB,360
LN001757,2022-01,157842,4.711,780+,<60,40-50,PA,Refinance_NoCashout,Primary,Single_Family,ServicerB,360
LN001758,2022-06,199418,4.828,740-779,80-90,40-50,MN,Refinance_NoCashout,Primary,Condo,ServicerA,360
LN001759,2023-05,196160,6.658,620-659,80-90,40-50,VA,Purchase,Second_Home,Single_Family,ServicerB,360
LN001760,2023-11,212113,6.49,<620,80-90,30-40,MI,Refinance_NoCashout,Primary,Townhouse,ServicerB,360
LN001761,2023-03,477495,4.966,740-779,80-90,30-40,MD,Purchase,Primary,Townhouse,ServicerE,240
LN001762,2023-12,114867,5.417,700-739,70-80,<20,UT,Purchase,Primary,Single_Family,ServicerE,240
LN001763,2022-11,261433,6.178,<620,<60,20-30,MD,Refinance_NoCashout,Primary,Single_Family,ServicerB,360
LN001764,2022-07,89578,6.211,<620,90-95,30-40,MA,Refinance_Cashout,Primary,Single_Family,ServicerD,360
LN001765,2023-10,222961,5.796,660-699,<60,30-40,PA,Refinance_NoCashout,Primary,Condo,ServicerA,360
LN001766,2022-03,103996,4.817,700-739,60-70,20-30,MI,Refinance_Cashout,Primary,Single_Family,ServicerA,360
LN001767,2023-10,163868,4.69,740-779,90-95,30-40,MN,Refinance_Cashout,Primary,Condo,ServicerA,360
LN001768,2022-05,284941,4.65,780+,60-70,20-30,NJ,Refinance_NoCashout,Primary,Townhouse,ServicerC,360
LN001769,2023-03,541790,6.322,<620,70-80,30-40,NC,Refinance_Cashout,Primary,Single_Family,ServicerC,240
LN001770,2023-09,224491,5.202,700-739,80-90,>50,OR,Refinance_Cashout,Investment,Single_Family,ServicerA,240
LN001771,2023-04,211777,4.695,740-779,80-90,>50,FL,Refinance_NoCashout,Primary,Single_Family,ServicerC,360
LN001772,2023-12,113317,6.379,<620,70-80,20-30,TN,Refinance_Cashout,Second_Home,Single_Family,ServicerB,360
LN001773,2023-05,233822,5.486,700-739,80-90,30-40,MA,Purchase,Primary,Single_Family,ServicerA,360
LN001774,2023-06,385870,5.094,700-739,70-80,<20,AL,Refinance_NoCashout,Primary,Single_Family,ServicerA,240
LN001775,2022-05,491480,4.281,780+,90-95,40-50,MI,Refinance_Cashout,Primary,Single_Family,ServicerD,360
LN001776,2022-02,195886,5.813,620-659,90-95,>50,OR,Purchase,Primary,Single_Family,ServicerB,360
LN001777,2022-02,144159,6.344,<620,70-80,>50,PA,Purchase,Primary,Single_Family,ServicerC,360
LN001778,2022-04,306588,4.421,780+,<60,<20,KY,Purchase,Primary,Single_Family,ServicerA,180
LN001779,2023-01,285762,4.741,740-779,70-80,20-30,FL,Refinance_Cashout,Investment,Single_Family,ServicerE,360
LN001780,2022-06,166344,5.26,700-739,80-90,20-30,GA,Purchase,Primary,Condo,ServicerD,240
LN001781,2023-11,193975,6.898,<620,70-80,20-30,TX,Refinance_NoCashout,Primary,Multi_Family,ServicerE,360
LN001782,2022-08,105307,5.406,660-699,>95,20-30,UT,Purchase,Primary,Single_Family,ServicerB,360
LN001783,2022-04,135933,5.341,700-739,80-90,40-50,OK,Refinance_NoCashout,Second_Home,Multi_Family,ServicerC,180
LN001784,2023-04,137973,4.097,780+,80-90,<20,MO,Purchase,Primary,Townhouse,ServicerA,240
LN001785,2023-01,158818,4.978,700-739,80-90,20-30,LA,Refinance_NoCashout,Second_Home,Single_Family,ServicerE,240
LN001786,2023-02,268396,6.432,<620,80-90,<20,MN,Purchase,Primary,Single_Family,ServicerA,360
LN001787,2022-08,156120,5.019,780+,90-95,>50,CT,Refinance_Cashout,Primary,Townhouse,ServicerC,360
LN001788,2023-04,174759,5.121,780+,60-70,40-50,IN,Refinance_NoCashout,Investment,Townhouse,ServicerB,180
LN001789,2022-04,193764,5.028,740-779,60-70,<20,MN,Refinance_Cashout,Primary,Single_Family,ServicerD,180
LN001790,2022-06,191043,5.936,700-739,70-80,20-30,FL,Refinance_Cashout,Primary,Condo,ServicerC,240
LN001791,2023-02,217890,5.112,740-779,90-95,<20,NJ,Refinance_NoCashout,Primary,Condo,ServicerA,360
LN001792,2023-10,388094,5.192,700-739,80-90,20-30,UT,Purchase,Second_Home,Single_Family,ServicerE,240
LN001793,2022-06,129776,4.629,700-739,<60,20-30,NY,Purchase,Primary,Condo,ServicerD,180
LN001794,2023-12,351566,4.772,780+,<60,>50,AZ,Purchase,Investment,Condo,ServicerB,360
LN001795,2023-07,225089,4.486,780+,80-90,30-40,NC,Purchase,Investment,Single_Family,ServicerD,360
LN001796,2022-08,275338,6.148,620-659,70-80,30-40,VA,Refinance_Cashout,Primary,Single_Family,ServicerC,360
LN001797,2023-07,145733,5.768,660-699,>95,<20,TX,Purchase,Primary,Single_Family,ServicerC,240
LN001798,2022-02,193850,4.721,740-779,60-70,30-40,IL,Refinance_Cashout,Primary,Single_Family,ServicerE,180
LN001799,2022-11,180286,5.779,620-659,60-70,30-40,IN,Purchase,Primary,Single_Family,ServicerE,360
LN001800,2022-11,119820,6.711,<620,90-95,30-40,CA,Refinance_Cashout,Primary,Single_Family,ServicerC,360
LN001801,2023-01,105793,5.34,740-779,70-80,40-50,NY,Refinance_Cashout,Primary,Multi_Family,ServicerD,360
LN001802,2023-09,215879,4.943,700-739,90-95,>50,NC,Refinance_Cashout,Primary,Condo,ServicerC,360
LN001803,2023-03,140616,6.299,620-659,70-80,30-40,CT,Refinance_NoCashout,Primary,Condo,ServicerB,360
LN001804,2023-01,356556,5.388,700-739,<60,20-30,KY,Refinance_Cashout,Second_Home,Condo,ServicerB,360
LN001805,2023-08,154992,4.725,740-779,70-80,<20,IN,Purchase,Primary,Townhouse,ServicerD,360
LN001806,2022-01,320527,5.65,660-699,80-90,20-30,NC,Refinance_Cashout,Primary,Single_Family,ServicerD,360
LN001807,2023-02,395687,5.928,660-699,70-80,20-30,OK,Purchase,Primary,Single_Family,ServicerE,360
LN001808,2023-08,89355,5.09,700-739,70-80,>50,OR,Purchase,Primary,Single_Family,ServicerC,180
LN001809,2023-06,396752,5.979,660-699,80-90,20-30,CA,Purchase,Primary,Single_Family,ServicerE,240
LN001810,2023-09,259621,4.591,740-779,80-90,<20,AZ,Refinance_Cashout,Primary,Single_Family,ServicerE,240
LN001811,2022-01,153746,6.341,<620,70-80,30-40,CO,Refinance_Cashout,Primary,Townhouse,ServicerA,240
LN001812,2022-12,128305,5.485,660-699,80-90,30-40,NY,Refinance_Cashout,Primary,Condo,ServicerE,360
LN001813,2022-08,113191,5.695,660-699,>95,<20,NJ,Purchase,Primary,Condo,ServicerA,360
LN001814,2023-03,532568,5.026,740-779,80-90,20-30,KY,Refinance_NoCashout,Primary,Condo,ServicerB,360
LN001815,2023-05,302399,5.712,660-699,90-95,30-40,MO,Purchase,Primary,Single_Family,ServicerE,360
LN001816,2023-04,164276,5.525,700-739,>95,40-50,NY,Purchase,Primary,Single_Family,ServicerB,240
LN001817,2023-07,134912,6.217,620-659,80-90,30-40,PA,Refinance_Cashout,Second_Home,Condo,ServicerE,240
LN001818,2023-05,204563,4.556,780+,60-70,30-40,MI,Purchase,Primary,Condo,ServicerA,360
LN001819,2022-05,177042,4.365,780+,80-90,>50,MO,Refinance_NoCashout,Primary,Single_Family,ServicerC,360
LN001820,2023-01,546407,4.778,700-739,60-70,30-40,CT,Refinance_Cashout,Primary,Single_Family,ServicerB,360
LN001821,2023-04,536757,5.026,740-779,<60,40-50,MN,Purchase,Investment,Single_Family,ServicerD,360
LN001822,2022-02,94807,4.276,780+,80-90,>50,OK,Purchase,Primary,Condo,ServicerB,360
LN001823,2022-08,429696,6.321,<620,70-80,30-40,TX,Refinance_Cashout,Investment,Multi_Family,ServicerD,180
LN001824,2023-04,118192,6.359,660-699,70-80,30-40,CO,Refinance_Cashout,Second_Home,Condo,ServicerB,180
LN001825,2022-03,204721,5.13,700-739,80-90,<20,NY,Purchase,Primary,Single_Family,ServicerC,360
LN001826,2022-11,235114,4.221,780+,60-70,30-40,TN,Purchase,Primary,Multi_Family,ServicerA,360
LN001827,2023-11,555765,4.889,700-739,<60,<20,SC,Purchase,Primary,Single_Family,ServicerB,360
LN001828,2022-06,141797,5.309,700-739,70-80,30-40,IN,Purchase,Investment,Condo,ServicerB,240
LN001829,2022-12,221277,5.442,620-659,<60,40-50,TN,Purchase,Primary,Single_Family,ServicerA,360
LN001830,2022-08,505826,4.737,740-779,>95,40-50,OR,Purchase,Primary,Single_Family,ServicerB,360
LN001831,2023-04,264827,6.088,620-659,90-95,40-50,VA,Refinance_Cashout,Primary,Condo,ServicerA,360
LN001832,2023-05,191563,5.684,700-739,80-90,20-30,GA,Refinance_NoCashout,Primary,Single_Family,ServicerA,360
LN001833,2023-12,208728,5.092,700-739,80-90,20-30,WA,Refinance_NoCashout,Investment,Condo,ServicerD,360
LN001834,2022-07,283443,5.603,660-699,90-95,30-40,TN,Purchase,Second_Home,Townhouse,ServicerB,180
LN001835,2022-06,128816,4.854,740-779,60-70,>50,CO,Refinance_NoCashout,Primary,Townhouse,ServicerA,360
LN001836,2022-03,222398,6.003,660-699,<60,40-50,MD,Refinance_NoCashout,Primary,Condo,ServicerC,360
LN001837,2023-11,228447,4.825,740-779,70-80,30-40,MD,Refinance_NoCashout,Primary,Townhouse,ServicerD,360
LN001838,2023-06,273036,6.653,<620,90-95,30-40,SC,Purchase,Primary,Single_Family,ServicerC,360
LN001839,2022-12,357047,5.494,700-739,80-90,20-30,MI,Refinance_Cashout,Investment,Townhouse,ServicerC,360
LN001840,2022-04,322124,4.905,740-779,90-95,20-30,IN,Refinance_NoCashout,Primary,Single_Family,ServicerA,240
LN001841,2023-01,142354,4.346,740-779,70-80,20-30,NJ,Refinance_NoCashout,Investment,Multi_Family,ServicerE,360
LN001842,2022-10,562946,5.292,740-779,80-90,20-30,FL,Refinance_NoCashout,Primary,Single_Family,ServicerE,360
LN001843,2023-09,176172,5.092,700-739,80-90,20-30,OK,Purchase,Primary,Single_Family,ServicerA,360
LN001844,2023-12,285686,5.458,660-699,>95,>50,GA,Refinance_Cashout,Primary,Condo,ServicerC,360
LN001845,2023-10,76480,4.898,780+,80-90,20-30,NY,Purchase,Primary,Multi_Family,ServicerC,240
LN001846,2022-12,138743,4.994,740-779,70-80,20-30,CT,Purchase,Primary,Townhouse,ServicerD,360
LN001847,2023-05,92501,5.401,660-699,70-80,40-50,PA,Purchase,Investment,Condo,ServicerE,360
LN001848,2023-02,230969,4.605,780+,70-80,40-50,IL,Refinance_NoCashout,Primary,Single_Family,ServicerA,240
LN001849,2023-09,589019,4.744,780+,>95,<20,NY,Refinance_Cashout,Primary,Condo,ServicerE,240
LN001850,2023-11,102175,5.291,660-699,70-80,20-30,WI,Purchase,Primary,Single_Family,ServicerD,360
LN001851,2023-12,358971,6.28,620-659,>95,<20,NJ,Purchase,Primary,Condo,ServicerD,360
LN001852,2022-11,105788,5.163,740-779,80-90,30-40,GA,Refinance_NoCashout,Primary,Single_Family,ServicerB,180
LN001853,2023-02,198152,5.038,740-779,80-90,30-40,AZ,Refinance_Cashout,Primary,Single_Family,ServicerC,360
LN001854,2022-05,184605,4.966,700-739,60-70,20-30,TX,Refinance_NoCashout,Second_Home,Single_Family,ServicerB,360
LN001855,2022-02,137288,6.775,<620,70-80,<20,MO,Refinance_NoCashout,Second_Home,Townhouse,ServicerE,360
LN001856,2023-12,177297,6.229,620-659,80-90,30-40,OR,Purchase,Primary,Single_Family,ServicerD,240
LN001857,2022-07,137716,5.576,700-739,60-70,20-30,NJ,Refinance_NoCashout,Primary,Single_Family,ServicerA,360
LN001858,2023-11,174607,4.287,700-739,60-70,30-40,KY,Refinance_NoCashout,Investment,Condo,ServicerD,360
LN001859,2022-02,256120,4.58,780+,>95,20-30,MA,Refinance_Cashout,Primary,Single_Family,ServicerE,240
LN001860,2023-03,78542,5.341,700-739,60-70,30-40,OR,Refinance_NoCashout,Primary,Single_Family,ServicerA,360
LN001861,2022-02,645541,4.73,780+,70-80,40-50,PA,Purchase,Second_Home,Townhouse,ServicerC,360
LN001862,2022-06,50000,5.395,660-699,80-90,20-30,KY,Refinance_Cashout,Investment,Single_Family,ServicerA,180
LN001863,2022-11,128571,5.317,700-739,70-80,30-40,KY,Purchase,Primary,Single_Family,ServicerD,360
LN001864,2023-06,292146,5.521,700-739,70-80,20-30,OR,Purchase,Primary,Single_Family,ServicerB,360
LN001865,2022-04,377550,4.394,780+,60-70,30-40,AZ,Refinance_Cashout,Primary,Single_Family,ServicerC,360
LN001866,2022-12,115851,6.023,660-699,70-80,<20,MO,Purchase,Primary,Condo,ServicerD,360
LN001867,2023-11,209876,4.992,700-739,90-95,20-30,MO,Refinance_Cashout,Primary,Condo,ServicerA,360
LN001868,2023-02,100697,5.904,660-699,80-90,30-40,TX,Refinance_NoCashout,Primary,Single_Family,ServicerA,240
LN001869,2023-03,503614,6.213,620-659,70-80,40-50,MI,Refinance_Cashout,Second_Home,Single_Family,ServicerB,360
LN001870,2022-10,91900,5.162,700-739,80-90,20-30,GA,Refinance_Cashout,Primary,Single_Family,ServicerC,360
LN001871,2023-11,264546,5.543,700-739,80-90,>50,AL,Refinance_NoCashout,Primary,Single_Family,ServicerB,240
LN001872,2022-02,255293,5.309,700-739,70-80,20-30,WI,Refinance_Cashout,Primary,Multi_Family,ServicerE,360
LN001873,2022-10,230793,6.281,620-659,70-80,30-40,SC,Refinance_Cashout,Investment,Single_Family,ServicerC,360
LN001874,2022-11,322086,5.494,660-699,90-95,<20,VA,Refinance_Cashout,Primary,Single_Family,ServicerC,360
LN001875,2022-04,120871,5.966,660-699,<60,20-30,FL,Purchase,Primary,Single_Family,ServicerB,360
LN001876,2023-08,239328,5.085,740-779,70-80,<20,OK,Purchase,Second_Home,Single_Family,ServicerA,240
LN001877,2023-05,330695,4.672,700-739,60-70,30-40,OK,Purchase,Primary,Single_Family,ServicerD,360
LN001878,2023-03,265908,5.335,700-739,70-80,>50,NY,Refinance_Cashout,Primary,Single_Family,ServicerA,360
LN001879,2022-10,317255,4.683,780+,>95,20-30,UT,Refinance_Cashout,Investment,Single_Family,ServicerB,360
LN001880,2023-06,120469,5.114,700-739,>95,30-40,OR,Refinance_NoCashout,Investment,Single_Family,ServicerB,360
LN001881,2023-01,105416,5.548,660-699,>95,>50,SC,Refinance_NoCashout,Primary,Condo,ServicerB,360
LN001882,2023-04,381918,4.736,780+,70-80,40-50,WI,Refinance_Cashout,Second_Home,Multi_Family,ServicerE,180
LN001883,2022-07,647781,5.478,700-739,90-95,>50,OR,Purchase,Investment,Condo,ServicerE,360
LN001884,2022-10,166740,5.5,740-779,60-70,<20,MO,Refinance_Cashout,Primary,Condo,ServicerD,360
LN001885,2022-03,325874,6.134,<620,70-80,20-30,SC,Purchase,Primary,Single_Family,ServicerD,360
LN001886,2023-12,238800,5.473,700-739,80-90,40-50,LA,Purchase,Primary,Single_Family,ServicerB,360
LN001887,2022-10,335863,6.24,660-699,80-90,>50,OK,Purchase,Primary,Single_Family,ServicerE,240
LN001888,2022-08,239784,5.534,660-699,90-95,<20,LA,Refinance_NoCashout,Primary,Townhouse,ServicerE,360
LN001889,2023-08,192121,6.779,<620,80-90,30-40,CT,Refinance_NoCashout,Primary,Single_Family,ServicerE,180
LN001890,2022-10,204231,4.202,780+,70-80,<20,MN,Refinance_NoCashout,Primary,Single_Family,ServicerC,180
LN001891,2022-09,209877,5.212,740-779,80-90,<20,UT,Refinance_Cashout,Primary,Multi_Family,ServicerE,360
LN001892,2022-03,134114,6.742,<620,60-70,<20,CT,Purchase,Investment,Multi_Family,ServicerE,360
LN001893,2022-06,135308,4.523,740-779,<60,30-40,LA,Refinance_NoCashout,Second_Home,Single_Family,ServicerE,360
LN001894,2022-04,223244,5.461,660-699,80-90,20-30,MN,Refinance_Cashout,Primary,Condo,ServicerD,360
LN001895,2022-11,280538,5.465,700-739,80-90,20-30,CT,Purchase,Investment,Townhouse,ServicerD,360
LN001896,2023-08,82933,4.782,740-779,60-70,30-40,KY,Refinance_Cashout,Primary,Condo,ServicerA,360
LN001897,2023-03,192302,6.874,<620,70-80,40-50,OH,Purchase,Primary,Single_Family,ServicerA,360
LN001898,2022-01,591877,4.382,780+,90-95,20-30,MD,Purchase,Primary,Single_Family,ServicerE,240
LN001899,2023-05,62557,6.118,620-659,80-90,40-50,MD,Purchase,Primary,Single_Family,ServicerC,360
LN001900,2022-01,267784,6.56,620-659,>95,<20,OR,Refinance_NoCashout,Primary,Single_Family,ServicerE,240
LN001901,2023-04,309018,5.71,700-739,90-95,<20,MD,Refinance_NoCashout,Primary,Multi_Family,ServicerE,360
LN001902,2022-04,131298,6.696,<620,<60,30-40,TX,Purchase,Primary,Single_Family,ServicerC,360
LN001903,2023-12,173645,5.17,660-699,60-70,>50,WI,Purchase,Primary,Condo,ServicerA,360
LN001904,2022-01,261334,4.579,780+,80-90,>50,OH,Purchase,Second_Home,Condo,ServicerB,180
LN001905,2022-12,78445,6.003,620-659,<60,40-50,CA,Purchase,Investment,Single_Family,ServicerB,360
LN001906,2022-07,205895,5.24,700-739,70-80,30-40,CO,Refinance_NoCashout,Primary,Single_Family,ServicerE,360
LN001907,2022-10,248319,5.424,660-699,70-80,<20,UT,Purchase,Investment,Condo,ServicerE,360
LN001908,2023-09,425446,5.236,660-699,80-90,<20,CT,Refinance_Cashout,Second_Home,Single_Family,ServicerD,240
LN001909,2023-06,179652,7.111,<620,<60,30-40,IN,Refinance_Cashout,Second_Home,Single_Family,ServicerA,360
LN001910,2022-09,225781,4.707,700-739,<60,>50,WI,Refinance_NoCashout,Second_Home,Condo,ServicerA,180
LN001911,2023-08,265222,4.521,740-779,70-80,40-50,TX,Refinance_NoCashout,Primary,Townhouse,ServicerC,180
LN001912,2022-12,226518,5.158,700-739,70-80,30-40,PA,Purchase,Primary,Multi_Family,ServicerE,360
LN001913,2023-05,281906,5.639,660-699,80-90,<20,NJ,Purchase,Primary,Condo,ServicerE,360
LN001914,2022-03,75965,5.097,740-779,80-90,30-40,NJ,Purchase,Primary,Single_Family,ServicerE,240
LN001915,2023-06,157975,5.75,620-659,>95,40-50,IL,Refinance_Cashout,Primary,Condo,ServicerE,360
LN001916,2022-10,121392,6.714,<620,>95,40-50,CO,Refinance_Cashout,Second_Home,Multi_Family,ServicerD,360
LN001917,2022-01,173709,5.593,660-699,90-95,40-50,MA,Purchase,Primary,Single_Family,ServicerD,360
LN001918,2023-05,608144,5.689,700-739,60-70,30-40,WI,Refinance_NoCashout,Primary,Townhouse,ServicerD,180
LN001919,2022-04,223746,5.011,700-739,80-90,<20,OR,Purchase,Primary,Multi_Family,ServicerA,360
LN001920,2022-07,529210,6.782,<620,60-70,40-50,PA,Refinance_NoCashout,Second_Home,Single_Family,ServicerB,360
LN001921,2022-07,112795,4.802,740-779,>95,<20,MD,Refinance_NoCashout,Primary,Single_Family,ServicerB,240
LN001922,2022-08,138878,5.877,620-659,70-80,20-30,AL,Purchase,Primary,Condo,ServicerD,360
LN001923,2022-02,287842,5.835,660-699,90-95,40-50,NJ,Refinance_Cashout,Primary,Single_Family,ServicerE,180
LN001924,2022-02,145368,5.779,660-699,>95,>50,GA,Refinance_Cashout,Primary,Multi_Family,ServicerC,360
LN001925,2023-06,168780,5.056,660-699,60-70,>50,MN,Refinance_Cashout,Primary,Multi_Family,ServicerB,360
LN001926,2023-11,88288,5.236,700-739,80-90,20-30,OR,Refinance_NoCashout,Primary,Multi_Family,ServicerB,180
LN001927,2023-08,85631,5.218,700-739,90-95,40-50,WI,Purchase,Primary,Condo,ServicerC,360
LN001928,2023-11,177274,5.024,700-739,<60,20-30,IL,Purchase,Investment,Townhouse,ServicerD,360
LN001929,2023-03,82733,6.3,660-699,<60,40-50,OK,Purchase,Primary,Single_Family,ServicerA,360
LN001930,2022-03,166059,5.016,740-779,<60,20-30,NC,Purchase,Second_Home,Single_Family,ServicerA,360
LN001931,2022-02,418343,5.064,700-739,80-90,<20,WI,Purchase,Investment,Townhouse,ServicerD,360
LN001932,2023-08,800000,5.169,700-739,80-90,<20,AZ,Refinance_NoCashout,Investment,Single_Family,ServicerE,360
LN001933,2022-10,339561,6.103,700-739,90-95,<20,MD,Purchase,Investment,Single_Family,ServicerE,360
LN001934,2023-03,303788,5.468,700-739,<60,20-30,GA,Refinance_Cashout,Primary,Condo,ServicerB,180
LN001935,2022-10,264140,6.332,620-659,70-80,>50,TX,Purchase,Investment,Condo,ServicerE,360
LN001936,2022-07,700547,5.483,660-699,90-95,30-40,AL,Refinance_Cashout,Primary,Single_Family,ServicerE,360
LN001937,2023-10,226729,4.044,780+,70-80,30-40,FL,Purchase,Investment,Townhouse,ServicerB,360
LN001938,2022-01,73842,5.885,660-699,70-80,20-30,IN,Purchase,Second_Home,Single_Family,ServicerD,360
LN001939,2022-02,145210,6.156,620-659,80-90,>50,IN,Refinance_NoCashout,Primary,Condo,ServicerE,360
LN001940,2022-11,238810,5.096,740-779,80-90,20-30,FL,Refinance_Cashout,Investment,Single_Family,ServicerC,360
LN001941,2023-10,295851,5.144,740-779,>95,30-40,SC,Purchase,Second_Home,Multi_Family,ServicerA,360
LN001942,2023-02,86759,5.652,700-739,80-90,20-30,OH,Refinance_NoCashout,Primary,Townhouse,ServicerE,360
LN001943,2023-10,289675,5.379,660-699,70-80,>50,CA,Refinance_NoCashout,Primary,Single_Family,ServicerE,360
LN001944,2022-09,213537,6.052,660-699,60-70,<20,KY,Refinance_NoCashout,Primary,Single_Family,ServicerC,360
LN001945,2023-12,390762,5.342,740-779,>95,20-30,LA,Refinance_NoCashout,Second_Home,Single_Family,ServicerC,360
LN001946,2022-04,347973,5.691,700-739,70-80,20-30,UT,Purchase,Primary,Single_Family,ServicerE,180
LN001947,2023-01,399327,6.421,<620,70-80,40-50,KY,Refinance_Cashout,Primary,Condo,ServicerC,360
LN001948,2023-12,227120,5.367,700-739,80-90,30-40,FL,Purchase,Primary,Condo,ServicerD,360
LN001949,2022-08,213563,4.597,740-779,80-90,>50,CT,Refinance_Cashout,Primary,Multi_Family,ServicerC,360
LN001950,2023-09,126173,5.478,700-739,90-95,20-30,FL,Refinance_Cashout,Primary,Single_Family,ServicerC,360
LN001951,2022-04,260227,6.023,620-659,60-70,30-40,OR,Purchase,Primary,Single_Family,ServicerC,360
LN001952,2022-02,648539,4.261,780+,70-80,30-40,IN,Refinance_NoCashout,Primary,Condo,ServicerC,180
LN001953,2023-11,191673,4.693,780+,70-80,30-40,KY,Refinance_NoCashout,Primary,Townhouse,ServicerA,240
LN001954,2022-04,200751,5.839,660-699,60-70,30-40,NC,Refinance_Cashout,Primary,Condo,ServicerA,360
LN001955,2023-03,282603,4.811,700-739,<60,<20,CA,Purchase,Primary,Single_Family,ServicerE,360
LN001956,2023-04,155520,4.715,740-779,60-70,<20,NC,Refinance_NoCashout,Investment,Condo,ServicerB,360
LN001957,2023-01,159920,6.367,<620,90-95,40-50,MN,Purchase,Investment,Condo,ServicerB,360
LN001958,2022-04,141930,5.101,740-779,70-80,<20,MA,Purchase,Primary,Single_Family,ServicerA,360
LN001959,2023-11,394394,4.515,780+,>95,20-30,GA,Refinance_NoCashout,Primary,Single_Family,ServicerA,360
LN001960,2022-11,162177,4.93,700-739,80-90,20-30,OK,Purchase,Primary,Multi_Family,ServicerA,360
LN001961,2022-08,326456,5.494,700-739,>95,20-30,MI,Refinance_Cashout,Primary,Single_Family,ServicerD,360
LN001962,2023-03,247719,3.897,780+,>95,30-40,CO,Refinance_NoCashout,Primary,Single_Family,ServicerB,360
LN001963,2023-11,178351,4.609,780+,70-80,30-40,AZ,Purchase,Second_Home,Multi_Family,ServicerA,180
LN001964,2023-02,270280,5.201,700-739,60-70,<20,GA,Purchase,Primary,Multi_Family,ServicerA,360
LN001965,2022-12,214917,5.744,660-699,90-95,40-50,GA,Purchase,Second_Home,Single_Family,ServicerD,360
LN001966,2023-03,172995,5.662,620-659,60-70,<20,UT,Purchase,Primary,Townhouse,ServicerE,360
LN001967,2023-01,241673,6.685,<620,80-90,30-40,NC,Purchase,Primary,Single_Family,ServicerC,360
LN001968,2022-04,125158,4.81,780+,60-70,>50,GA,Purchase,Second_Home,Single_Family,ServicerA,360
LN001969,2022-07,173677,4.17,780+,90-95,40-50,MO,Refinance_NoCashout,Primary,Condo,ServicerB,360
LN001970,2023-05,81951,5.409,700-739,80-90,20-30,MA,Purchase,Primary,Condo,ServicerB,360
LN001971,2023-10,209776,5.98,620-659,70-80,30-40,GA,Purchase,Investment,Multi_Family,ServicerB,360
LN001972,2022-02,121717,4.721,780+,80-90,>50,OH,Refinance_Cashout,Investment,Single_Family,ServicerE,360
LN001973,2022-08,195481,4.806,780+,90-95,>50,WA,Purchase,Primary,Condo,ServicerC,360
LN001974,2023-09,306060,5.141,740-779,90-95,20-30,NC,Purchase,Primary,Single_Family,ServicerD,360
LN001975,2022-02,234383,4.52,740-779,80-90,40-50,MN,Purchase,Primary,Single_Family,ServicerA,360
LN001976,2023-03,167037,5.282,700-739,60-70,20-30,CO,Refinance_Cashout,Primary,Condo,ServicerA,180
LN001977,2023-01,258742,6.032,660-699,60-70,<20,VA,Purchase,Primary,Single_Family,ServicerA,240
LN001978,2023-05,106097,5.475,660-699,>95,20-30,CA,Purchase,Primary,Single_Family,ServicerD,360
LN001979,2023-10,159060,5.184,740-779,60-70,30-40,MN,Refinance_Cashout,Primary,Single_Family,ServicerA,360
LN001980,2023-12,399468,5.121,740-779,80-90,20-30,NJ,Refinance_Cashout,Primary,Single_Family,ServicerE,360
LN001981,2023-03,136159,6.97,<620,80-90,30-40,WI,Purchase,Second_Home,Townhouse,ServicerB,240
LN001982,2023-08,182250,6.63,<620,80-90,30-40,CO,Purchase,Second_Home,Single_Family,ServicerC,360
LN001983,2022-05,205707,5.312,700-739,<60,30-40,NJ,Purchase,Primary,Single_Family,ServicerE,180
LN001984,2022-10,168951,4.28,780+,90-95,>50,AL,Purchase,Investment,Condo,ServicerE,360
LN001985,2022-07,269888,5.295,700-739,>95,40-50,LA,Refinance_NoCashout,Primary,Single_Family,ServicerC,360
LN001986,2022-07,169974,4.601,780+,<60,20-30,OK,Refinance_Cashout,Primary,Townhouse,ServicerB,240
LN001987,2023-01,109156,5.642,700-739,60-70,30-40,OK,Purchase,Primary,Multi_Family,ServicerC,360
LN001988,2023-09,564247,5.295,660-699,>95,40-50,MA,Refinance_Cashout,Second_Home,Multi_Family,ServicerA,360
LN001989,2023-06,384850,5.813,700-739,70-80,30-40,OH,Purchase,Primary,Townhouse,ServicerC,180
LN001990,2022-04,236177,5.743,660-699,80-90,>50,LA,Purchase,Primary,Condo,ServicerE,360
LN001991,2023-07,111580,5.131,740-779,60-70,20-30,CT,Refinance_Cashout,Investment,Townhouse,ServicerD,240
LN001992,2023-01,115671,5.976,660-699,70-80,40-50,OR,Refinance_Cashout,Investment,Single_Family,ServicerB,360
LN001993,2023-05,70963,5.391,700-739,80-90,30-40,CO,Refinance_NoCashout,Primary,Townhouse,ServicerE,360
LN001994,2023-06,180517,5.023,700-739,90-95,20-30,FL,Purchase,Investment,Single_Family,ServicerB,360
LN001995,2023-07,265940,5.002,700-739,80-90,20-30,SC,Refinance_NoCashout,Primary,Single_Family,ServicerB,360
LN001996,2022-07,140420,5.584,660-699,80-90,<20,KY,Refinance_Cashout,Primary,Single_Family,ServicerE,180
LN001997,2023-06,98437,6.086,620-659,60-70,30-40,FL,Refinance_NoCashout,Primary,Single_Family,ServicerE,360
LN001998,2023-01,142379,4.802,740-779,80-90,20-30,NY,Refinance_NoCashout,Primary,Single_Family,ServicerE,240
LN001999,2023-01,208577,4.374,780+,70-80,40-50,AL,Refinance_Cashout,Primary,Multi_Family,ServicerD,360
LN002000,2022-07,280110,5.318,740-779,60-70,20-30,OR,Refinance_Cashout,Primary,Multi_Family,ServicerB,360
LN002001,2022-11,307903,5.547,660-699,<60,30-40,LA,Purchase,Primary,Townhouse,ServicerC,180
LN002002,2022-06,201294,5.696,700-739,70-80,>50,NC,Refinance_Cashout,Primary,Single_Family,ServicerB,360
LN002003,2023-08,148316,5.616,660-699,80-90,40-50,IL,Purchase,Investment,Single_Family,ServicerE,360
LN002004,2022-09,571972,4.815,700-739,90-95,<20,OK,Refinance_Cashout,Primary,Single_Family,ServicerA,360
LN002005,2023-12,292259,5.652,660-699,80-90,20-30,AZ,Purchase,Primary,Single_Family,ServicerE,360
LN002006,2023-05,196390,6.263,620-659,70-80,20-30,FL,Refinance_Cashout,Primary,Townhouse,ServicerE,360
LN002007,2022-04,173989,6.226,<620,>95,<20,MO,Refinance_Cashout,Primary,Townhouse,ServicerE,180
LN002008,2022-05,189854,6.022,660-699,90-95,40-50,IN,Refinance_NoCashout,Primary,Single_Family,ServicerC,240
LN002009,2022-12,205850,5.055,700-739,60-70,40-50,OK,Purchase,Second_Home,Single_Family,ServicerA,360
LN002010,2023-03,149287,5.579,660-699,80-90,30-40,IN,Purchase,Primary,Single_Family,ServicerB,360
LN002011,2023-04,129051,5.63,660-699,90-95,40-50,MI,Purchase,Investment,Townhouse,ServicerB,180
LN002012,2022-10,356600,5.692,660-699,<60,20-30,TN,Purchase,Primary,Single_Family,ServicerE,360
LN002013,2023-01,109323,5.464,700-739,70-80,>50,TX,Purchase,Primary,Townhouse,ServicerA,360
LN002014,2023-09,113244,5.66,660-699,90-95,20-30,MA,Purchase,Primary,Single_Family,ServicerD,360
LN002015,2022-02,115812,6.606,620-659,70-80,30-40,OK,Purchase,Second_Home,Single_Family,ServicerC,360
LN002016,2023-11,189579,5.461,660-699,>95,40-50,NC,Refinance_NoCashout,Primary,Single_Family,ServicerB,360
LN002017,2023-01,159058,5.621,700-739,70-80,>50,TN,Refinance_Cashout,Primary,Single_Family,ServicerA,360
LN002018,2022-12,319920,5.341,700-739,<60,<20,OR,Purchase,Primary,Condo,ServicerB,180
LN002019,2022-08,131242,4.82,700-739,80-90,>50,MA,Purchase,Investment,Single_Family,ServicerE,360
LN002020,2022-01,414286,4.866,780+,<60,40-50,OR,Refinance_Cashout,Primary,Multi_Family,ServicerE,360
LN002021,2023-07,284940,5.486,700-739,60-70,20-30,OR,Refinance_Cashout,Primary,Condo,ServicerD,180
LN002022,2023-04,134569,4.474,780+,90-95,40-50,UT,Refinance_NoCashout,Primary,Townhouse,ServicerC,360
LN002023,2022-05,243884,5.157,700-739,90-95,30-40,AZ,Purchase,Primary,Condo,ServicerC,360
LN002024,2022-02,122197,6.789,<620,<60,40-50,MD,Purchase,Primary,Townhouse,ServicerB,360
LN002025,2023-06,226487,4.992,700-739,90-95,20-30,MO,Refinance_Cashout,Primary,Townhouse,ServicerE,240
LN002026,2023-10,157508,5.685,700-739,>95,20-30,WA,Refinance_Cashout,Primary,Single_Family,ServicerE,360
LN002027,2022-05,266486,5.552,660-699,90-95,30-40,CT,Refinance_NoCashout,Primary,Single_Family,ServicerB,360
LN002028,2023-01,266145,5.969,<620,70-80,40-50,PA,Refinance_Cashout,Primary,Single_Family,ServicerE,180
LN002029,2022-01,266875,5.029,700-739,>95,20-30,OH,Refinance_NoCashout,Primary,Townhouse,ServicerD,360
LN002030,2022-04,341893,5.211,740-779,70-80,>50,WI,Purchase,Second_Home,Single_Family,ServicerD,180
LN002031,2023-02,81640,4.447,740-779,>95,<20,FL,Purchase,Primary,Townhouse,ServicerA,360
LN002032,2022-05,166306,5.678,660-699,70-80,<20,IL,Refinance_NoCashout,Primary,Townhouse,ServicerD,360
LN002033,2022-04,600762,5.083,740-779,80-90,<20,AL,Refinance_NoCashout,Second_Home,Condo,ServicerC,360
LN002034,2022-05,140055,5.576,620-659,<60,40-50,CO,Purchase,Primary,Townhouse,ServicerC,360
LN002035,2023-09,73256,5.856,620-659,70-80,30-40,CT,Purchase,Primary,Single_Family,ServicerD,360
LN002036,2023-04,139609,4.911,740-779,90-95,20-30,FL,Refinance_Cashout,Primary,Condo,ServicerC,360
LN002037,2022-05,279245,5.961,620-659,80-90,>50,OK,Refinance_Cashout,Primary,Condo,ServicerB,360
LN002038,2022-02,83219,4.857,700-739,80-90,40-50,GA,Purchase,Primary,Townhouse,ServicerC,360
LN002039,2023-10,252645,5.074,700-739,90-95,20-30,UT,Refinance_NoCashout,Primary,Townhouse,ServicerD,360
LN002040,2023-08,115997,5.111,700-739,>95,40-50,CT,Refinance_NoCashout,Second_Home,Condo,ServicerA,240
LN002041,2023-12,299430,5.108,700-739,70-80,30-40,PA,Purchase,Primary,Condo,ServicerB,360
LN002042,2023-05,283147,6.567,620-659,60-70,<20,CA,Purchase,Primary,Single_Family,ServicerE,360
LN002043,2023-05,197861,6.201,620-659,60-70,30-40,CT,Refinance_Cashout,Primary,Townhouse,ServicerD,180
LN002044,2023-07,177584,4.858,740-779,80-90,30-40,MI,Refinance_NoCashout,Primary,Single_Family,ServicerA,240
LN002045,2023-07,202076,5.361,740-779,70-80,30-40,PA,Purchase,Second_Home,Multi_Family,ServicerA,360
LN002046,2022-07,141800,5.792,660-699,70-80,<20,FL,Purchase,Primary,Single_Family,ServicerC,360
LN002047,2022-12,386806,4.929,740-779,70-80,30-40,SC,Refinance_NoCashout,Primary,Single_Family,ServicerB,360
LN002048,2022-09,267553,4.715,780+,70-80,30-40,MO,Refinance_Cashout,Primary,Single_Family,ServicerA,180
LN002049,2022-07,175076,5.372,700-739,80-90,20-30,CA,Refinance_NoCashout,Investment,Single_Family,ServicerA,360
LN002050,2023-12,226653,5.31,700-739,60-70,<20,KY,Refinance_Cashout,Primary,Single_Family,ServicerB,360
LN002051,2022-03,101472,4.58,780+,80-90,40-50,OR,Purchase,Primary,Townhouse,ServicerC,180
LN002052,2023-08,288500,4.406,780+,90-95,30-40,MA,Purchase,Primary,Single_Family,ServicerA,360
LN002053,2022-12,78154,4.715,740-779,70-80,>50,MD,Purchase,Primary,Condo,ServicerA,240
LN002054,2022-10,316811,5.738,660-699,70-80,20-30,MA,Refinance_NoCashout,Second_Home,Single_Family,ServicerC,360
LN002055,2022-03,485623,5.174,660-699,90-95,30-40,IL,Refinance_NoCashout,Primary,Multi_Family,ServicerE,360
LN002056,2023-04,404069,4.755,700-739,90-95,40-50,IL,Purchase,Primary,Condo,ServicerE,240
LN002057,2022-11,592813,5.114,740-779,80-90,30-40,NY,Refinance_NoCashout,Primary,Townhouse,ServicerD,360
LN002058,2023-10,232869,5.492,700-739,70-80,40-50,LA,Purchase,Primary,Single_Family,ServicerC,360
LN002059,2023-10,116694,5.645,660-699,>95,20-30,GA,Refinance_Cashout,Primary,Single_Family,ServicerE,360
LN002060,2023-11,495234,6.17,620-659,90-95,30-40,OR,Purchase,Investment,Single_Family,ServicerA,180
LN002061,2023-06,274254,4.964,740-779,70-80,>50,MI,Refinance_Cashout,Investment,Single_Family,ServicerD,360
LN002062,2023-02,260961,5.354,740-779,>95,40-50,TX,Refinance_NoCashout,Primary,Multi_Family,ServicerC,180
LN002063,2022-07,553210,4.747,740-779,70-80,20-30,KY,Refinance_NoCashout,Primary,Single_Family,ServicerC,240
LN002064,2022-02,137158,6.273,<620,<60,30-40,WA,Refinance_Cashout,Primary,Single_Family,ServicerD,360
LN002065,2023-07,243638,4.759,740-779,60-70,30-40,CO,Refinance_Cashout,Second_Home,Multi_Family,ServicerC,360
LN002066,2023-03,293998,4.477,740-779,80-90,<20,IL,Refinance_Cashout,Second_Home,Single_Family,ServicerC,360
LN002067,2022-06,302190,5.772,620-659,70-80,30-40,KY,Refinance_NoCashout,Primary,Single_Family,ServicerA,360
LN002068,2022-03,115074,4.796,740-779,60-70,>50,OH,Purchase,Primary,Single_Family,ServicerC,180
LN002069,2022-05,165111,6.375,<620,80-90,30-40,WI,Purchase,Primary,Single_Family,ServicerD,360
LN002070,2023-01,179115,5.402,700-739,>95,30-40,KY,Refinance_Cashout,Second_Home,Single_Family,ServicerD,240
LN002071,2022-04,246671,5.75,660-699,>95,30-40,NC,Refinance_NoCashout,Investment,Single_Family,ServicerB,360
LN002072,2022-02,253648,5.025,740-779,90-95,20-30,CT,Purchase,Second_Home,Townhouse,ServicerD,360
LN002073,2022-08,281552,5.077,740-779,>95,20-30,WA,Refinance_Cashout,Primary,Condo,ServicerE,360
LN002074,2022-09,90654,5.321,660-699,80-90,40-50,SC,Refinance_NoCashout,Primary,Single_Family,ServicerE,180
LN002075,2023-10,241451,4.561,740-779,70-80,<20,FL,Refinance_NoCashout,Investment,Townhouse,ServicerB,180
LN002076,2023-08,163660,5.433,740-779,>95,20-30,PA,Refinance_Cashout,Primary,Single_Family,ServicerA,360
LN002077,2023-04,83004,5.067,700-739,90-95,<20,VA,Purchase,Investment,Single_Family,ServicerC,240
LN002078,2023-11,129206,4.323,780+,80-90,<20,LA,Refinance_Cashout,Primary,Single_Family,ServicerB,360
LN002079,2023-01,183687,5.892,660-699,60-70,40-50,WI,Refinance_Cashout,Primary,Single_Family,ServicerA,360
LN002080,2023-06,91998,5.891,620-659,90-95,>50,TN,Refinance_NoCashout,Primary,Single_Family,ServicerD,240
LN002081,2023-11,228853,5.496,620-659,80-90,30-40,VA,Purchase,Investment,Single_Family,ServicerD,180
LN002082,2022-12,160584,5.423,660-699,80-90,20-30,MO,Purchase,Primary,Single_Family,ServicerB,360
LN002083,2022-05,82723,4.831,740-779,60-70,<20,GA,Purchase,Investment,Townhouse,ServicerC,180
LN002084,2022-07,401393,6.056,<620,60-70,30-40,IL,Purchase,Primary,Single_Family,ServicerD,360
LN002085,2023-12,121211,5.525,660-699,70-80,30-40,TX,Purchase,Primary,Condo,ServicerB,360
LN002086,2023-06,117878,4.302,780+,70-80,40-50,CO,Refinance_Cashout,Primary,Single_Family,ServicerB,180
LN002087,2023-01,344212,5.626,660-699,90-95,30-40,IL,Refinance_NoCashout,Primary,Single_Family,ServicerE,360
LN002088,2023-07,309739,4.598,740-779,80-90,40-50,MI,Purchase,Primary,Single_Family,ServicerD,360
LN002089,2023-03,156503,4.977,700-739,>95,20-30,WA,Refinance_NoCashout,Primary,Single_Family,ServicerA,240
LN002090,2022-08,58850,4.936,780+,90-95,20-30,SC,Refinance_NoCashout,Primary,Multi_Family,ServicerE,360
LN002091,2023-08,374000,4.949,740-779,70-80,20-30,CT,Refinance_Cashout,Investment,Townhouse,ServicerD,240
LN002092,2023-06,109143,5.709,700-739,60-70,30-40,OH,Refinance_Cashout,Second_Home,Condo,ServicerD,360
LN002093,2023-12,259093,4.842,740-779,60-70,40-50,MI,Purchase,Primary,Single_Family,ServicerC,360
LN002094,2022-03,327357,4.293,780+,90-95,20-30,WI,Purchase,Investment,Multi_Family,ServicerD,360
LN002095,2022-03,320602,6.341,<620,>95,30-40,CT,Purchase,Second_Home,Townhouse,ServicerC,360
LN002096,2022-10,358378,6.794,<620,70-80,30-40,MN,Refinance_NoCashout,Second_Home,Condo,ServicerA,360
LN002097,2023-02,337483,4.194,780+,<60,30-40,NC,Refinance_Cashout,Second_Home,Multi_Family,ServicerB,360
LN002098,2022-06,202638,5.651,620-659,60-70,<20,WA,Refinance_NoCashout,Primary,Single_Family,ServicerE,360
LN002099,2023-09,224070,5.47,660-699,>95,20-30,NJ,Refinance_Cashout,Second_Home,Townhouse,ServicerC,240
LN002100,2022-08,563756,5.242,660-699,60-70,<20,KY,Refinance_Cashout,Primary,Condo,ServicerA,360
LN002101,2022-04,456836,5.515,660-699,70-80,30-40,MN,Refinance_NoCashout,Primary,Multi_Family,ServicerB,180
LN002102,2023-08,692634,6.42,<620,90-95,<20,CA,Refinance_NoCashout,Primary,Condo,ServicerA,360
LN002103,2022-05,141826,6.194,<620,70-80,30-40,VA,Purchase,Primary,Single_Family,ServicerD,180
LN002104,2022-02,181391,5.748,700-739,60-70,<20,OK,Refinance_NoCashout,Primary,Single_Family,ServicerD,360
LN002105,2022-03,131596,5.407,700-739,80-90,<20,MN,Purchase,Second_Home,Single_Family,ServicerE,360
LN002106,2023-10,212819,5.875,660-699,60-70,20-30,AL,Purchase,Primary,Single_Family,ServicerB,240
LN002107,2022-07,227266,4.942,740-779,<60,>50,CA,Refinance_Cashout,Primary,Single_Family,ServicerE,360
LN002108,2023-01,166597,5.843,700-739,60-70,20-30,IL,Purchase,Second_Home,Single_Family,ServicerB,360
LN002109,2022-03,222604,4.98,780+,80-90,30-40,OK,Refinance_Cashout,Investment,Condo,ServicerE,240
LN002110,2023-08,172606,6.063,620-659,80-90,>50,TX,Refinance_Cashout,Investment,Condo,ServicerA,360
LN002111,2022-07,334890,5.393,700-739,60-70,20-30,KY,Refinance_NoCashout,Primary,Townhouse,ServicerB,180
LN002112,2022-05,342162,4.935,740-779,>95,30-40,UT,Purchase,Second_Home,Single_Family,ServicerA,360
LN002113,2022-01,221927,6.622,620-659,80-90,20-30,TX,Refinance_NoCashout,Investment,Single_Family,ServicerC,360
LN002114,2023-05,153644,6.012,620-659,60-70,30-40,KY,Purchase,Investment,Multi_Family,ServicerB,360
LN002115,2023-04,316085,5.042,780+,80-90,40-50,LA,Refinance_Cashout,Primary,Condo,ServicerE,360
LN002116,2023-07,57080,5.313,740-779,<60,30-40,NC,Refinance_NoCashout,Primary,Single_Family,ServicerA,360
LN002117,2023-05,413994,5.179,700-739,80-90,30-40,GA,Purchase,Primary,Single_Family,ServicerB,360
LN002118,2023-08,336189,5.147,740-779,60-70,40-50,FL,Refinance_NoCashout,Primary,Single_Family,ServicerC,360
LN002119,2023-02,422426,4.612,780+,90-95,20-30,IL,Refinance_Cashout,Primary,Townhouse,ServicerD,240
LN002120,2023-08,359091,5.121,740-779,70-80,20-30,AL,Refinance_NoCashout,Primary,Single_Family,ServicerA,240
LN002121,2022-12,321897,5.478,660-699,80-90,20-30,CO,Purchase,Primary,Single_Family,ServicerD,360
LN002122,2023-01,313766,6.302,<620,80-90,30-40,CT,Purchase,Investment,Condo,ServicerE,360
LN002123,2022-04,183823,5.69,620-659,80-90,40-50,IL,Refinance_Cashout,Primary,Condo,ServicerC,360
LN002124,2022-05,265086,4.373,740-779,80-90,20-30,SC,Refinance_NoCashout,Second_Home,Townhouse,ServicerD,360
LN002125,2022-06,310612,4.415,780+,60-70,<20,TX,Purchase,Primary,Townhouse,ServicerC,360
LN002126,2023-08,362850,4.308,780+,80-90,40-50,SC,Refinance_NoCashout,Primary,Single_Family,ServicerB,360
LN002127,2022-07,188156,5.93,620-659,<60,20-30,NC,Refinance_NoCashout,Primary,Single_Family,ServicerD,240
LN002128,2023-10,196151,5.641,620-659,80-90,20-30,KY,Refinance_Cashout,Primary,Townhouse,ServicerA,240
LN002129,2022-03,223201,6.57,<620,>95,30-40,OH,Purchase,Second_Home,Townhouse,ServicerE,180
LN002130,2023-08,182560,5.433,700-739,<60,20-30,NY,Refinance_Cashout,Primary,Condo,ServicerC,360
LN002131,2022-12,170124,5.335,700-739,90-95,20-30,CO,Purchase,Primary,Condo,ServicerD,360
LN002132,2022-08,152562,4.43,740-779,<60,40-50,AL,Refinance_NoCashout,Primary,Condo,ServicerE,360
LN002133,2023-03,189244,4.811,700-739,60-70,<20,MO,Refinance_Cashout,Second_Home,Condo,ServicerD,360
LN002134,2023-09,385078,4.646,780+,70-80,40-50,WA,Refinance_Cashout,Primary,Single_Family,ServicerE,240
LN002135,2022-10,170609,4.469,780+,80-90,20-30,MN,Refinance_Cashout,Primary,Single_Family,ServicerD,360
LN002136,2022-03,166439,4.772,740-779,<60,40-50,SC,Purchase,Second_Home,Multi_Family,ServicerC,360
LN002137,2022-07,151810,5.683,700-739,70-80,20-30,CA,Refinance_NoCashout,Primary,Townhouse,ServicerA,360
LN002138,2022-01,79534,4.888,740-779,<60,20-30,TN,Purchase,Investment,Townhouse,ServicerC,360
LN002139,2022-12,352919,6.286,620-659,80-90,<20,UT,Purchase,Primary,Single_Family,ServicerE,180
LN002140,2023-02,201690,5.219,740-779,80-90,20-30,NJ,Refinance_NoCashout,Primary,Townhouse,ServicerE,360
LN002141,2023-11,107037,6.607,<620,80-90,40-50,PA,Purchase,Primary,Single_Family,ServicerC,360
LN002142,2023-04,180312,5.888,620-659,<60,>50,VA,Refinance_NoCashout,Primary,Single_Family,ServicerB,240
LN002143,2023-04,70957,5.339,700-739,60-70,>50,TX,Purchase,Primary,Townhouse,ServicerD,360
LN002144,2022-09,303562,5.782,700-739,70-80,<20,MN,Purchase,Primary,Single_Family,ServicerE,180
LN002145,2022-07,165360,5.643,700-739,70-80,20-30,KY,Purchase,Primary,Single_Family,ServicerE,240
LN002146,2023-04,179428,4.899,700-739,70-80,40-50,NJ,Purchase,Investment,Single_Family,ServicerC,360
LN002147,2023-12,116801,5.841,660-699,60-70,20-30,GA,Refinance_Cashout,Second_Home,Townhouse,ServicerD,180
LN002148,2022-12,115890,5.438,700-739,90-95,30-40,NJ,Purchase,Primary,Townhouse,ServicerD,360
LN002149,2023-01,169193,5.889,660-699,80-90,20-30,MA,Purchase,Primary,Single_Family,ServicerD,360
LN002150,2022-07,214469,5.664,740-779,80-90,20-30,MO,Refinance_Cashout,Investment,Single_Family,ServicerC,240
LN002151,2023-11,167621,4.692,740-779,80-90,30-40,PA,Refinance_Cashout,Primary,Single_Family,ServicerD,240
LN002152,2022-10,503308,5.684,660-699,70-80,20-30,OK,Refinance_NoCashout,Primary,Single_Family,ServicerC,240
LN002153,2022-02,302043,5.335,700-739,>95,<20,MO,Refinance_Cashout,Primary,Single_Family,ServicerC,360
LN002154,2022-08,254860,4.33,740-779,60-70,30-40,VA,Purchase,Investment,Single_Family,ServicerA,180
LN002155,2023-07,109200,4.945,780+,60-70,20-30,FL,Purchase,Primary,Single_Family,ServicerB,360
LN002156,2023-11,363303,4.576,780+,90-95,>50,MA,Refinance_Cashout,Primary,Single_Family,ServicerC,360
LN002157,2023-09,275038,5.529,660-699,70-80,20-30,MN,Refinance_Cashout,Primary,Condo,ServicerE,360
LN002158,2022-11,150298,5.53,700-739,70-80,30-40,LA,Refinance_Cashout,Primary,Single_Family,ServicerE,240
LN002159,2022-03,580764,6.621,<620,80-90,20-30,TX,Refinance_Cashout,Primary,Single_Family,ServicerA,360
LN002160,2023-02,76013,5.716,660-699,80-90,20-30,CA,Refinance_Cashout,Primary,Townhouse,ServicerE,360
LN002161,2022-03,322593,5.431,660-699,<60,>50,CO,Purchase,Primary,Single_Family,ServicerC,360
LN002162,2022-09,142405,5.589,660-699,>95,40-50,OH,Refinance_NoCashout,Primary,Condo,ServicerD,360
LN002163,2023-04,466912,5.529,700-739,60-70,30-40,PA,Refinance_Cashout,Primary,Multi_Family,ServicerB,360
LN002164,2022-08,240024,5.427,700-739,<60,30-40,MN,Refinance_Cashout,Primary,Single_Family,ServicerC,240
LN002165,2023-12,110411,4.587,780+,60-70,<20,CO,Refinance_Cashout,Primary,Condo,ServicerE,360
LN002166,2023-09,92800,4.419,740-779,90-95,30-40,SC,Purchase,Primary,Single_Family,ServicerB,180
LN002167,2022-10,286185,5.191,740-779,90-95,20-30,WI,Purchase,Primary,Single_Family,ServicerE,360
LN002168,2023-01,152447,4.69,740-779,90-95,>50,WI,Refinance_NoCashout,Primary,Townhouse,ServicerC,240
LN002169,2022-03,353507,4.813,780+,70-80,30-40,TX,Purchase,Primary,Single_Family,ServicerB,180
LN002170,2023-06,207279,5.709,660-699,80-90,<20,LA,Purchase,Primary,Single_Family,ServicerC,180
LN002171,2022-03,245394,5.509,700-739,60-70,20-30,NY,Refinance_Cashout,Primary,Single_Family,ServicerC,240
LN002172,2023-05,98026,5.249,700-739,70-80,<20,VA,Purchase,Investment,Single_Family,ServicerE,240
LN002173,2022-03,180901,4.588,780+,60-70,40-50,GA,Purchase,Primary,Single_Family,ServicerB,360
LN002174,2023-06,372894,4.708,740-779,80-90,30-40,TX,Purchase,Primary,Condo,ServicerB,180
LN002175,2022-02,267595,6.728,<620,60-70,30-40,MI,Refinance_Cashout,Primary,Townhouse,ServicerC,360
LN002176,2022-02,87812,4.615,740-779,90-95,30-40,LA,Purchase,Primary,Multi_Family,ServicerA,180
LN002177,2023-01,195848,5.11,700-739,60-70,20-30,MI,Purchase,Primary,Single_Family,ServicerC,360
LN002178,2023-09,218740,5.926,620-659,>95,30-40,WI,Purchase,Primary,Multi_Family,ServicerD,360
LN002179,2023-05,296912,5.092,700-739,>95,40-50,MN,Purchase,Primary,Single_Family,ServicerB,360
LN002180,2023-05,103179,5.27,740-779,70-80,<20,CA,Refinance_Cashout,Investment,Single_Family,ServicerB,180
LN002181,2022-07,129590,5.685,620-659,>95,40-50,VA,Purchase,Primary,Townhouse,ServicerE,360
LN002182,2023-10,242081,5.171,700-739,60-70,30-40,IL,Refinance_NoCashout,Primary,Condo,ServicerE,360
LN002183,2023-04,220956,5.757,660-699,60-70,30-40,PA,Refinance_NoCashout,Primary,Single_Family,ServicerE,360
LN002184,2022-03,408041,4.232,780+,80-90,<20,NY,Refinance_Cashout,Primary,Townhouse,ServicerC,360
LN002185,2023-06,696478,5.261,620-659,70-80,40-50,MA,Refinance_NoCashout,Primary,Condo,ServicerD,360
LN002186,2022-08,349972,6.539,620-659,90-95,20-30,AZ,Refinance_NoCashout,Primary,Condo,ServicerA,240
LN002187,2022-12,259219,6.759,<620,80-90,40-50,KY,Purchase,Investment,Townhouse,ServicerB,360
LN002188,2022-10,283844,5.257,660-699,80-90,20-30,MA,Purchase,Primary,Multi_Family,ServicerD,360
LN002189,2023-06,156989,5.376,660-699,80-90,20-30,MA,Refinance_NoCashout,Second_Home,Single_Family,ServicerA,360
LN002190,2023-11,257736,6.179,620-659,80-90,40-50,NJ,Refinance_Cashout,Primary,Single_Family,ServicerE,180
LN002191,2022-02,202323,5.417,660-699,70-80,30-40,MA,Refinance_NoCashout,Primary,Single_Family,ServicerE,240
LN002192,2022-02,115935,5.302,660-699,<60,30-40,CT,Purchase,Primary,Single_Family,ServicerE,360
LN002193,2022-07,347146,4.966,740-779,80-90,30-40,NY,Purchase,Primary,Single_Family,ServicerD,360
LN002194,2023-03,191684,4.416,700-739,70-80,40-50,MO,Refinance_NoCashout,Primary,Single_Family,ServicerC,360
LN002195,2022-06,219158,5.729,700-739,90-95,40-50,IN,Purchase,Primary,Single_Family,ServicerC,360
LN002196,2023-05,181261,4.842,700-739,70-80,20-30,WA,Purchase,Primary,Single_Family,ServicerD,360
LN002197,2023-02,507044,5.194,700-739,80-90,>50,NJ,Refinance_NoCashout,Primary,Single_Family,ServicerE,360
LN002198,2022-12,172194,5.04,740-779,70-80,<20,KY,Purchase,Primary,Single_Family,ServicerE,180
LN002199,2022-08,98488,5.064,660-699,60-70,40-50,MN,Purchase,Primary,Townhouse,ServicerD,360
LN002200,2022-10,84003,4.751,740-779,>95,40-50,MA,Refinance_Cashout,Primary,Single_Family,ServicerB,360
LN002201,2023-08,310935,3.608,780+,>95,20-30,NC,Refinance_NoCashout,Primary,Single_Family,ServicerA,240
LN002202,2023-10,145399,4.201,780+,60-70,20-30,NC,Purchase,Second_Home,Single_Family,ServicerA,360
LN002203,2023-08,80437,4.572,780+,80-90,>50,WA,Purchase,Investment,Townhouse,ServicerD,360
LN002204,2022-07,117463,4.991,740-779,70-80,>50,NJ,Purchase,Primary,Single_Family,ServicerB,360
LN002205,2023-09,313104,5.807,660-699,90-95,30-40,KY,Purchase,Primary,Single_Family,ServicerB,360
LN002206,2023-01,240902,6.563,<620,90-95,40-50,CT,Purchase,Investment,Condo,ServicerA,240
LN002207,2023-08,179286,5.282,700-739,70-80,30-40,PA,Purchase,Primary,Single_Family,ServicerA,180
LN002208,2023-08,187286,5.193,740-779,90-95,20-30,NJ,Purchase,Primary,Single_Family,ServicerB,360
LN002209,2023-12,229312,4.403,780+,70-80,<20,TX,Refinance_Cashout,Investment,Single_Family,ServicerC,180
LN002210,2022-07,136757,5.055,660-699,80-90,40-50,MN,Refinance_Cashout,Primary,Single_Family,ServicerA,240
LN002211,2023-01,100439,6.537,<620,80-90,20-30,PA,Purchase,Investment,Single_Family,ServicerA,360
LN002212,2022-10,271441,4.634,700-739,70-80,20-30,CO,Refinance_NoCashout,Second_Home,Condo,ServicerC,360
LN002213,2022-02,121234,4.914,740-779,<60,40-50,MI,Purchase,Primary,Single_Family,ServicerA,240
LN002214,2022-04,211778,4.602,740-779,<60,30-40,CA,Purchase,Primary,Multi_Family,ServicerC,360
LN002215,2023-07,257724,5.067,740-779,90-95,>50,TX,Purchase,Primary,Single_Family,ServicerA,360
LN002216,2022-02,95578,5.191,700-739,90-95,20-30,IN,Refinance_Cashout,Second_Home,Single_Family,ServicerD,360
LN002217,2022-01,105494,6.274,<620,80-90,20-30,OK,Purchase,Second_Home,Single_Family,ServicerC,240
LN002218,2023-10,557011,5.243,700-739,80-90,20-30,IN,Refinance_NoCashout,Primary,Multi_Family,ServicerD,360
LN002219,2022-09,107531,5.009,740-779,70-80,30-40,AL,Refinance_Cashout,Primary,Townhouse,ServicerC,240
LN002220,2023-11,216367,4.933,700-739,60-70,30-40,TX,Refinance_Cashout,Primary,Multi_Family,ServicerA,180
LN002221,2022-06,128508,6.616,<620,70-80,<20,TN,Refinance_Cashout,Primary,Single_Family,ServicerE,180
LN002222,2022-07,96305,5.208,700-739,80-90,20-30,NJ,Purchase,Primary,Single_Family,ServicerC,360
LN002223,2022-08,173977,5.192,700-739,80-90,30-40,PA,Purchase,Primary,Single_Family,ServicerD,360
LN002224,2022-07,96334,4.642,780+,70-80,>50,IL,Purchase,Second_Home,Single_Family,ServicerB,360
LN002225,2023-09,158439,5.101,700-739,60-70,20-30,PA,Purchase,Primary,Single_Family,ServicerA,240
LN002226,2022-06,297319,6.191,620-659,90-95,>50,KY,Refinance_Cashout,Primary,Condo,ServicerE,180
LN002227,2023-02,114787,4.117,780+,70-80,20-30,OH,Purchase,Primary,Single_Family,ServicerA,360
LN002228,2023-12,224372,5.648,700-739,<60,20-30,NJ,Refinance_Cashout,Primary,Single_Family,ServicerA,360
LN002229,2023-09,199056,4.634,740-779,70-80,<20,SC,Purchase,Primary,Condo,ServicerB,360
LN002230,2022-06,100941,5.573,660-699,80-90,>50,IN,Refinance_Cashout,Primary,Condo,ServicerB,360
LN002231,2023-10,198608,5.044,740-779,90-95,40-50,OR,Refinance_Cashout,Investment,Single_Family,ServicerE,360
LN002232,2022-06,101106,4.686,780+,80-90,<20,LA,Purchase,Primary,Townhouse,ServicerD,360
LN002233,2022-04,114886,5.089,700-739,>95,30-40,AZ,Purchase,Second_Home,Single_Family,ServicerB,180
LN002234,2023-01,315963,6.761,<620,<60,30-40,OR,Refinance_NoCashout,Second_Home,Townhouse,ServicerE,180
LN002235,2023-05,194558,5.171,740-779,70-80,<20,TX,Purchase,Primary,Single_Family,ServicerA,180
LN002236,2022-11,365581,6.25,620-659,80-90,20-30,IN,Refinance_Cashout,Primary,Single_Family,ServicerB,240
LN002237,2023-08,112613,5.578,700-739,70-80,40-50,MI,Refinance_Cashout,Primary,Condo,ServicerD,180
LN002238,2022-05,444793,6.083,660-699,80-90,40-50,WA,Refinance_NoCashout,Second_Home,Townhouse,ServicerD,240
LN002239,2023-06,216174,4.217,780+,80-90,30-40,MA,Refinance_Cashout,Primary,Townhouse,ServicerB,180
LN002240,2023-08,439283,5.368,660-699,60-70,20-30,FL,Purchase,Primary,Townhouse,ServicerD,360
LN002241,2022-07,337345,5.826,700-739,90-95,<20,UT,Refinance_Cashout,Primary,Single_Family,ServicerA,360
LN002242,2023-08,128708,5.584,660-699,<60,30-40,PA,Refinance_Cashout,Primary,Single_Family,ServicerB,360
LN002243,2023-03,181132,5.011,740-779,80-90,20-30,CA,Refinance_Cashout,Primary,Single_Family,ServicerD,240
LN002244,2023-07,326090,5.046,740-779,>95,30-40,FL,Purchase,Primary,Single_Family,ServicerD,180
LN002245,2023-11,87938,5.206,700-739,70-80,30-40,TX,Refinance_NoCashout,Primary,Single_Family,ServicerB,360
LN002246,2023-02,128128,6.436,620-659,80-90,30-40,IN,Refinance_Cashout,Primary,Single_Family,ServicerD,360
LN002247,2022-07,152895,5.283,660-699,60-70,40-50,IN,Refinance_Cashout,Second_Home,Single_Family,ServicerE,360
LN002248,2022-06,172479,5.746,660-699,<60,20-30,OK,Refinance_Cashout,Primary,Multi_Family,ServicerA,360
LN002249,2022-08,185232,4.399,780+,60-70,30-40,OK,Purchase,Primary,Townhouse,ServicerA,360
LN002250,2023-11,104030,4.733,740-779,>95,20-30,WA,Refinance_NoCashout,Second_Home,Single_Family,ServicerE,360
LN002251,2022-04,333387,5.023,740-779,70-80,<20,CT,Purchase,Investment,Single_Family,ServicerE,360
LN002252,2023-12,242345,5.378,700-739,<60,20-30,KY,Purchase,Primary,Single_Family,ServicerD,360
LN002253,2022-06,122275,5.409,700-739,70-80,20-30,NC,Purchase,Primary,Single_Family,ServicerA,180
LN002254,2022-04,231719,5.567,700-739,60-70,20-30,IL,Purchase,Investment,Condo,ServicerC,360
LN002255,2023-04,189903,4.242,780+,60-70,<20,TN,Purchase,Primary,Condo,ServicerC,360
LN002256,2022-10,339084,6.182,620-659,70-80,30-40,IN,Refinance_Cashout,Primary,Single_Family,ServicerD,360
LN002257,2023-08,230533,6.714,<620,>95,<20,NJ,Refinance_Cashout,Primary,Condo,ServicerB,240
LN002258,2023-11,187105,4.608,740-779,80-90,30-40,IN,Refinance_NoCashout,Primary,Condo,ServicerA,360
LN002259,2022-11,276003,7.084,<620,60-70,20-30,MN,Refinance_Cashout,Primary,Townhouse,ServicerC,360
LN002260,2023-08,282439,4.848,740-779,70-80,30-40,CA,Refinance_Cashout,Primary,Single_Family,ServicerC,240
LN002261,2022-11,190399,6.226,<620,70-80,20-30,WA,Refinance_Cashout,Primary,Condo,ServicerC,360
LN002262,2022-12,107465,5.879,660-699,90-95,30-40,CA,Refinance_Cashout,Primary,Single_Family,ServicerE,360
LN002263,2023-03,279021,4.704,740-779,>95,20-30,NC,Refinance_NoCashout,Primary,Multi_Family,ServicerE,360
LN002264,2022-07,89783,6.389,620-659,70-80,40-50,NY,Purchase,Primary,Single_Family,ServicerA,240
LN002265,2023-01,274842,5.273,700-739,70-80,30-40,MI,Purchase,Primary,Single_Family,ServicerE,240
LN002266,2022-04,291745,4.522,780+,>95,20-30,OH,Purchase,Investment,Multi_Family,ServicerB,360
LN002267,2023-12,111742,5.777,660-699,60-70,>50,OK,Refinance_Cashout,Primary,Townhouse,ServicerB,360
LN002268,2022-08,79268,5.75,660-699,80-90,40-50,WA,Purchase,Second_Home,Single_Family,ServicerB,360
LN002269,2023-04,129260,5.581,660-699,70-80,30-40,MD,Refinance_Cashout,Second_Home,Single_Family,ServicerB,240
LN002270,2022-01,371577,6.154,620-659,60-70,30-40,IN,Purchase,Primary,Single_Family,ServicerA,360
LN002271,2023-12,179467,5.412,660-699,70-80,30-40,MN,Refinance_Cashout,Primary,Townhouse,ServicerA,360
LN002272,2023-06,144350,5.862,700-739,80-90,30-40,CO,Purchase,Primary,Condo,ServicerA,180
LN002273,2023-09,212976,4.26,780+,60-70,<20,MI,Refinance_Cashout,Investment,Townhouse,ServicerD,360
LN002274,2023-07,159169,5.454,660-699,80-90,40-50,LA,Refinance_NoCashout,Primary,Multi_Family,ServicerB,360
LN002275,2022-04,220125,4.839,740-779,70-80,20-30,OK,Purchase,Primary,Single_Family,ServicerA,180
LN002276,2022-11,84839,5.368,660-699,90-95,>50,KY,Purchase,Primary,Multi_Family,ServicerE,240
LN002277,2023-08,184398,6.285,660-699,70-80,>50,TN,Purchase,Primary,Single_Family,ServicerB,360
LN002278,2023-04,196790,5.29,700-739,80-90,20-30,WA,Refinance_Cashout,Primary,Single_Family,ServicerA,360
LN002279,2023-08,249330,5.638,660-699,70-80,20-30,VA,Purchase,Investment,Single_Family,ServicerE,360
LN002280,2023-11,96627,5.313,660-699,>95,30-40,GA,Purchase,Primary,Single_Family,ServicerC,360
LN002281,2022-12,106203,6.655,<620,80-90,20-30,WI,Refinance_Cashout,Primary,Single_Family,ServicerD,360
LN002282,2023-03,207888,5.05,700-739,60-70,40-50,MO,Refinance_Cashout,Primary,Single_Family,ServicerE,360
LN002283,2023-01,192158,4.175,780+,80-90,<20,OH,Refinance_NoCashout,Primary,Single_Family,ServicerB,240
LN002284,2022-07,222265,4.713,740-779,80-90,20-30,OR,Purchase,Second_Home,Multi_Family,ServicerC,360
LN002285,2022-08,420406,5.191,700-739,70-80,40-50,GA,Refinance_Cashout,Primary,Single_Family,ServicerB,180
LN002286,2023-07,292177,6.535,620-659,<60,40-50,LA,Purchase,Second_Home,Single_Family,ServicerA,240
LN002287,2022-03,221908,4.796,780+,90-95,20-30,WI,Purchase,Investment,Single_Family,ServicerB,360
LN002288,2023-02,190152,4.739,740-779,70-80,<20,TX,Refinance_NoCashout,Second_Home,Multi_Family,ServicerD,240
LN002289,2023-08,581154,5.132,700-739,80-90,20-30,OH,Purchase,Primary,Multi_Family,ServicerD,360
LN002290,2023-03,186488,5.537,620-659,80-90,20-30,MI,Purchase,Primary,Single_Family,ServicerB,360
LN002291,2022-08,233492,6.348,620-659,>95,30-40,AZ,Purchase,Primary,Single_Family,ServicerB,240
LN002292,2022-10,308761,6.059,620-659,80-90,>50,IL,Refinance_Cashout,Primary,Townhouse,ServicerB,180
LN002293,2022-02,171564,4.531,780+,80-90,>50,CA,Purchase,Investment,Single_Family,ServicerB,360
LN002294,2022-12,285353,4.759,780+,<60,20-30,OR,Refinance_Cashout,Primary,Single_Family,ServicerA,360
LN002295,2023-11,197714,4.544,740-779,60-70,20-30,MN,Purchase,Primary,Single_Family,ServicerB,360
LN002296,2022-09,307714,6.308,<620,80-90,<20,IN,Refinance_NoCashout,Primary,Condo,ServicerA,360
LN002297,2022-08,196945,6.312,620-659,80-90,<20,NC,Purchase,Primary,Condo,ServicerD,360
LN002298,2022-05,399035,5.73,660-699,90-95,<20,CO,Purchase,Primary,Single_Family,ServicerD,360
LN002299,2023-08,150970,5.688,660-699,80-90,30-40,GA,Refinance_Cashout,Primary,Townhouse,ServicerC,240
LN002300,2023-12,519315,4.795,740-779,90-95,30-40,CA,Purchase,Primary,Condo,ServicerC,360
LN002301,2022-11,206998,4.842,780+,60-70,<20,TN,Refinance_NoCashout,Primary,Multi_Family,ServicerD,240
LN002302,2022-09,170741,5.962,660-699,90-95,20-30,OH,Purchase,Primary,Townhouse,ServicerB,360
LN002303,2022-04,265640,6.211,620-659,60-70,20-30,NY,Refinance_NoCashout,Primary,Condo,ServicerD,360
LN002304,2022-04,125188,5.803,660-699,<60,<20,FL,Refinance_NoCashout,Investment,Condo,ServicerD,360
LN002305,2023-06,251596,5.119,700-739,80-90,30-40,MD,Refinance_Cashout,Primary,Single_Family,ServicerA,360
LN002306,2022-06,605078,6.183,620-659,70-80,30-40,CO,Refinance_Cashout,Primary,Single_Family,ServicerB,360
LN002307,2023-11,253334,6.316,620-659,80-90,40-50,CO,Refinance_Cashout,Investment,Single_Family,ServicerE,360
LN002308,2022-02,141544,6.039,620-659,70-80,30-40,UT,Purchase,Second_Home,Single_Family,ServicerA,360
LN002309,2023-03,224289,4.182,780+,60-70,>50,MO,Refinance_Cashout,Second_Home,Townhouse,ServicerA,180
LN002310,2022-11,210108,6.263,620-659,60-70,30-40,AZ,Purchase,Primary,Single_Family,ServicerD,360
LN002311,2022-04,242990,6.108,620-659,60-70,30-40,MN,Purchase,Primary,Single_Family,ServicerC,360
LN002312,2022-07,224880,5.965,660-699,80-90,<20,OH,Purchase,Primary,Multi_Family,ServicerB,360
LN002313,2022-11,128499,6.04,660-699,<60,40-50,LA,Purchase,Primary,Single_Family,ServicerA,180
LN002314,2022-09,207705,6.062,620-659,90-95,40-50,MI,Refinance_NoCashout,Primary,Townhouse,ServicerC,360
LN002315,2023-01,264501,5.772,660-699,80-90,40-50,FL,Refinance_Cashout,Primary,Condo,ServicerB,240
LN002316,2023-01,186540,4.597,780+,90-95,30-40,WA,Purchase,Primary,Multi_Family,ServicerD,180
LN002317,2022-12,260681,5.305,740-779,<60,20-30,PA,Refinance_Cashout,Primary,Townhouse,ServicerC,360
LN002318,2023-11,278965,4.437,780+,>95,40-50,LA,Refinance_Cashout,Second_Home,Townhouse,ServicerE,360
LN002319,2023-04,144852,4.584,740-779,80-90,<20,FL,Refinance_Cashout,Primary,Multi_Family,ServicerA,360
LN002320,2023-08,233109,6.177,620-659,90-95,30-40,CO,Refinance_Cashout,Primary,Condo,ServicerD,360
LN002321,2023-08,149217,4.259,780+,70-80,20-30,TX,Refinance_NoCashout,Primary,Multi_Family,ServicerB,180
LN002322,2023-11,424810,6.318,620-659,70-80,20-30,MD,Purchase,Primary,Single_Family,ServicerD,360
LN002323,2022-06,189153,5.312,700-739,90-95,>50,CT,Purchase,Second_Home,Single_Family,ServicerD,360
LN002324,2022-09,324173,4.244,780+,90-95,40-50,MN,Refinance_Cashout,Second_Home,Townhouse,ServicerA,360
LN002325,2022-03,197417,5.538,740-779,>95,40-50,SC,Purchase,Investment,Condo,ServicerC,360
LN002326,2022-07,318556,4.5,780+,80-90,20-30,MA,Purchase,Primary,Single_Family,ServicerA,360
LN002327,2022-12,236229,5.24,700-739,80-90,30-40,VA,Refinance_NoCashout,Primary,Single_Family,ServicerD,360
LN002328,2023-12,129739,4.375,780+,90-95,<20,IL,Purchase,Primary,Single_Family,ServicerC,360
LN002329,2023-03,237396,4.77,740-779,<60,30-40,VA,Refinance_Cashout,Primary,Multi_Family,ServicerD,360
LN002330,2023-11,150671,5.88,620-659,70-80,20-30,OH,Refinance_Cashout,Primary,Condo,ServicerC,360
LN002331,2023-06,123949,4.468,780+,70-80,<20,PA,Purchase,Primary,Multi_Family,ServicerC,360
LN002332,2023-04,255272,4.801,740-779,80-90,30-40,CO,Purchase,Primary,Single_Family,ServicerE,240
LN002333,2022-03,179553,4.799,740-779,70-80,20-30,TX,Purchase,Primary,Multi_Family,ServicerD,360
LN002334,2022-11,250733,5.205,700-739,60-70,20-30,MD,Purchase,Primary,Single_Family,ServicerA,360
LN002335,2022-04,134005,4.864,700-739,80-90,<20,MO,Refinance_NoCashout,Primary,Single_Family,ServicerC,360
LN002336,2023-08,197417,4.416,780+,70-80,20-30,AZ,Refinance_Cashout,Primary,Multi_Family,ServicerA,360
LN002337,2022-05,118712,5.576,700-739,>95,>50,MA,Refinance_NoCashout,Primary,Townhouse,ServicerC,360
LN002338,2022-07,151859,6.385,620-659,70-80,30-40,MI,Refinance_Cashout,Primary,Single_Family,ServicerB,360
LN002339,2022-12,144397,6.53,620-659,80-90,40-50,KY,Purchase,Primary,Condo,ServicerB,240
LN002340,2023-12,238342,5.608,700-739,90-95,20-30,CT,Refinance_Cashout,Second_Home,Single_Family,ServicerE,360
LN002341,2023-10,176753,4.959,740-779,60-70,<20,OR,Refinance_NoCashout,Investment,Single_Family,ServicerA,360
LN002342,2022-11,227491,5.768,660-699,60-70,40-50,GA,Purchase,Primary,Single_Family,ServicerB,360
LN002343,2022-03,115708,4.654,780+,70-80,40-50,AL,Refinance_Cashout,Primary,Single_Family,ServicerE,360
LN002344,2023-01,140122,6.151,660-699,70-80,20-30,IL,Refinance_NoCashout,Primary,Single_Family,ServicerC,360
LN002345,2023-09,98846,5.99,620-659,80-90,20-30,CO,Refinance_Cashout,Primary,Single_Family,ServicerA,180
LN002346,2023-04,93701,5.181,700-739,60-70,40-50,LA,Refinance_Cashout,Primary,Single_Family,ServicerD,360
LN002347,2022-02,284625,4.876,740-779,<60,<20,CT,Refinance_Cashout,Primary,Multi_Family,ServicerB,180
LN002348,2023-01,171244,5.106,660-699,60-70,20-30,KY,Purchase,Investment,Single_Family,ServicerA,180
LN002349,2022-02,158351,4.713,740-779,60-70,20-30,IL,Refinance_Cashout,Primary,Single_Family,ServicerB,360
LN002350,2022-11,192808,4.776,740-779,70-80,<20,MD,Refinance_NoCashout,Second_Home,Multi_Family,ServicerB,360
LN002351,2023-08,109246,5.152,700-739,60-70,30-40,MN,Purchase,Primary,Single_Family,ServicerB,180
LN002352,2023-06,274217,4.954,700-739,60-70,20-30,OK,Purchase,Investment,Single_Family,ServicerA,180
LN002353,2023-08,479788,5.783,700-739,70-80,20-30,MO,Refinance_NoCashout,Primary,Multi_Family,ServicerB,360
LN002354,2022-11,183152,5.473,660-699,60-70,>50,PA,Refinance_NoCashout,Primary,Single_Family,ServicerB,180
LN002355,2023-05,177236,4.575,740-779,80-90,20-30,PA,Refinance_Cashout,Second_Home,Single_Family,ServicerC,360
LN002356,2022-04,154541,3.669,780+,60-70,40-50,FL,Purchase,Investment,Townhouse,ServicerA,360
LN002357,2023-06,312147,5.286,700-739,60-70,30-40,MO,Purchase,Primary,Single_Family,ServicerD,240
LN002358,2023-02,304748,5.445,660-699,60-70,30-40,GA,Refinance_NoCashout,Investment,Single_Family,ServicerB,360
LN002359,2022-12,130710,5.621,660-699,70-80,>50,NC,Purchase,Primary,Townhouse,ServicerE,240
LN002360,2023-07,160737,6.182,620-659,80-90,30-40,TX,Refinance_Cashout,Primary,Multi_Family,ServicerC,360
LN002361,2023-02,155609,5.582,660-699,<60,<20,SC,Purchase,Primary,Single_Family,ServicerE,180
LN002362,2023-09,137140,5.425,660-699,70-80,30-40,IN,Refinance_Cashout,Primary,Single_Family,ServicerA,180
LN002363,2022-03,181984,7.186,<620,80-90,<20,PA,Refinance_Cashout,Primary,Single_Family,ServicerA,360
LN002364,2022-01,337907,6.703,<620,90-95,>50,AZ,Refinance_NoCashout,Primary,Single_Family,ServicerC,360
LN002365,2023-08,120428,5.118,660-699,<60,20-30,AL,Refinance_NoCashout,Primary,Single_Family,ServicerC,360
LN002366,2023-04,242662,4.942,740-779,80-90,30-40,WA,Refinance_Cashout,Primary,Single_Family,ServicerC,360
LN002367,2022-10,243179,5.572,700-739,80-90,30-40,MI,Purchase,Primary,Single_Family,ServicerE,360
LN002368,2023-11,198026,5.669,660-699,>95,30-40,VA,Refinance_NoCashout,Primary,Single_Family,ServicerD,360
LN002369,2023-04,182492,4.745,780+,80-90,30-40,NC,Refinance_NoCashout,Primary,Single_Family,ServicerA,180
LN002370,2023-05,221528,6.344,<620,70-80,30-40,IL,Refinance_NoCashout,Investment,Townhouse,ServicerB,360
LN002371,2022-11,186115,4.996,700-739,60-70,40-50,NC,Purchase,Investment,Single_Family,ServicerB,180
LN002372,2022-02,141116,4.994,740-779,60-70,20-30,MD,Refinance_Cashout,Second_Home,Single_Family,ServicerE,360
LN002373,2023-05,272506,4.962,740-779,90-95,20-30,UT,Refinance_Cashout,Primary,Single_Family,ServicerA,360
LN002374,2023-10,169078,4.517,780+,60-70,<20,MA,Refinance_Cashout,Primary,Single_Family,ServicerE,180
LN002375,2023-12,83167,5.848,660-699,90-95,30-40,LA,Purchase,Primary,Multi_Family,ServicerC,240
LN002376,2022-09,292647,6.223,<620,60-70,40-50,LA,Purchase,Primary,Single_Family,ServicerB,240
LN002377,2022-10,223361,4.787,780+,60-70,20-30,IN,Purchase,Primary,Single_Family,ServicerC,180
LN002378,2022-09,186581,5.607,700-739,70-80,<20,OR,Refinance_Cashout,Second_Home,Single_Family,ServicerC,240
LN002379,2023-12,152152,5.581,660-699,80-90,<20,MN,Refinance_NoCashout,Primary,Single_Family,ServicerD,360
LN002380,2023-04,238110,4.76,700-739,70-80,<20,LA,Refinance_Cashout,Second_Home,Multi_Family,ServicerE,360
LN002381,2022-11,168227,4.507,740-779,70-80,30-40,OK,Purchase,Primary,Single_Family,ServicerB,240
LN002382,2022-06,183086,5.242,740-779,90-95,>50,IL,Purchase,Primary,Single_Family,ServicerB,240
LN002383,2023-06,187089,5.113,780+,70-80,30-40,OH,Refinance_Cashout,Second_Home,Townhouse,ServicerD,360
LN002384,2022-09,123405,4.85,740-779,80-90,30-40,NJ,Refinance_Cashout,Investment,Single_Family,ServicerE,180
LN002385,2022-07,78038,5.365,700-739,70-80,30-40,SC,Purchase,Second_Home,Multi_Family,ServicerA,360
LN002386,2022-08,467324,6.163,620-659,90-95,30-40,KY,Purchase,Primary,Single_Family,ServicerC,360
LN002387,2022-10,251065,4.293,780+,<60,30-40,SC,Purchase,Primary,Single_Family,ServicerB,180
LN002388,2023-10,346614,4.809,740-779,90-95,20-30,NC,Purchase,Primary,Single_Family,ServicerB,360
LN002389,2022-05,241015,5.097,740-779,80-90,20-30,CO,Purchase,Investment,Condo,ServicerA,360
LN002390,2022-03,180315,6.248,620-659,70-80,40-50,MN,Purchase,Investment,Single_Family,ServicerE,180
LN002391,2022-08,258834,6.227,<620,80-90,30-40,IL,Purchase,Primary,Single_Family,ServicerC,360
LN002392,2022-06,128138,5.609,660-699,80-90,40-50,UT,Refinance_Cashout,Primary,Single_Family,ServicerA,360
LN002393,2022-06,338136,4.541,740-779,<60,30-40,NJ,Purchase,Primary,Single_Family,ServicerD,360
LN002394,2023-04,240419,4.122,780+,<60,>50,AL,Refinance_NoCashout,Primary,Single_Family,ServicerA,180
LN002395,2022-04,116157,6.294,<620,80-90,20-30,FL,Refinance_NoCashout,Primary,Townhouse,ServicerD,360
LN002396,2023-01,229949,4.945,740-779,80-90,>50,MN,Purchase,Primary,Condo,ServicerE,360
LN002397,2023-08,339593,4.629,780+,80-90,30-40,MO,Purchase,Primary,Condo,ServicerA,360
LN002398,2022-01,93860,5.045,740-779,80-90,>50,CA,Refinance_NoCashout,Primary,Single_Family,ServicerA,180
LN002399,2022-02,231276,5.052,700-739,80-90,30-40,FL,Refinance_NoCashout,Second_Home,Condo,ServicerA,360
LN002400,2022-05,209135,4.414,780+,80-90,20-30,CT,Purchase,Primary,Single_Family,ServicerC,180
LN002401,2023-11,566789,5.284,740-779,>95,30-40,CO,Purchase,Primary,Single_Family,ServicerD,360
LN002402,2022-11,177861,4.749,700-739,>95,20-30,OK,Purchase,Investment,Multi_Family,ServicerB,360
LN002403,2022-09,271407,5.451,660-699,<60,20-30,MD,Refinance_NoCashout,Primary,Townhouse,ServicerA,240
LN002404,2023-08,123151,5.477,740-779,70-80,30-40,FL,Refinance_Cashout,Primary,Single_Family,ServicerB,360
LN002405,2023-06,139404,6.128,620-659,70-80,30-40,AZ,Purchase,Investment,Townhouse,ServicerD,180
LN002406,2023-11,256097,5.391,660-699,<60,30-40,NY,Refinance_Cashout,Primary,Multi_Family,ServicerA,180
LN002407,2023-01,88651,5.542,620-659,80-90,30-40,PA,Refinance_NoCashout,Primary,Condo,ServicerD,180
LN002408,2023-10,213687,6.082,700-739,80-90,20-30,MA,Refinance_Cashout,Primary,Multi_Family,ServicerC,360
LN002409,2022-09,218217,5.126,700-739,70-80,40-50,AZ,Purchase,Investment,Townhouse,ServicerE,360
LN002410,2022-07,165799,5.069,740-779,80-90,30-40,KY,Purchase,Primary,Single_Family,ServicerC,180
LN002411,2022-09,300316,5.975,660-699,80-90,20-30,SC,Purchase,Primary,Condo,ServicerB,360
LN002412,2022-03,176583,5.578,620-659,70-80,<20,CT,Purchase,Primary,Single_Family,ServicerC,360
LN002413,2023-02,333287,5.109,740-779,70-80,20-30,UT,Refinance_Cashout,Primary,Single_Family,ServicerA,360
LN002414,2023-07,323075,6.044,620-659,80-90,>50,LA,Purchase,Investment,Single_Family,ServicerB,360
LN002415,2022-08,84265,5.031,740-779,60-70,40-50,OK,Purchase,Investment,Single_Family,ServicerA,360
LN002416,2023-09,215987,6.145,620-659,80-90,20-30,IL,Purchase,Primary,Single_Family,ServicerB,180
LN002417,2023-06,574206,5.787,660-699,80-90,30-40,UT,Purchase,Primary,Single_Family,ServicerB,360
LN002418,2022-04,199096,4.782,740-779,>95,40-50,MO,Purchase,Primary,Single_Family,ServicerA,360
LN002419,2023-10,264091,5.625,700-739,90-95,30-40,NY,Purchase,Investment,Multi_Family,ServicerA,240
LN002420,2022-05,249015,6.307,<620,90-95,30-40,IL,Purchase,Investment,Condo,ServicerE,240
LN002421,2022-06,225421,5.556,660-699,<60,<20,IL,Refinance_Cashout,Primary,Single_Family,ServicerB,360
LN002422,2023-08,156752,4.437,740-779,70-80,20-30,GA,Purchase,Second_Home,Single_Family,ServicerB,180
LN002423,2023-03,296261,5.714,660-699,80-90,<20,OH,Refinance_Cashout,Primary,Single_Family,ServicerD,360
LN002424,2023-05,206474,5.796,660-699,70-80,20-30,GA,Purchase,Primary,Single_Family,ServicerE,240
LN002425,2023-07,199498,5.871,620-659,90-95,20-30,IN,Refinance_NoCashout,Investment,Condo,ServicerD,240
LN002426,2022-04,196954,6.091,620-659,80-90,>50,MA,Refinance_Cashout,Primary,Townhouse,ServicerB,360
LN002427,2023-01,209658,5.484,700-739,60-70,<20,WI,Refinance_NoCashout,Second_Home,Single_Family,ServicerD,360
LN002428,2023-10,357487,5.506,660-699,70-80,30-40,AL,Refinance_Cashout,Second_Home,Single_Family,ServicerA,360
LN002429,2023-09,140692,5.066,780+,>95,20-30,MD,Purchase,Primary,Single_Family,ServicerB,240
LN002430,2022-11,112150,6.554,<620,70-80,40-50,IN,Purchase,Investment,Single_Family,ServicerC,360
LN002431,2023-08,165367,4.615,780+,80-90,30-40,MD,Refinance_Cashout,Primary,Single_Family,ServicerC,360
LN002432,2023-03,186996,4.955,740-779,70-80,30-40,MO,Refinance_NoCashout,Primary,Single_Family,ServicerE,360
LN002433,2023-05,228777,6.489,<620,70-80,20-30,MD,Refinance_Cashout,Second_Home,Multi_Family,ServicerD,360
LN002434,2022-07,404648,5.255,740-779,90-95,30-40,CO,Purchase,Investment,Single_Family,ServicerC,360
LN002435,2022-12,188425,5.069,740-779,80-90,20-30,NJ,Purchase,Primary,Single_Family,ServicerC,360
LN002436,2023-04,214457,5.736,700-739,>95,30-40,KY,Refinance_NoCashout,Primary,Single_Family,ServicerC,360
LN002437,2023-12,201623,4.755,740-779,80-90,30-40,NJ,Purchase,Investment,Single_Family,ServicerB,180
LN002438,2022-12,108366,4.781,740-779,>95,<20,MI,Refinance_Cashout,Primary,Single_Family,ServicerB,180
LN002439,2023-03,163054,4.774,740-779,70-80,40-50,CO,Purchase,Primary,Single_Family,ServicerD,360
LN002440,2022-04,359479,6.099,660-699,90-95,20-30,KY,Refinance_NoCashout,Primary,Single_Family,ServicerB,180
LN002441,2023-06,167933,5.92,620-659,<60,<20,NY,Refinance_NoCashout,Investment,Single_Family,ServicerD,360
LN002442,2023-03,119704,5.912,660-699,80-90,20-30,TX,Purchase,Investment,Single_Family,ServicerE,360
LN002443,2023-12,245961,6.754,<620,70-80,20-30,LA,Purchase,Investment,Single_Family,ServicerE,360
LN002444,2023-11,157156,5.853,660-699,<60,30-40,LA,Purchase,Investment,Multi_Family,ServicerC,180
LN002445,2023-07,238066,6.106,620-659,>95,30-40,AL,Refinance_NoCashout,Primary,Townhouse,ServicerA,360
LN002446,2022-03,800000,6.861,<620,>95,40-50,MA,Refinance_NoCashout,Primary,Townhouse,ServicerA,360
LN002447,2023-10,250380,5.867,660-699,90-95,30-40,OR,Purchase,Primary,Townhouse,ServicerA,360
LN002448,2022-11,137644,5.085,700-739,90-95,<20,PA,Purchase,Primary,Townhouse,ServicerB,180
LN002449,2022-06,231475,6.075,<620,80-90,>50,MD,Purchase,Primary,Condo,ServicerD,360
LN002450,2023-02,338915,5.319,700-739,70-80,20-30,TN,Refinance_NoCashout,Primary,Townhouse,ServicerA,360
LN002451,2022-08,147360,5.399,740-779,>95,>50,OK,Refinance_NoCashout,Primary,Single_Family,ServicerD,360
LN002452,2023-11,76984,5.354,660-699,80-90,<20,CA,Purchase,Primary,Multi_Family,ServicerA,360
LN002453,2023-02,183270,5.663,700-739,80-90,>50,MI,Purchase,Primary,Multi_Family,ServicerE,180
LN002454,2023-04,752012,4.78,740-779,90-95,20-30,MD,Refinance_NoCashout,Primary,Single_Family,ServicerB,180
LN002455,2023-01,304357,4.611,740-779,>95,20-30,PA,Refinance_NoCashout,Primary,Multi_Family,ServicerD,180
LN002456,2023-04,95218,5.035,700-739,60-70,30-40,MA,Refinance_Cashout,Primary,Single_Family,ServicerA,360
LN002457,2022-05,215843,4.982,740-779,80-90,30-40,NY,Refinance_Cashout,Primary,Townhouse,ServicerA,240
LN002458,2022-03,260405,5.088,700-739,80-90,>50,MO,Refinance_Cashout,Primary,Single_Family,ServicerE,180
LN002459,2023-04,253463,6.241,620-659,70-80,30-40,TN,Refinance_Cashout,Second_Home,Single_Family,ServicerC,360
LN002460,2023-05,302912,5.741,660-699,60-70,30-40,MD,Refinance_Cashout,Primary,Single_Family,ServicerB,360
LN002461,2022-11,235559,5.125,740-779,70-80,20-30,MO,Purchase,Primary,Single_Family,ServicerD,360
LN002462,2022-05,392023,6.124,620-659,80-90,40-50,OK,Purchase,Investment,Single_Family,ServicerB,240
LN002463,2022-07,207448,4.948,700-739,60-70,30-40,FL,Refinance_NoCashout,Second_Home,Condo,ServicerE,360
LN002464,2022-06,190769,5.513,660-699,>95,30-40,IN,Purchase,Second_Home,Condo,ServicerE,360
LN002465,2022-11,74968,5.599,700-739,<60,30-40,TN,Purchase,Investment,Single_Family,ServicerA,360
LN002466,2022-01,286150,6.213,620-659,>95,20-30,WI,Refinance_NoCashout,Primary,Townhouse,ServicerC,360
LN002467,2023-12,146480,5.369,740-779,70-80,20-30,LA,Purchase,Primary,Single_Family,ServicerD,180
LN002468,2023-01,373910,5.199,700-739,60-70,20-30,IN,Purchase,Primary,Condo,ServicerD,180
LN002469,2022-09,162516,5.889,660-699,70-80,20-30,TN,Refinance_NoCashout,Investment,Single_Family,ServicerB,360
LN002470,2023-06,132989,4.637,740-779,80-90,30-40,TX,Refinance_Cashout,Primary,Single_Family,ServicerB,360
LN002471,2022-01,101545,5.313,660-699,>95,30-40,MA,Purchase,Primary,Single_Family,ServicerC,360
LN002472,2022-07,240612,5.941,660-699,90-95,40-50,LA,Refinance_Cashout,Second_Home,Single_Family,ServicerD,360
LN002473,2022-07,367557,5.373,700-739,<60,20-30,UT,Refinance_NoCashout,Primary,Single_Family,ServicerB,240
LN002474,2023-10,272573,5.29,700-739,<60,40-50,NC,Refinance_NoCashout,Primary,Townhouse,ServicerB,360
LN002475,2022-07,525163,6.643,<620,<60,40-50,WI,Refinance_NoCashout,Primary,Single_Family,ServicerB,360
LN002476,2022-02,85043,5.694,660-699,80-90,>50,OH,Purchase,Second_Home,Single_Family,ServicerB,360
LN002477,2023-06,283119,4.703,780+,70-80,>50,MA,Refinance_Cashout,Primary,Single_Family,ServicerA,360
LN002478,2023-09,206542,4.101,780+,90-95,30-40,PA,Purchase,Primary,Condo,ServicerA,240
LN002479,2023-08,163027,6.356,<620,60-70,30-40,OH,Purchase,Primary,Multi_Family,ServicerA,240
LN002480,2023-04,209658,5.886,660-699,90-95,30-40,OH,Refinance_NoCashout,Primary,Single_Family,ServicerC,360
LN002481,2022-10,162728,5.973,620-659,90-95,30-40,AL,Refinance_NoCashout,Primary,Single_Family,ServicerC,360
LN002482,2023-06,212539,4.488,740-779,80-90,20-30,CT,Refinance_Cashout,Primary,Single_Family,ServicerA,360
LN002483,2022-04,404942,5.184,660-699,70-80,<20,IN,Refinance_NoCashout,Primary,Townhouse,ServicerB,360
LN002484,2022-08,341814,4.855,740-779,70-80,>50,PA,Refinance_Cashout,Second_Home,Single_Family,ServicerC,180
LN002485,2023-04,256450,4.767,740-779,60-70,20-30,CO,Refinance_Cashout,Primary,Townhouse,ServicerD,360
LN002486,2022-04,143718,5.874,660-699,70-80,40-50,MO,Refinance_Cashout,Primary,Single_Family,ServicerB,360
LN002487,2022-05,95383,6.263,620-659,>95,20-30,UT,Purchase,Primary,Multi_Family,ServicerB,240
LN002488,2023-06,131914,5.362,660-699,80-90,20-30,WA,Refinance_NoCashout,Primary,Condo,ServicerB,360
LN002489,2022-12,422865,5.721,660-699,80-90,20-30,SC,Purchase,Primary,Townhouse,ServicerA,240
LN002490,2022-12,223527,6.409,<620,>95,30-40,AL,Refinance_Cashout,Primary,Single_Family,ServicerD,360
LN002491,2023-12,83264,5.229,700-739,90-95,<20,UT,Refinance_NoCashout,Second_Home,Multi_Family,ServicerB,360
LN002492,2023-06,128093,4.854,740-779,60-70,40-50,VA,Refinance_Cashout,Primary,Single_Family,ServicerE,240
LN002493,2022-11,193762,4.581,780+,60-70,20-30,NJ,Refinance_NoCashout,Primary,Multi_Family,ServicerB,360
LN002494,2023-08,381395,6.517,<620,70-80,<20,GA,Purchase,Primary,Condo,ServicerE,360
LN002495,2023-06,188208,4.588,740-779,70-80,<20,NJ,Refinance_Cashout,Second_Home,Single_Family,ServicerC,180
LN002496,2023-07,165770,4.308,780+,70-80,20-30,PA,Purchase,Primary,Single_Family,ServicerC,360
LN002497,2023-06,125343,4.179,780+,90-95,30-40,WI,Refinance_NoCashout,Primary,Single_Family,ServicerB,360
LN002498,2023-01,225590,4.484,780+,70-80,30-40,LA,Purchase,Primary,Single_Family,ServicerA,180
LN002499,2022-02,94189,5.224,660-699,60-70,40-50,MD,Purchase,Primary,Townhouse,ServicerD,360
LN002500,2023-01,379647,5.391,660-699,70-80,30-40,MA,Refinance_Cashout,Primary,Single_Family,ServicerD,180
LN002501,2023-01,440292,5.181,740-779,>95,40-50,FL,Refinance_Cashout,Investment,Single_Family,ServicerD,240
LN002502,2023-05,145950,4.891,780+,80-90,40-50,NJ,Refinance_Cashout,Investment,Townhouse,ServicerB,360
LN002503,2023-09,178446,5.331,700-739,80-90,30-40,MD,Purchase,Second_Home,Townhouse,ServicerD,360
LN002504,2022-02,130204,5.035,780+,90-95,30-40,AZ,Refinance_Cashout,Primary,Single_Family,ServicerE,360
LN002505,2023-10,75766,5.185,700-739,>95,30-40,MN,Purchase,Investment,Single_Family,ServicerA,240
LN002506,2022-03,135431,5.246,700-739,80-90,20-30,MA,Refinance_Cashout,Investment,Single_Family,ServicerD,360
LN002507,2023-09,321238,5.799,660-699,<60,30-40,KY,Refinance_Cashout,Second_Home,Single_Family,ServicerA,360
LN002508,2022-10,139180,4.119,780+,80-90,30-40,GA,Refinance_NoCashout,Primary,Single_Family,ServicerD,240
LN002509,2022-11,167917,4.826,740-779,80-90,20-30,NC,Purchase,Investment,Condo,ServicerC,360
LN002510,2022-04,465348,4.817,700-739,<60,30-40,SC,Purchase,Primary,Condo,ServicerC,360
LN002511,2023-01,156252,4.592,740-779,90-95,>50,CT,Purchase,Primary,Single_Family,ServicerE,360
LN002512,2022-05,129569,5.173,660-699,60-70,<20,CO,Refinance_NoCashout,Investment,Townhouse,ServicerA,360
LN002513,2023-09,281687,5.121,740-779,80-90,40-50,MA,Refinance_Cashout,Investment,Condo,ServicerA,360
LN002514,2022-09,168191,4.298,740-779,90-95,30-40,MD,Refinance_NoCashout,Primary,Townhouse,ServicerC,360
LN002515,2022-05,156902,5.426,700-739,80-90,30-40,KY,Purchase,Primary,Condo,ServicerA,360
LN002516,2022-09,96303,4.826,740-779,70-80,20-30,NC,Purchase,Investment,Condo,ServicerA,240
LN002517,2023-03,202725,5.005,740-779,90-95,30-40,FL,Purchase,Primary,Single_Family,ServicerC,360
LN002518,2023-11,151483,5.571,700-739,>95,20-30,AZ,Refinance_Cashout,Second_Home,Townhouse,ServicerB,360
LN002519,2023-06,166762,5.973,660-699,60-70,20-30,UT,Refinance_NoCashout,Primary,Single_Family,ServicerA,360
LN002520,2022-08,257915,6.256,<620,70-80,20-30,IL,Refinance_Cashout,Primary,Townhouse,ServicerD,360
LN002521,2023-11,291469,6.383,620-659,<60,20-30,OK,Purchase,Investment,Single_Family,ServicerA,240
LN002522,2023-04,508030,5.055,740-779,70-80,30-40,OR,Refinance_NoCashout,Second_Home,Condo,ServicerC,360
LN002523,2023-05,137378,6.059,<620,<60,40-50,MO,Purchase,Primary,Townhouse,ServicerC,240
LN002524,2023-02,361816,5.638,700-739,60-70,30-40,IL,Refinance_Cashout,Primary,Multi_Family,ServicerE,360
LN002525,2023-10,88504,5.743,660-699,60-70,20-30,LA,Purchase,Primary,Townhouse,ServicerE,360
LN002526,2023-05,391980,5.817,660-699,90-95,>50,OH,Refinance_Cashout,Second_Home,Single_Family,ServicerE,360
LN002527,2022-11,224089,4.798,740-779,60-70,40-50,GA,Purchase,Investment,Single_Family,ServicerB,360
LN002528,2023-03,249836,4.778,780+,>95,>50,TN,Purchase,Primary,Condo,ServicerE,360
LN002529,2022-09,97120,6.674,<620,90-95,<20,LA,Refinance_NoCashout,Primary,Townhouse,ServicerC,360
LN002530,2022-04,189206,5.426,740-779,60-70,40-50,NY,Refinance_NoCashout,Primary,Single_Family,ServicerD,360
LN002531,2022-11,202503,4.804,780+,70-80,30-40,FL,Refinance_NoCashout,Primary,Multi_Family,ServicerD,180
LN002532,2022-08,218657,5.532,660-699,90-95,<20,IN,Purchase,Primary,Multi_Family,ServicerD,360
LN002533,2022-12,220859,4.793,780+,80-90,20-30,NY,Refinance_Cashout,Primary,Townhouse,ServicerD,180
LN002534,2022-08,160722,4.999,740-779,>95,<20,OR,Purchase,Primary,Condo,ServicerC,360
LN002535,2022-11,68908,5.724,660-699,70-80,30-40,UT,Refinance_Cashout,Primary,Townhouse,ServicerD,360
LN002536,2023-04,228581,5.463,700-739,90-95,<20,TX,Purchase,Primary,Townhouse,ServicerA,180
LN002537,2022-02,286371,4.758,740-779,90-95,30-40,LA,Purchase,Investment,Townhouse,ServicerE,180
LN002538,2023-05,125992,4.704,780+,90-95,30-40,WI,Refinance_Cashout,Primary,Single_Family,ServicerD,360
LN002539,2023-10,440309,5.429,660-699,70-80,20-30,SC,Purchase,Primary,Single_Family,ServicerC,360
LN002540,2023-05,142835,5.422,700-739,80-90,30-40,WA,Purchase,Primary,Single_Family,ServicerC,360
LN002541,2023-03,336113,4.813,700-739,70-80,20-30,CT,Purchase,Investment,Multi_Family,ServicerA,360
LN002542,2023-09,130382,5.095,740-779,70-80,<20,CA,Purchase,Primary,Condo,ServicerA,180
LN002543,2023-02,732024,6.632,<620,90-95,20-30,KY,Refinance_Cashout,Primary,Condo,ServicerB,360
LN002544,2022-04,71329,5.173,700-739,70-80,40-50,AL,Refinance_Cashout,Primary,Condo,ServicerC,180
LN002545,2022-01,401219,6.318,660-699,<60,20-30,WA,Purchase,Primary,Townhouse,ServicerB,360
LN002546,2023-08,342487,5.603,660-699,60-70,>50,WA,Purchase,Primary,Single_Family,ServicerC,180
LN002547,2023-11,144949,5.471,660-699,60-70,20-30,AL,Refinance_NoCashout,Primary,Condo,ServicerE,360
LN002548,2022-06,154316,4.699,740-779,80-90,20-30,CO,Refinance_Cashout,Primary,Single_Family,ServicerC,360
LN002549,2023-01,108267,4.855,740-779,70-80,20-30,WA,Refinance_NoCashout,Second_Home,Single_Family,ServicerB,360
LN002550,2022-08,145254,4.429,740-779,70-80,30-40,VA,Purchase,Primary,Multi_Family,ServicerA,360
LN002551,2023-04,82313,6.553,<620,90-95,40-50,UT,Purchase,Primary,Condo,ServicerA,360
LN002552,2022-04,185302,4.189,780+,90-95,30-40,NY,Purchase,Investment,Single_Family,ServicerA,240
LN002553,2022-04,137175,5.198,740-779,>95,20-30,CO,Purchase,Primary,Condo,ServicerE,180
LN002554,2022-09,124450,4.907,780+,70-80,30-40,CT,Purchase,Primary,Condo,ServicerA,360
LN002555,2023-05,238774,4.397,740-779,60-70,20-30,IN,Refinance_NoCashout,Primary,Condo,ServicerD,240
LN002556,2022-01,225913,4.696,780+,70-80,40-50,MA,Refinance_Cashout,Second_Home,Condo,ServicerC,360
LN002557,2023-09,240881,5.582,700-739,70-80,20-30,TX,Purchase,Primary,Single_Family,ServicerB,360
LN002558,2023-05,301495,4.17,740-779,>95,30-40,LA,Refinance_NoCashout,Primary,Single_Family,ServicerC,180
LN002559,2023-03,261480,5.658,660-699,60-70,20-30,VA,Refinance_NoCashout,Investment,Single_Family,ServicerA,360
LN002560,2023-11,158380,5.031,740-779,90-95,20-30,WA,Refinance_Cashout,Primary,Multi_Family,ServicerC,360
LN002561,2023-01,180802,5.912,660-699,70-80,20-30,MN,Refinance_Cashout,Primary,Condo,ServicerC,180
LN002562,2023-02,156607,4.398,740-779,80-90,20-30,WA,Refinance_NoCashout,Primary,Single_Family,ServicerD,360
LN002563,2023-11,350964,5.411,740-779,90-95,>50,GA,Refinance_Cashout,Second_Home,Single_Family,ServicerC,360
LN002564,2023-01,130990,4.94,700-739,60-70,30-40,UT,Purchase,Primary,Single_Family,ServicerA,360
LN002565,2023-05,131169,4.967,700-739,80-90,>50,MO,Purchase,Second_Home,Single_Family,ServicerD,180
LN002566,2023-02,197279,6.352,<620,90-95,30-40,CA,Purchase,Investment,Townhouse,ServicerB,360
LN002567,2022-09,305661,5.039,740-779,70-80,<20,OR,Refinance_NoCashout,Investment,Single_Family,ServicerD,360
LN002568,2022-01,101942,5.168,740-779,70-80,20-30,TN,Purchase,Primary,Condo,ServicerD,180
LN002569,2023-10,138161,5.971,<620,80-90,30-40,WI,Refinance_Cashout,Investment,Condo,ServicerB,360
LN002570,2022-09,68921,5.93,660-699,60-70,<20,OK,Purchase,Primary,Condo,ServicerC,360
LN002571,2022-04,268878,5.082,700-739,90-95,40-50,CO,Purchase,Primary,Townhouse,ServicerD,360
LN002572,2023-10,210737,5.487,660-699,80-90,30-40,SC,Purchase,Primary,Single_Family,ServicerA,240
LN002573,2023-09,161893,5.237,740-779,60-70,30-40,TN,Purchase,Primary,Single_Family,ServicerE,360
LN002574,2023-10,206648,6.956,<620,90-95,20-30,LA,Refinance_NoCashout,Primary,Multi_Family,ServicerE,360
LN002575,2023-04,331811,4.241,740-779,70-80,20-30,LA,Purchase,Second_Home,Single_Family,ServicerD,180
LN002576,2022-04,193990,6.836,<620,80-90,20-30,IL,Refinance_Cashout,Primary,Single_Family,ServicerB,240
LN002577,2023-10,268694,6.439,<620,70-80,<20,NY,Purchase,Primary,Condo,ServicerC,360
LN002578,2022-04,135915,4.542,780+,80-90,30-40,IL,Purchase,Primary,Condo,ServicerB,240
LN002579,2022-05,113705,4.297,780+,70-80,30-40,IL,Refinance_NoCashout,Primary,Single_Family,ServicerD,360
LN002580,2022-12,223319,5.85,620-659,70-80,40-50,FL,Purchase,Primary,Condo,ServicerC,360
LN002581,2023-09,183938,5.149,740-779,80-90,40-50,TN,Refinance_Cashout,Primary,Single_Family,ServicerD,180
LN002582,2022-04,170574,5.339,660-699,60-70,20-30,PA,Refinance_NoCashout,Primary,Single_Family,ServicerA,360
LN002583,2023-06,303873,7.089,<620,80-90,20-30,NY,Purchase,Primary,Condo,ServicerC,240
LN002584,2022-08,224995,6.231,<620,80-90,30-40,WA,Refinance_NoCashout,Primary,Condo,ServicerC,360
LN002585,2022-11,220819,5.106,740-779,>95,40-50,OR,Refinance_Cashout,Primary,Single_Family,ServicerB,180
LN002586,2022-03,250366,5.983,<620,70-80,20-30,OK,Refinance_Cashout,Primary,Single_Family,ServicerC,240
LN002587,2022-06,291929,5.114,700-739,60-70,30-40,NC,Refinance_Cashout,Primary,Single_Family,ServicerB,360
LN002588,2023-07,161834,5.876,660-699,70-80,20-30,TX,Refinance_Cashout,Primary,Single_Family,ServicerA,360
LN002589,2022-12,292661,5.622,700-739,80-90,30-40,UT,Refinance_Cashout,Primary,Single_Family,ServicerD,180
LN002590,2022-08,345588,6.965,<620,90-95,>50,MO,Refinance_Cashout,Investment,Condo,ServicerD,360
LN002591,2022-08,191894,5.877,700-739,80-90,>50,LA,Refinance_Cashout,Primary,Condo,ServicerA,360
LN002592,2023-02,248921,5.237,700-739,>95,40-50,MO,Refinance_Cashout,Primary,Single_Family,ServicerB,360
LN002593,2023-06,251427,5.775,700-739,>95,>50,IN,Refinance_NoCashout,Investment,Condo,ServicerC,240
LN002594,2023-10,175281,5.203,700-739,80-90,30-40,IL,Purchase,Primary,Condo,ServicerE,360
LN002595,2022-08,368833,3.927,780+,70-80,30-40,AZ,Refinance_NoCashout,Primary,Single_Family,ServicerC,360
LN002596,2022-09,193462,5.13,780+,60-70,20-30,AL,Refinance_Cashout,Primary,Townhouse,ServicerB,360
LN002597,2023-04,97043,4.418,740-779,60-70,>50,NJ,Refinance_NoCashout,Primary,Single_Family,ServicerA,360
LN002598,2022-11,158922,6.44,620-659,90-95,20-30,MI,Refinance_Cashout,Primary,Condo,ServicerB,240
LN002599,2023-06,264008,4.97,700-739,70-80,<20,OK,Purchase,Investment,Single_Family,ServicerB,360
LN002600,2023-11,83233,5.064,700-739,70-80,<20,OR,Refinance_Cashout,Primary,Townhouse,ServicerB,360
LN002601,2022-08,160235,5.747,620-659,70-80,40-50,MA,Refinance_Cashout,Investment,Single_Family,ServicerC,360
LN002602,2022-01,85555,5.604,700-739,80-90,<20,OH,Purchase,Investment,Single_Family,ServicerA,360
LN002603,2023-10,133765,5.708,660-699,60-70,30-40,MD,Purchase,Second_Home,Townhouse,ServicerC,360
LN002604,2022-07,198196,5.936,700-739,80-90,30-40,KY,Refinance_Cashout,Investment,Single_Family,ServicerD,180
LN002605,2022-02,609336,5.556,700-739,80-90,20-30,NJ,Purchase,Primary,Single_Family,ServicerA,360
LN002606,2022-01,207454,5.772,660-699,>95,30-40,NY,Purchase,Investment,Condo,ServicerA,240
LN002607,2023-03,347153,4.539,780+,90-95,20-30,MD,Purchase,Primary,Condo,ServicerC,360
LN002608,2023-08,435805,5.454,700-739,<60,30-40,AZ,Refinance_NoCashout,Primary,Townhouse,ServicerE,240
LN002609,2022-12,243032,4.631,780+,80-90,>50,FL,Purchase,Primary,Multi_Family,ServicerA,360
LN002610,2023-11,613062,4.685,700-739,<60,20-30,TN,Refinance_Cashout,Investment,Single_Family,ServicerA,360
LN002611,2023-11,300807,6.425,<620,80-90,<20,SC,Refinance_Cashout,Primary,Single_Family,ServicerB,360
LN002612,2023-12,114892,4.744,700-739,80-90,<20,GA,Purchase,Primary,Condo,ServicerA,360
LN002613,2022-01,438297,5.46,700-739,80-90,20-30,AZ,Refinance_Cashout,Primary,Single_Family,ServicerB,240
LN002614,2023-03,186150,5.331,700-739,70-80,30-40,MD,Purchase,Primary,Townhouse,ServicerA,360
LN002615,2022-07,122087,5.246,700-739,80-90,40-50,WA,Refinance_Cashout,Investment,Condo,ServicerD,360
LN002616,2022-01,280521,4.749,780+,80-90,20-30,NY,Purchase,Primary,Condo,ServicerD,360
LN002617,2022-06,155145,4.446,780+,70-80,20-30,CO,Purchase,Primary,Condo,ServicerE,360
LN002618,2023-01,224392,6.046,<620,60-70,20-30,MN,Purchase,Primary,Single_Family,ServicerB,360
LN002619,2022-04,342785,6.259,620-659,80-90,<20,OR,Refinance_Cashout,Primary,Single_Family,ServicerB,240
LN002620,2022-10,108603,6.3,620-659,90-95,30-40,LA,Purchase,Primary,Multi_Family,ServicerE,360
LN002621,2022-08,50000,5.934,660-699,60-70,30-40,FL,Refinance_Cashout,Investment,Townhouse,ServicerD,360
LN002622,2022-05,209249,5.592,700-739,>95,30-40,MD,Refinance_Cashout,Primary,Condo,ServicerB,360
LN002623,2022-09,138241,6.603,620-659,90-95,30-40,NY,Purchase,Primary,Multi_Family,ServicerE,360
LN002624,2022-05,504719,4.89,700-739,60-70,20-30,CT,Refinance_Cashout,Primary,Single_Family,ServicerD,360
LN002625,2023-09,117190,5.704,660-699,60-70,<20,SC,Purchase,Second_Home,Townhouse,ServicerC,360
LN002626,2023-10,358360,5.342,700-739,70-80,40-50,OK,Refinance_Cashout,Investment,Single_Family,ServicerD,360
LN002627,2022-10,215316,4.447,740-779,90-95,20-30,GA,Refinance_Cashout,Primary,Single_Family,ServicerB,240
LN002628,2022-05,191392,4.77,780+,70-80,40-50,LA,Refinance_Cashout,Investment,Condo,ServicerD,360
LN002629,2022-01,149260,5.469,740-779,80-90,<20,UT,Refinance_NoCashout,Primary,Townhouse,ServicerC,180
LN002630,2023-08,242449,4.329,780+,70-80,20-30,KY,Refinance_Cashout,Primary,Multi_Family,ServicerB,360
LN002631,2023-06,84123,4.788,700-739,<60,40-50,GA,Purchase,Primary,Multi_Family,ServicerB,360
LN002632,2022-11,409513,6.218,620-659,60-70,30-40,AZ,Refinance_NoCashout,Primary,Townhouse,ServicerE,360
LN002633,2022-03,228629,4.778,780+,90-95,30-40,GA,Purchase,Primary,Single_Family,ServicerC,180
LN002634,2023-04,291119,6.318,620-659,70-80,40-50,OH,Purchase,Second_Home,Single_Family,ServicerC,180
LN002635,2023-06,266185,5.369,700-739,70-80,30-40,NY,Refinance_Cashout,Investment,Single_Family,ServicerC,240
LN002636,2022-10,318572,5.711,660-699,90-95,40-50,IN,Refinance_Cashout,Primary,Condo,ServicerB,360
LN002637,2022-12,308538,5.548,700-739,80-90,30-40,MI,Refinance_Cashout,Primary,Single_Family,ServicerC,360
LN002638,2023-07,103071,6.488,<620,80-90,<20,MI,Refinance_Cashout,Investment,Townhouse,ServicerA,360
LN002639,2023-12,108939,6.715,<620,70-80,20-30,CA,Refinance_Cashout,Investment,Condo,ServicerE,360
LN002640,2022-11,146179,4.489,780+,80-90,20-30,IL,Refinance_NoCashout,Primary,Multi_Family,ServicerE,360
LN002641,2022-10,168974,5.77,700-739,80-90,>50,LA,Refinance_Cashout,Primary,Condo,ServicerE,360
LN002642,2023-01,110980,5.317,700-739,<60,20-30,IN,Refinance_Cashout,Primary,Single_Family,ServicerC,360
LN002643,2022-07,416105,4.728,780+,>95,20-30,MO,Refinance_Cashout,Primary,Condo,ServicerC,360
LN002644,2022-12,167832,4.993,700-739,70-80,>50,OR,Purchase,Primary,Condo,ServicerD,180
LN002645,2023-01,203279,6.112,620-659,70-80,20-30,AL,Refinance_Cashout,Primary,Condo,ServicerD,240
LN002646,2022-09,314856,6.369,620-659,80-90,30-40,MD,Purchase,Primary,Townhouse,ServicerD,360
LN002647,2022-09,321910,6.134,660-699,70-80,30-40,CT,Refinance_NoCashout,Second_Home,Single_Family,ServicerC,360
LN002648,2022-11,388824,5.72,660-699,90-95,40-50,TX,Purchase,Primary,Single_Family,ServicerB,360
LN002649,2022-09,209134,5.555,700-739,60-70,20-30,LA,Purchase,Primary,Single_Family,ServicerB,360
LN002650,2023-06,174898,5.475,660-699,60-70,20-30,LA,Refinance_Cashout,Primary,Condo,ServicerD,360
LN002651,2022-07,182084,5.906,660-699,90-95,30-40,NC,Purchase,Primary,Single_Family,ServicerA,240
LN002652,2022-07,431718,5.328,660-699,70-80,<20,OK,Purchase,Primary,Single_Family,ServicerA,360
LN002653,2022-05,115192,4.666,780+,<60,30-40,MD,Refinance_Cashout,Investment,Single_Family,ServicerD,360
LN002654,2023-05,295382,4.427,780+,70-80,>50,WI,Refinance_NoCashout,Primary,Single_Family,ServicerA,180
LN002655,2023-07,150123,4.336,780+,90-95,30-40,IN,Purchase,Primary,Townhouse,ServicerB,360
LN002656,2022-09,288519,4.41,780+,90-95,30-40,VA,Purchase,Primary,Condo,ServicerB,360
LN002657,2023-05,184336,4.68,780+,90-95,30-40,SC,Refinance_NoCashout,Primary,Single_Family,ServicerD,180
LN002658,2022-02,715837,5.307,700-739,70-80,<20,OH,Purchase,Primary,Condo,ServicerD,180
LN002659,2023-11,301137,6.217,620-659,80-90,20-30,PA,Refinance_NoCashout,Primary,Single_Family,ServicerA,240
LN002660,2023-09,213197,4.288,780+,<60,20-30,WI,Purchase,Primary,Condo,ServicerB,180
LN002661,2023-05,315724,5.537,660-699,80-90,30-40,WI,Purchase,Primary,Multi_Family,ServicerC,360
LN002662,2022-12,100671,4.199,780+,80-90,>50,MI,Refinance_Cashout,Primary,Single_Family,ServicerA,360
LN002663,2022-10,191770,5.846,620-659,90-95,>50,IN,Refinance_Cashout,Investment,Single_Family,ServicerE,240
LN002664,2022-02,86657,5.862,700-739,70-80,40-50,MA,Purchase,Primary,Single_Family,ServicerB,360
LN002665,2023-01,262573,4.841,740-779,>95,30-40,CA,Purchase,Primary,Single_Family,ServicerA,360
LN002666,2023-03,248084,5.391,700-739,60-70,20-30,IN,Purchase,Primary,Single_Family,ServicerD,240
LN002667,2023-06,800000,4.892,740-779,90-95,30-40,WA,Refinance_NoCashout,Second_Home,Single_Family,ServicerA,240
LN002668,2023-04,186123,5.826,700-739,60-70,40-50,MN,Refinance_NoCashout,Primary,Single_Family,ServicerD,360
LN002669,2022-10,141880,6.32,620-659,70-80,30-40,MI,Refinance_Cashout,Primary,Single_Family,ServicerD,360
LN002670,2023-07,114318,5.461,700-739,>95,<20,IN,Purchase,Investment,Single_Family,ServicerD,180
LN002671,2022-04,559516,5.39,660-699,>95,>50,IN,Purchase,Primary,Single_Family,ServicerC,360
LN002672,2022-07,110786,4.734,740-779,70-80,<20,VA,Refinance_Cashout,Primary,Townhouse,ServicerC,240
LN002673,2023-04,242606,6.183,660-699,>95,20-30,GA,Refinance_NoCashout,Second_Home,Townhouse,ServicerB,360
LN002674,2022-09,145643,5.717,660-699,90-95,<20,CO,Refinance_NoCashout,Primary,Single_Family,ServicerA,360
LN002675,2022-03,337304,6.586,<620,70-80,20-30,GA,Refinance_NoCashout,Primary,Single_Family,ServicerE,360
LN002676,2022-01,183756,4.664,740-779,70-80,40-50,NC,Refinance_Cashout,Primary,Condo,ServicerC,180
LN002677,2023-02,242832,5.072,700-739,>95,20-30,AL,Refinance_NoCashout,Primary,Townhouse,ServicerC,360
LN002678,2022-06,157669,5.114,740-779,>95,>50,GA,Purchase,Primary,Condo,ServicerC,360
LN002679,2022-10,204051,4.829,740-779,60-70,>50,TN,Purchase,Primary,Multi_Family,ServicerE,360
LN002680,2023-02,128987,6.54,620-659,70-80,20-30,LA,Purchase,Primary,Single_Family,ServicerA,180
LN002681,2023-02,257740,6.48,<620,60-70,>50,TX,Refinance_Cashout,Primary,Single_Family,ServicerB,360
LN002682,2023-01,50000,4.397,780+,>95,30-40,OR,Purchase,Primary,Single_Family,ServicerD,360
LN002683,2023-05,235381,5.396,700-739,>95,<20,IL,Refinance_Cashout,Investment,Single_Family,ServicerC,360
LN002684,2022-05,258370,5.778,700-739,80-90,<20,OK,Refinance_Cashout,Primary,Multi_Family,ServicerD,180
LN002685,2023-04,210628,4.836,740-779,70-80,30-40,OK,Purchase,Primary,Single_Family,ServicerE,240
LN002686,2022-08,199180,4.971,740-779,70-80,<20,NJ,Purchase,Investment,Townhouse,ServicerA,360
LN002687,2023-12,442288,5.655,660-699,60-70,>50,KY,Purchase,Primary,Single_Family,ServicerC,360
LN002688,2023-11,479928,4.46,740-779,70-80,30-40,CO,Purchase,Primary,Single_Family,ServicerD,360
LN002689,2022-09,347670,5.225,700-739,70-80,40-50,OH,Purchase,Primary,Townhouse,ServicerA,360
LN002690,2023-04,391845,6.145,660-699,60-70,40-50,WA,Refinance_NoCashout,Primary,Single_Family,ServicerC,360
LN002691,2023-06,153369,4.976,700-739,80-90,30-40,MA,Purchase,Primary,Condo,ServicerB,360
LN002692,2022-06,124704,5.414,740-779,70-80,30-40,MD,Refinance_Cashout,Primary,Multi_Family,ServicerC,360
LN002693,2022-11,130837,4.884,700-739,80-90,30-40,PA,Refinance_Cashout,Primary,Single_Family,ServicerD,360
LN002694,2023-11,75982,5.026,740-779,70-80,40-50,WA,Refinance_NoCashout,Primary,Single_Family,ServicerE,360
LN002695,2022-03,351472,5.423,700-739,<60,30-40,TX,Refinance_NoCashout,Primary,Single_Family,ServicerC,360
LN002696,2023-06,378356,5.718,620-659,80-90,>50,AZ,Purchase,Primary,Condo,ServicerE,180
LN002697,2023-12,156399,4.832,700-739,>95,<20,NY,Purchase,Second_Home,Multi_Family,ServicerD,240
LN002698,2022-03,128069,6.118,<620,70-80,30-40,SC,Purchase,Primary,Single_Family,ServicerD,240
LN002699,2022-04,402587,4.455,740-779,70-80,>50,CO,Purchase,Primary,Single_Family,ServicerA,360
LN002700,2023-05,258600,5.035,740-779,70-80,<20,WA,Refinance_NoCashout,Primary,Single_Family,ServicerD,360
LN002701,2022-12,220294,6.283,620-659,90-95,30-40,IN,Purchase,Primary,Single_Family,ServicerC,360
LN002702,2022-01,264819,5.535,740-779,90-95,30-40,SC,Refinance_NoCashout,Primary,Single_Family,ServicerB,360
LN002703,2023-05,111002,6.521,<620,80-90,<20,IN,Purchase,Primary,Multi_Family,ServicerC,180
LN002704,2022-07,208968,6.386,620-659,80-90,30-40,MO,Refinance_NoCashout,Second_Home,Multi_Family,ServicerC,360
LN002705,2022-05,219402,4.994,660-699,<60,20-30,OH,Refinance_Cashout,Primary,Single_Family,ServicerA,360
LN002706,2023-10,133600,5.346,660-699,80-90,40-50,TN,Refinance_NoCashout,Primary,Single_Family,ServicerD,180
LN002707,2022-03,120472,4.894,780+,>95,30-40,NC,Refinance_Cashout,Investment,Single_Family,ServicerC,180
LN002708,2023-02,456059,4.701,740-779,60-70,20-30,SC,Refinance_NoCashout,Second_Home,Single_Family,ServicerD,360
LN002709,2023-05,183507,5.974,620-659,70-80,20-30,LA,Refinance_NoCashout,Primary,Single_Family,ServicerA,360
LN002710,2023-07,154139,5.327,660-699,80-90,30-40,OR,Refinance_Cashout,Investment,Single_Family,ServicerA,360
LN002711,2022-05,307107,5.391,740-779,70-80,30-40,OR,Refinance_Cashout,Primary,Condo,ServicerE,360
LN002712,2022-03,210539,5.715,700-739,70-80,20-30,NJ,Purchase,Primary,Condo,ServicerC,240
LN002713,2022-04,326049,4.752,700-739,80-90,30-40,TN,Refinance_Cashout,Primary,Single_Family,ServicerA,360
LN002714,2023-10,122190,6.214,620-659,<60,40-50,KY,Purchase,Primary,Single_Family,ServicerC,240
LN002715,2023-01,116356,5.331,700-739,>95,20-30,NC,Purchase,Primary,Townhouse,ServicerD,360
LN002716,2023-03,138216,6.181,660-699,60-70,<20,OK,Refinance_NoCashout,Investment,Single_Family,ServicerB,360
LN002717,2022-07,136092,5.269,700-739,70-80,20-30,CO,Purchase,Second_Home,Single_Family,ServicerA,360
LN002718,2022-03,283803,4.108,780+,90-95,40-50,TN,Purchase,Primary,Condo,ServicerD,360
LN002719,2022-11,113876,5.81,660-699,70-80,<20,LA,Refinance_Cashout,Investment,Multi_Family,ServicerE,180
LN002720,2022-01,356791,5.441,660-699,90-95,30-40,MO,Refinance_Cashout,Primary,Single_Family,ServicerA,180
LN002721,2023-09,109252,4.468,740-779,80-90,20-30,WA,Refinance_Cashout,Primary,Townhouse,ServicerE,180
LN002722,2023-05,149845,6.175,620-659,90-95,20-30,NY,Purchase,Primary,Condo,ServicerB,180
LN002723,2022-07,571735,5.45,700-739,80-90,40-50,WI,Refinance_Cashout,Primary,Single_Family,ServicerD,180
LN002724,2023-12,127696,4.548,780+,60-70,30-40,MA,Refinance_NoCashout,Primary,Single_Family,ServicerD,180
LN002725,2022-11,198978,5.889,660-699,90-95,20-30,SC,Purchase,Primary,Single_Family,ServicerE,180
LN002726,2022-12,170220,4.759,740-779,<60,>50,OH,Purchase,Primary,Condo,ServicerB,360
LN002727,2022-10,109110,4.668,740-779,80-90,40-50,NC,Refinance_Cashout,Primary,Condo,ServicerD,360
LN002728,2022-12,159300,6.19,620-659,<60,20-30,OH,Purchase,Investment,Multi_Family,ServicerE,360
LN002729,2023-01,185323,5.73,660-699,70-80,20-30,UT,Purchase,Primary,Single_Family,ServicerC,360
LN002730,2023-03,169773,6.247,<620,80-90,20-30,OH,Refinance_NoCashout,Primary,Townhouse,ServicerC,240
LN002731,2022-12,420789,4.914,700-739,70-80,30-40,TN,Purchase,Investment,Single_Family,ServicerB,360
LN002732,2023-07,203958,4.787,740-779,70-80,20-30,TX,Purchase,Primary,Condo,ServicerD,240
LN002733,2023-02,255044,4.608,740-779,90-95,>50,OH,Refinance_Cashout,Primary,Multi_Family,ServicerE,360
LN002734,2022-10,209469,5.317,780+,90-95,<20,OH,Purchase,Primary,Single_Family,ServicerC,360
LN002735,2022-05,89186,3.934,780+,80-90,<20,FL,Purchase,Investment,Townhouse,ServicerE,360
LN002736,2023-05,283203,4.727,780+,<60,40-50,CA,Purchase,Primary,Condo,ServicerD,240
LN002737,2023-02,446606,5.252,700-739,70-80,>50,FL,Purchase,Primary,Single_Family,ServicerE,360
LN002738,2022-11,300899,4.541,780+,70-80,<20,VA,Refinance_Cashout,Second_Home,Condo,ServicerD,360
LN002739,2022-09,289219,5.857,660-699,90-95,20-30,FL,Refinance_Cashout,Primary,Condo,ServicerA,360
LN002740,2022-03,201466,6.153,660-699,80-90,30-40,TX,Purchase,Primary,Townhouse,ServicerA,360
LN002741,2023-02,143337,4.769,700-739,80-90,40-50,NJ,Purchase,Primary,Single_Family,ServicerB,240
LN002742,2023-07,102561,5.653,620-659,60-70,<20,NY,Refinance_Cashout,Primary,Single_Family,ServicerE,240
LN002743,2022-11,349852,6.008,660-699,70-80,30-40,TX,Purchase,Investment,Condo,ServicerA,360
LN002744,2022-05,292890,5.111,700-739,<60,30-40,OK,Purchase,Primary,Single_Family,ServicerC,360
LN002745,2022-10,252351,6.427,620-659,60-70,20-30,NJ,Purchase,Primary,Single_Family,ServicerD,180
LN002746,2022-10,212464,4.351,780+,70-80,<20,CA,Purchase,Primary,Townhouse,ServicerB,360
LN002747,2023-05,218848,5.477,660-699,80-90,40-50,CA,Purchase,Primary,Townhouse,ServicerA,180
LN002748,2022-10,152154,5.695,660-699,70-80,40-50,MI,Refinance_Cashout,Primary,Condo,ServicerE,180
LN002749,2022-03,225109,5.068,740-779,70-80,20-30,OK,Refinance_Cashout,Primary,Townhouse,ServicerA,360
LN002750,2023-02,253395,4.95,740-779,90-95,20-30,LA,Refinance_NoCashout,Investment,Multi_Family,ServicerC,360
LN002751,2023-03,133609,5.16,740-779,60-70,40-50,CT,Refinance_Cashout,Investment,Single_Family,ServicerB,360
LN002752,2022-05,143047,5.365,740-779,80-90,30-40,CO,Refinance_NoCashout,Primary,Single_Family,ServicerD,360
LN002753,2022-09,121602,5.894,700-739,90-95,30-40,UT,Purchase,Primary,Single_Family,ServicerE,360
LN002754,2023-06,279372,5.745,700-739,70-80,20-30,CO,Refinance_Cashout,Second_Home,Condo,ServicerB,240
LN002755,2022-06,175364,6.383,<620,>95,40-50,AL,Purchase,Primary,Townhouse,ServicerA,240
LN002756,2022-04,328929,5.87,620-659,70-80,30-40,FL,Refinance_NoCashout,Primary,Multi_Family,ServicerE,360
LN002757,2023-08,194630,6.601,<620,90-95,30-40,NC,Refinance_NoCashout,Primary,Single_Family,ServicerB,180
LN002758,2022-04,165830,5.987,620-659,90-95,30-40,OR,Refinance_NoCashout,Investment,Single_Family,ServicerA,240
LN002759,2022-05,296598,4.979,740-779,60-70,<20,AZ,Refinance_Cashout,Primary,Condo,ServicerB,360
LN002760,2022-08,791776,4.902,740-779,60-70,20-30,OK,Refinance_NoCashout,Primary,Townhouse,ServicerC,360
LN002761,2022-01,222658,4.501,780+,80-90,<20,PA,Refinance_NoCashout,Investment,Single_Family,ServicerB,360
LN002762,2023-07,311046,5.238,700-739,90-95,40-50,NJ,Refinance_Cashout,Primary,Condo,ServicerB,240
LN002763,2023-04,339609,5.985,660-699,90-95,20-30,AL,Refinance_Cashout,Primary,Condo,ServicerE,360
LN002764,2023-06,88912,6.109,<620,70-80,30-40,WA,Purchase,Primary,Single_Family,ServicerA,180
LN002765,2022-11,126545,4.343,780+,>95,>50,VA,Refinance_Cashout,Primary,Single_Family,ServicerD,240
LN002766,2023-10,340203,5.364,740-779,>95,30-40,OR,Purchase,Investment,Single_Family,ServicerB,360
LN002767,2022-05,142499,4.238,740-779,80-90,<20,CO,Refinance_Cashout,Primary,Single_Family,ServicerD,180
LN002768,2022-11,60592,5.05,700-739,70-80,<20,NC,Refinance_NoCashout,Investment,Single_Family,ServicerE,360
LN002769,2022-10,157442,4.939,740-779,70-80,>50,MO,Purchase,Investment,Single_Family,ServicerD,360
LN002770,2023-01,283448,6.067,620-659,80-90,20-30,MD,Refinance_NoCashout,Investment,Single_Family,ServicerE,360
LN002771,2023-08,144286,5.978,620-659,>95,<20,SC,Purchase,Primary,Townhouse,ServicerE,360
LN002772,2023-09,131447,5.742,700-739,80-90,<20,MD,Purchase,Second_Home,Single_Family,ServicerE,180
LN002773,2022-12,209222,4.292,780+,<60,<20,MA,Purchase,Second_Home,Single_Family,ServicerD,360
LN002774,2022-07,219344,5.454,700-739,90-95,20-30,MA,Refinance_NoCashout,Investment,Single_Family,ServicerC,360
LN002775,2022-02,106306,4.427,780+,80-90,30-40,LA,Refinance_NoCashout,Investment,Townhouse,ServicerE,360
LN002776,2023-02,342558,4.878,780+,60-70,20-30,TX,Purchase,Primary,Single_Family,ServicerB,360
LN002777,2022-09,283065,4.716,740-779,80-90,30-40,MO,Refinance_Cashout,Primary,Single_Family,ServicerB,360
LN002778,2022-11,269783,4.381,780+,<60,30-40,FL,Refinance_NoCashout,Primary,Single_Family,ServicerC,180
LN002779,2023-03,114699,6.547,<620,>95,30-40,MN,Refinance_NoCashout,Primary,Single_Family,ServicerA,240
LN002780,2022-01,409681,6.657,<620,80-90,30-40,UT,Refinance_NoCashout,Investment,Single_Family,ServicerB,360
LN002781,2022-06,136740,5.215,700-739,90-95,40-50,OH,Refinance_Cashout,Primary,Condo,ServicerB,360
LN002782,2023-08,170901,6.828,620-659,70-80,<20,LA,Refinance_NoCashout,Primary,Single_Family,ServicerB,360
LN002783,2023-05,490890,4.93,700-739,70-80,20-30,TN,Refinance_Cashout,Investment,Single_Family,ServicerA,240
LN002784,2023-01,341964,5.1,700-739,80-90,40-50,OR,Purchase,Investment,Condo,ServicerE,360
LN002785,2022-02,268087,6.102,620-659,80-90,<20,CT,Refinance_Cashout,Primary,Single_Family,ServicerC,360
LN002786,2022-01,92384,4.359,780+,70-80,30-40,IN,Purchase,Primary,Townhouse,ServicerB,240
LN002787,2022-11,347549,4.903,700-739,60-70,30-40,UT,Refinance_NoCashout,Second_Home,Multi_Family,ServicerD,360
LN002788,2022-10,125840,5.745,660-699,60-70,<20,OR,Refinance_NoCashout,Investment,Townhouse,ServicerC,360
LN002789,2023-01,191226,5.155,700-739,<60,40-50,PA,Refinance_NoCashout,Second_Home,Single_Family,ServicerC,360
LN002790,2022-09,231312,5.614,660-699,70-80,40-50,PA,Refinance_Cashout,Investment,Multi_Family,ServicerE,240
LN002791,2022-07,402180,5.294,700-739,>95,20-30,LA,Refinance_Cashout,Investment,Single_Family,ServicerC,240
LN002792,2022-04,235503,5.339,700-739,60-70,20-30,NC,Refinance_NoCashout,Primary,Townhouse,ServicerA,360
LN002793,2023-11,218412,5.326,700-739,<60,20-30,CO,Purchase,Primary,Townhouse,ServicerE,360
LN002794,2022-11,220766,6.154,620-659,80-90,20-30,AL,Refinance_NoCashout,Primary,Multi_Family,ServicerD,180
LN002795,2022-06,312856,5.041,740-779,70-80,30-40,TN,Refinance_NoCashout,Primary,Multi_Family,ServicerA,360
LN002796,2023-10,250318,4.312,780+,80-90,30-40,KY,Purchase,Primary,Single_Family,ServicerC,360
LN002797,2023-04,222084,4.383,740-779,60-70,<20,TX,Refinance_NoCashout,Primary,Condo,ServicerC,360
LN002798,2023-04,202020,5.197,700-739,70-80,20-30,PA,Purchase,Primary,Single_Family,ServicerA,180
LN002799,2023-06,138070,4.523,780+,70-80,<20,IL,Refinance_NoCashout,Investment,Single_Family,ServicerC,360
LN002800,2022-02,333273,5.193,740-779,70-80,>50,WI,Purchase,Primary,Single_Family,ServicerD,240
LN002801,2023-10,145592,4.665,740-779,<60,20-30,LA,Refinance_NoCashout,Second_Home,Multi_Family,ServicerB,360
LN002802,2022-01,237746,5.64,700-739,60-70,30-40,WI,Purchase,Primary,Townhouse,ServicerB,360
LN002803,2022-08,355570,5.827,660-699,70-80,>50,AL,Purchase,Primary,Multi_Family,ServicerE,360
LN002804,2022-08,139567,4.869,780+,80-90,30-40,CT,Refinance_Cashout,Second_Home,Multi_Family,ServicerB,360
LN002805,2023-12,142170,6.671,<620,80-90,20-30,MN,Refinance_NoCashout,Primary,Single_Family,ServicerE,240
LN002806,2023-11,106434,6.05,660-699,90-95,30-40,IN,Purchase,Primary,Townhouse,ServicerE,240
LN002807,2023-11,264347,4.784,740-779,70-80,20-30,TN,Refinance_Cashout,Primary,Single_Family,ServicerB,360
LN002808,2023-10,393426,5.461,660-699,60-70,20-30,IL,Refinance_Cashout,Primary,Single_Family,ServicerA,240
LN002809,2023-09,135650,6.322,660-699,<60,40-50,TN,Refinance_NoCashout,Primary,Single_Family,ServicerA,360
LN002810,2022-02,164566,6.009,660-699,80-90,30-40,GA,Purchase,Primary,Single_Family,ServicerA,360
LN002811,2022-07,112824,5.283,700-739,70-80,30-40,MA,Refinance_Cashout,Primary,Townhouse,ServicerD,360
LN002812,2022-01,744922,4.458,780+,60-70,>50,KY,Refinance_Cashout,Primary,Townhouse,ServicerC,360
LN002813,2022-01,233396,6.511,<620,70-80,30-40,MI,Refinance_Cashout,Investment,Single_Family,ServicerD,360
LN002814,2023-02,226172,4.974,740-779,90-95,30-40,OR,Refinance_Cashout,Primary,Single_Family,ServicerD,360
LN002815,2022-06,293266,5.86,660-699,70-80,<20,OK,Refinance_NoCashout,Primary,Single_Family,ServicerC,180
LN002816,2022-04,230678,6.749,<620,80-90,<20,CA,Purchase,Second_Home,Single_Family,ServicerE,360
LN002817,2022-09,239321,5.41,740-779,80-90,>50,CO,Refinance_Cashout,Investment,Townhouse,ServicerE,360
LN002818,2022-10,170855,5.395,700-739,60-70,20-30,WI,Refinance_Cashout,Investment,Single_Family,ServicerE,360
LN002819,2022-12,106143,5.391,700-739,60-70,30-40,KY,Purchase,Primary,Multi_Family,ServicerD,180
LN002820,2022-06,169878,4.853,780+,60-70,20-30,NC,Refinance_Cashout,Primary,Multi_Family,ServicerC,360
LN002821,2022-10,128591,4.921,780+,60-70,>50,CT,Refinance_Cashout,Second_Home,Single_Family,ServicerA,360
LN002822,2023-05,345691,6.314,620-659,90-95,>50,GA,Refinance_Cashout,Primary,Condo,ServicerB,360
LN002823,2023-06,239729,5.127,740-779,60-70,20-30,GA,Refinance_Cashout,Primary,Single_Family,ServicerB,360
LN002824,2022-12,130641,5.027,700-739,<60,30-40,NC,Purchase,Second_Home,Townhouse,ServicerC,360
LN002825,2023-07,352150,5.943,660-699,70-80,20-30,VA,Refinance_Cashout,Investment,Condo,ServicerD,360
LN002826,2022-11,284493,5.166,700-739,70-80,20-30,WA,Purchase,Primary,Single_Family,ServicerC,240
LN002827,2022-09,225320,5.338,740-779,80-90,20-30,VA,Refinance_NoCashout,Second_Home,Single_Family,ServicerA,240
LN002828,2022-02,193590,6.385,620-659,70-80,40-50,LA,Purchase,Primary,Townhouse,ServicerA,360
LN002829,2023-06,251278,6.104,<620,>95,20-30,CT,Refinance_Cashout,Primary,Townhouse,ServicerC,240
LN002830,2023-03,337439,5.169,700-739,90-95,>50,FL,Purchase,Primary,Single_Family,ServicerE,240
LN002831,2022-07,301973,5.521,660-699,70-80,40-50,WI,Refinance_Cashout,Primary,Single_Family,ServicerE,180
LN002832,2022-07,280955,4.955,700-739,70-80,40-50,MN,Purchase,Investment,Multi_Family,ServicerC,360
LN002833,2023-04,161849,4.999,700-739,60-70,>50,VA,Refinance_Cashout,Primary,Condo,ServicerD,180
LN002834,2022-04,456791,5.609,620-659,70-80,>50,OH,Refinance_NoCashout,Investment,Condo,ServicerE,360
LN002835,2023-12,174834,5.114,740-779,70-80,20-30,WI,Refinance_NoCashout,Primary,Condo,ServicerD,240
LN002836,2022-12,113225,4.515,700-739,<60,>50,MI,Refinance_Cashout,Primary,Condo,ServicerD,240
LN002837,2022-06,329552,4.545,740-779,70-80,30-40,OR,Purchase,Primary,Condo,ServicerC,360
LN002838,2023-10,81178,5.256,700-739,<60,40-50,LA,Refinance_Cashout,Primary,Townhouse,ServicerA,180
LN002839,2023-08,162187,4.86,740-779,80-90,30-40,CT,Refinance_NoCashout,Primary,Condo,ServicerB,360
LN002840,2022-06,306207,6.394,<620,<60,>50,LA,Purchase,Second_Home,Multi_Family,ServicerC,360
LN002841,2023-01,291699,4.924,740-779,<60,40-50,KY,Purchase,Primary,Condo,ServicerB,360
LN002842,2022-03,151874,5.961,660-699,70-80,30-40,CO,Refinance_NoCashout,Primary,Single_Family,ServicerA,360
LN002843,2022-06,235084,5.992,<620,<60,30-40,WA,Refinance_Cashout,Primary,Single_Family,ServicerD,360
LN002844,2022-10,194547,5.318,740-779,70-80,>50,UT,Refinance_NoCashout,Primary,Single_Family,ServicerE,360
LN002845,2023-03,142180,5.802,620-659,70-80,20-30,VA,Purchase,Primary,Condo,ServicerA,360
LN002846,2023-11,502245,5.257,740-779,70-80,40-50,KY,Refinance_Cashout,Primary,Single_Family,ServicerD,360
LN002847,2023-01,143725,4.448,740-779,60-70,20-30,MI,Refinance_Cashout,Primary,Single_Family,ServicerE,360
LN002848,2022-04,61892,4.74,740-779,80-90,30-40,OK,Purchase,Primary,Single_Family,ServicerE,360
LN002849,2023-07,364021,5.734,700-739,<60,20-30,WA,Refinance_NoCashout,Primary,Townhouse,ServicerA,360
LN002850,2023-11,150644,5.389,700-739,90-95,30-40,LA,Refinance_Cashout,Primary,Single_Family,ServicerE,360
LN002851,2023-01,424872,4.897,740-779,70-80,30-40,CO,Purchase,Primary,Single_Family,ServicerE,180
LN002852,2023-11,87585,5.844,620-659,70-80,>50,IL,Refinance_Cashout,Primary,Single_Family,ServicerA,360
LN002853,2022-05,204724,4.865,740-779,70-80,<20,UT,Refinance_Cashout,Primary,Condo,ServicerA,180
LN002854,2022-02,359046,5.407,700-739,90-95,30-40,AZ,Refinance_Cashout,Primary,Condo,ServicerE,360
LN002855,2023-04,82087,4.244,780+,70-80,20-30,FL,Refinance_Cashout,Investment,Single_Family,ServicerE,360
LN002856,2023-06,324418,6.666,<620,60-70,20-30,MA,Refinance_NoCashout,Investment,Multi_Family,ServicerC,360
LN002857,2023-08,284951,5.71,620-659,70-80,40-50,MI,Purchase,Primary,Condo,ServicerC,360
LN002858,2023-11,105425,5.209,700-739,70-80,30-40,NJ,Refinance_NoCashout,Primary,Multi_Family,ServicerC,360
LN002859,2023-09,93222,4.779,740-779,80-90,30-40,MA,Purchase,Primary,Single_Family,ServicerB,360
LN002860,2022-06,122585,6.948,<620,80-90,40-50,IL,Purchase,Primary,Single_Family,ServicerC,180
LN002861,2022-08,174003,6.064,<620,80-90,30-40,WI,Purchase,Primary,Single_Family,ServicerD,360
LN002862,2022-09,441908,6.261,620-659,60-70,20-30,MA,Refinance_NoCashout,Primary,Single_Family,ServicerE,360
LN002863,2022-01,230960,5.456,740-779,>95,30-40,VA,Purchase,Investment,Condo,ServicerE,360
LN002864,2023-10,188104,5.301,660-699,90-95,30-40,AZ,Purchase,Primary,Condo,ServicerE,360
LN002865,2022-11,152411,5.28,740-779,80-90,20-30,MD,Refinance_Cashout,Primary,Single_Family,ServicerD,240
LN002866,2022-06,147819,5.724,700-739,90-95,>50,NJ,Refinance_Cashout,Primary,Condo,ServicerB,360
LN002867,2022-10,328420,4.564,780+,80-90,<20,VA,Refinance_NoCashout,Investment,Condo,ServicerA,360
LN002868,2023-06,228679,6.6,<620,70-80,40-50,CA,Refinance_Cashout,Primary,Single_Family,ServicerE,360
LN002869,2023-01,151814,5.124,700-739,60-70,30-40,LA,Purchase,Primary,Townhouse,ServicerE,360
LN002870,2023-04,260385,5.153,780+,60-70,30-40,MA,Refinance_NoCashout,Primary,Condo,ServicerE,360
LN002871,2022-03,148667,5.611,660-699,80-90,20-30,WI,Refinance_Cashout,Primary,Condo,ServicerB,360
LN002872,2022-06,277620,5.722,<620,<60,20-30,OR,Purchase,Primary,Single_Family,ServicerA,360
LN002873,2023-01,201365,5.35,700-739,>95,20-30,TN,Purchase,Investment,Condo,ServicerE,360
LN002874,2023-03,206406,5.669,660-699,<60,>50,TN,Purchase,Primary,Townhouse,ServicerA,360
LN002875,2023-01,323589,6.188,<620,>95,20-30,MI,Refinance_Cashout,Investment,Single_Family,ServicerD,180
LN002876,2022-01,241556,5.872,660-699,80-90,30-40,IL,Purchase,Primary,Single_Family,ServicerB,360
LN002877,2023-07,159711,4.376,780+,90-95,40-50,NJ,Refinance_Cashout,Primary,Single_Family,ServicerE,360
LN002878,2022-09,328864,5.024,740-779,>95,20-30,VA,Refinance_Cashout,Primary,Single_Family,ServicerB,360
LN002879,2022-12,266484,5.594,660-699,<60,20-30,TX,Purchase,Primary,Townhouse,ServicerA,360
LN002880,2022-10,79427,4.655,740-779,90-95,30-40,MO,Purchase,Investment,Single_Family,ServicerE,360
LN002881,2022-08,422943,4.845,780+,<60,40-50,OK,Refinance_NoCashout,Investment,Multi_Family,ServicerE,360
LN002882,2023-01,195395,5.242,700-739,60-70,20-30,TN,Refinance_NoCashout,Primary,Single_Family,ServicerD,180
LN002883,2022-06,221034,6.27,620-659,80-90,20-30,NJ,Refinance_Cashout,Primary,Single_Family,ServicerD,360
LN002884,2022-06,108089,5.803,620-659,80-90,20-30,MN,Refinance_NoCashout,Primary,Single_Family,ServicerC,180
LN002885,2022-04,150393,5.63,660-699,70-80,40-50,SC,Purchase,Investment,Single_Family,ServicerA,360
LN002886,2022-05,300051,5.709,700-739,80-90,30-40,VA,Purchase,Investment,Single_Family,ServicerE,360
LN002887,2023-06,173837,5.289,700-739,70-80,<20,SC,Purchase,Investment,Single_Family,ServicerE,360
LN002888,2022-08,184891,5.805,660-699,80-90,30-40,OH,Refinance_NoCashout,Primary,Single_Family,ServicerD,360
LN002889,2022-06,71072,4.307,740-779,<60,20-30,CT,Refinance_NoCashout,Primary,Single_Family,ServicerD,240
LN002890,2022-06,271069,4.982,700-739,60-70,40-50,CT,Purchase,Second_Home,Condo,ServicerA,240
LN002891,2022-07,202002,5.542,660-699,80-90,20-30,KY,Refinance_Cashout,Primary,Single_Family,ServicerE,360
LN002892,2023-10,169144,4.227,780+,70-80,30-40,OR,Refinance_Cashout,Primary,Single_Family,ServicerA,360
LN002893,2022-05,135125,6.245,660-699,70-80,<20,PA,Refinance_Cashout,Primary,Single_Family,ServicerD,360
LN002894,2022-10,284940,5.52,700-739,80-90,40-50,OR,Refinance_Cashout,Primary,Townhouse,ServicerD,360
LN002895,2023-04,52383,5.732,620-659,80-90,30-40,NJ,Refinance_NoCashout,Investment,Multi_Family,ServicerB,360
LN002896,2023-01,316252,6.512,<620,70-80,<20,LA,Refinance_Cashout,Primary,Townhouse,ServicerE,360
LN002897,2023-02,68957,5.525,700-739,80-90,30-40,NJ,Refinance_Cashout,Investment,Single_Family,ServicerC,360
LN002898,2022-11,56913,6.262,<620,70-80,20-30,MD,Refinance_Cashout,Primary,Single_Family,ServicerE,360
LN002899,2022-12,229628,4.633,780+,>95,40-50,NC,Purchase,Primary,Single_Family,ServicerE,360
LN002900,2022-04,187692,5.528,660-699,60-70,30-40,TN,Purchase,Primary,Multi_Family,ServicerE,360
LN002901,2022-05,145908,5.587,660-699,60-70,40-50,OR,Purchase,Primary,Single_Family,ServicerB,360
LN002902,2022-06,133946,5.012,740-779,>95,<20,IL,Purchase,Investment,Condo,ServicerA,360
LN002903,2023-01,302842,5.331,660-699,<60,20-30,PA,Purchase,Primary,Multi_Family,ServicerC,240
LN002904,2022-07,83391,5.66,620-659,<60,20-30,OK,Refinance_NoCashout,Primary,Single_Family,ServicerD,360
LN002905,2023-04,132800,4.576,740-779,90-95,>50,NY,Purchase,Primary,Single_Family,ServicerC,240
LN002906,2022-12,201947,4.805,780+,<60,>50,UT,Refinance_NoCashout,Investment,Condo,ServicerA,360
LN002907,2023-07,247099,5.081,700-739,80-90,30-40,SC,Refinance_NoCashout,Primary,Single_Family,ServicerE,180
LN002908,2023-09,453466,5.819,660-699,>95,30-40,MD,Purchase,Primary,Single_Family,ServicerC,360
LN002909,2023-02,240541,6.26,660-699,90-95,<20,MO,Refinance_NoCashout,Primary,Single_Family,ServicerE,180
LN002910,2022-10,85572,3.759,780+,80-90,20-30,NC,Refinance_NoCashout,Primary,Multi_Family,ServicerA,360
LN002911,2022-11,332821,5.724,620-659,60-70,20-30,MD,Purchase,Primary,Single_Family,ServicerE,360
LN002912,2022-07,146434,5.598,660-699,<60,>50,NY,Refinance_NoCashout,Primary,Single_Family,ServicerB,360
LN002913,2022-09,446719,5.619,700-739,<60,<20,LA,Refinance_NoCashout,Primary,Single_Family,ServicerA,360
LN002914,2023-08,202437,5.184,740-779,70-80,20-30,MN,Purchase,Primary,Single_Family,ServicerE,240
LN002915,2022-03,304627,6.051,620-659,80-90,20-30,CO,Purchase,Primary,Townhouse,ServicerB,180
LN002916,2023-05,290854,6.197,660-699,70-80,>50,PA,Purchase,Primary,Single_Family,ServicerA,180
LN002917,2022-12,201231,6.625,620-659,60-70,20-30,NY,Refinance_NoCashout,Primary,Single_Family,ServicerB,360
LN002918,2022-09,421562,4.88,780+,>95,<20,OH,Refinance_NoCashout,Primary,Townhouse,ServicerE,360
LN002919,2022-07,81784,6.188,620-659,90-95,30-40,FL,Refinance_Cashout,Second_Home,Single_Family,ServicerC,360
LN002920,2023-07,246872,4.898,780+,>95,30-40,PA,Refinance_Cashout,Primary,Single_Family,ServicerD,360
LN002921,2023-02,251319,4.795,780+,80-90,40-50,OR,Refinance_Cashout,Primary,Townhouse,ServicerA,360
LN002922,2023-10,197437,4.318,780+,80-90,40-50,LA,Refinance_Cashout,Investment,Townhouse,ServicerB,360
LN002923,2023-07,474807,5.548,700-739,90-95,>50,FL,Purchase,Second_Home,Single_Family,ServicerD,360
LN002924,2022-07,327514,4.747,780+,70-80,<20,CA,Refinance_NoCashout,Primary,Condo,ServicerD,360
LN002925,2022-02,227762,4.472,780+,90-95,<20,MI,Purchase,Primary,Single_Family,ServicerE,360
LN002926,2022-04,184883,4.685,740-779,70-80,40-50,WI,Refinance_NoCashout,Primary,Condo,ServicerD,360
LN002927,2022-10,193024,5.83,<620,70-80,20-30,WI,Purchase,Primary,Single_Family,ServicerB,360
LN002928,2022-03,170169,5.837,700-739,80-90,20-30,MI,Refinance_NoCashout,Primary,Single_Family,ServicerB,360
LN002929,2022-05,136549,4.725,780+,60-70,20-30,OK,Purchase,Investment,Condo,ServicerE,360
LN002930,2023-01,509009,5.571,660-699,<60,40-50,VA,Purchase,Investment,Single_Family,ServicerE,360
LN002931,2022-11,233499,4.494,780+,90-95,30-40,OK,Purchase,Primary,Single_Family,ServicerB,360
LN002932,2022-09,172107,6.604,<620,>95,40-50,MN,Refinance_NoCashout,Investment,Single_Family,ServicerE,360
LN002933,2022-02,270571,5.169,740-779,80-90,20-30,CT,Refinance_Cashout,Primary,Single_Family,ServicerC,360
LN002934,2022-10,222696,4.449,780+,80-90,20-30,WI,Purchase,Primary,Single_Family,ServicerC,240
LN002935,2022-09,279158,5.376,700-739,<60,30-40,FL,Refinance_NoCashout,Investment,Townhouse,ServicerC,360
LN002936,2022-01,336360,5.602,660-699,80-90,30-40,OH,Purchase,Primary,Condo,ServicerD,360
LN002937,2023-04,392250,4.874,740-779,60-70,<20,WA,Refinance_Cashout,Investment,Single_Family,ServicerD,240
LN002938,2023-05,176784,5.566,660-699,<60,30-40,TN,Refinance_Cashout,Primary,Single_Family,ServicerD,180
LN002939,2023-06,209475,5.676,700-739,80-90,30-40,CT,Refinance_Cashout,Primary,Single_Family,ServicerB,360
LN002940,2022-03,261585,4.866,700-739,80-90,40-50,OH,Refinance_NoCashout,Primary,Condo,ServicerD,360
LN002941,2023-07,215855,5.18,740-779,>95,30-40,MD,Purchase,Primary,Single_Family,ServicerA,240
LN002942,2023-11,182725,5.198,700-739,60-70,30-40,VA,Refinance_Cashout,Primary,Multi_Family,ServicerB,360
LN002943,2023-10,209868,6.663,<620,80-90,40-50,CA,Refinance_Cashout,Primary,Single_Family,ServicerE,240
LN002944,2023-12,171048,6.48,<620,70-80,40-50,OH,Refinance_NoCashout,Primary,Single_Family,ServicerA,360
LN002945,2022-12,168511,4.529,740-779,<60,30-40,AL,Refinance_Cashout,Primary,Multi_Family,ServicerD,240
LN002946,2022-07,78991,4.864,740-779,60-70,30-40,KY,Purchase,Investment,Multi_Family,ServicerA,360
LN002947,2022-07,166519,4.519,780+,80-90,<20,GA,Refinance_Cashout,Primary,Condo,ServicerB,360
LN002948,2023-08,242435,5.285,700-739,90-95,<20,SC,Refinance_Cashout,Primary,Single_Family,ServicerE,360
LN002949,2023-01,156616,5.056,740-779,90-95,40-50,IN,Purchase,Primary,Multi_Family,ServicerE,240
LN002950,2022-02,218820,5.97,620-659,>95,20-30,NC,Purchase,Primary,Townhouse,ServicerA,360
LN002951,2022-03,171717,4.847,740-779,>95,20-30,MN,Refinance_Cashout,Primary,Multi_Family,ServicerC,180
LN002952,2023-10,140883,5.685,700-739,70-80,20-30,NC,Refinance_Cashout,Primary,Single_Family,ServicerC,360
LN002953,2022-12,139492,5.439,700-739,70-80,<20,AL,Purchase,Primary,Single_Family,ServicerC,180
LN002954,2023-12,273713,5.578,660-699,90-95,<20,TN,Purchase,Primary,Single_Family,ServicerC,360
LN002955,2022-01,244199,6.661,<620,70-80,20-30,GA,Purchase,Investment,Single_Family,ServicerC,180
LN002956,2023-10,91857,5.534,660-699,60-70,40-50,LA,Purchase,Primary,Single_Family,ServicerE,360
LN002957,2023-07,161887,5.297,700-739,>95,>50,LA,Refinance_NoCashout,Investment,Condo,ServicerD,360
LN002958,2022-02,243357,5.725,700-739,80-90,30-40,TX,Refinance_Cashout,Investment,Single_Family,ServicerB,360
LN002959,2023-07,447284,5.486,700-739,70-80,30-40,GA,Refinance_NoCashout,Primary,Single_Family,ServicerE,180
LN002960,2023-06,95635,6.237,620-659,60-70,>50,IL,Refinance_Cashout,Primary,Townhouse,ServicerE,360
LN002961,2022-07,202649,3.617,780+,>95,20-30,IL,Purchase,Primary,Single_Family,ServicerB,180
LN002962,2023-01,355308,4.681,740-779,90-95,40-50,NY,Refinance_Cashout,Primary,Single_Family,ServicerE,360
LN002963,2022-07,105646,5.502,700-739,>95,20-30,MN,Refinance_NoCashout,Primary,Single_Family,ServicerB,360
LN002964,2022-01,280533,5.748,660-699,70-80,20-30,AZ,Purchase,Primary,Condo,ServicerE,360
LN002965,2022-09,767013,5.389,660-699,70-80,20-30,OH,Purchase,Investment,Single_Family,ServicerD,360
LN002966,2022-11,80368,5.314,700-739,>95,20-30,MD,Refinance_Cashout,Second_Home,Townhouse,ServicerE,360
LN002967,2022-01,116706,4.835,740-779,80-90,20-30,CO,Purchase,Primary,Multi_Family,ServicerB,360
LN002968,2023-05,208360,6.051,660-699,70-80,30-40,OR,Refinance_Cashout,Primary,Single_Family,ServicerE,240
LN002969,2022-03,311064,5.762,660-699,70-80,>50,CT,Purchase,Investment,Condo,ServicerA,360
LN002970,2023-06,315742,5.477,700-739,80-90,20-30,NJ,Refinance_Cashout,Primary,Condo,ServicerB,360
LN002971,2023-07,215005,4.049,780+,70-80,40-50,MO,Refinance_Cashout,Primary,Townhouse,ServicerD,360
LN002972,2022-10,277148,5.186,740-779,70-80,20-30,MO,Refinance_Cashout,Primary,Condo,ServicerD,240
LN002973,2022-09,224626,6.534,<620,60-70,30-40,UT,Refinance_NoCashout,Primary,Single_Family,ServicerA,360
LN002974,2022-07,220005,5.432,660-699,80-90,20-30,UT,Purchase,Primary,Single_Family,ServicerB,360
LN002975,2023-05,295551,5.13,740-779,70-80,<20,TX,Refinance_Cashout,Primary,Single_Family,ServicerB,240
LN002976,2023-04,201969,4.349,780+,80-90,30-40,KY,Refinance_NoCashout,Primary,Condo,ServicerE,360
LN002977,2022-06,116914,5.077,740-779,80-90,20-30,CA,Refinance_Cashout,Primary,Condo,ServicerD,240
LN002978,2022-02,147984,6.266,620-659,80-90,20-30,WI,Refinance_Cashout,Primary,Townhouse,ServicerB,360
LN002979,2022-04,257878,5.669,620-659,90-95,20-30,MA,Purchase,Primary,Single_Family,ServicerB,360
LN002980,2022-10,209598,5.614,700-739,70-80,20-30,WA,Refinance_Cashout,Second_Home,Single_Family,ServicerA,360
LN002981,2023-11,108462,4.758,780+,80-90,20-30,VA,Purchase,Primary,Single_Family,ServicerA,360
LN002982,2023-12,285435,4.182,780+,80-90,>50,SC,Purchase,Primary,Condo,ServicerC,360
LN002983,2022-05,520448,4.554,740-779,80-90,30-40,TN,Refinance_NoCashout,Investment,Townhouse,ServicerD,180
LN002984,2023-11,371332,6.073,660-699,<60,30-40,TN,Refinance_NoCashout,Primary,Multi_Family,ServicerA,360
LN002985,2023-07,240043,6.497,620-659,>95,<20,AZ,Purchase,Primary,Townhouse,ServicerA,360
LN002986,2023-07,162740,5.925,660-699,>95,20-30,MN,Purchase,Primary,Condo,ServicerC,360
LN002987,2023-11,397885,4.723,780+,>95,20-30,MO,Refinance_NoCashout,Primary,Condo,ServicerB,360
LN002988,2022-04,185035,5.253,700-739,80-90,20-30,KY,Refinance_Cashout,Second_Home,Single_Family,ServicerA,240
LN002989,2022-07,147329,5.714,700-739,70-80,20-30,GA,Refinance_Cashout,Primary,Condo,ServicerC,360
LN002990,2023-04,127397,4.974,700-739,90-95,30-40,OK,Purchase,Investment,Condo,ServicerD,360
LN002991,2022-03,521893,5.024,740-779,<60,20-30,MD,Purchase,Primary,Condo,ServicerA,360
LN002992,2023-02,76875,6.623,<620,60-70,20-30,CT,Purchase,Second_Home,Single_Family,ServicerB,360
LN002993,2023-10,153943,4.919,700-739,90-95,30-40,IL,Refinance_Cashout,Second_Home,Condo,ServicerA,360
LN002994,2023-07,144231,4.581,780+,<60,20-30,WI,Refinance_Cashout,Primary,Condo,ServicerA,180
LN002995,2023-01,303357,4.97,780+,80-90,<20,KY,Purchase,Primary,Condo,ServicerA,360
LN002996,2023-05,660114,4.648,780+,70-80,20-30,PA,Purchase,Primary,Townhouse,ServicerC,360
LN002997,2022-05,226735,5.752,700-739,90-95,<20,CA,Refinance_NoCashout,Primary,Single_Family,ServicerA,360
LN002998,2022-11,249606,6.045,660-699,70-80,20-30,FL,Purchase,Primary,Single_Family,ServicerE,180
LN002999,2022-09,123451,5.411,700-739,60-70,30-40,MI,Purchase,Primary,Condo,ServicerB,360
