loan_id,month_index,current_balance,current_status,days_past_due,servicer_name,source_system,update_timestamp,is_conflict
LN002526,5,349297.0937063225,Current,0,ServicerE,SystemB,2024-06-15,1
LN002628,13,188424.95,Current,0,ServicerD,SystemB,2024-06-15,0
LN001292,6,118036.45,Current,0,ServicerB,SystemB,2024-06-15,0
LN000168,9,99033.2,30DPD,30,ServicerC,SystemB,2024-06-15,0
LN000933,16,97323.02,Current,0,ServicerC,SystemB,2024-06-15,0
LN001482,4,219816.32,Current,0,ServicerA,SystemB,2024-06-15,0
LN000085,3,76812.6,Current,0,ServicerA,SystemB,2024-06-15,0
LN001787,14,153377.52,Current,0,ServicerC,SystemB,2024-06-15,0
LN002329,22,231167.92,30DPD,30,ServicerD,SystemB,2024-06-15,0
LN000982,7,,Current,60,ServicerD,SystemB,2024-06-15,1
LN001505,5,113477.22,Default,120,ServicerD,SystemB,2024-06-15,0
LN001637,11,433225.74,Current,60,ServicerC,SystemB,2024-06-15,1
LN002762,4,309416.74,Current,0,ServicerB,SystemB,2024-06-15,0
LN000590,2,553150.76,Current,0,ServicerE,SystemB,2024-06-15,0
LN000537,9,234578.36,Current,0,ServicerE,SystemB,2024-06-15,0
LN002076,18,159881.05,Prepaid,0,ServicerA,SystemB,2024-06-15,0
LN001080,14,100818.63,Current,0,ServicerC,SystemB,2024-06-15,0
LN002918,6,418476.17,Current,0,ServicerE,SystemB,2024-06-15,0
LN000921,7,278210.77,Current,30,ServicerA,SystemB,2024-06-15,1
LN001751,8,301780.06093148346,90DPD,90,ServicerC,SystemB,2024-06-15,1
LN001481,7,599823.8914527681,Current,0,ServicerC,SystemB,2024-06-15,1
LN001707,2,226418.82,Current,0,ServicerE,SystemB,2024-06-15,0
LN000588,15,336961.18,Current,0,ServicerC,SystemB,2024-06-15,0
LN000826,8,144175.44,Current,0,ServicerB,SystemB,2024-06-15,0
LN000411,23,211717.12,Current,0,ServicerA,SystemB,2024-06-15,0
LN002045,9,199638.51,Current,0,ServicerA,SystemB,2024-06-15,0
LN000277,4,126841.69,Current,0,ServicerC,SystemB,2024-06-15,0
LN001489,5,108141.62,Current,0,ServicerA,SystemB,2024-06-15,0
LN000953,24,98751.99,30DPD,30,ServicerA,SystemB,2024-06-15,0
LN000389,11,234221.21,Current,0,ServicerA,SystemB,2024-06-15,0
LN001239,4,165812.34,Current,0,ServicerD,SystemB,2024-06-15,0
LN002431,14,162695.91,Current,0,ServicerC,SystemB,2024-06-15,0
LN001265,7,301382.87,Current,0,ServicerA,SystemB,2024-06-15,0
LN002384,8,122207.97,Current,0,ServicerE,SystemB,2024-06-15,0
LN002807,4,263082.36,60DPD,30,ServicerB,SystemB,2024-06-15,1
LN001176,6,166232.12,Current,0,ServicerE,SystemB,2024-06-15,0
LN002470,14,130830.66,60DPD,60,ServicerB,SystemB,2024-06-15,0
LN002332,2,254659.22,Current,0,ServicerE,SystemB,2024-06-15,0
LN001303,3,205198.06,Current,0,ServicerD,SystemB,2024-06-15,0
LN001067,18,439258.59,60DPD,30,ServicerC,SystemB,2024-06-15,1
LN001524,22,65327.67,Current,0,ServicerB,SystemB,2024-06-15,0
LN000371,1,168410.22,Current,0,ServicerC,SystemB,2024-06-15,0
LN001907,5,215463.68757428278,Current,0,ServicerE,SystemB,2024-06-15,1
LN002678,1,157467.42,60DPD,0,ServicerC,SystemB,2024-06-15,1
LN001507,16,97144.95,30DPD,30,ServicerC,SystemB,2024-06-15,0
LN000015,22,107050.29,Current,0,ServicerA,SystemB,2024-06-15,0
LN002600,21,81020.17,30DPD,30,ServicerB,SystemB,2024-06-15,0
LN001353,1,230694.21,Current,0,ServicerE,SystemB,2024-06-15,0
LN000828,18,203976.42,Current,0,ServicerE,SystemB,2024-06-15,0
LN000828,14,205096.32,Current,0,ServicerE,SystemB,2024-06-15,0
LN002090,16,57688.07,Current,0,ServicerE,SystemB,2024-06-15,0
LN000949,3,178049.67,Current,0,ServicerA,SystemB,2024-06-15,0
LN001755,10,188221.5,60DPD,0,ServicerD,SystemB,2024-06-15,1
LN000679,8,,Current,0,ServicerC,SystemB,2024-06-15,0
LN002922,12,194879.4,Current,0,ServicerB,SystemB,2024-06-15,0
LN002915,17,296792.98,Current,0,ServicerB,SystemB,2024-06-15,0
LN002971,14,211958.06,30DPD,30,ServicerD,SystemB,2024-06-15,0
LN001669,17,94868.74,Current,0,ServicerC,SystemB,2024-06-15,0
LN002832,5,320576.21258134453,Current,0,ServicerC,SystemB,2024-06-15,1
LN001810,18,246530.04179261858,Current,0,ServicerE,SystemB,2024-06-15,1
LN002135,23,166224.9,60DPD,60,ServicerD,SystemB,2024-06-15,0
LN002400,19,204980.95,Prepaid,0,ServicerC,SystemB,2024-06-15,0
LN000186,21,,Current,0,ServicerA,SystemB,2024-06-15,0
LN002159,11,570189.59,Current,0,ServicerA,SystemB,2024-06-15,0
LN002987,3,396475.59,Current,0,ServicerB,SystemB,2024-06-15,0
LN002172,13,96353.75,Current,0,ServicerE,SystemB,2024-06-15,0
LN000626,6,188225.88,Current,0,ServicerD,SystemB,2024-06-15,0
LN001362,7,155326.17,90DPD,0,ServicerD,SystemB,2024-06-15,1
LN000905,5,213428.82,Current,0,ServicerA,SystemB,2024-06-15,0
LN001573,16,150110.41,Current,0,ServicerB,SystemB,2024-06-15,0
LN000944,16,627656.42,Current,0,ServicerD,SystemB,2024-06-15,0
LN001056,1,125429.86,Current,0,ServicerC,SystemB,2024-06-15,0
LN001239,19,162386.12,Current,0,ServicerD,SystemB,2024-06-15,0
LN001853,5,196904.14,Current,0,ServicerC,SystemB,2024-06-15,0
LN001503,24,,Current,0,ServicerA,SystemB,2024-06-15,0
LN000722,6,208801.56,30DPD,0,ServicerC,SystemB,2024-06-15,1
LN002321,1,149058.12,Current,0,ServicerB,SystemB,2024-06-15,1
LN002942,1,182487.55,Current,0,ServicerB,SystemB,2024-06-15,0
LN001513,12,499769.59,Current,0,ServicerD,SystemB,2024-06-15,0
LN000551,2,152008.19,Current,0,ServicerB,SystemB,2024-06-15,0
LN001081,1,463530.49,Current,0,ServicerC,SystemB,2024-06-15,0
LN002201,2,310654.54,Prepaid,0,ServicerA,SystemB,2024-06-15,0
LN000087,6,333309.7,Current,0,ServicerC,SystemB,2024-06-15,0
LN001486,33,163876.09,Current,0,ServicerA,SystemB,2024-06-15,0
LN002644,27,162175.6,Current,0,ServicerD,SystemB,2024-06-15,0
LN002464,2,190243.15,Current,0,ServicerE,SystemB,2024-06-15,0
LN002223,2,173525.36,Current,0,ServicerD,SystemB,2024-06-15,0
LN002360,7,,Current,0,ServicerC,SystemB,2024-06-15,0
LN001106,6,-338506.71,Current,0,ServicerC,SystemB,2024-06-15,0
LN000419,6,290242.90879786736,Current,0,ServicerA,SystemB,2024-06-15,1
LN001768,7,282622.29,Current,0,ServicerC,SystemB,2024-06-15,1
LN001051,2,124963.72,30DPD,30,ServicerC,SystemB,2024-06-15,0
LN000281,10,293478.97,Current,0,ServicerB,SystemB,2024-06-15,0
LN002443,5,243884.47,Current,0,ServicerE,SystemB,2024-06-15,0
LN002721,18,107055.38,Current,0,ServicerE,SystemB,2024-06-15,0
LN001774,8,381938.76,60DPD,60,ServicerA,SystemB,2024-06-15,0
LN001510,6,186523.67,Current,0,ServicerB,SystemB,2024-06-15,0
LN000845,2,151858.42,Current,0,ServicerD,SystemB,2024-06-15,0
LN002749,1,198231.1639671596,Current,0,ServicerA,SystemB,2024-06-15,1
LN001454,4,133398.34,Current,0,ServicerC,SystemB,2024-06-15,0
LN000030,3,473774.37,Current,0,ServicerD,SystemB,2024-06-15,0
LN002625,5,116354.44,Current,0,ServicerC,SystemB,2024-06-15,0
LN000407,13,370416.55,Current,0,ServicerE,SystemB,2024-06-15,0
LN002209,8,227292.68,Current,0,ServicerC,SystemB,2024-06-15,0
LN002851,12,418630.21,Current,0,ServicerE,SystemB,2024-06-15,0
LN001599,6,88535.82,30DPD,30,ServicerB,SystemB,2024-06-15,0
LN000654,4,277221.73,Current,0,ServicerD,SystemB,2024-06-15,0
LN000248,13,233767.9,Prepaid,0,ServicerC,SystemB,2024-06-15,0
LN000306,3,,Current,0,ServicerC,SystemB,2024-06-15,0
LN000013,10,788202.0,Current,0,ServicerE,SystemB,2024-06-15,0
LN002765,8,125445.83,Current,0,ServicerD,SystemB,2024-06-15,0
LN001266,2,378126.14,Prepaid,0,ServicerC,SystemB,2024-06-15,0
LN001737,5,176669.78,Current,0,ServicerC,SystemB,2024-06-15,0
LN001847,16,90502.61,Current,0,ServicerE,SystemB,2024-06-15,0
LN000647,3,51169.38,90DPD,90,ServicerB,SystemB,2024-06-15,0
LN002090,15,57760.69,Current,0,ServicerE,SystemB,2024-06-15,0
LN001142,7,183544.09,30DPD,30,ServicerC,SystemB,2024-06-15,0
LN000994,8,352692.22,Current,0,ServicerD,SystemB,2024-06-15,0
LN002911,2,331868.47,Current,0,ServicerE,SystemB,2024-06-15,0
LN002765,12,124896.25,Current,0,ServicerD,SystemB,2024-06-15,0
LN001122,5,308412.1974417989,Current,0,ServicerB,SystemB,2024-06-15,1
LN000090,3,243591.88,Current,0,ServicerA,SystemB,2024-06-15,0
LN000820,6,336092.54,Current,0,ServicerB,SystemB,2024-06-15,0
LN000730,28,108025.24968772507,Current,0,ServicerB,SystemB,2024-06-15,1
LN001809,4,394379.82,Current,0,ServicerE,SystemB,2024-06-15,0
LN000280,7,243284.42,Prepaid,0,ServicerA,SystemB,2024-06-15,0
LN000464,6,281819.2,Current,0,ServicerD,SystemB,2024-06-15,1
LN001120,13,230783.62,Current,0,ServicerA,SystemB,2024-06-15,0
LN002012,8,352540.47,Current,0,ServicerE,SystemB,2024-06-15,0
LN002219,2,107261.69,Current,0,ServicerC,SystemB,2024-06-15,0
LN002653,18,112773.31,60DPD,60,ServicerD,SystemB,2024-06-15,0
LN001726,13,160804.34,Current,0,ServicerC,SystemB,2024-06-15,0
LN002250,8,103045.25,Current,0,ServicerE,SystemB,2024-06-15,0
LN002249,6,184009.75,Current,0,ServicerA,SystemB,2024-06-15,0
LN002083,3,82523.18,Current,0,ServicerC,SystemB,2024-06-15,1
LN001362,4,156040.52,Current,0,ServicerD,SystemB,2024-06-15,0
LN000557,1,275259.72,Current,0,ServicerB,SystemB,2024-06-15,0
LN001232,14,221973.8671763516,Current,0,ServicerD,SystemB,2024-06-15,1
LN000694,2,158776.67,Current,0,ServicerC,SystemB,2024-06-15,0
LN000738,8,196297.03,Prepaid,0,ServicerA,SystemB,2024-06-15,0
LN002023,26,235708.89,Current,0,ServicerC,SystemB,2024-06-15,0
LN002718,9,281179.81,Current,0,ServicerD,SystemB,2024-06-15,0
LN002876,19,234818.52,Current,0,ServicerB,SystemB,2024-06-15,0
LN001768,1,284609.76,Current,90,ServicerC,SystemB,2024-06-15,1
LN000688,12,142657.29,Current,0,ServicerD,SystemB,2024-06-15,0
LN001799,15,159376.0888765154,Current,0,ServicerE,SystemB,2024-06-15,1
LN000585,13,64902.5,Current,0,ServicerD,SystemB,2024-06-15,0
LN000186,7,346936.71,Current,0,ServicerA,SystemB,2024-06-15,0
LN001879,9,314283.59,Prepaid,0,ServicerB,SystemB,2024-06-15,0
LN002699,19,349727.0879552426,Current,0,ServicerA,SystemB,2024-06-15,1
LN002968,1,208044.8,Current,0,ServicerE,SystemB,2024-06-15,0
LN002287,6,220311.59,Current,0,ServicerB,SystemB,2024-06-15,0
LN002349,1,165913.7089374573,Current,0,ServicerB,SystemB,2024-06-15,1
LN001843,33,168771.19,Current,0,ServicerA,SystemB,2024-06-15,0
LN000400,12,284442.24,60DPD,60,ServicerE,SystemB,2024-06-15,0
LN002931,4,232449.66,Current,90,ServicerB,SystemB,2024-06-15,0
LN000921,1,280738.68,Current,0,ServicerA,SystemB,2024-06-15,0
LN001493,7,296818.33,30DPD,30,ServicerC,SystemB,2024-06-15,0
LN001583,7,124987.75,Current,0,ServicerD,SystemB,2024-06-15,0
LN002923,3,472831.33,Current,0,ServicerD,SystemB,2024-06-15,0
LN000947,9,329248.88,30DPD,30,ServicerB,SystemB,2024-06-15,0
LN001689,16,246302.04,Current,0,ServicerB,SystemB,2024-06-15,0
LN002215,10,254785.75,Prepaid,90,ServicerA,SystemB,2024-06-15,1
LN002787,1,347122.99,30DPD,0,ServicerD,SystemB,2024-06-15,1
LN000790,13,416532.49,Prepaid,0,ServicerE,SystemB,2024-06-15,0
LN002883,3,219994.59,Current,0,ServicerD,SystemB,2024-06-15,0
LN000156,12,179587.3531336941,Current,0,ServicerC,SystemB,2024-06-15,1
LN002910,1,85491.58,Current,0,ServicerA,SystemB,2024-06-15,0
LN002174,1,372455.1,Current,0,ServicerB,SystemB,2024-06-15,0
LN000508,7,548416.85,30DPD,30,ServicerE,SystemB,2024-06-15,0
LN002025,9,223943.1,Current,0,ServicerE,SystemB,2024-06-15,0
LN000975,8,186808.06,Current,0,ServicerE,SystemB,2024-06-15,1
LN000037,20,86530.29,30DPD,30,ServicerC,SystemB,2024-06-15,0
LN002371,6,184720.25,Current,0,ServicerB,SystemB,2024-06-15,0
LN002481,15,-159326.09,Prepaid,0,ServicerC,SystemB,2024-06-15,0
LN000898,2,138238.73,Current,0,ServicerE,SystemB,2024-06-15,0
LN001179,9,215460.55,Current,0,ServicerC,SystemB,2024-06-15,0
LN002904,10,82211.02,Current,60,ServicerD,SystemB,2024-06-15,1
LN001098,2,90569.04,Current,0,ServicerE,SystemB,2024-06-15,0
LN001367,11,1381594.9039010368,Current,0,ServicerC,SystemB,2024-06-15,0
LN001454,6,133355.39582839428,Current,0,ServicerC,SystemB,2024-06-15,1
LN001832,1,191290.79,Current,0,ServicerA,SystemB,2024-06-15,0
LN000187,15,371241.32,Current,0,ServicerB,SystemB,2024-06-15,0
LN001908,5,422661.46,Current,0,ServicerD,SystemB,2024-06-15,0
LN000325,25,162827.29,Current,0,ServicerE,SystemB,2024-06-15,0
LN001609,9,205738.22,Prepaid,0,ServicerE,SystemB,2024-06-15,0
LN001788,11,172297.91,Current,0,ServicerB,SystemB,2024-06-15,0
LN002999,14,121113.02,Current,0,ServicerB,SystemB,2024-06-15,0
LN001619,7,225051.87,Current,0,ServicerA,SystemB,2024-06-15,0
LN000799,7,222957.24,Current,0,ServicerD,SystemB,2024-06-15,0
LN002339,14,141096.81,60DPD,60,ServicerB,SystemB,2024-06-15,0
LN000372,4,227815.95,Prepaid,0,ServicerD,SystemB,2024-06-15,0
LN002347,6,282543.25,Current,0,ServicerB,SystemB,2024-06-15,0
LN002737,5,462960.72773296025,Prepaid,0,ServicerE,SystemB,2024-06-15,1
LN001372,10,176973.32,30DPD,30,ServicerC,SystemB,2024-06-15,0
LN000789,7,302984.59,Current,0,ServicerC,SystemB,2024-06-15,1
LN002109,9,220109.72,Current,0,ServicerE,SystemB,2024-06-15,0
LN002704,3,207967.15,Current,0,ServicerC,SystemB,2024-06-15,0
LN000234,2,78205.63,Current,0,ServicerD,SystemB,2024-06-15,0
LN000761,4,198851.14,Current,0,ServicerE,SystemB,2024-06-15,0
LN000247,15,249499.62,Current,0,ServicerB,SystemB,2024-06-15,0
LN000308,1,305727.47,Current,0,ServicerB,SystemB,2024-06-15,0
LN000869,6,180140.97,Current,0,ServicerD,SystemB,2024-06-15,0
LN001983,19,200516.6,30DPD,30,ServicerE,SystemB,2024-06-15,0
LN001916,3,120780.73,Current,0,ServicerD,SystemB,2024-06-15,0
LN000822,1,153638.64,Current,0,ServicerB,SystemB,2024-06-15,0
LN001292,1,118738.57,Current,0,ServicerB,SystemB,2024-06-15,0
LN002803,8,351426.19,Current,0,ServicerE,SystemB,2024-06-15,0
LN002038,3,82915.85,Current,0,ServicerC,SystemB,2024-06-15,0
LN001270,11,171367.9,Current,0,ServicerA,SystemB,2024-06-15,0
LN000619,6,157002.26,Current,0,ServicerC,SystemB,2024-06-15,0
LN000084,1,140337.85,Current,0,ServicerA,SystemB,2024-06-15,0
LN002889,5,70689.37,Current,0,ServicerD,SystemB,2024-06-15,0
LN002996,13,650142.32,Current,0,ServicerC,SystemB,2024-06-15,1
LN001582,8,220875.15,Current,0,ServicerD,SystemB,2024-06-15,0
LN002858,11,103914.81,Current,0,ServicerC,SystemB,2024-06-15,0
LN002899,3,228830.1,Current,0,ServicerE,SystemB,2024-06-15,0
LN002118,10,331863.09,Current,0,ServicerC,SystemB,2024-06-15,0
LN002664,25,83482.1,Current,0,ServicerB,SystemB,2024-06-15,0
LN000564,1,173535.19,Current,0,ServicerB,SystemB,2024-06-15,0
LN001584,1,243611.9,Current,0,ServicerE,SystemB,2024-06-15,0
LN000104,9,175434.96,30DPD,30,ServicerA,SystemB,2024-06-15,0
LN001594,8,286998.67,Prepaid,0,ServicerC,SystemB,2024-06-15,0
LN002821,10,127009.01,30DPD,30,ServicerA,SystemB,2024-06-15,0
LN001884,1,166510.73,Current,0,ServicerD,SystemB,2024-06-15,0
LN000131,18,257605.81,Current,0,ServicerE,SystemB,2024-06-15,0
LN000167,3,183253.22696173383,Current,0,ServicerE,SystemB,2024-06-15,1
LN000654,10,274930.84,90DPD,30,ServicerD,SystemB,2024-06-15,1
LN001726,12,161007.55,Current,0,ServicerC,SystemB,2024-06-15,0
LN000970,5,215681.61,Current,0,ServicerC,SystemB,2024-06-15,0
LN001994,7,178930.21,30DPD,30,ServicerB,SystemB,2024-06-15,0
LN001281,6,354636.69,Current,0,ServicerD,SystemB,2024-06-15,0
LN001577,3,313426.59279003815,Current,0,ServicerC,SystemB,2024-06-15,1
LN000998,5,213804.69,Current,0,ServicerB,SystemB,2024-06-15,0
LN002922,5,196371.33,Current,0,ServicerB,SystemB,2024-06-15,0
LN001974,5,304093.18,Current,0,ServicerD,SystemB,2024-06-15,0
LN002505,8,74980.31,90DPD,90,ServicerA,SystemB,2024-06-15,0
LN002880,8,78687.53,Current,0,ServicerE,SystemB,2024-06-15,0
LN001776,2,195316.66,Current,0,ServicerB,SystemB,2024-06-15,0
LN002192,3,115473.98,Current,0,ServicerE,SystemB,2024-06-15,0
LN000247,2,,Current,0,ServicerB,SystemB,2024-06-15,0
LN002295,15,194344.95,Current,0,ServicerB,SystemB,2024-06-15,0
LN001446,9,331340.35,90DPD,90,ServicerB,SystemB,2024-06-15,0
LN002480,11,206264.37,Current,0,ServicerC,SystemB,2024-06-15,0
LN000950,9,78913.14,Current,0,ServicerA,SystemB,2024-06-15,0
LN000579,8,208793.98,Current,0,ServicerE,SystemB,2024-06-15,0
LN001335,10,364523.95,Current,0,ServicerC,SystemB,2024-06-15,0
LN001768,14,280303.59,Current,0,ServicerC,SystemB,2024-06-15,0
LN000404,11,228874.66,Prepaid,0,ServicerB,SystemB,2024-06-15,0
LN001513,29,489221.93,Current,0,ServicerD,SystemB,2024-06-15,0
LN000163,16,268953.29,Prepaid,0,ServicerE,SystemB,2024-06-15,0
LN001983,11,202702.03,Current,0,ServicerE,SystemB,2024-06-15,0
LN002930,12,500501.93,Current,0,ServicerE,SystemB,2024-06-15,0
LN001251,3,402013.08,Current,0,ServicerE,SystemB,2024-06-15,0
LN002903,16,296384.2,Current,90,ServicerC,SystemB,2024-06-15,1
LN000039,4,173166.02,Current,0,ServicerA,SystemB,2024-06-15,1
LN000121,13,79156.64,Current,0,ServicerB,SystemB,2024-06-15,0
LN000469,3,143004.74,Current,0,ServicerD,SystemB,2024-06-15,0
LN001334,8,105312.39,Current,0,ServicerA,SystemB,2024-06-15,0
LN001275,2,203493.82,30DPD,0,ServicerA,SystemB,2024-06-15,1
LN002947,1,166330.88,Current,0,ServicerB,SystemB,2024-06-15,0
LN002984,1,370768.23,Current,0,ServicerA,SystemB,2024-06-15,0
LN001176,21,163479.91,30DPD,30,ServicerE,SystemB,2024-06-15,0
LN000157,9,352390.7,90DPD,90,ServicerE,SystemB,2024-06-15,0
LN001506,12,302506.96,Current,0,ServicerE,SystemB,2024-06-15,0
LN002826,18,277879.39,90DPD,90,ServicerC,SystemB,2024-06-15,0
LN002651,1,181815.15,Current,0,ServicerA,SystemB,2024-06-15,0
LN002139,7,349036.71,Current,0,ServicerE,SystemB,2024-06-15,0
LN001089,5,584113.66,Current,0,ServicerA,SystemB,2024-06-15,0
LN000211,13,565173.32,Current,0,ServicerD,SystemB,2024-06-15,0
LN001595,7,157640.83,Current,0,ServicerA,SystemB,2024-06-15,0
LN001194,10,,Current,0,ServicerE,SystemB,2024-06-15,0
LN002031,1,81549.24,Current,0,ServicerA,SystemB,2024-06-15,0
LN001505,4,113477.22,90DPD,90,ServicerD,SystemB,2024-06-15,0
LN001349,8,234646.75,Current,0,ServicerB,SystemB,2024-06-15,0
LN000343,11,313037.88,Current,0,ServicerB,SystemB,2024-06-15,0
LN000439,6,204872.82,60DPD,0,ServicerC,SystemB,2024-06-15,1
LN001405,10,115621.23,Current,60,ServicerB,SystemB,2024-06-15,1
LN002924,5,325570.61,30DPD,30,ServicerD,SystemB,2024-06-15,0
LN001105,4,212167.39,Current,0,ServicerE,SystemB,2024-06-15,0
LN002903,6,300420.32,Current,0,ServicerC,SystemB,2024-06-15,0
LN001565,1,344316.54243911227,Current,0,ServicerA,SystemB,2024-06-15,1
LN002089,3,156113.54,Prepaid,0,ServicerA,SystemB,2024-06-15,0
LN001049,6,149190.03,Current,0,ServicerB,SystemB,2024-06-15,0
LN001070,3,401345.39,Prepaid,0,ServicerD,SystemB,2024-06-15,0
LN000661,1,135835.23,Current,0,ServicerE,SystemB,2024-06-15,0
LN000105,10,244042.37,90DPD,90,ServicerB,SystemB,2024-06-15,0
LN001836,11,218726.6,Current,0,ServicerC,SystemB,2024-06-15,0
LN002809,7,129581.05776835913,30DPD,30,ServicerA,SystemB,2024-06-15,1
LN001438,8,108561.77,Current,0,ServicerC,SystemB,2024-06-15,0
LN000243,4,146451.46,Current,0,ServicerA,SystemB,2024-06-15,0
LN000536,5,182104.3,Current,0,ServicerB,SystemB,2024-06-15,0
LN000804,13,178864.69,Current,0,ServicerB,SystemB,2024-06-15,0
LN002084,7,397139.04,Current,0,ServicerD,SystemB,2024-06-15,0
LN001925,8,167073.3,Current,0,ServicerB,SystemB,2024-06-15,0
LN001932,5,794831.0,Current,0,ServicerE,SystemB,2024-06-15,0
LN000184,19,260534.77,Current,0,ServicerC,SystemB,2024-06-15,0
LN000597,1,144026.97,Current,0,ServicerD,SystemB,2024-06-15,0
LN000758,22,234055.1,Current,0,ServicerB,SystemB,2024-06-15,0
LN002756,14,322171.15,Current,0,ServicerE,SystemB,2024-06-15,0
LN002822,12,339142.92,60DPD,60,ServicerB,SystemB,2024-06-15,0
LN001796,14,269413.28,Current,0,ServicerC,SystemB,2024-06-15,0
LN000832,8,80057.6,Prepaid,0,ServicerB,SystemB,2024-06-15,0
LN002517,5,201456.7,Current,0,ServicerC,SystemB,2024-06-15,0
LN001217,7,241591.6,Current,0,ServicerB,SystemB,2024-06-15,0
LN001473,1,385094.38,Current,0,ServicerC,SystemB,2024-06-15,0
LN001191,16,367911.15,Current,0,ServicerB,SystemB,2024-06-15,0
LN000086,11,227047.85,Current,0,ServicerE,SystemB,2024-06-15,0
LN001123,7,218082.39,Current,0,ServicerA,SystemB,2024-06-15,0
LN001806,6,317810.53,Current,30,ServicerD,SystemB,2024-06-15,1
LN000319,7,226106.1,Current,0,ServicerC,SystemB,2024-06-15,0
LN002690,24,377397.67,Current,0,ServicerC,SystemB,2024-06-15,0
LN001439,3,242896.74,Current,0,ServicerE,SystemB,2024-06-15,0
LN001320,11,132137.63,Current,0,ServicerE,SystemB,2024-06-15,0
LN002566,2,196652.44,Current,0,ServicerB,SystemB,2024-06-15,0
LN001504,3,291459.78,Prepaid,0,ServicerC,SystemB,2024-06-15,0
LN001515,1,247334.76,Current,60,ServicerA,SystemB,2024-06-15,1
LN000863,14,304481.14,Current,0,ServicerE,SystemB,2024-06-15,0
LN000295,1,372663.25,Current,0,ServicerD,SystemB,2024-06-15,0
LN001210,7,155946.32,30DPD,60,ServicerD,SystemB,2024-06-15,1
LN001784,4,137407.72,Current,0,ServicerA,SystemB,2024-06-15,0
LN001746,3,237478.59,Current,0,ServicerA,SystemB,2024-06-15,0
LN002449,4,230068.79,Current,0,ServicerD,SystemB,2024-06-15,0
LN002976,12,199333.91,Current,0,ServicerE,SystemB,2024-06-15,0
LN001355,5,166995.66,Current,0,ServicerC,SystemB,2024-06-15,0
LN002358,3,307030.0816104924,Current,0,ServicerB,SystemB,2024-06-15,1
LN000818,9,357785.12,30DPD,30,ServicerA,SystemB,2024-06-15,0
LN002245,5,87365.74,Current,0,ServicerB,SystemB,2024-06-15,0
LN001534,5,141688.86,Current,0,ServicerD,SystemB,2024-06-15,1
LN001673,4,211995.65,30DPD,30,ServicerB,SystemB,2024-06-15,0
LN002493,3,193096.28,Current,0,ServicerB,SystemB,2024-06-15,0
LN000563,7,122028.44,Prepaid,0,ServicerB,SystemB,2024-06-15,0
LN001182,20,306569.61,Current,0,ServicerD,SystemB,2024-06-15,0
LN000820,11,333932.15,90DPD,0,ServicerB,SystemB,2024-06-15,1
LN002388,2,345780.57,Current,0,ServicerB,SystemB,2024-06-15,0
LN002274,3,158517.92,Current,0,ServicerB,SystemB,2024-06-15,0
LN002870,6,258372.35,Current,0,ServicerE,SystemB,2024-06-15,0
LN002378,2,186057.92,Current,0,ServicerC,SystemB,2024-06-15,0
LN001810,8,257237.16,Current,0,ServicerE,SystemB,2024-06-15,0
LN002402,18,174060.02,Current,0,ServicerB,SystemB,2024-06-15,0
LN001736,13,316156.88,Current,60,ServicerE,SystemB,2024-06-15,0
LN001041,21,109968.38,Current,0,ServicerB,SystemB,2024-06-15,0
LN001099,11,151625.87,Current,0,ServicerB,SystemB,2024-06-15,0
LN002416,8,213332.52,Current,30,ServicerB,SystemB,2024-06-15,0
LN001655,18,118375.87,60DPD,60,ServicerD,SystemB,2024-06-15,0
LN000920,1,258753.92,Current,0,ServicerA,SystemB,2024-06-15,1
LN001376,4,166457.61,Current,0,ServicerD,SystemB,2024-06-15,0
LN001538,14,278128.36,Current,0,ServicerB,SystemB,2024-06-15,0
LN001859,5,254653.71,Current,0,ServicerE,SystemB,2024-06-15,0
LN002838,10,80217.99,Prepaid,0,ServicerA,SystemB,2024-06-15,0
LN000412,11,193016.57,Current,0,ServicerE,SystemB,2024-06-15,0
LN000630,3,149554.39,Current,0,ServicerD,SystemB,2024-06-15,0
LN001149,21,167528.48,30DPD,30,ServicerD,SystemB,2024-06-15,0
LN002988,3,184306.01,Current,0,ServicerA,SystemB,2024-06-15,0
LN000411,8,217232.48,Current,30,ServicerA,SystemB,2024-06-15,0
LN002360,5,159494.9,Current,0,ServicerC,SystemB,2024-06-15,0
LN000276,7,320924.37,Current,0,ServicerE,SystemB,2024-06-15,0
LN002773,3,208548.51,Current,0,ServicerD,SystemB,2024-06-15,0
LN001740,4,129616.21772963765,Current,0,ServicerC,SystemB,2024-06-15,1
LN000819,2,189702.29,Current,0,ServicerD,SystemB,2024-06-15,0
LN000354,4,202824.22,Current,0,ServicerD,SystemB,2024-06-15,0
LN002997,3,226082.91,Prepaid,0,ServicerA,SystemB,2024-06-15,0
LN002065,7,241608.92,Current,0,ServicerC,SystemB,2024-06-15,0
LN000677,7,109788.7,Current,0,ServicerC,SystemB,2024-06-15,0
LN002873,3,200557.02,Current,0,ServicerE,SystemB,2024-06-15,0
LN002562,5,144852.4243284647,Current,0,ServicerD,SystemB,2024-06-15,1
LN001503,27,214258.22,Current,0,ServicerA,SystemB,2024-06-15,0
LN001783,10,134117.95,Current,0,ServicerC,SystemB,2024-06-15,0
LN002403,1,271037.14,Current,0,ServicerA,SystemB,2024-06-15,0
LN000387,12,124278.37,Prepaid,0,ServicerC,SystemB,2024-06-15,0
LN002127,11,185087.65,Current,0,ServicerD,SystemB,2024-06-15,0
LN001164,9,226507.08,Current,90,ServicerD,SystemB,2024-06-15,1
LN000218,4,332069.01,Current,0,ServicerB,SystemB,2024-06-15,0
LN000451,1,424421.26,Current,0,ServicerA,SystemB,2024-06-15,0
LN001793,6,128874.9,Current,0,ServicerD,SystemB,2024-06-15,0
LN000877,1,367743.73,Current,0,ServicerB,SystemB,2024-06-15,0
LN001182,18,307403.65,30DPD,0,ServicerD,SystemB,2024-06-15,1
LN002634,1,290659.18,Current,0,ServicerC,SystemB,2024-06-15,0
LN002451,5,146365.5,Current,90,ServicerD,SystemB,2024-06-15,1
LN000812,4,152079.4,30DPD,30,ServicerD,SystemB,2024-06-15,0
LN002336,16,193929.83,Current,0,ServicerA,SystemB,2024-06-15,0
LN002433,3,227663.6,Current,0,ServicerD,SystemB,2024-06-15,0
LN001545,6,413427.78,Current,0,ServicerC,SystemB,2024-06-15,0
LN001080,26,110974.75129170204,Prepaid,0,ServicerC,SystemB,2024-06-15,1
LN001849,15,578540.35,90DPD,90,ServicerE,SystemB,2024-06-15,0
LN000987,3,192127.04,Current,0,ServicerB,SystemB,2024-06-15,0
LN002150,3,213861.62,Prepaid,0,ServicerC,SystemB,2024-06-15,0
LN001733,13,198902.62,60DPD,60,ServicerD,SystemB,2024-06-15,0
LN000292,6,164291.27554176512,Current,0,ServicerC,SystemB,2024-06-15,1
LN000936,2,337228.15373099066,Current,0,ServicerE,SystemB,2024-06-15,1
LN000936,8,317484.64,60DPD,0,ServicerE,SystemB,2024-06-15,1
LN001734,9,,Current,0,ServicerA,SystemB,2024-06-15,0
LN000528,2,197597.07,Current,0,ServicerA,SystemB,2024-06-15,0
LN002293,19,168065.9,Prepaid,0,ServicerB,SystemB,2024-06-15,0
LN000851,7,318730.42,Current,0,ServicerD,SystemB,2024-06-15,0
LN000353,13,219688.71,Current,30,ServicerE,SystemB,2024-06-15,1
LN000915,2,121530.66,Current,0,ServicerC,SystemB,2024-06-15,0
LN001106,12,336159.42,Current,0,ServicerC,SystemB,2024-06-15,0
LN002977,11,115281.68,Current,0,ServicerD,SystemB,2024-06-15,0
LN000622,9,179735.34,Current,0,ServicerB,SystemB,2024-06-15,0
LN000978,14,175378.76,Current,0,ServicerE,SystemB,2024-06-15,0
LN001715,12,243596.38,Current,0,ServicerA,SystemB,2024-06-15,0
LN000416,14,136659.89,Current,90,ServicerB,SystemB,2024-06-15,1
LN002233,7,113862.85,30DPD,30,ServicerB,SystemB,2024-06-15,0
LN002211,7,99290.0,Current,0,ServicerA,SystemB,2024-06-15,0
LN002329,21,231451.01,30DPD,30,ServicerD,SystemB,2024-06-15,0
LN000168,7,99312.71,Current,0,ServicerC,SystemB,2024-06-15,0
LN001552,10,186859.99,Current,0,ServicerC,SystemB,2024-06-15,0
LN000727,5,177521.85,Current,0,ServicerB,SystemB,2024-06-15,0
LN000399,11,257952.21,Current,0,ServicerD,SystemB,2024-06-15,0
LN001475,4,246296.88,Current,0,ServicerD,SystemB,2024-06-15,0
LN000554,5,239655.76,Current,0,ServicerE,SystemB,2024-06-15,0
LN000095,5,246790.75,Current,0,ServicerE,SystemB,2024-06-15,0
LN001306,1,200408.42,Current,0,ServicerB,SystemB,2024-06-15,0
LN002862,7,437066.12,30DPD,0,ServicerE,SystemB,2024-06-15,1
LN000148,17,265304.48,Current,0,ServicerD,SystemB,2024-06-15,1
LN001963,11,176090.45,Current,0,ServicerA,SystemB,2024-06-15,0
LN000144,4,99540.41,Current,0,ServicerB,SystemB,2024-06-15,0
LN000950,10,78810.94,Current,0,ServicerA,SystemB,2024-06-15,0
LN002937,5,389860.22,Current,0,ServicerD,SystemB,2024-06-15,0
LN000178,1,126527.08,Current,0,ServicerC,SystemB,2024-06-15,0
LN002937,8,388426.35,Current,0,ServicerD,SystemB,2024-06-15,0
LN001392,7,394825.54,Current,0,ServicerE,SystemB,2024-06-15,0
LN001145,4,,Current,0,ServicerB,SystemB,2024-06-15,0
LN000484,5,511072.46,Current,0,ServicerC,SystemB,2024-06-15,0
LN000105,11,244042.37,Default,120,ServicerB,SystemB,2024-06-15,0
LN000327,3,197146.67,Current,0,ServicerA,SystemB,2024-06-15,0
LN002617,4,154455.23,Current,0,ServicerE,SystemB,2024-06-15,0
LN001927,1,90902.70911360445,Current,0,ServicerC,SystemB,2024-06-15,1
LN000730,17,91599.18,Current,0,ServicerB,SystemB,2024-06-15,0
LN000461,7,179196.21,Default,120,ServicerD,SystemB,2024-06-15,0
LN000001,19,126657.98,Prepaid,0,ServicerC,SystemB,2024-06-15,0
LN002732,11,201273.05,Current,0,ServicerD,SystemB,2024-06-15,0
LN002599,6,262039.82,Current,0,ServicerB,SystemB,2024-06-15,0
LN001366,28,196383.5,Current,0,ServicerA,SystemB,2024-06-15,0
LN000571,6,269842.2295009303,30DPD,30,ServicerA,SystemB,2024-06-15,1
LN000605,1,142539.89,Current,0,ServicerA,SystemB,2024-06-15,0
LN001362,6,155564.29,Current,0,ServicerD,SystemB,2024-06-15,0
LN000087,25,325002.58,Current,0,ServicerC,SystemB,2024-06-15,0
LN000649,1,99371.55,Current,0,ServicerC,SystemB,2024-06-15,0
LN001173,9,283596.79,Current,0,ServicerA,SystemB,2024-06-15,0
LN000590,28,535012.67,Current,0,ServicerE,SystemB,2024-06-15,0
LN000835,9,100610.76,Current,0,ServicerE,SystemB,2024-06-15,0
LN001502,7,377892.43,Prepaid,0,ServicerD,SystemB,2024-06-15,0
LN001636,2,325014.15,Current,0,ServicerE,SystemB,2024-06-15,0
LN000882,8,374592.85988735774,Current,0,ServicerD,SystemB,2024-06-15,0
LN001667,9,220186.17,Current,0,ServicerA,SystemB,2024-06-15,0
LN002528,2,249239.14,Current,0,ServicerE,SystemB,2024-06-15,0
LN000011,13,435745.22,90DPD,0,ServicerD,SystemB,2024-06-15,1
LN000262,14,178613.75,Prepaid,0,ServicerB,SystemB,2024-06-15,0
LN002880,10,78502.67,Current,0,ServicerE,SystemB,2024-06-15,0
LN002266,4,290425.73,60DPD,60,ServicerB,SystemB,2024-06-15,0
LN002889,13,70077.15,Current,0,ServicerD,SystemB,2024-06-15,0
LN001750,7,266595.41,Current,0,ServicerE,SystemB,2024-06-15,0
LN000976,4,132638.2,Prepaid,0,ServicerC,SystemB,2024-06-15,0
LN001783,29,130850.87,30DPD,0,ServicerC,SystemB,2024-06-15,1
LN000776,1,102585.15,30DPD,0,ServicerD,SystemB,2024-06-15,1
LN000563,4,122322.63,Current,0,ServicerB,SystemB,2024-06-15,0
LN002226,14,290876.54,Current,0,ServicerE,SystemB,2024-06-15,0
LN001813,8,111901.75,Current,0,ServicerA,SystemB,2024-06-15,0
LN002383,5,185893.27,Current,0,ServicerD,SystemB,2024-06-15,0
LN002733,1,265929.20925697096,Current,0,ServicerE,SystemB,2024-06-15,1
LN002109,20,217061.16,Current,0,ServicerE,SystemB,2024-06-15,0
LN002257,4,229372.15,30DPD,0,ServicerB,SystemB,2024-06-15,1
LN001364,14,138005.4,90DPD,0,ServicerD,SystemB,2024-06-15,1
LN001809,8,,30DPD,30,ServicerE,SystemB,2024-06-15,0
LN001347,9,110734.45,30DPD,30,ServicerA,SystemB,2024-06-15,0
LN001038,7,208544.59,Current,0,ServicerD,SystemB,2024-06-15,0
LN001651,24,321063.15,90DPD,90,ServicerD,SystemB,2024-06-15,0
LN000219,23,245961.12,Current,0,ServicerB,SystemB,2024-06-15,0
LN002065,11,240739.32,Prepaid,0,ServicerC,SystemB,2024-06-15,0
LN001156,2,70544.52,Current,0,ServicerC,SystemB,2024-06-15,0
LN002477,11,279457.35,Current,30,ServicerA,SystemB,2024-06-15,1
LN001088,21,113882.12,Current,0,ServicerE,SystemB,2024-06-15,0
LN002818,7,169241.92,Current,0,ServicerE,SystemB,2024-06-15,0
LN002135,19,166987.35,30DPD,30,ServicerD,SystemB,2024-06-15,0
LN002133,17,,Current,0,ServicerD,SystemB,2024-06-15,1
LN001263,7,236047.58411281704,Current,0,ServicerE,SystemB,2024-06-15,1
LN002402,13,175115.85,Current,0,ServicerB,SystemB,2024-06-15,0
LN000688,10,142996.74,Current,0,ServicerD,SystemB,2024-06-15,0
LN002070,5,177905.53,Current,0,ServicerD,SystemB,2024-06-15,0
LN001298,10,206623.72263344613,Current,0,ServicerE,SystemB,2024-06-15,1
LN001366,16,199512.72,Current,0,ServicerA,SystemB,2024-06-15,0
LN001042,14,101539.47,Current,0,ServicerA,SystemB,2024-06-15,0
LN001233,2,330841.9,Current,0,ServicerC,SystemB,2024-06-15,1
LN000439,7,204622.12,Current,0,ServicerC,SystemB,2024-06-15,0
LN002322,2,423468.03,Current,0,ServicerD,SystemB,2024-06-15,0
LN001736,4,320449.96,Current,0,ServicerE,SystemB,2024-06-15,0
LN002436,6,212611.81,Current,0,ServicerC,SystemB,2024-06-15,0
LN002458,4,259411.29,30DPD,120,ServicerE,SystemB,2024-06-15,1
LN000034,12,293294.7,30DPD,30,ServicerD,SystemB,2024-06-15,0
LN001556,1,229615.77,Current,0,ServicerD,SystemB,2024-06-15,0
LN001076,23,160043.69,Current,0,ServicerE,SystemB,2024-06-15,0
LN001354,1,397392.34,Current,0,ServicerE,SystemB,2024-06-15,0
LN001258,17,226540.57,60DPD,60,ServicerB,SystemB,2024-06-15,0
LN002030,15,335211.98,Current,0,ServicerD,SystemB,2024-06-15,0
LN000590,11,546872.19,60DPD,0,ServicerE,SystemB,2024-06-15,1
LN000430,2,,Current,0,ServicerE,SystemB,2024-06-15,0
LN002141,4,,Prepaid,0,ServicerC,SystemB,2024-06-15,0
LN000685,5,72241.16610856012,Current,0,ServicerD,SystemB,2024-06-15,1
LN000328,25,238493.29,Current,0,ServicerB,SystemB,2024-06-15,0
LN002542,1,109670.30759705344,Current,0,ServicerA,SystemB,2024-06-15,1
LN002071,1,246316.41,Current,0,ServicerB,SystemB,2024-06-15,0
LN001368,6,120271.62,Current,0,ServicerC,SystemB,2024-06-15,0
LN000077,2,256053.91,Current,0,ServicerD,SystemB,2024-06-15,0
LN002098,4,201492.89,30DPD,30,ServicerE,SystemB,2024-06-15,0
LN000496,1,269113.24,Current,0,ServicerD,SystemB,2024-06-15,0
LN000681,14,210582.14,Prepaid,0,ServicerC,SystemB,2024-06-15,0
LN001343,16,317317.3,Current,0,ServicerC,SystemB,2024-06-15,0
LN000560,3,231849.87,Current,0,ServicerD,SystemB,2024-06-15,0
LN001983,20,200243.42,60DPD,60,ServicerE,SystemB,2024-06-15,0
LN001072,6,,Current,0,ServicerE,SystemB,2024-06-15,0
LN002349,5,157418.11,Current,0,ServicerB,SystemB,2024-06-15,0
LN001597,1,244694.78,Current,0,ServicerA,SystemB,2024-06-15,0
LN002721,17,107177.41,Current,0,ServicerE,SystemB,2024-06-15,0
LN001420,8,169407.94,Current,0,ServicerE,SystemB,2024-06-15,0
LN002690,18,381009.51,Current,0,ServicerC,SystemB,2024-06-15,0
LN001379,7,297515.06,30DPD,30,ServicerC,SystemB,2024-06-15,0
LN001115,9,214056.3,30DPD,30,ServicerE,SystemB,2024-06-15,0
LN001634,12,364180.51,30DPD,30,ServicerA,SystemB,2024-06-15,0
LN002483,17,396020.32,Current,0,ServicerB,SystemB,2024-06-15,0
LN001501,5,458705.64,Current,0,ServicerA,SystemB,2024-06-15,0
LN001503,7,219824.72,Current,0,ServicerA,SystemB,2024-06-15,0
LN002676,16,180327.85,Current,90,ServicerC,SystemB,2024-06-15,1
LN001358,2,,Current,0,ServicerB,SystemB,2024-06-15,0
LN002715,8,115115.41,Current,60,ServicerD,SystemB,2024-06-15,1
LN001849,16,578540.35,Default,120,ServicerE,SystemB,2024-06-15,0
LN000026,12,186285.37,Current,0,ServicerB,SystemB,2024-06-15,0
LN000077,14,252261.38,60DPD,60,ServicerD,SystemB,2024-06-15,0
LN000779,25,303975.44,Current,60,ServicerB,SystemB,2024-06-15,1
LN000875,8,215545.73,Current,0,ServicerA,SystemB,2024-06-15,0
LN000966,4,133569.51,Current,0,ServicerB,SystemB,2024-06-15,0
LN001410,12,122648.55,Current,0,ServicerA,SystemB,2024-06-15,0
LN002256,6,335939.67,Current,0,ServicerD,SystemB,2024-06-15,0
LN000052,3,351210.55,Current,0,ServicerE,SystemB,2024-06-15,0
LN001372,2,179053.86,90DPD,0,ServicerC,SystemB,2024-06-15,1
LN000178,11,124707.85,90DPD,90,ServicerC,SystemB,2024-06-15,0
LN002370,4,220122.63,30DPD,0,ServicerB,SystemB,2024-06-15,1
LN000696,13,187898.17,Prepaid,0,ServicerD,SystemB,2024-06-15,0
LN002575,7,329348.38,Current,0,ServicerD,SystemB,2024-06-15,0
LN001655,6,120735.29,Current,0,ServicerD,SystemB,2024-06-15,0
LN000936,9,317123.09,Current,0,ServicerE,SystemB,2024-06-15,0
LN001162,5,202730.8,Current,0,ServicerD,SystemB,2024-06-15,0
LN001460,17,159909.08,Prepaid,0,ServicerA,SystemB,2024-06-15,0
LN002634,6,288360.07,Current,0,ServicerC,SystemB,2024-06-15,0
LN002697,5,155454.35,Current,0,ServicerD,SystemB,2024-06-15,0
LN000019,1,235054.59,Current,0,ServicerB,SystemB,2024-06-15,0
LN002292,12,303148.65,Current,0,ServicerB,SystemB,2024-06-15,0
LN001557,20,,Prepaid,0,ServicerA,SystemB,2024-06-15,0
LN002452,5,76468.78,Current,0,ServicerA,SystemB,2024-06-15,0
LN002057,5,589023.44,Current,0,ServicerD,SystemB,2024-06-15,0
LN002085,6,120206.46,Current,0,ServicerB,SystemB,2024-06-15,0
LN001144,13,406626.76,Prepaid,0,ServicerC,SystemB,2024-06-15,0
LN002982,7,283346.04,Current,0,ServicerC,SystemB,2024-06-15,0
LN001584,2,243240.8,Current,0,ServicerE,SystemB,2024-06-15,0
LN002895,1,60109.79345938557,Current,0,ServicerB,SystemB,2024-06-15,1
LN002957,13,159100.07,Current,0,ServicerD,SystemB,2024-06-15,0
LN001301,3,73218.66,Current,0,ServicerD,SystemB,2024-06-15,0
LN000719,15,169942.69,Current,0,ServicerE,SystemB,2024-06-15,0
LN002056,12,398304.96,30DPD,30,ServicerE,SystemB,2024-06-15,0
LN001045,4,235542.48,Current,0,ServicerE,SystemB,2024-06-15,0
LN001767,16,160793.84,Current,0,ServicerA,SystemB,2024-06-15,0
LN002706,6,132528.66,Current,0,ServicerD,SystemB,2024-06-15,0
LN000011,10,437374.87,Current,30,ServicerD,SystemB,2024-06-15,1
LN000255,4,198185.28,Current,0,ServicerE,SystemB,2024-06-15,0
LN000498,5,123688.98,Current,0,ServicerB,SystemB,2024-06-15,0
LN000661,11,134057.54,Current,0,ServicerE,SystemB,2024-06-15,0
LN000753,6,150587.29,Current,0,ServicerD,SystemB,2024-06-15,0
LN001434,8,313921.17,Current,0,ServicerD,SystemB,2024-06-15,0
LN002605,5,605104.16,Current,0,ServicerA,SystemB,2024-06-15,0
LN002646,5,296877.234051375,Current,0,ServicerD,SystemB,2024-06-15,1
LN002876,20,234463.92,Current,0,ServicerB,SystemB,2024-06-15,0
LN002243,2,171044.46855864863,Current,0,ServicerD,SystemB,2024-06-15,1
LN000753,12,144880.47641564131,Current,0,ServicerD,SystemB,2024-06-15,1
LN001257,4,160191.69,60DPD,60,ServicerB,SystemB,2024-06-15,0
LN002840,6,303270.17,Current,0,ServicerC,SystemB,2024-06-15,0
LN002602,6,84835.82,90DPD,90,ServicerA,SystemB,2024-06-15,0
LN002524,2,360796.04,Current,0,ServicerE,SystemB,2024-06-15,0
LN001463,17,204870.69,Current,90,ServicerB,SystemB,2024-06-15,1
LN001514,10,121872.67,Current,0,ServicerB,SystemB,2024-06-15,0
LN002484,6,339324.74,Current,0,ServicerC,SystemB,2024-06-15,0
LN001392,1,398351.36,Current,0,ServicerE,SystemB,2024-06-15,0
LN001926,6,87594.59,30DPD,30,ServicerB,SystemB,2024-06-15,0
LN002420,8,245873.92,60DPD,0,ServicerE,SystemB,2024-06-15,1
LN000380,12,218655.21,Current,0,ServicerC,SystemB,2024-06-15,0
LN001699,10,276177.24,Current,0,ServicerB,SystemB,2024-06-15,0
LN001400,5,210794.4,Current,0,ServicerE,SystemB,2024-06-15,0
LN001513,30,488601.48,Current,60,ServicerD,SystemB,2024-06-15,1
LN001312,8,152049.88,Current,0,ServicerA,SystemB,2024-06-15,0
LN001581,6,86679.39,Current,0,ServicerB,SystemB,2024-06-15,0
LN002149,2,168694.81,Current,0,ServicerD,SystemB,2024-06-15,0
LN000480,5,152116.12,Current,0,ServicerE,SystemB,2024-06-15,0
LN001530,2,299606.68,Current,0,ServicerE,SystemB,2024-06-15,0
LN000594,2,538230.53,Current,0,ServicerA,SystemB,2024-06-15,0
LN001766,18,101741.73,Current,0,ServicerA,SystemB,2024-06-15,0
LN002374,7,167932.41,Prepaid,0,ServicerE,SystemB,2024-06-15,0
LN000408,8,172791.45,60DPD,60,ServicerD,SystemB,2024-06-15,0
LN002769,4,156664.39,Current,60,ServicerD,SystemB,2024-06-15,0
LN000673,10,97187.57,Prepaid,0,ServicerB,SystemB,2024-06-15,0
LN001368,20,117720.41,90DPD,0,ServicerC,SystemB,2024-06-15,1
LN002140,7,199847.91,Current,0,ServicerE,SystemB,2024-06-15,0
LN000991,4,182186.49,Current,0,ServicerC,SystemB,2024-06-15,0
LN000702,1,113241.7,Current,0,ServicerC,SystemB,2024-06-15,0
LN002185,16,682737.36,Prepaid,90,ServicerD,SystemB,2024-06-15,1
LN002497,22,122462.05,Current,0,ServicerB,SystemB,2024-06-15,0
LN001121,9,101818.59,Current,0,ServicerA,SystemB,2024-06-15,0
LN000199,4,80026.9,60DPD,60,ServicerD,SystemB,2024-06-15,0
LN002198,7,170675.25,Current,90,ServicerE,SystemB,2024-06-15,1
LN000338,4,285391.6,Current,0,ServicerB,SystemB,2024-06-15,0
LN001045,6,263218.23984375136,Current,0,ServicerE,SystemB,2024-06-15,1
LN000520,12,190004.08,Default,120,ServicerD,SystemB,2024-06-15,0
LN001137,21,200371.55,Current,0,ServicerE,SystemB,2024-06-15,0
LN001017,9,185345.97,Current,0,ServicerA,SystemB,2024-06-15,0
LN001249,15,237465.22,60DPD,60,ServicerA,SystemB,2024-06-15,0
LN001677,1,191734.32,Current,0,ServicerA,SystemB,2024-06-15,0
LN002169,5,351805.57,Prepaid,0,ServicerB,SystemB,2024-06-15,0
LN001828,3,141232.4,Current,0,ServicerB,SystemB,2024-06-15,0
LN001766,21,101366.02,Current,0,ServicerA,SystemB,2024-06-15,1
LN002127,27,180624.59,Current,0,ServicerD,SystemB,2024-06-15,0
LN002688,5,499797.8898732207,Current,0,ServicerD,SystemB,2024-06-15,1
LN001716,18,223170.27,Current,0,ServicerD,SystemB,2024-06-15,0
LN001606,9,102744.14,Current,0,ServicerB,SystemB,2024-06-15,0
LN001869,9,496573.85,Current,0,ServicerB,SystemB,2024-06-15,0
LN001569,5,448515.61,Prepaid,0,ServicerD,SystemB,2024-06-15,0
LN002975,12,291002.47,Current,0,ServicerB,SystemB,2024-06-15,0
LN002880,14,78132.94,Current,0,ServicerE,SystemB,2024-06-15,0
LN002928,12,167189.17,Current,0,ServicerB,SystemB,2024-06-15,0
LN000390,16,,Prepaid,0,ServicerC,SystemB,2024-06-15,0
LN000764,13,193310.03,Prepaid,0,ServicerA,SystemB,2024-06-15,0
LN001699,6,277345.54,30DPD,0,ServicerB,SystemB,2024-06-15,1
LN001849,9,582731.81,Current,0,ServicerE,SystemB,2024-06-15,0
LN002764,16,86739.35,Current,0,ServicerA,SystemB,2024-06-15,0
LN002661,2,314849.92,Current,0,ServicerC,SystemB,2024-06-15,0
LN002699,6,399896.71,Current,0,ServicerA,SystemB,2024-06-15,0
LN002247,11,150875.64,Default,120,ServicerE,SystemB,2024-06-15,0
LN002665,8,260030.77,Current,0,ServicerA,SystemB,2024-06-15,0
LN000975,12,186035.21,Prepaid,0,ServicerE,SystemB,2024-06-15,0
LN000247,18,471783.3263057121,Current,0,ServicerB,SystemB,2024-06-15,0
LN002807,6,248025.47977583768,Current,0,ServicerB,SystemB,2024-06-15,1
LN001198,17,246069.02,Current,0,ServicerC,SystemB,2024-06-15,0
LN002437,7,199945.24,Current,0,ServicerB,SystemB,2024-06-15,0
LN002278,13,193666.94,Prepaid,0,ServicerA,SystemB,2024-06-15,0
LN002099,7,221925.09,Current,0,ServicerC,SystemB,2024-06-15,0
LN001723,2,338808.65,Current,0,ServicerE,SystemB,2024-06-15,0
LN000541,2,190285.68,60DPD,0,ServicerC,SystemB,2024-06-15,1
LN000560,19,225827.83,Current,0,ServicerD,SystemB,2024-06-15,0
LN001659,12,157541.52,Current,0,ServicerA,SystemB,2024-06-15,0
LN000982,15,162253.44,Current,0,ServicerD,SystemB,2024-06-15,0
LN001061,6,205833.45,Current,0,ServicerD,SystemB,2024-06-15,0
LN000721,23,,Prepaid,0,ServicerC,SystemB,2024-06-15,0
LN000879,3,245634.44,Prepaid,0,ServicerE,SystemB,2024-06-15,0
LN000165,7,222501.79,Prepaid,30,ServicerC,SystemB,2024-06-15,1
LN002162,14,139619.34,Current,0,ServicerD,SystemB,2024-06-15,0
LN000978,2,177748.97,Current,0,ServicerE,SystemB,2024-06-15,0
LN000514,2,411947.61,Current,0,ServicerA,SystemB,2024-06-15,0
LN001392,4,396588.45,Current,0,ServicerE,SystemB,2024-06-15,0
LN001817,1,134702.31,Current,0,ServicerE,SystemB,2024-06-15,0
LN000182,4,402527.93,Current,0,ServicerC,SystemB,2024-06-15,0
LN001302,4,238447.53,Current,0,ServicerD,SystemB,2024-06-15,0
LN001487,2,110425.77,Current,0,ServicerB,SystemB,2024-06-15,0
LN001525,2,216721.79,Current,0,ServicerB,SystemB,2024-06-15,0
LN001206,9,127423.43,Current,0,ServicerE,SystemB,2024-06-15,0
LN001147,12,109293.9,Current,0,ServicerA,SystemB,2024-06-15,0
LN001571,7,126589.99,Current,0,ServicerD,SystemB,2024-06-15,0
LN002623,15,134817.98,60DPD,60,ServicerE,SystemB,2024-06-15,0
LN000895,6,130966.58,Current,0,ServicerD,SystemB,2024-06-15,0
LN000686,3,316122.85,Current,0,ServicerE,SystemB,2024-06-15,0
LN002778,5,268305.6,Current,0,ServicerC,SystemB,2024-06-15,0
LN002387,29,243250.79,30DPD,0,ServicerB,SystemB,2024-06-15,1
LN002809,2,135221.21,Current,0,ServicerA,SystemB,2024-06-15,0
LN002748,1,151937.37,Current,0,ServicerE,SystemB,2024-06-15,0
LN002426,11,193654.97,Current,0,ServicerB,SystemB,2024-06-15,0
LN001583,8,124799.72,90DPD,90,ServicerD,SystemB,2024-06-15,0
LN000550,2,150189.09,Current,0,ServicerD,SystemB,2024-06-15,0
LN001084,3,116727.11579611269,Current,0,ServicerA,SystemB,2024-06-15,1
LN000668,5,209705.13,30DPD,30,ServicerB,SystemB,2024-06-15,0
LN000774,1,,Current,0,ServicerE,SystemB,2024-06-15,0
LN002313,4,127722.87,Current,0,ServicerA,SystemB,2024-06-15,0
LN001094,1,408657.47,Current,0,ServicerD,SystemB,2024-06-15,0
LN002531,2,202016.59,Current,0,ServicerD,SystemB,2024-06-15,0
LN000441,2,262930.84,Current,0,ServicerA,SystemB,2024-06-15,0
LN002778,4,268601.08,30DPD,0,ServicerC,SystemB,2024-06-15,1
LN001002,11,163795.54,Current,0,ServicerC,SystemB,2024-06-15,0
LN001507,17,97014.51,30DPD,30,ServicerC,SystemB,2024-06-15,0
LN001622,16,,Prepaid,0,ServicerB,SystemB,2024-06-15,0
LN002301,11,204241.72,Current,30,ServicerD,SystemB,2024-06-15,1
LN001470,4,343054.86,Current,0,ServicerE,SystemB,2024-06-15,1
LN001786,2,267532.84,Current,0,ServicerA,SystemB,2024-06-15,0
LN001797,6,144472.12,Current,0,ServicerC,SystemB,2024-06-15,0
LN001969,4,172952.77,Current,0,ServicerB,SystemB,2024-06-15,0
LN000482,4,224622.28,Current,0,ServicerE,SystemB,2024-06-15,0
LN002987,7,394596.38,Current,0,ServicerB,SystemB,2024-06-15,0
LN001805,1,154808.92,Current,0,ServicerD,SystemB,2024-06-15,1
LN000426,2,217139.76,Current,0,ServicerB,SystemB,2024-06-15,0
LN002977,12,115133.28,Current,0,ServicerD,SystemB,2024-06-15,0
LN001301,4,73112.54,Current,0,ServicerD,SystemB,2024-06-15,0
LN000799,12,221474.55,Current,0,ServicerD,SystemB,2024-06-15,0
LN001542,10,142913.92,30DPD,30,ServicerB,SystemB,2024-06-15,0
LN000836,20,169288.09478449626,Current,0,ServicerC,SystemB,2024-06-15,1
LN002477,6,281121.74,Current,0,ServicerA,SystemB,2024-06-15,0
LN000187,3,,Current,0,ServicerB,SystemB,2024-06-15,0
LN002559,3,260370.41,Current,0,ServicerA,SystemB,2024-06-15,0
LN001735,4,-394540.44,Current,0,ServicerD,SystemB,2024-06-15,0
LN001483,3,200296.02342708007,Current,0,ServicerC,SystemB,2024-06-15,1
LN001346,9,100954.82,90DPD,90,ServicerD,SystemB,2024-06-15,0
LN000054,9,105500.05,30DPD,30,ServicerA,SystemB,2024-06-15,0
LN001937,16,223061.43,Current,0,ServicerB,SystemB,2024-06-15,1
LN000779,15,308046.06,Current,0,ServicerB,SystemB,2024-06-15,0
LN000949,4,192270.646874164,30DPD,30,ServicerA,SystemB,2024-06-15,1
LN000371,6,167306.32,60DPD,0,ServicerC,SystemB,2024-06-15,1
LN002737,1,446019.61,Current,0,ServicerE,SystemB,2024-06-15,0
LN001262,10,208261.96,Current,60,ServicerD,SystemB,2024-06-15,1
LN002342,5,225850.79,Current,0,ServicerB,SystemB,2024-06-15,0
LN001921,4,112253.36,30DPD,30,ServicerB,SystemB,2024-06-15,0
LN002965,16,750479.27,Current,0,ServicerD,SystemB,2024-06-15,0
LN002115,7,306824.7626616932,Current,0,ServicerE,SystemB,2024-06-15,1
LN002808,7,389666.13,Current,0,ServicerA,SystemB,2024-06-15,0
LN002664,12,85133.05,Current,0,ServicerB,SystemB,2024-06-15,0
LN000809,10,187662.06,Current,0,ServicerA,SystemB,2024-06-15,0
LN000302,9,326857.30285338924,Current,0,ServicerB,SystemB,2024-06-15,0
LN001690,13,163340.78,Current,0,ServicerE,SystemB,2024-06-15,0
LN000181,2,-306470.46,90DPD,0,ServicerD,SystemB,2024-06-15,1
LN001371,20,342346.59,Current,0,ServicerD,SystemB,2024-06-15,0
LN000248,5,260700.3183422159,Current,0,ServicerC,SystemB,2024-06-15,1
LN002789,5,189993.79,Current,0,ServicerC,SystemB,2024-06-15,0
LN001581,3,87072.19,Current,0,ServicerB,SystemB,2024-06-15,0
LN000268,7,473529.42,30DPD,30,ServicerD,SystemB,2024-06-15,0
LN000029,17,89727.25,Current,0,ServicerB,SystemB,2024-06-15,0
LN000394,7,335140.84,Current,0,ServicerD,SystemB,2024-06-15,0
LN002362,5,136210.02,Current,0,ServicerA,SystemB,2024-06-15,0
LN001369,13,66353.16,Current,0,ServicerD,SystemB,2024-06-15,0
LN001847,24,89503.41,Current,0,ServicerE,SystemB,2024-06-15,0
LN000085,4,76686.8,Current,0,ServicerA,SystemB,2024-06-15,0
LN000501,23,92388.89,30DPD,90,ServicerA,SystemB,2024-06-15,1
LN001462,9,183741.53,Current,0,ServicerA,SystemB,2024-06-15,0
LN000652,4,120323.42,Current,0,ServicerD,SystemB,2024-06-15,0
LN001095,1,113559.23,Current,0,ServicerD,SystemB,2024-06-15,0
LN001402,14,180998.4973219497,Current,0,ServicerC,SystemB,2024-06-15,1
LN002889,3,70842.42,Current,0,ServicerD,SystemB,2024-06-15,0
LN002611,1,300323.83,Current,0,ServicerB,SystemB,2024-06-15,0
LN002930,11,501210.85,Current,0,ServicerE,SystemB,2024-06-15,0
LN000411,13,215394.02,Current,60,ServicerA,SystemB,2024-06-15,1
LN000982,14,162468.94,Current,0,ServicerD,SystemB,2024-06-15,0
LN001720,18,116395.34,60DPD,60,ServicerE,SystemB,2024-06-15,0
LN002187,6,256590.91,30DPD,30,ServicerB,SystemB,2024-06-15,0
LN001102,7,86183.65669254986,Prepaid,0,ServicerA,SystemB,2024-06-15,1
LN002054,13,310902.95,Current,0,ServicerC,SystemB,2024-06-15,0
LN001160,10,178013.33,90DPD,0,ServicerC,SystemB,2024-06-15,1
LN002465,9,74023.57,Current,0,ServicerA,SystemB,2024-06-15,0
LN002612,6,114074.43,30DPD,30,ServicerA,SystemB,2024-06-15,0
LN002754,2,278569.5,30DPD,30,ServicerB,SystemB,2024-06-15,0
LN002528,12,246254.85,Current,0,ServicerE,SystemB,2024-06-15,0
LN002787,16,340732.87,Current,0,ServicerD,SystemB,2024-06-15,0
LN001400,4,211088.92,Current,0,ServicerE,SystemB,2024-06-15,0
LN000066,1,182658.97,Current,60,ServicerC,SystemB,2024-06-15,1
LN001435,4,,Current,0,ServicerC,SystemB,2024-06-15,0
LN000305,6,161718.61,Current,0,ServicerB,SystemB,2024-06-15,0
LN001129,23,211366.2,Prepaid,0,ServicerE,SystemB,2024-06-15,0
LN001926,13,86785.6,Current,60,ServicerB,SystemB,2024-06-15,1
LN000308,10,302716.74,30DPD,30,ServicerB,SystemB,2024-06-15,0
LN002301,16,202988.86,30DPD,30,ServicerD,SystemB,2024-06-15,0
LN001593,5,93125.49,Current,0,ServicerD,SystemB,2024-06-15,0
LN002356,1,154399.25,Current,0,ServicerA,SystemB,2024-06-15,0
LN001809,14,388449.37,Current,0,ServicerE,SystemB,2024-06-15,0
LN002103,1,141606.38,Current,0,ServicerD,SystemB,2024-06-15,0
LN002859,5,92665.12,Current,0,ServicerB,SystemB,2024-06-15,0
LN000746,4,254095.72,Current,0,ServicerC,SystemB,2024-06-15,0
LN002559,11,257411.5,Current,0,ServicerA,SystemB,2024-06-15,0
LN000419,13,265454.69,Current,0,ServicerA,SystemB,2024-06-15,0
LN001800,20,115799.44,90DPD,90,ServicerC,SystemB,2024-06-15,0
LN002365,1,120273.91,Current,0,ServicerC,SystemB,2024-06-15,0
LN000451,3,423333.77,Current,0,ServicerA,SystemB,2024-06-15,0
LN000656,3,157735.24,Current,0,ServicerE,SystemB,2024-06-15,0
LN002960,6,94740.29,Current,0,ServicerE,SystemB,2024-06-15,0
LN002558,7,299294.84,90DPD,0,ServicerC,SystemB,2024-06-15,1
LN002325,14,204362.7875510647,Current,0,ServicerC,SystemB,2024-06-15,1
LN001388,4,225770.38,Current,0,ServicerB,SystemB,2024-06-15,0
LN000819,12,187423.72,Current,0,ServicerD,SystemB,2024-06-15,0
LN000163,9,270886.77,Current,0,ServicerE,SystemB,2024-06-15,0
LN001050,9,194948.32,Current,0,ServicerD,SystemB,2024-06-15,0
LN001506,2,306487.83,Current,0,ServicerE,SystemB,2024-06-15,0
LN002188,5,281978.79,Current,0,ServicerD,SystemB,2024-06-15,0
LN000082,3,189061.49,Prepaid,0,ServicerC,SystemB,2024-06-15,0
LN001209,13,124809.52,60DPD,60,ServicerA,SystemB,2024-06-15,0
LN002910,4,85250.33,Current,0,ServicerA,SystemB,2024-06-15,0
LN000306,14,,30DPD,30,ServicerC,SystemB,2024-06-15,0
LN001308,9,209932.62,30DPD,0,ServicerB,SystemB,2024-06-15,1
LN001558,11,85680.84,Current,0,ServicerC,SystemB,2024-06-15,0
LN002497,4,,30DPD,30,ServicerB,SystemB,2024-06-15,0
LN002436,3,213534.41,Current,0,ServicerC,SystemB,2024-06-15,0
LN001462,12,182939.05,Current,0,ServicerA,SystemB,2024-06-15,0
LN000156,14,203219.54,Current,0,ServicerC,SystemB,2024-06-15,0
LN000418,12,557938.57,Current,0,ServicerD,SystemB,2024-06-15,0
LN001708,3,102464.58,90DPD,90,ServicerA,SystemB,2024-06-15,0
LN001424,7,184331.0,Prepaid,0,ServicerB,SystemB,2024-06-15,0
LN001459,4,254847.06,Prepaid,0,ServicerB,SystemB,2024-06-15,0
LN000496,14,263838.35,Current,0,ServicerD,SystemB,2024-06-15,0
LN002796,5,248968.79,Current,0,ServicerC,SystemB,2024-06-15,0
LN002832,14,276082.54,90DPD,0,ServicerC,SystemB,2024-06-15,1
LN001050,16,224270.37170398558,Current,0,ServicerD,SystemB,2024-06-15,1
LN002450,7,335760.29,Current,0,ServicerA,SystemB,2024-06-15,1
LN001137,19,200906.93,Current,0,ServicerE,SystemB,2024-06-15,0
LN002903,23,293558.91,Current,0,ServicerC,SystemB,2024-06-15,0
LN000389,12,233860.96,Current,0,ServicerA,SystemB,2024-06-15,0
LN000950,8,79015.35,Current,0,ServicerA,SystemB,2024-06-15,0
LN002030,11,336993.59,Current,0,ServicerD,SystemB,2024-06-15,0
LN000000,8,102686.45,Current,0,ServicerE,SystemB,2024-06-15,1
LN002836,3,112841.59,Current,0,ServicerD,SystemB,2024-06-15,0
LN001701,12,401205.99,30DPD,30,ServicerC,SystemB,2024-06-15,0
LN002513,1,281326.37,Current,0,ServicerA,SystemB,2024-06-15,0
LN001667,14,218675.71,Current,0,ServicerA,SystemB,2024-06-15,0
LN002494,3,379530.84,30DPD,0,ServicerE,SystemB,2024-06-15,1
LN000161,3,359297.97,Current,0,ServicerA,SystemB,2024-06-15,0
LN000494,3,96631.81,Current,0,ServicerC,SystemB,2024-06-15,0
LN000607,17,219453.52,Current,0,ServicerD,SystemB,2024-06-15,0
LN001620,1,480527.34,Current,0,ServicerA,SystemB,2024-06-15,1
LN001755,4,189594.6,Current,0,ServicerD,SystemB,2024-06-15,0
LN002883,14,-216529.88,Default,120,ServicerD,SystemB,2024-06-15,0
LN002892,3,168607.77,Current,30,ServicerA,SystemB,2024-06-15,1
LN001234,2,106117.57,Current,0,ServicerA,SystemB,2024-06-15,0
LN001272,5,215733.89,Prepaid,0,ServicerD,SystemB,2024-06-15,0
LN002119,4,420477.77,30DPD,30,ServicerD,SystemB,2024-06-15,0
LN002783,4,488469.91,Current,30,ServicerA,SystemB,2024-06-15,0
LN000554,24,-235585.07,Current,0,ServicerE,SystemB,2024-06-15,0
LN002949,2,156220.07,Current,0,ServicerE,SystemB,2024-06-15,0
LN001690,15,162967.98,Current,0,ServicerE,SystemB,2024-06-15,0
LN001286,17,148387.66,90DPD,90,ServicerB,SystemB,2024-06-15,0
LN001137,17,201442.31,30DPD,30,ServicerE,SystemB,2024-06-15,1
LN002630,3,241661.83,Current,0,ServicerB,SystemB,2024-06-15,0
LN000717,5,341057.74,30DPD,30,ServicerD,SystemB,2024-06-15,0
LN000143,11,-558747.33,Current,0,ServicerE,SystemB,2024-06-15,0
LN001357,5,169409.92,Current,0,ServicerC,SystemB,2024-06-15,0
LN002502,1,145771.54,Current,0,ServicerB,SystemB,2024-06-15,0
LN000607,10,-221433.07,Current,0,ServicerD,SystemB,2024-06-15,0
LN001983,25,198877.53,Current,0,ServicerE,SystemB,2024-06-15,0
LN002538,7,124954.83,Current,0,ServicerD,SystemB,2024-06-15,0
LN001988,23,-480739.63721649454,Current,0,ServicerA,SystemB,2024-06-15,1
LN000039,1,173826.01,Current,0,ServicerA,SystemB,2024-06-15,0
LN002764,12,-87282.51,Current,0,ServicerA,SystemB,2024-06-15,1
LN000893,11,122468.54,Prepaid,0,ServicerB,SystemB,2024-06-15,0
LN001769,3,539221.1,Current,60,ServicerC,SystemB,2024-06-15,0
LN001559,21,170117.34,Current,0,ServicerC,SystemB,2024-06-15,0
LN000962,7,86342.82,Current,0,ServicerC,SystemB,2024-06-15,0
LN000380,9,225957.67859757046,Current,0,ServicerC,SystemB,2024-06-15,1
LN000527,6,618270.15,Current,0,ServicerA,SystemB,2024-06-15,0
LN000167,22,173311.53476517316,Current,0,ServicerE,SystemB,2024-06-15,1
LN001013,10,82872.84,Prepaid,0,ServicerE,SystemB,2024-06-15,0
LN001759,24,188650.31,Default,120,ServicerB,SystemB,2024-06-15,0
LN002546,18,333851.7,30DPD,30,ServicerC,SystemB,2024-06-15,0
LN001810,11,256343.22,Current,0,ServicerE,SystemB,2024-06-15,0
LN001254,7,141873.76,60DPD,60,ServicerD,SystemB,2024-06-15,0
LN000465,5,90668.02,Current,0,ServicerC,SystemB,2024-06-15,0
LN000383,4,192519.84,Current,0,ServicerA,SystemB,2024-06-15,1
LN000660,5,239353.54,60DPD,0,ServicerB,SystemB,2024-06-15,1
LN001198,13,247415.6,Current,0,ServicerC,SystemB,2024-06-15,0
LN001527,16,226819.39,Current,0,ServicerE,SystemB,2024-06-15,0
LN001108,22,125732.23,Current,0,ServicerA,SystemB,2024-06-15,0
LN001120,14,230510.21,Current,0,ServicerA,SystemB,2024-06-15,0
LN001026,13,155832.22,Current,0,ServicerC,SystemB,2024-06-15,0
LN002285,4,418223.67,30DPD,0,ServicerB,SystemB,2024-06-15,1
LN001701,7,,Current,0,ServicerC,SystemB,2024-06-15,0
LN002925,8,225724.9,Current,0,ServicerE,SystemB,2024-06-15,0
LN001252,6,179650.37,Current,0,ServicerE,SystemB,2024-06-15,0
LN001839,10,352142.96,Current,0,ServicerC,SystemB,2024-06-15,0
LN000308,3,305058.42,30DPD,30,ServicerB,SystemB,2024-06-15,0
LN001119,9,125679.76,Current,0,ServicerD,SystemB,2024-06-15,0
LN002121,1,321456.16,Current,0,ServicerD,SystemB,2024-06-15,0
LN001448,6,472836.7,Current,0,ServicerD,SystemB,2024-06-15,1
LN001326,5,195483.67,60DPD,120,ServicerD,SystemB,2024-06-15,1
LN001170,25,199532.15,Current,0,ServicerC,SystemB,2024-06-15,0
LN001861,4,671814.1782888197,Prepaid,0,ServicerC,SystemB,2024-06-15,1
LN002304,3,106809.31673370287,Current,0,ServicerD,SystemB,2024-06-15,1
LN000936,4,298133.91842329665,Current,0,ServicerE,SystemB,2024-06-15,1
LN001689,5,250280.58,Current,0,ServicerB,SystemB,2024-06-15,0
LN000066,4,182025.87,Current,0,ServicerC,SystemB,2024-06-15,0
LN002085,10,119536.77,Current,0,ServicerB,SystemB,2024-06-15,0
LN001653,2,283858.45,90DPD,90,ServicerE,SystemB,2024-06-15,0
LN001255,12,102324.85,Current,60,ServicerA,SystemB,2024-06-15,1
LN002630,4,241399.44,Current,0,ServicerB,SystemB,2024-06-15,0
LN001865,1,377135.26,Current,0,ServicerC,SystemB,2024-06-15,0
LN000238,11,104527.91,Current,0,ServicerE,SystemB,2024-06-15,0
LN001632,4,211973.26,Current,0,ServicerD,SystemB,2024-06-15,0
LN000719,31,,Prepaid,0,ServicerE,SystemB,2024-06-15,0
LN001189,12,296105.83,Current,0,ServicerC,SystemB,2024-06-15,0
LN002773,22,204283.11,30DPD,30,ServicerD,SystemB,2024-06-15,1
LN001644,4,397200.58,Current,0,ServicerA,SystemB,2024-06-15,0
LN001793,2,129475.63,Current,0,ServicerD,SystemB,2024-06-15,0
LN002960,2,95336.76,Current,0,ServicerE,SystemB,2024-06-15,0
LN001013,8,82986.42,Current,0,ServicerE,SystemB,2024-06-15,0
LN000085,7,76309.4,Current,0,ServicerA,SystemB,2024-06-15,0
LN001259,1,110189.82,Current,0,ServicerA,SystemB,2024-06-15,0
LN001133,2,400641.1,30DPD,0,ServicerE,SystemB,2024-06-15,1
LN001513,16,491137.31261540356,30DPD,30,ServicerD,SystemB,2024-06-15,1
LN001328,10,422471.59,Current,0,ServicerA,SystemB,2024-06-15,0
LN001348,3,386521.61,Current,0,ServicerB,SystemB,2024-06-15,0
LN000609,6,237571.36,Current,0,ServicerA,SystemB,2024-06-15,0
LN000329,5,266914.05,Current,0,ServicerC,SystemB,2024-06-15,0
LN002148,2,115574.9,Current,0,ServicerD,SystemB,2024-06-15,0
LN001020,3,,Current,0,ServicerC,SystemB,2024-06-15,0
LN000004,2,221122.11,Current,0,ServicerE,SystemB,2024-06-15,0
LN000652,16,118047.69,Current,0,ServicerD,SystemB,2024-06-15,0
LN002614,23,180443.9,Current,0,ServicerA,SystemB,2024-06-15,0
LN000307,6,234154.41,Current,60,ServicerC,SystemB,2024-06-15,1
LN000152,1,177832.87,Current,0,ServicerE,SystemB,2024-06-15,0
LN000027,20,245930.88,Current,0,ServicerA,SystemB,2024-06-15,0
LN000603,1,278450.17485632346,Current,0,ServicerD,SystemB,2024-06-15,0
LN002796,16,246000.52,Current,30,ServicerC,SystemB,2024-06-15,1
LN001785,9,157236.81,Prepaid,0,ServicerE,SystemB,2024-06-15,0
LN002094,1,327005.66,Current,0,ServicerD,SystemB,2024-06-15,0
LN002788,11,123851.89,Current,0,ServicerC,SystemB,2024-06-15,0
LN001175,12,196818.83,Current,0,ServicerB,SystemB,2024-06-15,0
LN002260,18,276277.31,Current,0,ServicerC,SystemB,2024-06-15,0
LN002956,4,111707.00178451238,90DPD,90,ServicerE,SystemB,2024-06-15,0
LN000652,19,98289.34041595027,60DPD,60,ServicerD,SystemB,2024-06-15,1
LN002127,20,182577.17,Current,60,ServicerD,SystemB,2024-06-15,1
LN002625,6,116187.32,Current,0,ServicerC,SystemB,2024-06-15,1
LN000421,7,155504.72,Current,0,ServicerE,SystemB,2024-06-15,0
LN000041,11,93587.73,Current,0,ServicerA,SystemB,2024-06-15,0
LN000681,12,210881.44,Current,0,ServicerC,SystemB,2024-06-15,0
LN001447,14,-402682.05,Current,0,ServicerA,SystemB,2024-06-15,0
LN000086,10,227287.41,Current,90,ServicerE,SystemB,2024-06-15,1
LN002542,4,129717.7,Current,0,ServicerA,SystemB,2024-06-15,0
LN001875,25,116364.02,Current,0,ServicerB,SystemB,2024-06-15,0
LN000265,11,122339.77,Current,30,ServicerD,SystemB,2024-06-15,1
LN001725,13,106839.93,Current,0,ServicerE,SystemB,2024-06-15,0
LN000035,2,116741.72,Current,0,ServicerB,SystemB,2024-06-15,0
LN001634,2,368278.42,Current,0,ServicerA,SystemB,2024-06-15,0
LN000936,1,320015.45,Current,0,ServicerE,SystemB,2024-06-15,0
LN001832,4,190474.16,Current,0,ServicerA,SystemB,2024-06-15,0
LN001075,1,250519.15,Current,0,ServicerB,SystemB,2024-06-15,0
LN002139,9,347927.49,Current,0,ServicerE,SystemB,2024-06-15,0
LN000539,6,213704.86,Current,0,ServicerC,SystemB,2024-06-15,0
LN000735,13,270624.11,Current,0,ServicerB,SystemB,2024-06-15,0
LN000112,6,208609.01,30DPD,30,ServicerC,SystemB,2024-06-15,0
LN000458,6,126763.78,Current,0,ServicerD,SystemB,2024-06-15,0
LN002070,14,175728.47,Current,90,ServicerD,SystemB,2024-06-15,1
LN001288,11,110373.45,Current,0,ServicerB,SystemB,2024-06-15,0
LN000343,8,334421.5715418952,60DPD,60,ServicerB,SystemB,2024-06-15,1
LN002951,8,170052.38,30DPD,30,ServicerC,SystemB,2024-06-15,0
LN002836,23,110285.54,Current,90,ServicerD,SystemB,2024-06-15,1
LN001206,14,126645.33,Current,0,ServicerE,SystemB,2024-06-15,0
LN000474,19,250997.78,Current,0,ServicerD,SystemB,2024-06-15,0
LN001091,5,156785.98,Current,0,ServicerE,SystemB,2024-06-15,0
LN001308,3,-211223.54,Current,0,ServicerB,SystemB,2024-06-15,1
LN002901,1,145704.2,Current,0,ServicerB,SystemB,2024-06-15,0
LN002180,6,102363.37,30DPD,30,ServicerB,SystemB,2024-06-15,0
LN000654,18,271876.3,60DPD,0,ServicerD,SystemB,2024-06-15,1
LN001005,3,331247.6,Prepaid,0,ServicerA,SystemB,2024-06-15,0
LN001952,15,638867.01,Prepaid,0,ServicerC,SystemB,2024-06-15,0
LN002735,2,89010.57,Current,0,ServicerE,SystemB,2024-06-15,0
LN002692,1,124535.21,Current,0,ServicerC,SystemB,2024-06-15,0
LN001438,15,107759.1,Prepaid,0,ServicerC,SystemB,2024-06-15,0
LN001814,14,523199.6,60DPD,60,ServicerB,SystemB,2024-06-15,0
LN000829,23,-406222.85,Prepaid,0,ServicerC,SystemB,2024-06-15,0
LN001494,3,209773.57,Current,0,ServicerC,SystemB,2024-06-15,1
LN000407,8,372769.41,Current,0,ServicerE,SystemB,2024-06-15,0
LN000792,2,179562.28,60DPD,0,ServicerB,SystemB,2024-06-15,1
LN002858,9,104189.39,Current,0,ServicerC,SystemB,2024-06-15,0
LN001063,24,428866.23,Current,0,ServicerE,SystemB,2024-06-15,0
LN000765,21,198534.64,Current,0,ServicerB,SystemB,2024-06-15,0
LN002014,1,113083.76,Current,0,ServicerD,SystemB,2024-06-15,0
LN002812,22,726657.26,Current,0,ServicerC,SystemB,2024-06-15,0
LN000765,29,196093.36,30DPD,30,ServicerB,SystemB,2024-06-15,0
LN001409,13,246161.47,60DPD,60,ServicerA,SystemB,2024-06-15,0
LN001510,20,183482.56,Current,60,ServicerB,SystemB,2024-06-15,1
LN000712,19,161175.77,60DPD,0,ServicerC,SystemB,2024-06-15,1
LN000668,8,208802.21,Current,0,ServicerB,SystemB,2024-06-15,0
LN001127,5,227099.10793912684,Current,0,ServicerC,SystemB,2024-06-15,1
LN000219,18,247362.62,30DPD,30,ServicerB,SystemB,2024-06-15,0
LN000792,3,144717.14850222899,30DPD,30,ServicerB,SystemB,2024-06-15,1
LN001224,23,202969.27,30DPD,0,ServicerD,SystemB,2024-06-15,1
LN000432,5,100893.67,60DPD,60,ServicerE,SystemB,2024-06-15,0
LN002346,3,93336.9,30DPD,30,ServicerD,SystemB,2024-06-15,0
LN001457,1,121035.35,Current,0,ServicerB,SystemB,2024-06-15,0
LN002327,8,259614.5892254807,Prepaid,0,ServicerD,SystemB,2024-06-15,1
LN002023,21,237281.02,Current,0,ServicerC,SystemB,2024-06-15,0
LN000880,5,335396.29,Current,0,ServicerE,SystemB,2024-06-15,0
LN001767,6,162715.19,30DPD,0,ServicerA,SystemB,2024-06-15,1
LN001540,17,223275.58,Current,0,ServicerE,SystemB,2024-06-15,0
LN002727,10,107836.69,Current,0,ServicerD,SystemB,2024-06-15,0
LN002832,6,278866.8,Current,0,ServicerC,SystemB,2024-06-15,0
LN001634,17,352498.11284683936,Current,0,ServicerA,SystemB,2024-06-15,1
LN001303,9,203906.18,Current,0,ServicerD,SystemB,2024-06-15,0
LN001824,7,103379.50388216667,Prepaid,0,ServicerB,SystemB,2024-06-15,1
LN001257,19,156343.01,Current,0,ServicerB,SystemB,2024-06-15,0
LN001716,4,227320.28,Current,0,ServicerD,SystemB,2024-06-15,0
LN000049,23,146946.99,Current,0,ServicerE,SystemB,2024-06-15,0
LN002809,11,133291.66,Current,0,ServicerA,SystemB,2024-06-15,0
LN000925,6,185972.14,Current,0,ServicerA,SystemB,2024-06-15,0
LN000620,4,110030.96,Current,0,ServicerA,SystemB,2024-06-15,0
LN000511,5,257676.41,Current,0,ServicerC,SystemB,2024-06-15,0
LN002361,13,152786.02,Current,0,ServicerE,SystemB,2024-06-15,0
LN000064,17,139053.08573216002,Current,0,ServicerE,SystemB,2024-06-15,1
LN001380,11,216361.7451617786,30DPD,30,ServicerC,SystemB,2024-06-15,1
LN001024,3,168174.7,Current,0,ServicerD,SystemB,2024-06-15,0
LN002457,14,212079.35,Current,0,ServicerA,SystemB,2024-06-15,0
LN001775,12,485167.92,30DPD,30,ServicerD,SystemB,2024-06-15,0
LN000776,10,101218.55,Current,0,ServicerD,SystemB,2024-06-15,0
LN000920,18,252976.7,Default,120,ServicerA,SystemB,2024-06-15,0
LN001082,6,88401.49,Prepaid,0,ServicerE,SystemB,2024-06-15,0
LN001845,5,76011.75,Current,0,ServicerC,SystemB,2024-06-15,0
LN002162,5,141410.12,Current,0,ServicerD,SystemB,2024-06-15,0
LN001788,4,173864.06,Current,0,ServicerB,SystemB,2024-06-15,0
LN001813,4,112546.38,Current,0,ServicerA,SystemB,2024-06-15,0
LN001701,15,399056.99,30DPD,30,ServicerC,SystemB,2024-06-15,0
LN001625,8,322617.83,Current,0,ServicerA,SystemB,2024-06-15,0
LN001937,6,225353.66,Current,0,ServicerB,SystemB,2024-06-15,0
LN000078,1,239950.39,Current,0,ServicerD,SystemB,2024-06-15,0
LN002622,6,207493.82,Current,0,ServicerB,SystemB,2024-06-15,0
LN001750,3,267920.89,Current,0,ServicerE,SystemB,2024-06-15,0
LN000212,3,124245.08,30DPD,0,ServicerA,SystemB,2024-06-15,1
LN002045,1,201805.17,Current,0,ServicerA,SystemB,2024-06-15,0
LN001194,7,460064.51,Current,0,ServicerE,SystemB,2024-06-15,0
LN002194,5,190625.9,Current,0,ServicerC,SystemB,2024-06-15,0
LN002535,6,68316.36,Current,0,ServicerD,SystemB,2024-06-15,0
LN000842,3,100563.81,Current,0,ServicerA,SystemB,2024-06-15,0
LN002153,9,351857.29167283425,Current,0,ServicerC,SystemB,2024-06-15,1
LN002289,3,578917.14,Current,0,ServicerD,SystemB,2024-06-15,0
LN002626,1,357881.41,Current,0,ServicerD,SystemB,2024-06-15,0
LN001221,16,175877.47,Current,0,ServicerB,SystemB,2024-06-15,0
LN000026,15,185519.21,Current,0,ServicerB,SystemB,2024-06-15,0
LN002849,2,297957.03070140444,Current,0,ServicerA,SystemB,2024-06-15,1
LN001595,13,156531.55,Current,0,ServicerA,SystemB,2024-06-15,0
LN000331,6,210584.08,Current,0,ServicerE,SystemB,2024-06-15,0
LN000440,3,197361.1,Current,0,ServicerC,SystemB,2024-06-15,0
LN001585,5,194223.72,Current,0,ServicerB,SystemB,2024-06-15,0
LN002497,16,123247.77,Current,0,ServicerB,SystemB,2024-06-15,1
LN001847,8,91501.8,Current,0,ServicerE,SystemB,2024-06-15,0
LN002513,3,280605.11,Current,0,ServicerA,SystemB,2024-06-15,0
LN001976,4,324291.9396045585,Current,90,ServicerA,SystemB,2024-06-15,1
LN002890,9,405535.3682321213,Current,0,ServicerA,SystemB,2024-06-15,0
LN001804,24,345029.26,30DPD,30,ServicerB,SystemB,2024-06-15,0
LN000359,4,126618.27,Current,0,ServicerD,SystemB,2024-06-15,0
LN002706,1,133421.44,Current,0,ServicerD,SystemB,2024-06-15,0
LN000411,6,217967.86,30DPD,30,ServicerA,SystemB,2024-06-15,0
LN001793,5,144838.1429596039,Current,0,ServicerD,SystemB,2024-06-15,1
LN002857,18,277629.18,30DPD,30,ServicerC,SystemB,2024-06-15,0
LN001132,1,557489.94,Current,0,ServicerB,SystemB,2024-06-15,0
LN001164,15,224867.79,Current,60,ServicerD,SystemB,2024-06-15,1
LN000502,9,158274.02,Current,60,ServicerE,SystemB,2024-06-15,1
LN002852,2,87329.08,Current,90,ServicerA,SystemB,2024-06-15,1
LN000688,13,142487.56,Current,90,ServicerD,SystemB,2024-06-15,1
LN001939,2,144763.04,Current,90,ServicerE,SystemB,2024-06-15,1
LN002381,3,167658.35,Current,0,ServicerB,SystemB,2024-06-15,0
LN002007,8,171822.49,Current,0,ServicerE,SystemB,2024-06-15,0
LN000958,7,297868.1,Current,0,ServicerC,SystemB,2024-06-15,0
LN002226,10,292717.25,Current,0,ServicerE,SystemB,2024-06-15,0
LN001388,3,226047.29,Current,0,ServicerB,SystemB,2024-06-15,0
LN001806,7,317357.79,Current,0,ServicerD,SystemB,2024-06-15,0
LN000799,3,224143.39,Current,0,ServicerD,SystemB,2024-06-15,0
LN001648,3,143538.54,Current,0,ServicerA,SystemB,2024-06-15,0
LN002998,8,246588.26,Current,0,ServicerE,SystemB,2024-06-15,0
LN000681,9,211779.33,Current,0,ServicerC,SystemB,2024-06-15,0
LN001854,1,184375.81,Current,90,ServicerB,SystemB,2024-06-15,0
LN000049,29,145762.9,30DPD,30,ServicerE,SystemB,2024-06-15,0
LN002226,9,293177.42,Current,0,ServicerE,SystemB,2024-06-15,0
LN002407,9,87545.57,Current,0,ServicerD,SystemB,2024-06-15,0
LN001750,9,265932.67,Current,0,ServicerE,SystemB,2024-06-15,0
LN001716,16,223763.13,30DPD,0,ServicerD,SystemB,2024-06-15,1
LN001766,19,101616.49,Current,0,ServicerA,SystemB,2024-06-15,0
LN000510,2,415174.28,Current,0,ServicerE,SystemB,2024-06-15,0
LN002163,10,460458.11,Current,0,ServicerB,SystemB,2024-06-15,0
LN001276,5,483703.21,30DPD,30,ServicerD,SystemB,2024-06-15,0
LN002676,21,179256.55,Current,0,ServicerC,SystemB,2024-06-15,0
LN000606,1,152286.09,Current,0,ServicerA,SystemB,2024-06-15,0
LN000620,5,109867.2,Current,0,ServicerA,SystemB,2024-06-15,0
LN002135,2,170227.77,Current,0,ServicerD,SystemB,2024-06-15,0
LN002615,1,121926.88,Current,0,ServicerD,SystemB,2024-06-15,0
LN001217,14,238816.2,Current,0,ServicerB,SystemB,2024-06-15,0
LN002263,11,275411.58,Current,0,ServicerE,SystemB,2024-06-15,0
LN001609,4,206911.61,30DPD,30,ServicerE,SystemB,2024-06-15,0
LN001816,1,164049.09,Current,60,ServicerB,SystemB,2024-06-15,1
LN001868,8,96035.9502011827,Current,0,ServicerA,SystemB,2024-06-15,1
LN000727,1,178665.17,Current,0,ServicerB,SystemB,2024-06-15,0
LN000266,3,156458.1,Current,0,ServicerC,SystemB,2024-06-15,0
LN001984,12,-166962.45,Default,120,ServicerE,SystemB,2024-06-15,0
LN001699,1,278805.92,Current,0,ServicerB,SystemB,2024-06-15,0
LN001557,6,337376.8,30DPD,30,ServicerA,SystemB,2024-06-15,0
LN001763,6,273395.98577828164,Current,0,ServicerB,SystemB,2024-06-15,1
LN002080,7,91185.06,Prepaid,0,ServicerD,SystemB,2024-06-15,0
LN000688,5,143845.37,30DPD,0,ServicerD,SystemB,2024-06-15,1
LN002579,2,113460.7,Current,0,ServicerD,SystemB,2024-06-15,0
LN001913,2,281111.17,90DPD,90,ServicerE,SystemB,2024-06-15,0
LN001041,20,110128.83,30DPD,30,ServicerB,SystemB,2024-06-15,0
LN000034,8,295065.13,30DPD,0,ServicerD,SystemB,2024-06-15,1
LN002336,4,196545.21,Current,0,ServicerA,SystemB,2024-06-15,0
LN001608,3,160257.8,Current,0,ServicerD,SystemB,2024-06-15,0
LN001172,10,462981.03649582324,Current,60,ServicerB,SystemB,2024-06-15,1
LN001447,13,403221.4,Current,0,ServicerA,SystemB,2024-06-15,0
LN001701,4,406936.66,Current,0,ServicerC,SystemB,2024-06-15,0
LN002173,3,180278.52,60DPD,60,ServicerB,SystemB,2024-06-15,0
LN001209,7,125816.82,60DPD,60,ServicerA,SystemB,2024-06-15,0
LN001982,3,181343.76,Current,0,ServicerC,SystemB,2024-06-15,0
LN000996,5,,Current,0,ServicerB,SystemB,2024-06-15,0
LN001255,19,101400.18,30DPD,30,ServicerA,SystemB,2024-06-15,0
LN001445,1,218184.46530724195,Current,0,ServicerB,SystemB,2024-06-15,0
LN001817,10,132815.13,Current,0,ServicerE,SystemB,2024-06-15,0
LN001848,2,-230437.19,Current,0,ServicerA,SystemB,2024-06-15,0
LN000755,26,228914.38,Current,0,ServicerC,SystemB,2024-06-15,0
LN001977,1,258351.82,Current,0,ServicerA,SystemB,2024-06-15,0
LN000439,4,205374.21,Current,0,ServicerC,SystemB,2024-06-15,0
LN002422,3,156230.37,30DPD,30,ServicerB,SystemB,2024-06-15,0
LN002572,9,208135.29,Current,60,ServicerA,SystemB,2024-06-15,0
LN002120,1,358631.27,Current,0,ServicerA,SystemB,2024-06-15,0
LN000118,3,108906.08,30DPD,90,ServicerD,SystemB,2024-06-15,1
LN000777,1,208638.42,Current,0,ServicerC,SystemB,2024-06-15,0
LN002923,4,472831.33,Prepaid,90,ServicerD,SystemB,2024-06-15,1
LN001047,28,279432.97,Current,0,ServicerB,SystemB,2024-06-15,0
LN000360,19,180220.76,90DPD,90,ServicerC,SystemB,2024-06-15,0
LN002085,9,119704.2,Current,0,ServicerB,SystemB,2024-06-15,0
LN001733,15,198357.64,60DPD,60,ServicerD,SystemB,2024-06-15,0
LN002198,2,172221.15500658157,Current,0,ServicerE,SystemB,2024-06-15,1
LN001332,3,154767.79,30DPD,30,ServicerC,SystemB,2024-06-15,0
LN000600,11,200119.69,Current,0,ServicerC,SystemB,2024-06-15,0
LN000582,7,98496.46,Current,0,ServicerD,SystemB,2024-06-15,0
LN000802,4,193325.2,Current,0,ServicerD,SystemB,2024-06-15,0
LN000509,5,298097.38,Current,0,ServicerB,SystemB,2024-06-15,0
LN001298,6,206884.23,Current,0,ServicerE,SystemB,2024-06-15,0
LN001879,4,315769.29,Current,0,ServicerB,SystemB,2024-06-15,0
LN001410,11,122821.01,Current,0,ServicerA,SystemB,2024-06-15,0
LN001857,3,137140.07,Current,0,ServicerA,SystemB,2024-06-15,0
LN002811,21,109694.74,Current,0,ServicerD,SystemB,2024-06-15,0
LN000609,2,238922.45,Current,0,ServicerA,SystemB,2024-06-15,0
LN002764,4,88368.84,Current,0,ServicerA,SystemB,2024-06-15,0
LN000016,14,141036.25,Current,0,ServicerE,SystemB,2024-06-15,0
LN002346,8,92730.07,Current,0,ServicerD,SystemB,2024-06-15,0
LN000250,3,321334.73,Current,60,ServicerB,SystemB,2024-06-15,1
LN001359,3,175296.21,Current,0,ServicerA,SystemB,2024-06-15,0
LN002810,6,163082.68,Current,0,ServicerA,SystemB,2024-06-15,0
LN001753,4,169702.85,Current,0,ServicerB,SystemB,2024-06-15,0
LN000166,2,211206.62,Current,0,ServicerB,SystemB,2024-06-15,0
LN002398,14,92202.67,Current,0,ServicerA,SystemB,2024-06-15,0
LN000515,11,482690.9,30DPD,30,ServicerD,SystemB,2024-06-15,0
LN001754,3,130928.16,Default,120,ServicerD,SystemB,2024-06-15,0
LN000056,15,364122.54,Prepaid,0,ServicerB,SystemB,2024-06-15,0
LN002245,14,86335.68,Current,0,ServicerB,SystemB,2024-06-15,0
LN000232,6,322002.32,Current,0,ServicerE,SystemB,2024-06-15,0
LN002360,10,158252.81,30DPD,30,ServicerC,SystemB,2024-06-15,0
LN001650,11,131927.57,Current,0,ServicerC,SystemB,2024-06-15,0
LN002058,1,232549.27,Current,0,ServicerC,SystemB,2024-06-15,0
LN002958,7,240918.87,60DPD,0,ServicerB,SystemB,2024-06-15,1
LN000056,6,349035.2681381874,Current,0,ServicerB,SystemB,2024-06-15,1
LN002458,3,259411.29,Current,0,ServicerE,SystemB,2024-06-15,0
LN000390,8,195275.42632946264,Current,0,ServicerC,SystemB,2024-06-15,1
LN002457,18,211004.02,Current,0,ServicerA,SystemB,2024-06-15,0
LN002964,12,275695.49,Current,0,ServicerE,SystemB,2024-06-15,0
LN002741,3,142824.32,Current,0,ServicerB,SystemB,2024-06-15,0
LN001410,7,123510.82,30DPD,0,ServicerA,SystemB,2024-06-15,1
LN001575,20,156447.04,Prepaid,0,ServicerB,SystemB,2024-06-15,0
LN000763,10,116767.51,Current,0,ServicerC,SystemB,2024-06-15,0
LN000599,8,77977.25,Current,0,ServicerA,SystemB,2024-06-15,0
LN001100,2,-178828.66,Prepaid,0,ServicerD,SystemB,2024-06-15,0
LN002950,7,216533.88,Current,0,ServicerA,SystemB,2024-06-15,0
LN001448,9,521900.97641631344,Current,0,ServicerD,SystemB,2024-06-15,1
LN001611,3,122341.8,Current,0,ServicerD,SystemB,2024-06-15,0
LN001465,2,148048.49,Current,0,ServicerB,SystemB,2024-06-15,0
LN000074,7,270221.34,Current,30,ServicerD,SystemB,2024-06-15,0
LN000304,13,111522.7,Prepaid,0,ServicerE,SystemB,2024-06-15,0
LN002484,12,336835.48,60DPD,60,ServicerC,SystemB,2024-06-15,0
LN000931,14,83357.85,30DPD,30,ServicerB,SystemB,2024-06-15,0
LN002172,11,96611.02,Current,0,ServicerE,SystemB,2024-06-15,0
LN002554,20,121396.62,Current,0,ServicerA,SystemB,2024-06-15,0
LN000942,3,139381.12,Current,0,ServicerB,SystemB,2024-06-15,0
LN002181,5,128669.1,Current,0,ServicerE,SystemB,2024-06-15,0
LN001048,13,169024.20200369012,Current,0,ServicerA,SystemB,2024-06-15,1
LN000634,4,238290.33,Current,0,ServicerC,SystemB,2024-06-15,0
LN001724,15,274517.26,Current,0,ServicerA,SystemB,2024-06-15,0
LN001028,7,228734.54,Current,0,ServicerA,SystemB,2024-06-15,0
LN001293,12,213124.38,Current,0,ServicerE,SystemB,2024-06-15,0
LN000515,8,484658.11,Current,0,ServicerD,SystemB,2024-06-15,0
LN002171,13,241000.4,Current,0,ServicerC,SystemB,2024-06-15,0
LN002759,2,295859.62,Current,0,ServicerB,SystemB,2024-06-15,0
LN001457,9,119742.18,Current,0,ServicerB,SystemB,2024-06-15,0
LN000962,15,85259.19,Current,0,ServicerC,SystemB,2024-06-15,0
LN001481,14,259900.16,30DPD,30,ServicerC,SystemB,2024-06-15,0
LN002877,7,158487.93,Current,0,ServicerE,SystemB,2024-06-15,0
LN000444,23,440227.23,Current,0,ServicerB,SystemB,2024-06-15,0
LN000172,8,100283.37,Current,0,ServicerA,SystemB,2024-06-15,0
LN000661,9,134413.08,Current,0,ServicerE,SystemB,2024-06-15,0
LN001936,6,694785.35,30DPD,30,ServicerE,SystemB,2024-06-15,0
LN000656,9,156345.73,Current,0,ServicerE,SystemB,2024-06-15,0
LN000613,5,262562.71,60DPD,60,ServicerA,SystemB,2024-06-15,0
LN001186,5,337189.51,Prepaid,0,ServicerC,SystemB,2024-06-15,0
LN001969,11,-171685.36,Current,0,ServicerB,SystemB,2024-06-15,0
LN000453,1,165908.22,Current,0,ServicerD,SystemB,2024-06-15,0
LN001540,9,225433.43,Current,0,ServicerE,SystemB,2024-06-15,0
LN002796,15,246270.36,30DPD,0,ServicerC,SystemB,2024-06-15,1
LN000938,6,134029.64,Current,0,ServicerB,SystemB,2024-06-15,0
LN002103,2,141386.76,Current,0,ServicerD,SystemB,2024-06-15,0
LN000803,8,779696.81,30DPD,30,ServicerD,SystemB,2024-06-15,0
LN001604,7,-199032.62,Current,0,ServicerB,SystemB,2024-06-15,0
LN001048,22,146061.75,Prepaid,0,ServicerA,SystemB,2024-06-15,0
LN001415,3,308162.41,Current,0,ServicerC,SystemB,2024-06-15,0
LN002898,8,56289.32,Default,120,ServicerE,SystemB,2024-06-15,0
LN002495,9,186265.13,Current,0,ServicerC,SystemB,2024-06-15,0
LN000363,3,271577.37,Current,0,ServicerD,SystemB,2024-06-15,0
LN000420,5,260862.28880918163,Current,0,ServicerA,SystemB,2024-06-15,1
LN002925,12,224706.35,Current,0,ServicerE,SystemB,2024-06-15,0
LN001204,3,180827.42,30DPD,30,ServicerC,SystemB,2024-06-15,0
LN001164,2,228419.57,Current,0,ServicerD,SystemB,2024-06-15,0
LN001594,4,288384.38,Current,0,ServicerC,SystemB,2024-06-15,0
LN002245,6,87251.29,Current,0,ServicerB,SystemB,2024-06-15,0
LN001696,8,153146.05,Current,0,ServicerE,SystemB,2024-06-15,0
LN001830,20,493845.51,Current,0,ServicerB,SystemB,2024-06-15,0
LN001743,2,463509.71,Prepaid,90,ServicerE,SystemB,2024-06-15,1
LN002581,5,182754.13,Current,0,ServicerD,SystemB,2024-06-15,0
LN001072,18,221559.15,Current,0,ServicerE,SystemB,2024-06-15,0
LN000903,12,153755.5440434156,Current,0,ServicerE,SystemB,2024-06-15,0
LN001923,1,287422.11,Current,0,ServicerE,SystemB,2024-06-15,0
LN002265,5,273030.45,Current,0,ServicerE,SystemB,2024-06-15,0
LN000461,2,215136.831390341,60DPD,60,ServicerD,SystemB,2024-06-15,1
LN000444,4,449818.74,Current,0,ServicerB,SystemB,2024-06-15,0
LN000556,8,200889.25,60DPD,0,ServicerA,SystemB,2024-06-15,1
LN000692,15,133227.99062440218,Current,0,ServicerC,SystemB,2024-06-15,1
LN001849,2,587621.85,Current,0,ServicerE,SystemB,2024-06-15,0
LN001236,16,92270.25,90DPD,0,ServicerC,SystemB,2024-06-15,1
LN001758,13,196529.63,Prepaid,0,ServicerA,SystemB,2024-06-15,0
LN002322,7,420113.09,Current,0,ServicerD,SystemB,2024-06-15,1
LN001537,5,372726.1,Current,0,ServicerD,SystemB,2024-06-15,0
LN000245,22,146243.8,Current,90,ServicerC,SystemB,2024-06-15,1
LN002935,8,276156.49,Current,90,ServicerC,SystemB,2024-06-15,1
LN000310,16,168668.25135640524,Current,0,ServicerA,SystemB,2024-06-15,1
LN001122,1,264018.59,Current,0,ServicerB,SystemB,2024-06-15,0
LN002694,1,75886.53,Current,0,ServicerE,SystemB,2024-06-15,0
LN002695,3,350265.18858337664,Prepaid,0,ServicerC,SystemB,2024-06-15,1
LN000330,2,282762.84,Current,0,ServicerD,SystemB,2024-06-15,0
LN001790,4,189908.97,30DPD,30,ServicerC,SystemB,2024-06-15,0
LN002614,19,181436.26,Current,0,ServicerA,SystemB,2024-06-15,0
LN000454,3,158510.92,Current,0,ServicerE,SystemB,2024-06-15,0
LN001260,8,217756.68,30DPD,30,ServicerE,SystemB,2024-06-15,0
LN001538,17,287484.7371223613,Current,0,ServicerB,SystemB,2024-06-15,1
LN002040,11,114366.63,30DPD,30,ServicerA,SystemB,2024-06-15,0
LN000319,4,227071.2,Current,0,ServicerC,SystemB,2024-06-15,0
LN001211,2,153698.22,Current,0,ServicerC,SystemB,2024-06-15,0
LN002064,4,136297.61,Current,0,ServicerD,SystemB,2024-06-15,0
LN002203,3,80253.12,60DPD,0,ServicerD,SystemB,2024-06-15,1
LN000394,14,331959.69,Current,0,ServicerD,SystemB,2024-06-15,0
LN002465,17,73184.08,30DPD,30,ServicerA,SystemB,2024-06-15,0
LN001704,6,399840.19,Current,0,ServicerC,SystemB,2024-06-15,0
LN002821,8,127325.41,30DPD,30,ServicerA,SystemB,2024-06-15,0
LN002418,2,198619.96,30DPD,30,ServicerA,SystemB,2024-06-15,0
LN002563,1,350489.23,60DPD,0,ServicerC,SystemB,2024-06-15,1
LN002989,21,142909.35,Current,0,ServicerC,SystemB,2024-06-15,1
LN000764,5,195111.35,Current,0,ServicerA,SystemB,2024-06-15,0
LN002048,7,265345.35,Current,0,ServicerA,SystemB,2024-06-15,0
LN001226,10,264556.62,Prepaid,0,ServicerA,SystemB,2024-06-15,0
LN002809,6,134363.63,Current,0,ServicerA,SystemB,2024-06-15,0
LN000276,8,320508.57,Current,0,ServicerE,SystemB,2024-06-15,0
LN002442,8,244426.95294543507,Current,0,ServicerE,SystemB,2024-06-15,0
LN001451,12,175019.73,Current,0,ServicerC,SystemB,2024-06-15,0
LN002366,26,234866.97,Current,0,ServicerC,SystemB,2024-06-15,0
LN002157,1,274657.83,Current,0,ServicerE,SystemB,2024-06-15,0
LN002390,3,159645.47387803576,Current,0,ServicerE,SystemB,2024-06-15,1
LN000412,8,193864.87,Current,0,ServicerE,SystemB,2024-06-15,0
LN002366,13,,Current,0,ServicerC,SystemB,2024-06-15,0
LN001654,5,135237.12,Current,0,ServicerB,SystemB,2024-06-15,0
LN000011,18,433572.37,Prepaid,0,ServicerD,SystemB,2024-06-15,0
LN001666,1,160409.08,Current,0,ServicerE,SystemB,2024-06-15,0
LN000807,8,145489.37,60DPD,60,ServicerC,SystemB,2024-06-15,0
LN001392,10,393062.63,Current,90,ServicerE,SystemB,2024-06-15,1
LN002251,2,332549.7,Current,0,ServicerE,SystemB,2024-06-15,0
LN000998,1,215029.74,Current,0,ServicerB,SystemB,2024-06-15,0
LN001726,14,160601.14,30DPD,30,ServicerC,SystemB,2024-06-15,0
LN002579,5,100332.15576430805,Current,0,ServicerD,SystemB,2024-06-15,1
LN000674,7,73487.34706759179,Current,0,ServicerB,SystemB,2024-06-15,1
LN002540,10,140898.87,Current,0,ServicerC,SystemB,2024-06-15,0
LN000121,19,78531.56,Current,0,ServicerB,SystemB,2024-06-15,0
LN001978,2,105806.56,60DPD,0,ServicerD,SystemB,2024-06-15,1
LN001050,6,195882.55,90DPD,90,ServicerD,SystemB,2024-06-15,0
LN001369,28,73931.93518884631,Current,0,ServicerD,SystemB,2024-06-15,1
LN002243,5,180224.35,Current,0,ServicerD,SystemB,2024-06-15,1
LN002023,8,241368.58,Current,0,ServicerC,SystemB,2024-06-15,0
LN001462,4,185079.02,Current,0,ServicerA,SystemB,2024-06-15,0
LN000826,7,144409.26,Current,0,ServicerB,SystemB,2024-06-15,0
LN001084,5,135972.56,Current,0,ServicerA,SystemB,2024-06-15,0
LN000675,4,498417.97,Current,0,ServicerB,SystemB,2024-06-15,1
LN001538,31,272014.87,Current,0,ServicerB,SystemB,2024-06-15,0
LN002076,3,162993.13,Current,0,ServicerA,SystemB,2024-06-15,0
LN002645,6,201415.34,Current,0,ServicerD,SystemB,2024-06-15,0
LN002124,22,258710.28,Current,0,ServicerD,SystemB,2024-06-15,0
LN001231,1,175466.87,Current,60,ServicerD,SystemB,2024-06-15,0
LN001173,3,285500.26,Current,0,ServicerA,SystemB,2024-06-15,0
LN002521,4,289608.55,Current,0,ServicerA,SystemB,2024-06-15,0
LN002884,7,107148.14,Default,120,ServicerC,SystemB,2024-06-15,0
LN002023,16,238853.16,Current,0,ServicerC,SystemB,2024-06-15,0
LN001383,4,167856.04,Current,0,ServicerD,SystemB,2024-06-15,0
LN002957,17,143130.50018961015,Current,0,ServicerD,SystemB,2024-06-15,1
LN001814,7,607254.4651812661,60DPD,60,ServicerB,SystemB,2024-06-15,1
LN002495,19,184106.38,Current,0,ServicerC,SystemB,2024-06-15,0
LN000153,4,329187.3051990829,Current,0,ServicerE,SystemB,2024-06-15,0
LN001667,3,221998.72,30DPD,0,ServicerA,SystemB,2024-06-15,1
LN000310,20,175609.43,Current,0,ServicerA,SystemB,2024-06-15,0
LN000483,1,325530.06,Current,0,ServicerE,SystemB,2024-06-15,0
LN001676,4,182897.55,Current,0,ServicerE,SystemB,2024-06-15,0
LN000264,16,123622.11,Current,0,ServicerC,SystemB,2024-06-15,0
LN000714,2,204031.18,Current,0,ServicerB,SystemB,2024-06-15,0
LN002220,6,214765.99,Current,0,ServicerA,SystemB,2024-06-15,0
LN002608,1,435210.78,Current,0,ServicerE,SystemB,2024-06-15,0
LN002605,12,599179.59,30DPD,30,ServicerA,SystemB,2024-06-15,0
LN002288,13,187223.33,Current,0,ServicerD,SystemB,2024-06-15,0
LN001456,16,137479.02,Current,0,ServicerD,SystemB,2024-06-15,0
LN001809,11,390228.5,Current,0,ServicerE,SystemB,2024-06-15,0
LN002723,8,1189810.3509106145,Current,0,ServicerD,SystemB,2024-06-15,0
LN002336,17,193711.88,Current,0,ServicerA,SystemB,2024-06-15,0
LN002628,4,190479.06,Current,0,ServicerD,SystemB,2024-06-15,0
LN000307,8,233646.88,Current,30,ServicerC,SystemB,2024-06-15,1
LN001884,4,165822.93,30DPD,0,ServicerD,SystemB,2024-06-15,1
LN000390,6,236437.08,Current,0,ServicerC,SystemB,2024-06-15,0
LN002291,1,233121.45,60DPD,0,ServicerB,SystemB,2024-06-15,1
LN001662,11,153743.70740172744,Current,0,ServicerA,SystemB,2024-06-15,1
LN001477,20,74255.81,Current,0,ServicerA,SystemB,2024-06-15,0
LN001565,21,282648.94,Current,0,ServicerA,SystemB,2024-06-15,0
LN000073,20,194899.76,Current,0,ServicerE,SystemB,2024-06-15,0
LN000604,5,310248.49,Current,0,ServicerC,SystemB,2024-06-15,0
LN002575,11,327941.17,Current,0,ServicerD,SystemB,2024-06-15,0
LN001581,10,86155.65,30DPD,0,ServicerB,SystemB,2024-06-15,1
LN002105,4,130884.46,30DPD,0,ServicerE,SystemB,2024-06-15,1
LN001224,24,202710.63,Current,0,ServicerD,SystemB,2024-06-15,0
LN000821,8,150848.39,30DPD,30,ServicerD,SystemB,2024-06-15,0
LN000631,6,73541.73,Current,0,ServicerB,SystemB,2024-06-15,0
LN001145,3,195252.22,Current,0,ServicerB,SystemB,2024-06-15,0
LN002036,4,138923.38,60DPD,60,ServicerC,SystemB,2024-06-15,0
LN001475,21,238902.7620626182,30DPD,30,ServicerD,SystemB,2024-06-15,1
LN000014,3,182893.6,Current,0,ServicerA,SystemB,2024-06-15,0
LN000246,7,269754.44,Current,0,ServicerC,SystemB,2024-06-15,0
LN000779,23,304789.56,Current,0,ServicerB,SystemB,2024-06-15,0
LN002393,5,336216.66,90DPD,0,ServicerD,SystemB,2024-06-15,1
LN002200,1,83903.23,Current,0,ServicerB,SystemB,2024-06-15,0
LN000800,4,412835.11,30DPD,30,ServicerB,SystemB,2024-06-15,0
LN000309,1,121555.03,Current,0,ServicerA,SystemB,2024-06-15,1
LN002118,6,333593.45,Current,0,ServicerC,SystemB,2024-06-15,0
LN001540,3,227051.81,Current,0,ServicerE,SystemB,2024-06-15,0
LN001802,1,215612.23,Current,30,ServicerC,SystemB,2024-06-15,1
LN001842,2,561456.44,Current,60,ServicerE,SystemB,2024-06-15,1
LN001783,28,130850.87,Current,0,ServicerC,SystemB,2024-06-15,0
LN002534,3,160320.28,Prepaid,0,ServicerC,SystemB,2024-06-15,0
LN002636,2,318117.16,Prepaid,0,ServicerB,SystemB,2024-06-15,0
LN001792,16,380034.06,Current,0,ServicerE,SystemB,2024-06-15,0
LN002091,5,371686.34,Current,0,ServicerD,SystemB,2024-06-15,0
LN001747,22,,Current,0,ServicerC,SystemB,2024-06-15,0
LN000409,4,,Current,0,ServicerE,SystemB,2024-06-15,0
LN001804,2,355595.44,Current,0,ServicerB,SystemB,2024-06-15,0
LN001118,2,341108.46,Current,0,ServicerC,SystemB,2024-06-15,0
LN001658,5,196692.86,30DPD,0,ServicerE,SystemB,2024-06-15,1
LN000302,6,547654.9155321232,Current,0,ServicerB,SystemB,2024-06-15,0
LN001741,5,264723.52,Prepaid,0,ServicerA,SystemB,2024-06-15,0
LN000222,8,712010.26,Current,0,ServicerE,SystemB,2024-06-15,0
LN002926,7,183367.19,Current,0,ServicerD,SystemB,2024-06-15,0
LN002787,17,340306.86,Current,0,ServicerD,SystemB,2024-06-15,0
LN002850,5,149832.18,Prepaid,0,ServicerE,SystemB,2024-06-15,0
LN000681,2,213874.41,Current,0,ServicerC,SystemB,2024-06-15,1
LN001540,8,225703.16,Current,0,ServicerE,SystemB,2024-06-15,0
LN002421,12,221663.68,Current,0,ServicerB,SystemB,2024-06-15,0
LN001919,1,223465.7,Current,0,ServicerA,SystemB,2024-06-15,0
LN001807,7,391582.14,30DPD,30,ServicerE,SystemB,2024-06-15,0
LN000775,9,189806.86,Current,0,ServicerC,SystemB,2024-06-15,0
LN000087,24,325439.8,Current,0,ServicerC,SystemB,2024-06-15,0
LN002442,17,116696.32,30DPD,30,ServicerE,SystemB,2024-06-15,0
LN001435,2,162667.4,Current,0,ServicerC,SystemB,2024-06-15,0
LN002920,4,245662.82,Current,0,ServicerD,SystemB,2024-06-15,0
LN000597,12,141771.69,30DPD,30,ServicerD,SystemB,2024-06-15,0
LN001909,8,177096.99,Current,0,ServicerA,SystemB,2024-06-15,0
LN001588,9,109891.59,Current,0,ServicerC,SystemB,2024-06-15,0
LN001839,17,364353.2639187049,Current,0,ServicerC,SystemB,2024-06-15,1
LN000822,3,153159.93,Current,0,ServicerB,SystemB,2024-06-15,0
LN000809,4,189400.82,Current,0,ServicerA,SystemB,2024-06-15,0
LN000843,6,163618.19,Current,0,ServicerB,SystemB,2024-06-15,0
LN001384,2,225210.5,Current,0,ServicerB,SystemB,2024-06-15,0
LN001840,1,321729.0,Current,0,ServicerA,SystemB,2024-06-15,0
LN002782,1,,Current,0,ServicerB,SystemB,2024-06-15,1
LN002783,2,489679.96,Current,0,ServicerA,SystemB,2024-06-15,0
LN000351,9,,Current,60,ServicerA,SystemB,2024-06-15,1
LN002599,1,263679.97,Current,0,ServicerB,SystemB,2024-06-15,0
LN000965,15,161468.66,Current,0,ServicerB,SystemB,2024-06-15,1
LN001247,8,213273.18,30DPD,30,ServicerD,SystemB,2024-06-15,0
LN001866,2,115676.56,Prepaid,0,ServicerD,SystemB,2024-06-15,0
LN001429,5,76031.37715180531,Current,0,ServicerD,SystemB,2024-06-15,1
LN000083,9,199371.29,Current,0,ServicerB,SystemB,2024-06-15,0
LN000266,16,153386.19,Current,0,ServicerC,SystemB,2024-06-15,0
LN001170,18,227116.84394705406,Current,0,ServicerC,SystemB,2024-06-15,1
LN001220,1,223981.10743135228,Current,0,ServicerD,SystemB,2024-06-15,1
LN001084,11,135058.84,Current,0,ServicerA,SystemB,2024-06-15,0
LN000414,6,155456.49,30DPD,90,ServicerC,SystemB,2024-06-15,1
LN001672,3,316047.75,Prepaid,90,ServicerD,SystemB,2024-06-15,1
LN001628,21,102114.44,Prepaid,0,ServicerE,SystemB,2024-06-15,1
LN001830,22,492647.46,Current,0,ServicerB,SystemB,2024-06-15,0
LN001322,13,161092.08,Current,0,ServicerD,SystemB,2024-06-15,0
LN002151,3,167031.14,Current,0,ServicerD,SystemB,2024-06-15,0
LN001081,7,460029.45,Current,0,ServicerC,SystemB,2024-06-15,0
LN000839,10,180169.83085078074,Prepaid,0,ServicerE,SystemB,2024-06-15,1
LN001038,9,207927.33,30DPD,30,ServicerD,SystemB,2024-06-15,0
LN001434,4,315520.09,30DPD,0,ServicerD,SystemB,2024-06-15,1
LN002908,2,452146.64,Current,0,ServicerC,SystemB,2024-06-15,0
LN000888,3,209351.31,Current,0,ServicerC,SystemB,2024-06-15,0
LN001507,12,97666.71,Current,30,ServicerC,SystemB,2024-06-15,1
LN001120,10,231603.86,Current,0,ServicerA,SystemB,2024-06-15,0
LN001701,11,401922.33,90DPD,90,ServicerC,SystemB,2024-06-15,0
LN000169,13,146709.98,Current,0,ServicerD,SystemB,2024-06-15,0
LN000752,1,140691.61,Current,0,ServicerC,SystemB,2024-06-15,0
LN001806,12,315094.07,Current,0,ServicerD,SystemB,2024-06-15,0
LN001928,3,176606.03,Current,0,ServicerD,SystemB,2024-06-15,0
LN000520,6,191433.14,30DPD,30,ServicerD,SystemB,2024-06-15,0
LN002077,2,82793.71,Current,0,ServicerC,SystemB,2024-06-15,0
LN000222,11,710147.58,Prepaid,0,ServicerE,SystemB,2024-06-15,1
LN000557,8,291554.91141508,Current,0,ServicerB,SystemB,2024-06-15,1
LN002977,7,115875.25,30DPD,30,ServicerD,SystemB,2024-06-15,0
LN000778,5,351068.94,Current,0,ServicerA,SystemB,2024-06-15,0
LN000264,18,123268.74,Current,0,ServicerC,SystemB,2024-06-15,0
LN002207,15,175734.79,Current,0,ServicerA,SystemB,2024-06-15,0
LN002030,23,331648.77,30DPD,30,ServicerD,SystemB,2024-06-15,0
LN000467,10,,30DPD,30,ServicerB,SystemB,2024-06-15,1
LN002253,23,118472.03,30DPD,30,ServicerA,SystemB,2024-06-15,0
LN001408,1,145456.85945181694,Current,0,ServicerA,SystemB,2024-06-15,1
LN000441,3,262574.26,Current,0,ServicerA,SystemB,2024-06-15,0
LN001806,22,310566.62,90DPD,0,ServicerD,SystemB,2024-06-15,1
LN000869,4,180650.65,Current,90,ServicerD,SystemB,2024-06-15,1
LN001106,7,338115.49,Current,0,ServicerC,SystemB,2024-06-15,0
LN002658,2,713937.53,Current,0,ServicerD,SystemB,2024-06-15,0
LN001061,3,206589.23,Current,0,ServicerD,SystemB,2024-06-15,0
LN002246,4,127303.37,Current,0,ServicerD,SystemB,2024-06-15,0
LN001907,3,247308.84,90DPD,0,ServicerE,SystemB,2024-06-15,1
LN002998,15,243947.74,Current,0,ServicerE,SystemB,2024-06-15,0
LN000350,10,192004.2,Prepaid,0,ServicerC,SystemB,2024-06-15,0
LN000041,19,92692.26,Current,0,ServicerA,SystemB,2024-06-15,0
LN000211,4,571358.18,Current,0,ServicerD,SystemB,2024-06-15,0
LN002998,24,240552.79,Current,0,ServicerE,SystemB,2024-06-15,0
LN000496,12,264649.87,Current,0,ServicerD,SystemB,2024-06-15,1
LN001708,21,99997.19,Default,120,ServicerA,SystemB,2024-06-15,0
LN001995,6,263944.65,Current,0,ServicerB,SystemB,2024-06-15,0
LN002102,2,690410.64,Current,0,ServicerA,SystemB,2024-06-15,0
LN001933,14,332307.81,Current,0,ServicerE,SystemB,2024-06-15,0
LN001640,3,228877.18,Current,0,ServicerA,SystemB,2024-06-15,0
LN001481,13,260155.94,Current,0,ServicerC,SystemB,2024-06-15,0
LN000770,12,131085.42620212454,Current,0,ServicerA,SystemB,2024-06-15,1
LN000164,1,106300.87,Current,0,ServicerD,SystemB,2024-06-15,0
LN001767,19,160217.43,Current,0,ServicerA,SystemB,2024-06-15,0
LN000798,18,142288.93773604918,Prepaid,0,ServicerC,SystemB,2024-06-15,1
LN001637,7,435355.29,Current,0,ServicerC,SystemB,2024-06-15,0
LN001283,3,252068.99864064797,Current,0,ServicerE,SystemB,2024-06-15,1
LN002889,14,70000.63,60DPD,0,ServicerD,SystemB,2024-06-15,1
LN002974,4,218809.93,Current,0,ServicerB,SystemB,2024-06-15,0
LN002351,11,107838.91,Prepaid,30,ServicerB,SystemB,2024-06-15,1
LN000281,11,293044.06,Current,0,ServicerB,SystemB,2024-06-15,0
LN002987,2,396945.39,Current,0,ServicerB,SystemB,2024-06-15,0
LN001243,8,131041.12,Current,0,ServicerA,SystemB,2024-06-15,0
LN002766,11,335184.67,60DPD,0,ServicerB,SystemB,2024-06-15,1
LN002609,5,241625.15,Current,0,ServicerA,SystemB,2024-06-15,0
LN001366,20,198469.65,Current,0,ServicerA,SystemB,2024-06-15,0
LN000554,8,260922.48005563518,Current,0,ServicerE,SystemB,2024-06-15,1
LN002192,21,112707.89,Current,0,ServicerE,SystemB,2024-06-15,0
LN000113,2,128961.45,Current,0,ServicerE,SystemB,2024-06-15,0
LN001996,2,140027.95,Current,0,ServicerE,SystemB,2024-06-15,0
LN001383,6,167465.56,30DPD,30,ServicerD,SystemB,2024-06-15,0
LN001120,21,228596.31,Current,0,ServicerA,SystemB,2024-06-15,0
LN001182,24,-304901.53,Current,60,ServicerD,SystemB,2024-06-15,1
LN000632,11,147821.39,Current,90,ServicerD,SystemB,2024-06-15,1
LN001050,5,196193.96,60DPD,90,ServicerD,SystemB,2024-06-15,1
LN000934,7,502373.98,Default,60,ServicerA,SystemB,2024-06-15,1
LN001747,6,213710.42,30DPD,30,ServicerC,SystemB,2024-06-15,0
LN001321,6,259617.2,Current,0,ServicerC,SystemB,2024-06-15,0
LN002741,6,142311.64,Current,0,ServicerB,SystemB,2024-06-15,0
LN001859,2,255533.49,Current,0,ServicerE,SystemB,2024-06-15,0
LN002837,6,327305.28,Current,0,ServicerC,SystemB,2024-06-15,0
LN001581,4,86941.26,Current,0,ServicerB,SystemB,2024-06-15,0
LN001423,18,251657.46,30DPD,0,ServicerE,SystemB,2024-06-15,1
LN001089,13,578578.73,Current,0,ServicerA,SystemB,2024-06-15,0
LN002207,22,174077.56,Current,0,ServicerA,SystemB,2024-06-15,0
LN002717,1,135912.73,Current,0,ServicerA,SystemB,2024-06-15,0
LN000274,10,88710.29842702323,Current,0,ServicerC,SystemB,2024-06-15,1
LN002079,9,181251.86,60DPD,60,ServicerA,SystemB,2024-06-15,0
LN000820,3,337388.77,Current,0,ServicerB,SystemB,2024-06-15,0
LN002336,19,193275.98,90DPD,0,ServicerA,SystemB,2024-06-15,1
LN002786,3,92081.97,Current,0,ServicerB,SystemB,2024-06-15,0
LN002195,4,217902.44,30DPD,30,ServicerC,SystemB,2024-06-15,0
LN000807,6,145801.78,Current,0,ServicerC,SystemB,2024-06-15,0
LN000447,11,352986.61,Current,0,ServicerB,SystemB,2024-06-15,0
LN001515,3,246490.28,Current,0,ServicerA,SystemB,2024-06-15,0
LN000869,11,178866.79,Current,0,ServicerD,SystemB,2024-06-15,0
LN000951,9,238769.82,Current,0,ServicerE,SystemB,2024-06-15,0
LN001129,20,211894.81,Current,0,ServicerE,SystemB,2024-06-15,0
LN002756,25,316861.42,Current,30,ServicerE,SystemB,2024-06-15,1
LN001651,2,330047.26,Current,0,ServicerD,SystemB,2024-06-15,0
LN000863,26,299566.4,Current,0,ServicerE,SystemB,2024-06-15,0
LN000808,5,258984.94,Current,0,ServicerE,SystemB,2024-06-15,0
LN000104,5,176244.31,60DPD,30,ServicerA,SystemB,2024-06-15,1
LN000499,1,181206.83,Current,0,ServicerB,SystemB,2024-06-15,0
LN002631,2,83921.61,Current,0,ServicerB,SystemB,2024-06-15,0
LN000603,18,142547.63,Current,0,ServicerD,SystemB,2024-06-15,0
LN000235,19,-90108.42,30DPD,30,ServicerB,SystemB,2024-06-15,0
LN001869,3,501267.28,Current,0,ServicerB,SystemB,2024-06-15,0
LN002012,10,291083.086539819,Current,0,ServicerE,SystemB,2024-06-15,1
LN000434,26,298772.49,Current,30,ServicerE,SystemB,2024-06-15,1
LN001974,15,288119.13549785764,Current,0,ServicerD,SystemB,2024-06-15,1
LN002299,6,149681.92,Current,60,ServicerC,SystemB,2024-06-15,1
LN002772,5,130503.54,30DPD,30,ServicerE,SystemB,2024-06-15,0
LN002918,14,414876.03,90DPD,0,ServicerE,SystemB,2024-06-15,1
LN001072,7,225337.56,Current,0,ServicerE,SystemB,2024-06-15,0
LN002042,5,243345.36919746702,30DPD,30,ServicerE,SystemB,2024-06-15,1
LN002626,15,351659.74,90DPD,120,ServicerD,SystemB,2024-06-15,1
LN000837,13,177553.77,Current,0,ServicerA,SystemB,2024-06-15,0
LN001846,2,138396.56,Current,0,ServicerD,SystemB,2024-06-15,0
LN002302,13,167432.64,Current,0,ServicerB,SystemB,2024-06-15,0
LN002600,6,82600.76,Current,0,ServicerB,SystemB,2024-06-15,0
LN001885,4,323875.09,Current,0,ServicerD,SystemB,2024-06-15,0
LN002104,13,178002.43,Current,0,ServicerD,SystemB,2024-06-15,0
LN001258,16,226839.36,30DPD,30,ServicerB,SystemB,2024-06-15,0
LN001419,2,344346.195053544,Current,0,ServicerD,SystemB,2024-06-15,1
LN001634,20,360902.18,90DPD,30,ServicerA,SystemB,2024-06-15,1
LN002333,5,178475.91,Current,0,ServicerD,SystemB,2024-06-15,0
LN002788,19,122405.98,60DPD,60,ServicerC,SystemB,2024-06-15,0
LN000706,6,94903.32,Current,0,ServicerE,SystemB,2024-06-15,0
LN000864,15,71745.04,Current,0,ServicerD,SystemB,2024-06-15,0
LN001857,2,137332.05,Current,0,ServicerA,SystemB,2024-06-15,0
LN002599,2,263351.94,Current,0,ServicerB,SystemB,2024-06-15,0
LN002653,20,112504.57,90DPD,90,ServicerD,SystemB,2024-06-15,0
LN001799,2,179765.06,Current,0,ServicerE,SystemB,2024-06-15,0
LN000326,4,230900.37913574348,90DPD,90,ServicerA,SystemB,2024-06-15,1
LN002775,3,105953.04,Current,0,ServicerE,SystemB,2024-06-15,0
LN001055,11,175868.81,Current,0,ServicerA,SystemB,2024-06-15,0
LN000306,8,133556.75,Current,90,ServicerC,SystemB,2024-06-15,1
LN002927,26,185709.36,Current,90,ServicerB,SystemB,2024-06-15,1
LN000867,1,389797.34,Current,0,ServicerB,SystemB,2024-06-15,0
LN002672,4,110261.54,Current,0,ServicerC,SystemB,2024-06-15,0
LN000836,1,204314.67,Current,60,ServicerC,SystemB,2024-06-15,1
LN002339,13,141332.53,30DPD,30,ServicerB,SystemB,2024-06-15,0
LN002050,14,222440.65,Current,0,ServicerB,SystemB,2024-06-15,0
LN000823,2,208088.85,Current,0,ServicerA,SystemB,2024-06-15,0
LN001725,3,108379.21,Current,0,ServicerE,SystemB,2024-06-15,0
LN000651,1,439533.74536716694,Current,0,ServicerB,SystemB,2024-06-15,1
LN001180,18,284168.3718184063,Current,0,ServicerC,SystemB,2024-06-15,1
LN000571,13,306196.59,Prepaid,0,ServicerA,SystemB,2024-06-15,0
LN002353,8,474238.77,Current,60,ServicerB,SystemB,2024-06-15,0
LN002125,10,307183.62,Current,0,ServicerC,SystemB,2024-06-15,0
LN001667,15,218675.71,Prepaid,0,ServicerA,SystemB,2024-06-15,0
LN001636,3,324621.73,30DPD,30,ServicerE,SystemB,2024-06-15,0
LN002174,4,371138.42,Current,0,ServicerB,SystemB,2024-06-15,0
LN000721,20,247610.12,Current,0,ServicerC,SystemB,2024-06-15,0
LN001713,1,250221.5290053385,Current,0,ServicerC,SystemB,2024-06-15,1
LN001239,15,163299.78,Current,0,ServicerD,SystemB,2024-06-15,0
LN002291,6,231268.69,30DPD,30,ServicerB,SystemB,2024-06-15,0
LN001164,28,221316.02,Current,0,ServicerD,SystemB,2024-06-15,0
LN000739,1,152717.45,60DPD,0,ServicerB,SystemB,2024-06-15,1
LN001268,14,175860.68,Current,0,ServicerC,SystemB,2024-06-15,0
LN000963,24,160985.26,Current,0,ServicerC,SystemB,2024-06-15,0
LN001463,7,207266.75,Current,0,ServicerB,SystemB,2024-06-15,0
LN002436,7,212304.28,30DPD,30,ServicerC,SystemB,2024-06-15,0
LN001830,7,501632.83,30DPD,30,ServicerB,SystemB,2024-06-15,0
LN000632,23,154384.8320083319,Current,0,ServicerD,SystemB,2024-06-15,1
LN002531,10,200070.94,30DPD,60,ServicerD,SystemB,2024-06-15,1
LN001180,8,289350.3,Current,0,ServicerC,SystemB,2024-06-15,0
LN000210,10,127987.97,30DPD,30,ServicerC,SystemB,2024-06-15,0
LN001162,11,200636.55,Current,0,ServicerD,SystemB,2024-06-15,0
LN001058,22,274850.38,Default,120,ServicerA,SystemB,2024-06-15,0
LN000799,10,222067.63,Current,90,ServicerD,SystemB,2024-06-15,1
LN002979,2,,Current,60,ServicerB,SystemB,2024-06-15,1
LN002455,1,304006.15,Current,0,ServicerD,SystemB,2024-06-15,0
LN001975,7,,Prepaid,0,ServicerA,SystemB,2024-06-15,0
LN001633,10,328220.26,Current,0,ServicerB,SystemB,2024-06-15,0
LN000510,3,414610.92,Current,0,ServicerE,SystemB,2024-06-15,1
LN001457,16,118610.66,Current,0,ServicerB,SystemB,2024-06-15,0
LN000673,6,97673.05,60DPD,60,ServicerB,SystemB,2024-06-15,0
LN000633,3,107102.22897684357,Current,0,ServicerB,SystemB,2024-06-15,1
LN002684,10,254637.85,Current,0,ServicerD,SystemB,2024-06-15,0
LN001381,1,168694.96,Current,0,ServicerA,SystemB,2024-06-15,0
LN002497,20,122723.96,Current,0,ServicerB,SystemB,2024-06-15,0
LN002349,2,157977.85,Current,0,ServicerB,SystemB,2024-06-15,0
LN000561,2,480362.85,Current,0,ServicerB,SystemB,2024-06-15,0
LN000314,19,108811.25,30DPD,0,ServicerB,SystemB,2024-06-15,1
LN002496,1,165591.47,Current,0,ServicerC,SystemB,2024-06-15,0
LN002475,19,455006.61237202934,Default,120,ServicerB,SystemB,2024-06-15,1
LN001192,1,82115.22035605916,Current,0,ServicerB,SystemB,2024-06-15,1
LN000535,10,144186.3,30DPD,30,ServicerC,SystemB,2024-06-15,1
LN001542,3,144518.38,Current,0,ServicerB,SystemB,2024-06-15,0
LN001545,8,412354.7,Current,0,ServicerC,SystemB,2024-06-15,0
LN002359,12,128505.84,30DPD,30,ServicerE,SystemB,2024-06-15,0
LN002074,5,90051.04,Current,0,ServicerE,SystemB,2024-06-15,0
LN001830,13,-498038.68,Current,0,ServicerB,SystemB,2024-06-15,0
LN002379,6,150878.26,Current,0,ServicerD,SystemB,2024-06-15,0
LN002676,4,182898.96,30DPD,90,ServicerC,SystemB,2024-06-15,1
LN000514,12,407270.68,Current,0,ServicerA,SystemB,2024-06-15,0
LN001345,2,150713.37,Current,0,ServicerC,SystemB,2024-06-15,0
LN001368,16,118449.33,30DPD,30,ServicerC,SystemB,2024-06-15,1
LN002456,11,93899.59,60DPD,60,ServicerA,SystemB,2024-06-15,0
LN000430,16,254395.27,Current,0,ServicerE,SystemB,2024-06-15,0
LN002623,10,135958.99,60DPD,60,ServicerE,SystemB,2024-06-15,0
LN000996,14,170710.4,90DPD,0,ServicerB,SystemB,2024-06-15,1
LN001221,4,179100.62,Current,0,ServicerB,SystemB,2024-06-15,0
LN001415,5,307322.02,90DPD,0,ServicerC,SystemB,2024-06-15,1
LN000375,7,242959.4,30DPD,30,ServicerA,SystemB,2024-06-15,0
LN001080,16,100532.0,Current,0,ServicerC,SystemB,2024-06-15,0
LN001533,8,254198.1,30DPD,30,ServicerA,SystemB,2024-06-15,0
LN002341,6,175438.22,Current,0,ServicerA,SystemB,2024-06-15,0
LN000050,16,271661.17,Current,0,ServicerE,SystemB,2024-06-15,0
LN002540,12,,Current,0,ServicerC,SystemB,2024-06-15,0
LN001924,1,145157.98,Current,0,ServicerC,SystemB,2024-06-15,0
LN002056,16,396383.61,Current,0,ServicerE,SystemB,2024-06-15,0
LN002519,5,166942.77087316115,Current,0,ServicerA,SystemB,2024-06-15,1
LN000434,17,302560.63,Current,0,ServicerE,SystemB,2024-06-15,0
LN002740,1,201156.09,Current,0,ServicerA,SystemB,2024-06-15,0
LN000397,22,150546.01305141422,Current,0,ServicerC,SystemB,2024-06-15,1
LN000038,5,211760.61,Current,0,ServicerB,SystemB,2024-06-15,0
LN000711,5,112492.97,Prepaid,0,ServicerE,SystemB,2024-06-15,0
LN000669,3,325187.65,30DPD,30,ServicerD,SystemB,2024-06-15,0
LN001015,2,153896.41,60DPD,90,ServicerE,SystemB,2024-06-15,1
LN000615,6,404728.26,Current,0,ServicerA,SystemB,2024-06-15,0
LN001485,2,360156.66,Prepaid,0,ServicerE,SystemB,2024-06-15,0
LN001846,6,137703.68,Current,0,ServicerD,SystemB,2024-06-15,0
LN000904,2,97765.12,Current,0,ServicerB,SystemB,2024-06-15,0
LN001827,6,551689.3,Current,0,ServicerB,SystemB,2024-06-15,0
LN000253,10,144566.68,Current,0,ServicerB,SystemB,2024-06-15,0
LN002811,8,100557.38460237403,Current,60,ServicerD,SystemB,2024-06-15,1
LN001888,2,239120.52,Current,90,ServicerE,SystemB,2024-06-15,1
LN002433,15,238769.94459278046,30DPD,30,ServicerD,SystemB,2024-06-15,1
LN002811,22,109545.73,Current,0,ServicerD,SystemB,2024-06-15,0
LN002945,14,165839.85,Current,0,ServicerD,SystemB,2024-06-15,0
LN001313,8,194314.17,Current,30,ServicerB,SystemB,2024-06-15,1
LN002965,9,757712.78,Current,90,ServicerD,SystemB,2024-06-15,1
LN001798,6,192477.25,Current,0,ServicerE,SystemB,2024-06-15,0
LN000809,6,188821.24,Current,0,ServicerA,SystemB,2024-06-15,0
LN000050,1,277286.95,Current,0,ServicerE,SystemB,2024-06-15,0
LN001064,4,175550.95,30DPD,120,ServicerB,SystemB,2024-06-15,1
LN000531,7,155079.77,Current,0,ServicerC,SystemB,2024-06-15,0
LN002135,26,165653.06,60DPD,60,ServicerD,SystemB,2024-06-15,0
LN001487,5,110042.92,Current,0,ServicerB,SystemB,2024-06-15,0
LN001538,11,269546.7265107747,Current,0,ServicerB,SystemB,2024-06-15,1
LN002124,20,259289.89,60DPD,0,ServicerD,SystemB,2024-06-15,1
LN002192,5,115166.64,Current,0,ServicerE,SystemB,2024-06-15,1
LN002664,28,83101.12,30DPD,0,ServicerB,SystemB,2024-06-15,1
LN000993,3,328580.43,Current,0,ServicerC,SystemB,2024-06-15,0
LN001310,4,195261.41,Current,0,ServicerB,SystemB,2024-06-15,1
LN002764,13,87146.72,Current,0,ServicerA,SystemB,2024-06-15,1
LN002698,12,125718.42,Current,0,ServicerD,SystemB,2024-06-15,0
LN001690,5,164831.99,Current,0,ServicerE,SystemB,2024-06-15,0
LN000496,2,268707.48,Current,0,ServicerD,SystemB,2024-06-15,0
LN001488,3,98841.71,Current,0,ServicerE,SystemB,2024-06-15,0
LN001820,18,534658.7,Current,0,ServicerB,SystemB,2024-06-15,1
LN000913,6,547926.99,Current,90,ServicerB,SystemB,2024-06-15,1
LN001687,18,167037.78,Prepaid,0,ServicerE,SystemB,2024-06-15,0
LN000279,1,231268.07,Current,0,ServicerB,SystemB,2024-06-15,0
LN000872,5,285391.01,Current,60,ServicerE,SystemB,2024-06-15,1
LN001365,5,237474.69,Current,0,ServicerA,SystemB,2024-06-15,0
LN002734,5,208076.82,Current,0,ServicerC,SystemB,2024-06-15,0
LN000660,7,238727.75,Current,0,ServicerB,SystemB,2024-06-15,0
LN001041,1,113177.54,Current,0,ServicerB,SystemB,2024-06-15,0
LN000750,4,115053.28,Current,0,ServicerE,SystemB,2024-06-15,0
LN001862,1,49932.56,Current,0,ServicerA,SystemB,2024-06-15,0
LN001270,10,171585.27,90DPD,0,ServicerA,SystemB,2024-06-15,1
LN001547,9,147075.2341101244,Current,0,ServicerE,SystemB,2024-06-15,1
LN000035,5,116214.8,Current,60,ServicerB,SystemB,2024-06-15,1
LN000718,11,197998.78,Current,0,ServicerE,SystemB,2024-06-15,1
LN001458,5,250668.35,60DPD,30,ServicerB,SystemB,2024-06-15,1
LN000882,9,149444.74,Current,0,ServicerD,SystemB,2024-06-15,0
LN000842,5,100402.08,Prepaid,0,ServicerA,SystemB,2024-06-15,0
LN000642,3,115315.3,Current,0,ServicerB,SystemB,2024-06-15,0
LN000968,8,116880.63,Current,0,ServicerC,SystemB,2024-06-15,0
LN001687,7,-169748.5,Current,0,ServicerE,SystemB,2024-06-15,0
LN001236,6,93691.97,Current,0,ServicerC,SystemB,2024-06-15,0
LN000292,7,159465.48,Current,0,ServicerC,SystemB,2024-06-15,0
LN002409,5,217098.42,Prepaid,0,ServicerE,SystemB,2024-06-15,0
LN002005,3,291020.11,30DPD,30,ServicerE,SystemB,2024-06-15,0
LN001611,5,122029.0,Current,0,ServicerD,SystemB,2024-06-15,0
LN001778,2,305910.29,Current,0,ServicerA,SystemB,2024-06-15,0
LN002097,7,364122.67842856876,Current,0,ServicerB,SystemB,2024-06-15,1
LN000525,10,113891.94,Current,0,ServicerC,SystemB,2024-06-15,0
LN002192,1,115781.33,Current,0,ServicerE,SystemB,2024-06-15,0
LN001212,16,563570.69,Current,0,ServicerD,SystemB,2024-06-15,1
LN000999,1,265821.13,Current,0,ServicerE,SystemB,2024-06-15,0
LN001538,34,270936.02,Current,0,ServicerB,SystemB,2024-06-15,0
LN000001,3,128908.83,Current,0,ServicerC,SystemB,2024-06-15,0
LN000411,1,219806.31,Current,0,ServicerA,SystemB,2024-06-15,0
LN001401,5,193461.38,Prepaid,0,ServicerC,SystemB,2024-06-15,0
LN001183,2,104776.93,Current,0,ServicerE,SystemB,2024-06-15,0
LN000599,5,78338.28,30DPD,30,ServicerA,SystemB,2024-06-15,0
LN000398,10,495071.22,Current,0,ServicerA,SystemB,2024-06-15,0
LN001846,11,136837.57,60DPD,60,ServicerD,SystemB,2024-06-15,0
LN001391,7,280737.82,Current,0,ServicerC,SystemB,2024-06-15,0
LN001454,16,105627.02040335067,Current,0,ServicerC,SystemB,2024-06-15,1
LN002540,4,142060.55,Current,0,ServicerC,SystemB,2024-06-15,0
LN000316,11,206531.26,Current,0,ServicerD,SystemB,2024-06-15,0
LN001806,18,,Current,0,ServicerD,SystemB,2024-06-15,0
LN000852,6,213379.3,Default,120,ServicerA,SystemB,2024-06-15,0
LN001796,24,265181.33,Current,0,ServicerC,SystemB,2024-06-15,1
LN002001,2,307049.03,Current,0,ServicerC,SystemB,2024-06-15,1
LN002422,2,156404.25,Current,0,ServicerB,SystemB,2024-06-15,0
LN000274,16,84327.32,Prepaid,0,ServicerC,SystemB,2024-06-15,0
LN000564,8,178414.7923455988,Current,0,ServicerB,SystemB,2024-06-15,1
LN000346,5,252357.24,Current,0,ServicerC,SystemB,2024-06-15,0
LN000790,12,416532.49,Current,0,ServicerE,SystemB,2024-06-15,0
LN000973,2,256758.58,Current,0,ServicerC,SystemB,2024-06-15,0
LN002295,3,197040.19,Current,0,ServicerB,SystemB,2024-06-15,0
LN000325,5,159947.0784951513,Current,0,ServicerE,SystemB,2024-06-15,1
LN000201,6,202216.07,30DPD,0,ServicerB,SystemB,2024-06-15,1
LN000970,19,211696.1,Current,0,ServicerC,SystemB,2024-06-15,0
LN001360,1,227868.56,Current,0,ServicerE,SystemB,2024-06-15,0
LN001521,1,153782.2072224905,Current,0,ServicerB,SystemB,2024-06-15,1
LN000682,4,202089.68,Current,0,ServicerD,SystemB,2024-06-15,0
LN000255,9,196769.37,Current,0,ServicerE,SystemB,2024-06-15,0
LN002371,12,183557.97,Prepaid,0,ServicerB,SystemB,2024-06-15,0
LN000092,4,239667.72,Current,0,ServicerE,SystemB,2024-06-15,0
LN000156,1,206503.4,Current,0,ServicerC,SystemB,2024-06-15,0
LN002886,9,296196.77,30DPD,30,ServicerE,SystemB,2024-06-15,0
LN000493,7,203910.57,Current,0,ServicerA,SystemB,2024-06-15,0
LN002386,2,465883.94,Current,0,ServicerC,SystemB,2024-06-15,0
LN002018,7,316929.79,Current,0,ServicerB,SystemB,2024-06-15,0
LN001363,3,112621.96,Current,0,ServicerB,SystemB,2024-06-15,0
LN000240,11,125891.4,Current,0,ServicerE,SystemB,2024-06-15,0
LN000201,5,202547.4,Current,0,ServicerB,SystemB,2024-06-15,0
LN000452,22,317414.87,Current,0,ServicerD,SystemB,2024-06-15,0
LN000370,12,346669.53,90DPD,0,ServicerD,SystemB,2024-06-15,1
LN002830,18,329590.0,Current,0,ServicerE,SystemB,2024-06-15,0
LN002302,1,170486.51,Current,0,ServicerB,SystemB,2024-06-15,0
LN002483,12,398644.34,Current,0,ServicerB,SystemB,2024-06-15,0
LN001770,1,224199.05,Current,0,ServicerA,SystemB,2024-06-15,0
LN001503,11,218711.42,30DPD,30,ServicerA,SystemB,2024-06-15,0
LN000071,1,113423.86,Current,0,ServicerD,SystemB,2024-06-15,0
LN002988,15,181390.04,Current,0,ServicerA,SystemB,2024-06-15,0
LN002630,12,279675.75948665844,30DPD,30,ServicerB,SystemB,2024-06-15,1
LN000661,22,132102.08,Current,0,ServicerE,SystemB,2024-06-15,0
LN001773,7,231577.19,Current,0,ServicerA,SystemB,2024-06-15,0
LN000555,28,193249.82,Current,0,ServicerD,SystemB,2024-06-15,0
LN000868,5,289735.2775612387,Current,0,ServicerB,SystemB,2024-06-15,1
LN002192,14,113783.59,Current,30,ServicerE,SystemB,2024-06-15,1
LN000537,2,,Current,0,ServicerE,SystemB,2024-06-15,0
LN000346,9,250999.83,Current,0,ServicerC,SystemB,2024-06-15,1
LN001691,3,519458.49,30DPD,30,ServicerA,SystemB,2024-06-15,0
LN001287,4,,Prepaid,0,ServicerE,SystemB,2024-06-15,0
LN002156,3,362056.14,60DPD,0,ServicerC,SystemB,2024-06-15,1
LN001725,2,108533.14,Current,0,ServicerE,SystemB,2024-06-15,0
LN002065,10,240739.32,Current,0,ServicerC,SystemB,2024-06-15,0
LN000900,3,105035.43,Current,0,ServicerC,SystemB,2024-06-15,0
LN001059,3,347770.55,Current,0,ServicerC,SystemB,2024-06-15,0
LN000001,9,128008.49,Current,0,ServicerC,SystemB,2024-06-15,0
LN001418,15,271423.79,Current,0,ServicerC,SystemB,2024-06-15,0
LN001517,7,183567.28,Prepaid,0,ServicerE,SystemB,2024-06-15,0
LN001694,2,171044.25,Prepaid,0,ServicerD,SystemB,2024-06-15,0
LN002070,11,176454.16,Current,60,ServicerD,SystemB,2024-06-15,1
LN001347,3,111560.82,Current,0,ServicerA,SystemB,2024-06-15,1
LN001167,2,304757.81,Current,0,ServicerE,SystemB,2024-06-15,0
LN002794,5,219407.41,Default,60,ServicerD,SystemB,2024-06-15,1
LN002124,13,261318.53,Current,0,ServicerD,SystemB,2024-06-15,0
LN000266,23,151732.09,30DPD,30,ServicerC,SystemB,2024-06-15,0
LN000363,2,271930.91,Current,0,ServicerD,SystemB,2024-06-15,0
LN001045,2,236098.74,Current,0,ServicerE,SystemB,2024-06-15,0
LN001303,14,202829.62,30DPD,0,ServicerD,SystemB,2024-06-15,1
LN001140,19,224419.01,Current,90,ServicerC,SystemB,2024-06-15,1
LN002467,25,141564.68,Current,0,ServicerD,SystemB,2024-06-15,0
LN000535,24,141921.53,Current,0,ServicerC,SystemB,2024-06-15,0
LN000406,3,195109.05,Current,0,ServicerE,SystemB,2024-06-15,0
LN002771,2,143854.73,Current,0,ServicerE,SystemB,2024-06-15,0
LN001470,1,344404.96,Current,0,ServicerE,SystemB,2024-06-15,0
LN002863,2,230329.94,Current,0,ServicerE,SystemB,2024-06-15,0
LN001909,1,179332.62,Current,0,ServicerA,SystemB,2024-06-15,0
LN002617,8,153937.89,Prepaid,0,ServicerE,SystemB,2024-06-15,1
LN002887,5,172687.72,Current,0,ServicerE,SystemB,2024-06-15,0
LN002174,12,367627.25,Current,0,ServicerB,SystemB,2024-06-15,0
LN001189,11,296423.59,Current,0,ServicerC,SystemB,2024-06-15,0
LN001191,9,371296.02,Current,0,ServicerB,SystemB,2024-06-15,0
LN002925,11,224960.98,Current,0,ServicerE,SystemB,2024-06-15,0
LN000571,4,266078.77717614884,Current,0,ServicerA,SystemB,2024-06-15,1
LN001487,1,110553.38,Current,0,ServicerB,SystemB,2024-06-15,0
LN000764,9,194082.03,Current,0,ServicerA,SystemB,2024-06-15,0
LN002269,9,127636.85,Current,0,ServicerB,SystemB,2024-06-15,0
LN002927,25,186894.58175545855,Current,0,ServicerB,SystemB,2024-06-15,1
LN002373,4,271153.83,Current,0,ServicerA,SystemB,2024-06-15,0
LN000029,13,90338.25,Current,0,ServicerB,SystemB,2024-06-15,0
LN001294,4,77447.76,Current,0,ServicerA,SystemB,2024-06-15,0
LN002777,2,282397.53,Current,0,ServicerB,SystemB,2024-06-15,0
LN000660,13,236850.4,Current,0,ServicerB,SystemB,2024-06-15,0
LN000589,11,280524.47,Current,0,ServicerA,SystemB,2024-06-15,0
LN000305,1,162732.27,Current,0,ServicerB,SystemB,2024-06-15,0
LN000430,22,252684.99,Current,0,ServicerE,SystemB,2024-06-15,0
LN002346,12,92244.61,Current,0,ServicerD,SystemB,2024-06-15,0
LN002069,5,,Current,60,ServicerD,SystemB,2024-06-15,1
LN002288,5,189025.59,Current,0,ServicerD,SystemB,2024-06-15,1
LN002158,3,149674.64,Current,0,ServicerE,SystemB,2024-06-15,0
LN002452,7,76262.7,Current,0,ServicerA,SystemB,2024-06-15,0
LN002719,3,113545.19,Prepaid,0,ServicerE,SystemB,2024-06-15,0
LN000296,3,124041.38,Current,0,ServicerD,SystemB,2024-06-15,0
LN002254,22,224624.11,Current,0,ServicerC,SystemB,2024-06-15,0
LN002309,3,223585.52,Current,0,ServicerA,SystemB,2024-06-15,0
LN002568,14,-97276.86275346763,30DPD,30,ServicerD,SystemB,2024-06-15,1
LN002641,1,187615.82883850762,Current,0,ServicerE,SystemB,2024-06-15,1
LN000819,10,187879.43,Current,0,ServicerD,SystemB,2024-06-15,0
LN002322,22,410048.28,Current,0,ServicerD,SystemB,2024-06-15,0
LN000280,2,244721.47,Current,60,ServicerA,SystemB,2024-06-15,1
LN000004,9,218896.49,Current,0,ServicerE,SystemB,2024-06-15,0
LN001106,10,375032.67429262423,Current,0,ServicerC,SystemB,2024-06-15,1
LN001784,1,137831.68,Current,60,ServicerA,SystemB,2024-06-15,1
LN001165,14,133544.24,Current,0,ServicerB,SystemB,2024-06-15,0
LN000721,15,249284.09,Current,0,ServicerC,SystemB,2024-06-15,0
LN002989,15,144172.11,Current,0,ServicerC,SystemB,2024-06-15,0
LN000462,13,143835.61,Current,0,ServicerC,SystemB,2024-06-15,0
LN000400,7,286249.64,30DPD,60,ServicerE,SystemB,2024-06-15,1
LN000862,3,182639.5,Current,0,ServicerE,SystemB,2024-06-15,0
LN001585,8,193336.75,Current,0,ServicerB,SystemB,2024-06-15,0
LN002229,3,198364.18,Current,0,ServicerB,SystemB,2024-06-15,0
LN002915,8,300940.4,Current,0,ServicerB,SystemB,2024-06-15,0
LN002926,5,183800.28,Current,0,ServicerD,SystemB,2024-06-15,0
LN000441,9,260434.79,Current,0,ServicerA,SystemB,2024-06-15,0
LN001106,3,339680.35,Current,0,ServicerC,SystemB,2024-06-15,0
LN002076,16,160103.34,Current,0,ServicerA,SystemB,2024-06-15,0
LN000636,7,49456.98,Current,90,ServicerE,SystemB,2024-06-15,1
LN000161,23,350211.12,Current,0,ServicerA,SystemB,2024-06-15,0
LN000358,3,189728.21,Current,0,ServicerB,SystemB,2024-06-15,0
LN000061,8,389150.2,Current,0,ServicerB,SystemB,2024-06-15,0
LN002310,8,207476.19,Current,0,ServicerD,SystemB,2024-06-15,0
LN000863,10,344849.6897557724,Current,0,ServicerE,SystemB,2024-06-15,1
LN002468,11,368564.12,Current,0,ServicerD,SystemB,2024-06-15,0
LN002858,22,102404.63,Current,0,ServicerC,SystemB,2024-06-15,0
LN000261,10,395347.34,Current,0,ServicerD,SystemB,2024-06-15,0
LN000324,3,95035.58,Current,0,ServicerB,SystemB,2024-06-15,0
LN000112,5,208856.34,Current,0,ServicerC,SystemB,2024-06-15,0
LN001152,5,248535.69,Current,0,ServicerB,SystemB,2024-06-15,0
LN000411,26,210981.74,Prepaid,0,ServicerA,SystemB,2024-06-15,0
LN000885,6,117887.8,Current,0,ServicerB,SystemB,2024-06-15,0
LN000196,23,52422.63,90DPD,90,ServicerB,SystemB,2024-06-15,0
LN002496,30,177268.96977361894,Current,0,ServicerC,SystemB,2024-06-15,1
LN002614,10,183669.09,Current,0,ServicerA,SystemB,2024-06-15,0
LN002938,13,173586.07,Current,0,ServicerD,SystemB,2024-06-15,0
LN001960,26,156980.04,Current,0,ServicerA,SystemB,2024-06-15,0
LN000013,1,798820.2,Current,0,ServicerE,SystemB,2024-06-15,1
LN002372,3,140587.45,Current,0,ServicerE,SystemB,2024-06-15,0
LN000545,16,,Current,0,ServicerD,SystemB,2024-06-15,0
LN001032,5,119298.07,Current,0,ServicerB,SystemB,2024-06-15,0
LN000464,10,280219.33,Current,0,ServicerD,SystemB,2024-06-15,0
LN002723,12,562387.13,Current,0,ServicerD,SystemB,2024-06-15,0
LN001458,6,250377.02,60DPD,60,ServicerB,SystemB,2024-06-15,0
LN002991,5,518615.51,Current,0,ServicerA,SystemB,2024-06-15,0
LN001646,2,137884.67,30DPD,0,ServicerA,SystemB,2024-06-15,1
LN002780,6,405590.13,30DPD,0,ServicerB,SystemB,2024-06-15,1
LN002418,7,197429.87,60DPD,90,ServicerA,SystemB,2024-06-15,1
LN002276,6,84155.88,Current,0,ServicerE,SystemB,2024-06-15,0
LN000367,9,386345.93,Current,30,ServicerA,SystemB,2024-06-15,1
LN002568,9,100756.62,Current,0,ServicerD,SystemB,2024-06-15,0
LN001725,7,107763.5,Current,0,ServicerE,SystemB,2024-06-15,0
LN001960,24,157379.8,Current,0,ServicerA,SystemB,2024-06-15,0
LN002041,2,298665.26,Current,0,ServicerB,SystemB,2024-06-15,0
LN001428,5,195318.55,Current,0,ServicerC,SystemB,2024-06-15,0
LN000692,6,150735.1,30DPD,0,ServicerC,SystemB,2024-06-15,1
LN002106,1,212506.42,Current,0,ServicerB,SystemB,2024-06-15,0
LN000389,6,236022.48,Current,0,ServicerA,SystemB,2024-06-15,0
LN002855,18,80519.3,30DPD,30,ServicerE,SystemB,2024-06-15,0
LN001177,1,213151.0,Current,0,ServicerA,SystemB,2024-06-15,0
LN002239,6,215034.49,Prepaid,0,ServicerB,SystemB,2024-06-15,0
LN000682,9,200960.53,Current,0,ServicerD,SystemB,2024-06-15,0
LN000815,13,110223.46,Current,0,ServicerD,SystemB,2024-06-15,0
LN002520,5,256301.48,Default,30,ServicerD,SystemB,2024-06-15,1
LN002301,17,202738.29,30DPD,30,ServicerD,SystemB,2024-06-15,0
LN002415,8,83417.13,Current,0,ServicerA,SystemB,2024-06-15,0
LN000619,10,155869.77,Current,0,ServicerC,SystemB,2024-06-15,0
LN001926,18,,Current,0,ServicerB,SystemB,2024-06-15,0
LN002176,4,87406.75,Current,0,ServicerA,SystemB,2024-06-15,0
LN000306,7,133715.78,Current,0,ServicerC,SystemB,2024-06-15,0
LN001960,1,161977.12,Current,0,ServicerA,SystemB,2024-06-15,0
LN002044,9,175642.92,60DPD,0,ServicerA,SystemB,2024-06-15,1
LN000218,1,333015.5,Current,0,ServicerB,SystemB,2024-06-15,0
LN002105,1,131418.12,Current,0,ServicerE,SystemB,2024-06-15,0
LN002211,19,97320.29,Current,0,ServicerA,SystemB,2024-06-15,0
LN002078,5,128507.8,Current,90,ServicerB,SystemB,2024-06-15,1
LN000083,2,201340.4,Current,0,ServicerB,SystemB,2024-06-15,0
LN000770,4,136933.7,Current,0,ServicerA,SystemB,2024-06-15,0
LN002097,1,337129.15,Current,0,ServicerB,SystemB,2024-06-15,0
LN001993,4,70580.44,Current,0,ServicerE,SystemB,2024-06-15,0
LN000279,2,230931.15,Current,0,ServicerB,SystemB,2024-06-15,0
LN001533,1,256953.39,Current,0,ServicerA,SystemB,2024-06-15,0
LN001145,19,191073.34,Prepaid,0,ServicerB,SystemB,2024-06-15,0
LN001347,11,110458.99,60DPD,60,ServicerA,SystemB,2024-06-15,0
LN001031,6,182652.51,Current,0,ServicerA,SystemB,2024-06-15,0
LN000183,2,134027.15,Current,0,ServicerD,SystemB,2024-06-15,0
LN002831,7,299055.41,Current,0,ServicerE,SystemB,2024-06-15,0
LN000807,5,145957.98,Current,0,ServicerC,SystemB,2024-06-15,0
LN000849,23,77913.59,Current,0,ServicerB,SystemB,2024-06-15,0
LN002035,16,71540.05,60DPD,60,ServicerD,SystemB,2024-06-15,0
LN000046,6,336181.38,Prepaid,0,ServicerE,SystemB,2024-06-15,0
LN002470,5,132218.16,Current,30,ServicerB,SystemB,2024-06-15,0
LN001089,23,571660.05,Current,0,ServicerA,SystemB,2024-06-15,0
LN002254,23,224301.62,Current,0,ServicerC,SystemB,2024-06-15,0
LN001500,2,119442.72,Current,0,ServicerE,SystemB,2024-06-15,0
LN002554,24,120938.61,Prepaid,0,ServicerA,SystemB,2024-06-15,0
LN000684,1,213000.51,Current,0,ServicerB,SystemB,2024-06-15,0
LN002600,22,80914.79,30DPD,30,ServicerB,SystemB,2024-06-15,0
LN002340,6,236337.07,Current,90,ServicerE,SystemB,2024-06-15,1
LN002942,12,179875.59,Current,90,ServicerB,SystemB,2024-06-15,1
LN001457,15,,Current,0,ServicerB,SystemB,2024-06-15,0
LN000314,17,109122.7,Current,0,ServicerB,SystemB,2024-06-15,0
LN001321,15,256538.0,Current,0,ServicerC,SystemB,2024-06-15,0
LN001539,6,582937.31,Current,30,ServicerE,SystemB,2024-06-15,1
LN001055,6,177052.53,Current,0,ServicerA,SystemB,2024-06-15,0
LN002340,10,235334.6,Prepaid,0,ServicerE,SystemB,2024-06-15,0
LN001496,7,391781.77,Current,0,ServicerB,SystemB,2024-06-15,0
LN002013,17,106933.64,Prepaid,0,ServicerA,SystemB,2024-06-15,0
LN000679,1,201974.48,Current,0,ServicerC,SystemB,2024-06-15,0
LN000508,1,552012.69,Current,0,ServicerE,SystemB,2024-06-15,0
LN002406,6,254026.07,Current,0,ServicerA,SystemB,2024-06-15,0
LN000275,5,359128.51,30DPD,0,ServicerB,SystemB,2024-06-15,1
LN002911,7,329487.13,30DPD,30,ServicerE,SystemB,2024-06-15,0
LN000970,12,,Current,0,ServicerC,SystemB,2024-06-15,0
LN000295,5,370544.26,90DPD,90,ServicerD,SystemB,2024-06-15,0
LN000712,31,158369.53,Current,0,ServicerC,SystemB,2024-06-15,0
LN000473,3,167647.46,Current,0,ServicerA,SystemB,2024-06-15,0
LN000538,21,447458.29,Current,0,ServicerD,SystemB,2024-06-15,0
LN001827,1,555085.72,Current,0,ServicerB,SystemB,2024-06-15,0
LN000035,16,114282.77,Current,0,ServicerB,SystemB,2024-06-15,0
LN000843,8,163161.91,Current,0,ServicerB,SystemB,2024-06-15,0
LN000958,19,293941.25,Default,120,ServicerC,SystemB,2024-06-15,0
LN000962,20,84581.92,Current,0,ServicerC,SystemB,2024-06-15,0
LN000002,6,257697.25,Current,0,ServicerE,SystemB,2024-06-15,0
LN001515,4,246068.04,30DPD,0,ServicerA,SystemB,2024-06-15,1
LN000325,17,164251.84,Current,0,ServicerE,SystemB,2024-06-15,0
LN001121,5,102302.77,Current,0,ServicerA,SystemB,2024-06-15,0
LN002617,1,154972.56,Current,0,ServicerE,SystemB,2024-06-15,0
LN001206,12,126956.57,Current,0,ServicerE,SystemB,2024-06-15,0
LN001773,8,203776.7648301351,Current,0,ServicerA,SystemB,2024-06-15,1
LN001218,10,139404.98,Current,0,ServicerA,SystemB,2024-06-15,0
LN001309,13,160367.60373931588,Current,0,ServicerA,SystemB,2024-06-15,1
LN002154,10,252101.14,Current,0,ServicerA,SystemB,2024-06-15,0
LN000560,17,226580.58,Current,0,ServicerD,SystemB,2024-06-15,0
LN002988,18,180661.05,Current,0,ServicerA,SystemB,2024-06-15,0
LN000706,10,94338.19,Current,30,ServicerE,SystemB,2024-06-15,1
LN000434,9,305927.86,Current,0,ServicerE,SystemB,2024-06-15,0
LN000525,6,114551.56,30DPD,30,ServicerC,SystemB,2024-06-15,0
LN001689,20,244855.31,30DPD,30,ServicerB,SystemB,2024-06-15,0
LN001842,4,559966.89,Current,90,ServicerE,SystemB,2024-06-15,1
LN002822,16,336960.23,Current,0,ServicerB,SystemB,2024-06-15,0
LN000965,8,162691.95,Current,0,ServicerB,SystemB,2024-06-15,0
LN001400,11,209027.27,Current,0,ServicerE,SystemB,2024-06-15,0
LN000517,2,545711.21,Prepaid,0,ServicerA,SystemB,2024-06-15,0
LN002251,11,328781.84,Current,0,ServicerE,SystemB,2024-06-15,0
LN002756,7,325550.08,Current,0,ServicerE,SystemB,2024-06-15,0
LN001297,12,174181.87,Current,0,ServicerA,SystemB,2024-06-15,1
LN002236,11,359297.58,30DPD,30,ServicerB,SystemB,2024-06-15,0
LN002139,3,351255.16,30DPD,30,ServicerE,SystemB,2024-06-15,0
LN002229,2,198594.79,Current,0,ServicerB,SystemB,2024-06-15,0
LN000077,11,253209.51,90DPD,90,ServicerD,SystemB,2024-06-15,0
LN002366,24,235466.59,Current,0,ServicerC,SystemB,2024-06-15,0
LN002567,18,,30DPD,30,ServicerD,SystemB,2024-06-15,0
LN002197,7,502435.22,Current,0,ServicerE,SystemB,2024-06-15,0
LN002916,23,280490.07,60DPD,0,ServicerA,SystemB,2024-06-15,1
LN000389,8,235301.97,Current,0,ServicerA,SystemB,2024-06-15,0
LN000012,1,,Current,0,ServicerB,SystemB,2024-06-15,0
LN002517,1,202471.34,Current,0,ServicerC,SystemB,2024-06-15,0
LN001431,7,455802.82,Current,0,ServicerE,SystemB,2024-06-15,0
LN002504,6,129220.63,Current,0,ServicerE,SystemB,2024-06-15,0
LN002539,9,434930.52,Current,0,ServicerC,SystemB,2024-06-15,0
LN001172,1,400973.66,Current,0,ServicerB,SystemB,2024-06-15,0
LN000474,6,255926.98,Current,0,ServicerD,SystemB,2024-06-15,0
LN001690,19,162222.37,Current,0,ServicerE,SystemB,2024-06-15,0
LN001275,19,198902.29,Current,0,ServicerA,SystemB,2024-06-15,0
LN002485,2,255838.75,Current,0,ServicerD,SystemB,2024-06-15,0
LN002723,2,570177.02,Current,0,ServicerD,SystemB,2024-06-15,0
LN001321,26,253116.66,Prepaid,0,ServicerC,SystemB,2024-06-15,0
LN000057,11,129287.56,Current,30,ServicerD,SystemB,2024-06-15,1
LN001145,12,192744.9,Current,0,ServicerB,SystemB,2024-06-15,0
LN001557,19,332588.03,90DPD,90,ServicerA,SystemB,2024-06-15,0
LN001076,14,161965.12,Current,0,ServicerE,SystemB,2024-06-15,1
LN002335,12,132212.55,Prepaid,0,ServicerC,SystemB,2024-06-15,0
LN002030,20,332984.98,Current,0,ServicerD,SystemB,2024-06-15,0
LN001863,11,126691.07,Current,0,ServicerD,SystemB,2024-06-15,0
LN001477,9,75473.62,Current,0,ServicerA,SystemB,2024-06-15,0
LN002830,4,335694.78,Current,0,ServicerE,SystemB,2024-06-15,0
LN002639,2,108573.24,Current,0,ServicerE,SystemB,2024-06-15,0
LN001843,6,174826.4,Current,0,ServicerA,SystemB,2024-06-15,0
LN000765,23,197924.32,Current,0,ServicerB,SystemB,2024-06-15,0
LN000840,1,165173.49,Current,0,ServicerD,SystemB,2024-06-15,1
LN000998,8,213192.17,Prepaid,0,ServicerB,SystemB,2024-06-15,0
LN001335,6,366580.77,Current,0,ServicerC,SystemB,2024-06-15,0
LN000010,12,297877.32,Current,0,ServicerC,SystemB,2024-06-15,0
LN002877,5,158837.38,Current,30,ServicerE,SystemB,2024-06-15,1
LN002497,19,122854.91,Current,0,ServicerB,SystemB,2024-06-15,0
LN000273,30,282884.52,Current,0,ServicerB,SystemB,2024-06-15,0
LN001863,7,127374.68,Current,0,ServicerD,SystemB,2024-06-15,0
LN000587,1,137617.43,Current,0,ServicerA,SystemB,2024-06-15,0
LN000119,3,261715.17,30DPD,30,ServicerE,SystemB,2024-06-15,0
LN000715,11,363467.13,Current,0,ServicerA,SystemB,2024-06-15,0
LN001347,6,111147.63,Current,0,ServicerA,SystemB,2024-06-15,0
LN000470,1,72516.32,Current,0,ServicerD,SystemB,2024-06-15,0
LN001936,19,682301.78,Current,0,ServicerE,SystemB,2024-06-15,0
LN001930,16,162727.19,Current,0,ServicerA,SystemB,2024-06-15,0
LN001724,21,271907.36,Current,0,ServicerA,SystemB,2024-06-15,0
LN000464,7,281419.23,30DPD,30,ServicerD,SystemB,2024-06-15,0
LN001308,11,209717.47,Default,120,ServicerB,SystemB,2024-06-15,0
LN002497,9,124164.43,Current,0,ServicerB,SystemB,2024-06-15,0
LN002056,6,401186.98,Current,0,ServicerE,SystemB,2024-06-15,0
LN000508,22,539427.23,Current,0,ServicerE,SystemB,2024-06-15,0
LN002768,17,50364.20308807035,30DPD,30,ServicerE,SystemB,2024-06-15,1
LN002161,1,322155.0,Current,0,ServicerC,SystemB,2024-06-15,0
LN000106,4,216344.21,30DPD,30,ServicerA,SystemB,2024-06-15,0
LN001359,23,170509.53,Prepaid,0,ServicerA,SystemB,2024-06-15,0
LN001960,2,400585.86126686353,Current,0,ServicerA,SystemB,2024-06-15,0
LN001590,3,,Current,0,ServicerA,SystemB,2024-06-15,1
LN000626,8,187937.53,Prepaid,0,ServicerD,SystemB,2024-06-15,0
LN001347,4,111423.09,Current,0,ServicerA,SystemB,2024-06-15,0
LN002028,3,264953.54,30DPD,90,ServicerE,SystemB,2024-06-15,1
LN001860,2,78332.25,Current,0,ServicerA,SystemB,2024-06-15,0
LN001956,10,153686.81,30DPD,30,ServicerB,SystemB,2024-06-15,0
LN002319,6,143856.0,Current,0,ServicerA,SystemB,2024-06-15,0
LN000654,13,273785.39,30DPD,30,ServicerD,SystemB,2024-06-15,0
LN000220,19,,Current,0,ServicerC,SystemB,2024-06-15,0
LN001773,6,241379.55391676814,Current,0,ServicerA,SystemB,2024-06-15,1
LN001931,3,416754.13,Current,0,ServicerD,SystemB,2024-06-15,0
LN000050,7,275036.64,Current,0,ServicerE,SystemB,2024-06-15,0
LN001988,17,551549.33,Current,0,ServicerA,SystemB,2024-06-15,0
LN002292,9,304551.74,Current,0,ServicerB,SystemB,2024-06-15,0
LN000578,7,95423.83,Current,0,ServicerB,SystemB,2024-06-15,0
LN001839,25,344786.9,60DPD,60,ServicerC,SystemB,2024-06-15,0
LN001132,2,556710.87,Current,0,ServicerB,SystemB,2024-06-15,0
LN001728,18,99268.68,Current,0,ServicerC,SystemB,2024-06-15,0
LN002070,20,174277.1,30DPD,0,ServicerD,SystemB,2024-06-15,1
LN001643,2,202736.53,Current,0,ServicerB,SystemB,2024-06-15,0
LN000555,29,192992.27,Current,0,ServicerD,SystemB,2024-06-15,0
LN000324,5,108471.36764408783,Current,0,ServicerB,SystemB,2024-06-15,1
LN002714,18,118773.2,30DPD,30,ServicerC,SystemB,2024-06-15,0
LN000037,1,89127.31,Current,0,ServicerC,SystemB,2024-06-15,0
LN001332,5,154404.98,Current,30,ServicerC,SystemB,2024-06-15,0
LN001019,7,171576.64,Current,0,ServicerD,SystemB,2024-06-15,0
LN001156,25,82031.33799291079,Current,0,ServicerC,SystemB,2024-06-15,1
LN000011,6,,Current,0,ServicerD,SystemB,2024-06-15,0
LN002601,17,156321.3,60DPD,0,ServicerC,SystemB,2024-06-15,1
LN002292,8,305019.43,Current,0,ServicerB,SystemB,2024-06-15,1
LN000359,9,125777.35,Current,0,ServicerD,SystemB,2024-06-15,0
LN001706,11,207706.13,Current,0,ServicerD,SystemB,2024-06-15,0
LN001180,5,290437.68,Current,0,ServicerC,SystemB,2024-06-15,0
LN000633,19,109637.43,Current,0,ServicerB,SystemB,2024-06-15,0
LN001768,4,229796.7238445412,30DPD,30,ServicerC,SystemB,2024-06-15,1
LN001135,3,347352.71,Current,0,ServicerA,SystemB,2024-06-15,0
LN002517,3,201964.02,Current,0,ServicerC,SystemB,2024-06-15,0
LN002327,4,234991.16,Current,0,ServicerD,SystemB,2024-06-15,0
LN001406,1,312094.29,Current,0,ServicerA,SystemB,2024-06-15,0
LN001877,7,318449.58998210914,Current,30,ServicerD,SystemB,2024-06-15,1
LN000174,3,183938.15,30DPD,0,ServicerA,SystemB,2024-06-15,1
LN001974,3,304879.91,Current,0,ServicerD,SystemB,2024-06-15,0
LN002777,4,273090.90910496615,Current,0,ServicerB,SystemB,2024-06-15,1
LN000253,19,,60DPD,90,ServicerB,SystemB,2024-06-15,1
LN000040,4,340451.24,90DPD,90,ServicerA,SystemB,2024-06-15,0
LN001983,18,200789.78,Current,0,ServicerE,SystemB,2024-06-15,0
LN000880,1,337236.06,90DPD,0,ServicerE,SystemB,2024-06-15,1
LN000564,11,171197.13,Current,0,ServicerB,SystemB,2024-06-15,0
LN001806,2,319621.51,Current,0,ServicerD,SystemB,2024-06-15,0
LN001226,5,266242.12,Current,0,ServicerA,SystemB,2024-06-15,0
LN000413,5,322118.32,Current,0,ServicerC,SystemB,2024-06-15,0
LN000672,4,399295.42,Current,90,ServicerE,SystemB,2024-06-15,1
LN001193,5,209520.2,60DPD,60,ServicerB,SystemB,2024-06-15,1
LN000386,4,291055.94,30DPD,30,ServicerC,SystemB,2024-06-15,0
LN000745,15,176119.94,60DPD,60,ServicerA,SystemB,2024-06-15,0
LN001157,16,223413.78,Current,0,ServicerD,SystemB,2024-06-15,0
LN002287,3,221109.8,Current,0,ServicerB,SystemB,2024-06-15,0
LN000890,10,356164.22,Current,0,ServicerB,SystemB,2024-06-15,0
LN000106,6,215741.82,60DPD,60,ServicerA,SystemB,2024-06-15,0
LN002958,9,240222.26,Current,0,ServicerB,SystemB,2024-06-15,0
LN001107,11,84401.94,Current,0,ServicerC,SystemB,2024-06-15,0
LN002915,19,292895.61917144497,Prepaid,0,ServicerB,SystemB,2024-06-15,1
LN000207,3,,Current,0,ServicerE,SystemB,2024-06-15,1
LN001839,29,342825.28,Current,0,ServicerC,SystemB,2024-06-15,0
LN001084,1,136581.71,Current,0,ServicerA,SystemB,2024-06-15,0
LN001262,13,207591.35,Prepaid,0,ServicerD,SystemB,2024-06-15,0
LN000573,2,203512.7,Current,0,ServicerC,SystemB,2024-06-15,0
LN000891,5,144730.18,Current,0,ServicerC,SystemB,2024-06-15,0
LN001081,15,455944.9,Prepaid,0,ServicerC,SystemB,2024-06-15,0
LN001306,15,197194.3,Current,0,ServicerB,SystemB,2024-06-15,0
LN000050,13,272786.32,Current,0,ServicerE,SystemB,2024-06-15,0
LN002557,13,236511.06,Current,0,ServicerB,SystemB,2024-06-15,0
LN000789,4,304106.77,Current,0,ServicerC,SystemB,2024-06-15,0
LN000709,8,149465.43,Prepaid,0,ServicerB,SystemB,2024-06-15,0
LN001079,19,165744.4,Current,0,ServicerB,SystemB,2024-06-15,0
LN000602,4,211855.92,Current,0,ServicerE,SystemB,2024-06-15,0
LN002524,7,358246.14,Current,0,ServicerE,SystemB,2024-06-15,0
LN000554,10,238584.53,Current,0,ServicerE,SystemB,2024-06-15,0
LN001647,5,,Current,0,ServicerD,SystemB,2024-06-15,0
LN001660,13,301477.59,Current,0,ServicerC,SystemB,2024-06-15,0
LN002798,7,200182.68,Current,0,ServicerA,SystemB,2024-06-15,0
LN000359,20,123927.34,90DPD,60,ServicerD,SystemB,2024-06-15,1
LN002907,8,244587.98,Current,0,ServicerE,SystemB,2024-06-15,0
LN002751,12,131540.73,Current,0,ServicerB,SystemB,2024-06-15,0
LN002620,2,108260.9,Current,0,ServicerE,SystemB,2024-06-15,0
LN000731,1,468784.11,Current,0,ServicerD,SystemB,2024-06-15,0
LN000943,2,249759.23,Prepaid,0,ServicerA,SystemB,2024-06-15,0
LN002207,8,177392.02,Current,0,ServicerA,SystemB,2024-06-15,0
LN001983,14,201882.5,Current,0,ServicerE,SystemB,2024-06-15,0
LN002255,9,188090.47,Current,0,ServicerC,SystemB,2024-06-15,0
LN002237,12,110728.53,Current,0,ServicerD,SystemB,2024-06-15,0
LN001595,20,155237.38,60DPD,60,ServicerA,SystemB,2024-06-15,0
LN001847,27,89128.71,Current,0,ServicerE,SystemB,2024-06-15,0
LN002291,2,232750.9,Current,0,ServicerB,SystemB,2024-06-15,0
LN000170,2,615943.54,Current,0,ServicerD,SystemB,2024-06-15,0
LN000958,8,297511.11,Current,90,ServicerC,SystemB,2024-06-15,1
LN001121,20,100487.09,Current,0,ServicerA,SystemB,2024-06-15,0
LN002437,8,199705.57,Current,0,ServicerB,SystemB,2024-06-15,0
LN000615,4,405906.51,Current,0,ServicerA,SystemB,2024-06-15,0
LN001802,5,214545.14,Current,0,ServicerC,SystemB,2024-06-15,0
LN000336,8,552197.37,Prepaid,0,ServicerD,SystemB,2024-06-15,0
LN001361,1,290950.81,Current,0,ServicerD,SystemB,2024-06-15,0
LN000432,2,101261.07,Current,0,ServicerE,SystemB,2024-06-15,0
LN000747,8,355116.92,Current,0,ServicerD,SystemB,2024-06-15,0
LN002418,4,198143.92,90DPD,90,ServicerA,SystemB,2024-06-15,0
LN001478,20,655633.86,Current,0,ServicerD,SystemB,2024-06-15,0
LN000163,12,269920.03,Current,0,ServicerE,SystemB,2024-06-15,0
LN002348,9,169276.66,30DPD,30,ServicerA,SystemB,2024-06-15,0
LN001602,1,88407.24,Current,0,ServicerC,SystemB,2024-06-15,0
LN002127,6,186482.35,Current,0,ServicerD,SystemB,2024-06-15,0
LN002874,20,259727.46715981534,30DPD,30,ServicerA,SystemB,2024-06-15,0
LN001049,7,134176.1491875403,Current,0,ServicerB,SystemB,2024-06-15,1
LN000558,2,128100.86,Current,0,ServicerD,SystemB,2024-06-15,0
LN001023,19,117790.21,Current,60,ServicerA,SystemB,2024-06-15,1
LN001679,4,138645.28963923373,30DPD,30,ServicerE,SystemB,2024-06-15,1
LN000758,26,232966.75,Current,0,ServicerB,SystemB,2024-06-15,0
LN001452,5,124333.33,Prepaid,0,ServicerE,SystemB,2024-06-15,0
LN000694,7,157775.84,Current,0,ServicerC,SystemB,2024-06-15,0
LN002535,11,67823.32,Current,0,ServicerD,SystemB,2024-06-15,0
LN001528,2,208919.18,Current,0,ServicerA,SystemB,2024-06-15,0
LN000603,10,143948.69,Current,0,ServicerD,SystemB,2024-06-15,0
LN002775,13,104776.5,Current,0,ServicerE,SystemB,2024-06-15,0
LN000530,14,179892.69,Current,0,ServicerA,SystemB,2024-06-15,0
LN002116,2,56928.37,Current,0,ServicerA,SystemB,2024-06-15,0
LN002010,6,148037.69,Current,0,ServicerB,SystemB,2024-06-15,0
LN002951,14,169011.99,Prepaid,0,ServicerC,SystemB,2024-06-15,0
LN001404,1,196424.89126992555,Current,0,ServicerC,SystemB,2024-06-15,1
LN001875,28,115823.19,Current,0,ServicerB,SystemB,2024-06-15,0
LN001875,19,117445.7,30DPD,30,ServicerB,SystemB,2024-06-15,0
LN000294,3,188459.13,Current,0,ServicerC,SystemB,2024-06-15,0
LN002288,3,189476.15,Current,0,ServicerD,SystemB,2024-06-15,0
LN002558,4,300237.77,Current,0,ServicerC,SystemB,2024-06-15,0
LN001783,25,131395.39,Current,0,ServicerC,SystemB,2024-06-15,0
LN000002,17,254847.66,Default,120,ServicerE,SystemB,2024-06-15,0
LN000425,3,102183.92,Current,30,ServicerE,SystemB,2024-06-15,1
LN001974,12,301339.64,Current,0,ServicerD,SystemB,2024-06-15,0
LN001367,6,557791.53,Current,0,ServicerC,SystemB,2024-06-15,0
LN000590,27,535710.29,Current,0,ServicerE,SystemB,2024-06-15,0
LN000629,10,82366.97,60DPD,60,ServicerB,SystemB,2024-06-15,0
LN001268,15,-175613.94,Current,0,ServicerC,SystemB,2024-06-15,0
LN000801,6,181703.68,60DPD,0,ServicerA,SystemB,2024-06-15,1
LN000561,7,477664.97,30DPD,30,ServicerB,SystemB,2024-06-15,0
LN000668,19,205491.49,Current,0,ServicerB,SystemB,2024-06-15,0
LN001047,6,298787.0730747788,Current,0,ServicerB,SystemB,2024-06-15,1
LN001633,6,330218.56,Current,0,ServicerB,SystemB,2024-06-15,0
LN000486,12,219625.06,Current,0,ServicerC,SystemB,2024-06-15,0
LN001513,9,414752.45242528676,Current,0,ServicerD,SystemB,2024-06-15,1
LN001749,1,235340.43,Current,0,ServicerD,SystemB,2024-06-15,0
LN002773,8,207426.04,60DPD,30,ServicerD,SystemB,2024-06-15,1
LN001175,5,198547.35,Current,0,ServicerB,SystemB,2024-06-15,0
LN000051,30,398454.17,Prepaid,0,ServicerD,SystemB,2024-06-15,0
LN001617,10,89254.03,Current,0,ServicerB,SystemB,2024-06-15,0
LN002604,3,201669.8454156539,Current,0,ServicerD,SystemB,2024-06-15,1
LN002656,6,286610.45,60DPD,0,ServicerB,SystemB,2024-06-15,1
LN001380,5,234754.99,Current,0,ServicerC,SystemB,2024-06-15,0
LN002849,9,359324.58,Current,0,ServicerA,SystemB,2024-06-15,0
LN001507,11,97797.15,Current,0,ServicerC,SystemB,2024-06-15,0
LN001283,8,302552.63,Current,0,ServicerE,SystemB,2024-06-15,0
LN002890,12,267017.6,Current,0,ServicerA,SystemB,2024-06-15,0
LN002969,16,303894.6,Current,0,ServicerA,SystemB,2024-06-15,0
LN001669,20,94515.57,Current,0,ServicerC,SystemB,2024-06-15,0
LN002748,6,150854.22,30DPD,30,ServicerE,SystemB,2024-06-15,0
LN001056,9,124044.71,Current,0,ServicerC,SystemB,2024-06-15,0
LN000216,1,438092.14,Current,0,ServicerD,SystemB,2024-06-15,0
LN002285,6,417678.09,Prepaid,0,ServicerB,SystemB,2024-06-15,0
LN002809,13,132862.87,Current,0,ServicerA,SystemB,2024-06-15,0
LN000775,10,189553.4,Current,0,ServicerC,SystemB,2024-06-15,0
LN002528,9,247150.14,Current,0,ServicerE,SystemB,2024-06-15,0
LN001959,1,450868.7737944744,Current,0,ServicerA,SystemB,2024-06-15,1
LN000791,3,271876.64,Current,0,ServicerE,SystemB,2024-06-15,0
LN001918,16,594305.08,60DPD,0,ServicerD,SystemB,2024-06-15,1
LN002127,18,183135.06,Current,0,ServicerD,SystemB,2024-06-15,0
LN001079,7,168725.83,Current,0,ServicerB,SystemB,2024-06-15,0
LN000121,6,79885.91,Current,0,ServicerB,SystemB,2024-06-15,0
LN002115,4,314491.3,30DPD,0,ServicerE,SystemB,2024-06-15,1
LN000448,5,,Current,0,ServicerA,SystemB,2024-06-15,1
LN002732,3,200882.9730526065,Current,0,ServicerD,SystemB,2024-06-15,1
LN000864,22,71026.85,Current,0,ServicerD,SystemB,2024-06-15,0
LN001024,8,167005.87,Current,0,ServicerD,SystemB,2024-06-15,0
LN000084,3,117896.60350250312,Current,0,ServicerA,SystemB,2024-06-15,1
LN002561,5,179465.87,Current,0,ServicerC,SystemB,2024-06-15,0
LN001463,2,235677.66629307324,Current,0,ServicerB,SystemB,2024-06-15,1
LN002921,4,250415.19,Prepaid,0,ServicerA,SystemB,2024-06-15,0
LN001843,5,,Current,0,ServicerA,SystemB,2024-06-15,0
LN002848,7,61378.61,60DPD,0,ServicerE,SystemB,2024-06-15,1
LN002012,4,354570.23,30DPD,0,ServicerE,SystemB,2024-06-15,1
LN001736,5,319972.95,Current,0,ServicerE,SystemB,2024-06-15,1
LN001286,14,149132.08,Current,0,ServicerB,SystemB,2024-06-15,0
LN000255,1,199034.82,Current,0,ServicerE,SystemB,2024-06-15,0
LN001662,4,188985.3,Current,0,ServicerA,SystemB,2024-06-15,0
LN001322,18,160272.5,Current,90,ServicerD,SystemB,2024-06-15,0
LN001533,4,255772.55,Current,0,ServicerA,SystemB,2024-06-15,0
LN000705,4,160334.37,Current,0,ServicerA,SystemB,2024-06-15,0
LN001650,5,133265.81,Current,0,ServicerC,SystemB,2024-06-15,0
LN000534,7,135755.5,Current,0,ServicerA,SystemB,2024-06-15,0
LN000821,4,151551.2,Current,0,ServicerD,SystemB,2024-06-15,0
LN001809,18,386077.19,Current,0,ServicerE,SystemB,2024-06-15,0
LN002290,3,185713.56,Current,0,ServicerB,SystemB,2024-06-15,1
LN001564,2,202470.25607917868,30DPD,30,ServicerE,SystemB,2024-06-15,0
LN001338,8,68713.83,30DPD,30,ServicerC,SystemB,2024-06-15,0
LN001876,21,232938.84,Current,0,ServicerA,SystemB,2024-06-15,0
LN001930,15,162935.43,Current,30,ServicerA,SystemB,2024-06-15,1
LN002145,11,162793.9,Current,0,ServicerE,SystemB,2024-06-15,0
LN001579,8,174538.1,Current,0,ServicerC,SystemB,2024-06-15,0
LN000922,9,170374.86,Current,0,ServicerB,SystemB,2024-06-15,1
LN000750,15,113560.79,Current,0,ServicerE,SystemB,2024-06-15,0
LN002798,12,198870.31,Current,0,ServicerA,SystemB,2024-06-15,0
LN002446,10,787650.2,Prepaid,0,ServicerA,SystemB,2024-06-15,0
LN002253,6,98181.68950091115,Current,0,ServicerA,SystemB,2024-06-15,1
LN002696,1,377815.14,Current,0,ServicerE,SystemB,2024-06-15,0
LN000273,34,281457.38,Current,0,ServicerB,SystemB,2024-06-15,0
LN002332,6,253433.66,Current,0,ServicerE,SystemB,2024-06-15,0
LN001506,6,304895.48,Current,0,ServicerE,SystemB,2024-06-15,0
LN000840,22,161088.69,Current,0,ServicerD,SystemB,2024-06-15,0
LN001651,3,329638.89,Current,0,ServicerD,SystemB,2024-06-15,0
LN001382,2,377904.13,Current,0,ServicerB,SystemB,2024-06-15,0
LN000198,4,207993.29,Current,0,ServicerC,SystemB,2024-06-15,0
LN001852,4,105241.82,60DPD,60,ServicerB,SystemB,2024-06-15,0
LN000837,5,179780.37,Current,0,ServicerA,SystemB,2024-06-15,0
LN000240,19,124582.65,Prepaid,0,ServicerE,SystemB,2024-06-15,0
LN001567,1,132689.45,Current,0,ServicerC,SystemB,2024-06-15,0
LN002890,4,269718.53,Current,0,ServicerA,SystemB,2024-06-15,1
LN001358,21,223236.04,Current,0,ServicerB,SystemB,2024-06-15,0
LN000586,1,576826.7,Current,0,ServicerA,SystemB,2024-06-15,0
LN002998,6,247342.7,Current,0,ServicerE,SystemB,2024-06-15,0
LN001564,12,122640.71,Default,120,ServicerE,SystemB,2024-06-15,0
LN002074,6,89930.45,Current,0,ServicerE,SystemB,2024-06-15,0
LN001531,6,367231.57,Current,0,ServicerB,SystemB,2024-06-15,0
LN000827,1,159226.75,Current,90,ServicerB,SystemB,2024-06-15,0
LN000061,16,385396.39,90DPD,0,ServicerB,SystemB,2024-06-15,1
LN002475,7,519057.85,Current,0,ServicerB,SystemB,2024-06-15,0
LN002813,6,231116.54,60DPD,60,ServicerD,SystemB,2024-06-15,0
LN000789,8,302610.54,Current,0,ServicerC,SystemB,2024-06-15,0
LN001392,11,392474.99,Current,0,ServicerE,SystemB,2024-06-15,0
LN002620,1,108431.95,Current,0,ServicerE,SystemB,2024-06-15,0
LN001306,8,198801.36,Current,30,ServicerB,SystemB,2024-06-15,1
LN000253,15,143326.53,Current,0,ServicerB,SystemB,2024-06-15,0
LN001552,6,187845.99,Current,0,ServicerC,SystemB,2024-06-15,0
LN002246,1,127921.84,Current,0,ServicerD,SystemB,2024-06-15,0
LN001938,7,73081.52,Current,0,ServicerD,SystemB,2024-06-15,0
LN002671,4,556500.21,Current,0,ServicerC,SystemB,2024-06-15,0
LN002475,13,513824.86,60DPD,60,ServicerB,SystemB,2024-06-15,0
LN001600,4,175178.87,60DPD,60,ServicerA,SystemB,2024-06-15,0
LN000965,21,160420.13,Current,0,ServicerB,SystemB,2024-06-15,0
LN000882,3,150524.25,Current,0,ServicerD,SystemB,2024-06-15,0
LN001423,2,256357.5,Current,0,ServicerE,SystemB,2024-06-15,0
LN000256,2,122293.06,Prepaid,0,ServicerB,SystemB,2024-06-15,0
LN002698,4,127285.47,Current,0,ServicerD,SystemB,2024-06-15,0
LN002818,5,169702.8,Current,0,ServicerE,SystemB,2024-06-15,0
LN001494,13,207032.14,Current,0,ServicerC,SystemB,2024-06-15,0
LN002496,12,163627.59,Current,0,ServicerC,SystemB,2024-06-15,0
LN002658,8,708239.11,30DPD,30,ServicerD,SystemB,2024-06-15,0
LN001712,3,165623.13,Current,0,ServicerE,SystemB,2024-06-15,0
LN002552,3,184719.83,Current,0,ServicerA,SystemB,2024-06-15,0
LN000823,3,,90DPD,0,ServicerA,SystemB,2024-06-15,1
LN001637,15,431096.2,Current,0,ServicerC,SystemB,2024-06-15,0
LN000781,10,339350.13,Current,0,ServicerA,SystemB,2024-06-15,0
LN000794,3,222657.49,Prepaid,30,ServicerB,SystemB,2024-06-15,1
LN000161,16,353391.52,Current,0,ServicerA,SystemB,2024-06-15,0
LN002813,2,232636.18,Current,0,ServicerD,SystemB,2024-06-15,0
LN000245,9,149409.42,Current,0,ServicerC,SystemB,2024-06-15,0
LN000905,25,208000.1,Current,0,ServicerA,SystemB,2024-06-15,0
LN001477,17,74587.94,Current,0,ServicerA,SystemB,2024-06-15,0
LN001345,15,148154.75,Current,0,ServicerC,SystemB,2024-06-15,0
LN002894,5,331088.6458832398,Current,0,ServicerD,SystemB,2024-06-15,1
LN002670,6,113381.56,Current,0,ServicerD,SystemB,2024-06-15,0
LN002880,16,74782.44661307844,30DPD,30,ServicerE,SystemB,2024-06-15,1
LN001264,8,134176.87,Current,60,ServicerE,SystemB,2024-06-15,1
LN001276,1,503046.4728981729,Current,0,ServicerD,SystemB,2024-06-15,1
LN002612,8,113801.9,90DPD,90,ServicerA,SystemB,2024-06-15,0
LN001656,13,183023.36,Current,0,ServicerE,SystemB,2024-06-15,0
LN001023,14,118518.84,Current,0,ServicerA,SystemB,2024-06-15,0
LN002098,3,205813.94248020469,30DPD,30,ServicerE,SystemB,2024-06-15,1
LN002383,10,184697.53,Current,0,ServicerD,SystemB,2024-06-15,0
LN001893,16,132860.01,90DPD,90,ServicerE,SystemB,2024-06-15,0
LN001747,23,,Current,0,ServicerC,SystemB,2024-06-15,0
LN001502,6,377892.43,Current,90,ServicerD,SystemB,2024-06-15,1
LN000648,1,87189.56,Current,0,ServicerD,SystemB,2024-06-15,0
LN000799,14,220881.48,Current,0,ServicerD,SystemB,2024-06-15,1
LN001707,8,224753.29,30DPD,90,ServicerE,SystemB,2024-06-15,1
LN001974,20,298192.73,Current,0,ServicerD,SystemB,2024-06-15,0
LN000351,3,139480.05,Current,0,ServicerA,SystemB,2024-06-15,0
LN001317,26,232099.24,90DPD,30,ServicerE,SystemB,2024-06-15,1
LN002762,5,309009.43,Current,0,ServicerB,SystemB,2024-06-15,0
LN001566,3,151390.82270887715,Current,0,ServicerE,SystemB,2024-06-15,1
LN000587,4,136991.74,Current,0,ServicerA,SystemB,2024-06-15,0
LN002063,1,552553.48,Current,30,ServicerC,SystemB,2024-06-15,1
LN001257,14,157625.9,Current,0,ServicerB,SystemB,2024-06-15,0
LN001488,10,98057.04,Current,0,ServicerE,SystemB,2024-06-15,0
LN002283,9,190352.92,90DPD,90,ServicerB,SystemB,2024-06-15,0
LN002876,4,240137.58,30DPD,30,ServicerB,SystemB,2024-06-15,0
LN002237,3,112141.88,Current,0,ServicerD,SystemB,2024-06-15,0
LN002734,11,206406.2,Current,0,ServicerC,SystemB,2024-06-15,0
LN002231,2,198107.11,60DPD,0,ServicerE,SystemB,2024-06-15,1
LN001664,14,632932.98,Current,0,ServicerD,SystemB,2024-06-15,0
LN002280,12,95086.86,Current,0,ServicerC,SystemB,2024-06-15,0
LN000662,3,211530.46,Current,0,ServicerA,SystemB,2024-06-15,0
LN000434,25,299193.4,Current,60,ServicerE,SystemB,2024-06-15,1
LN002312,7,222867.89,Prepaid,0,ServicerB,SystemB,2024-06-15,0
LN002007,2,173447.37,Current,0,ServicerE,SystemB,2024-06-15,0
LN002754,1,278970.75,Current,0,ServicerB,SystemB,2024-06-15,0
LN000810,3,88827.29,Current,0,ServicerB,SystemB,2024-06-15,0
LN000226,5,333692.27,Default,120,ServicerE,SystemB,2024-06-15,0
LN002905,2,132648.08,Prepaid,0,ServicerC,SystemB,2024-06-15,0
LN000903,7,131831.64,Current,0,ServicerE,SystemB,2024-06-15,0
LN000173,1,,Current,0,ServicerC,SystemB,2024-06-15,0
LN001299,8,334176.9,30DPD,30,ServicerB,SystemB,2024-06-15,0
LN002856,2,323877.36,Prepaid,0,ServicerC,SystemB,2024-06-15,1
LN001437,8,143622.87,Current,0,ServicerB,SystemB,2024-06-15,0
LN000576,3,223735.66,Current,0,ServicerD,SystemB,2024-06-15,0
LN000422,12,287757.30876481585,Current,0,ServicerD,SystemB,2024-06-15,1
LN002421,4,,Current,0,ServicerB,SystemB,2024-06-15,0
LN002097,21,330052.13,30DPD,30,ServicerB,SystemB,2024-06-15,0
LN002232,20,98737.09,Current,0,ServicerD,SystemB,2024-06-15,0
LN000180,1,275484.56,Current,0,ServicerD,SystemB,2024-06-15,0
LN002644,1,167622.5,Current,0,ServicerD,SystemB,2024-06-15,0
LN002263,14,258799.1476153377,Current,0,ServicerE,SystemB,2024-06-15,1
LN000725,4,651868.6174217501,Current,0,ServicerD,SystemB,2024-06-15,0
LN000143,16,555770.36,Prepaid,0,ServicerE,SystemB,2024-06-15,0
LN000253,3,146302.91,Current,0,ServicerB,SystemB,2024-06-15,0
LN002126,11,358551.32,Current,0,ServicerB,SystemB,2024-06-15,0
LN001585,7,186185.45855898075,Current,0,ServicerB,SystemB,2024-06-15,1
LN001938,10,72755.6,Current,0,ServicerD,SystemB,2024-06-15,0
LN001574,9,435850.22,Current,0,ServicerC,SystemB,2024-06-15,0
LN001090,7,169230.96,Prepaid,0,ServicerE,SystemB,2024-06-15,0
LN000474,3,257064.49,30DPD,30,ServicerD,SystemB,2024-06-15,0
LN001735,1,395998.11,Current,0,ServicerD,SystemB,2024-06-15,0
LN000687,9,264139.85,Current,0,ServicerA,SystemB,2024-06-15,0
LN001783,6,134843.97,Current,0,ServicerC,SystemB,2024-06-15,0
LN000364,8,175034.96,Current,0,ServicerE,SystemB,2024-06-15,0
LN002118,17,328834.95,Current,0,ServicerC,SystemB,2024-06-15,0
LN001336,2,49828.48,Current,0,ServicerB,SystemB,2024-06-15,0
LN001359,4,175044.28,Current,0,ServicerA,SystemB,2024-06-15,0
LN001855,8,135427.75,90DPD,90,ServicerE,SystemB,2024-06-15,0
LN001541,6,452504.01,Prepaid,0,ServicerA,SystemB,2024-06-15,0
LN000064,2,168495.73,Current,0,ServicerE,SystemB,2024-06-15,0
LN000609,5,237909.13,Current,30,ServicerA,SystemB,2024-06-15,0
LN002133,4,188333.55,Current,0,ServicerD,SystemB,2024-06-15,0
LN001202,2,139234.34,Current,0,ServicerE,SystemB,2024-06-15,0
LN000049,9,149709.86,Current,0,ServicerE,SystemB,2024-06-15,0
LN002819,12,104569.4,Prepaid,0,ServicerD,SystemB,2024-06-15,0
LN000547,17,233545.89,Current,0,ServicerD,SystemB,2024-06-15,0
LN001326,4,195483.67,Current,90,ServicerD,SystemB,2024-06-15,1
LN000636,5,49612.13,Current,0,ServicerE,SystemB,2024-06-15,0
LN002192,19,113015.23,Current,0,ServicerE,SystemB,2024-06-15,0
LN001585,2,195110.69,Current,0,ServicerB,SystemB,2024-06-15,0
LN002504,7,129056.74,Current,0,ServicerE,SystemB,2024-06-15,0
LN001623,6,283460.28,Default,120,ServicerE,SystemB,2024-06-15,0
LN002431,5,164413.04,Current,0,ServicerC,SystemB,2024-06-15,0
LN002528,16,245061.13,Current,0,ServicerE,SystemB,2024-06-15,0
LN002667,2,798043.2,Current,0,ServicerA,SystemB,2024-06-15,0
LN001041,31,108363.79,Current,0,ServicerB,SystemB,2024-06-15,0
LN002980,7,-207538.8,60DPD,0,ServicerA,SystemB,2024-06-15,1
LN001295,3,71249.79,Prepaid,0,ServicerA,SystemB,2024-06-15,0
LN001573,11,150955.29,90DPD,0,ServicerB,SystemB,2024-06-15,1
LN000582,9,98189.74,30DPD,30,ServicerD,SystemB,2024-06-15,0
LN000104,7,175839.64,60DPD,60,ServicerA,SystemB,2024-06-15,0
LN000776,12,100914.86,Current,60,ServicerD,SystemB,2024-06-15,1
LN000130,1,245912.12,Current,0,ServicerC,SystemB,2024-06-15,0
LN002975,4,294034.82,Current,0,ServicerB,SystemB,2024-06-15,0
LN000872,3,286162.6,Current,0,ServicerE,SystemB,2024-06-15,0
LN000967,20,163332.2,90DPD,0,ServicerC,SystemB,2024-06-15,1
LN001284,6,166104.58,Current,0,ServicerE,SystemB,2024-06-15,0
LN000357,6,143801.68,Prepaid,60,ServicerD,SystemB,2024-06-15,1
LN001038,14,,Current,0,ServicerD,SystemB,2024-06-15,0
LN001219,8,141487.1,Default,120,ServicerD,SystemB,2024-06-15,0
LN002382,2,182606.13,Current,0,ServicerB,SystemB,2024-06-15,0
LN000335,4,410596.59,90DPD,90,ServicerC,SystemB,2024-06-15,0
LN002721,24,106323.17,Current,0,ServicerE,SystemB,2024-06-15,0
LN001421,8,249425.32,Current,0,ServicerA,SystemB,2024-06-15,0
LN001182,26,304067.49,Current,30,ServicerD,SystemB,2024-06-15,1
LN000163,11,285051.86956918647,Current,0,ServicerE,SystemB,2024-06-15,1
LN000565,3,700376.28,Current,0,ServicerD,SystemB,2024-06-15,0
LN002301,7,205244.0,Current,0,ServicerD,SystemB,2024-06-15,0
LN002217,11,103673.86,90DPD,90,ServicerC,SystemB,2024-06-15,1
LN002483,20,394970.71,Default,120,ServicerB,SystemB,2024-06-15,0
LN001514,4,123048.27,Current,0,ServicerB,SystemB,2024-06-15,0
LN002337,4,118050.06,Current,0,ServicerC,SystemB,2024-06-15,0
LN000044,8,213074.08,Current,0,ServicerC,SystemB,2024-06-15,0
LN002337,7,117553.61,Current,0,ServicerC,SystemB,2024-06-15,0
LN001847,22,89753.21,Current,0,ServicerE,SystemB,2024-06-15,0
LN000210,13,127411.66,60DPD,60,ServicerC,SystemB,2024-06-15,0
LN000339,7,325050.5,Current,0,ServicerA,SystemB,2024-06-15,0
LN002506,5,134542.91,Current,0,ServicerD,SystemB,2024-06-15,0
LN000588,13,338000.62,Current,0,ServicerC,SystemB,2024-06-15,0
LN001983,8,203521.57,Current,0,ServicerE,SystemB,2024-06-15,0
LN000191,8,289413.59,60DPD,0,ServicerA,SystemB,2024-06-15,1
LN002724,3,127260.43,Current,0,ServicerD,SystemB,2024-06-15,0
LN001190,2,-182505.73,30DPD,30,ServicerB,SystemB,2024-06-15,0
LN000190,3,252388.72,Current,0,ServicerD,SystemB,2024-06-15,0
LN001178,2,178206.24,90DPD,0,ServicerA,SystemB,2024-06-15,1
LN000056,4,422378.12900441105,Current,0,ServicerB,SystemB,2024-06-15,1
LN002275,10,377256.0235551453,30DPD,30,ServicerA,SystemB,2024-06-15,0
LN002604,16,193490.03,Current,0,ServicerD,SystemB,2024-06-15,0
LN000204,13,251515.46951558167,Current,0,ServicerC,SystemB,2024-06-15,1
LN000411,17,213923.26,Current,90,ServicerA,SystemB,2024-06-15,1
LN000623,7,168354.2,Current,90,ServicerE,SystemB,2024-06-15,0
LN002329,13,233715.77,Current,0,ServicerD,SystemB,2024-06-15,0
LN001936,4,696705.9,Current,0,ServicerE,SystemB,2024-06-15,0
LN002558,16,296780.37,Prepaid,0,ServicerC,SystemB,2024-06-15,0
LN000852,4,213736.04,Current,0,ServicerA,SystemB,2024-06-15,0
LN001800,4,119015.89,Current,90,ServicerC,SystemB,2024-06-15,1
LN000661,21,132279.85,Current,0,ServicerE,SystemB,2024-06-15,0
LN000453,3,165408.67,Current,0,ServicerD,SystemB,2024-06-15,0
LN002524,6,358756.12,Current,30,ServicerE,SystemB,2024-06-15,1
LN000881,3,556364.3493858606,Current,0,ServicerE,SystemB,2024-06-15,1
LN001930,4,165226.05,Current,0,ServicerA,SystemB,2024-06-15,0
LN000633,2,111762.05,Current,0,ServicerB,SystemB,2024-06-15,0
LN000162,10,87669.74,Current,0,ServicerE,SystemB,2024-06-15,0
LN000379,14,117045.85731282974,Current,0,ServicerD,SystemB,2024-06-15,1
LN002213,4,120638.26,Current,0,ServicerA,SystemB,2024-06-15,0
LN001198,14,221422.56397417473,Current,0,ServicerC,SystemB,2024-06-15,1
LN002930,7,504046.54,Current,0,ServicerE,SystemB,2024-06-15,0
LN002913,1,-446091.47,Current,0,ServicerA,SystemB,2024-06-15,0
LN000379,13,115417.02,Current,0,ServicerD,SystemB,2024-06-15,0
LN002246,11,125860.26,Current,30,ServicerD,SystemB,2024-06-15,1
LN001524,12,66215.09,Current,0,ServicerB,SystemB,2024-06-15,0
LN001897,3,191310.59,30DPD,30,ServicerA,SystemB,2024-06-15,0
LN001710,19,308655.1,Current,90,ServicerC,SystemB,2024-06-15,0
LN000556,4,,Current,90,ServicerA,SystemB,2024-06-15,1
LN000421,3,144612.56178275787,Current,0,ServicerE,SystemB,2024-06-15,1
LN000297,21,214015.52,Current,0,ServicerE,SystemB,2024-06-15,0
LN002243,3,180451.26,Current,0,ServicerD,SystemB,2024-06-15,0
LN000941,13,314521.81,60DPD,60,ServicerC,SystemB,2024-06-15,1
LN002332,7,253127.27,Current,0,ServicerE,SystemB,2024-06-15,0
LN000338,3,285737.45,Current,0,ServicerB,SystemB,2024-06-15,0
LN002153,1,301640.15,Current,0,ServicerC,SystemB,2024-06-15,0
LN000083,3,201059.1,Current,0,ServicerB,SystemB,2024-06-15,0
LN000474,14,252893.63,Current,0,ServicerD,SystemB,2024-06-15,0
LN002969,10,306583.12,Current,0,ServicerA,SystemB,2024-06-15,0
LN002587,14,286703.76,Current,0,ServicerB,SystemB,2024-06-15,0
LN000156,10,204229.96,Current,0,ServicerC,SystemB,2024-06-15,0
LN002343,2,115438.75,Current,0,ServicerE,SystemB,2024-06-15,0
LN002488,4,131206.68,Current,0,ServicerB,SystemB,2024-06-15,0
LN001644,9,394996.3,Current,0,ServicerA,SystemB,2024-06-15,0
LN002156,2,362471.76,Current,0,ServicerC,SystemB,2024-06-15,0
LN000734,6,145371.56,Current,0,ServicerC,SystemB,2024-06-15,0
LN001142,3,184672.04,30DPD,30,ServicerC,SystemB,2024-06-15,0
LN001744,2,129462.1,Current,0,ServicerE,SystemB,2024-06-15,0
LN001084,24,133079.1,30DPD,30,ServicerA,SystemB,2024-06-15,0
LN002709,3,182958.86,Prepaid,0,ServicerA,SystemB,2024-06-15,0
LN002286,6,289312.93,60DPD,60,ServicerA,SystemB,2024-06-15,0
LN001606,4,103492.95,Current,0,ServicerB,SystemB,2024-06-15,0
LN000158,3,228360.89,Prepaid,0,ServicerA,SystemB,2024-06-15,0
LN001435,13,160282.57,30DPD,30,ServicerC,SystemB,2024-06-15,0
LN002029,11,263184.19,Current,0,ServicerD,SystemB,2024-06-15,0
LN001627,2,58379.4,60DPD,0,ServicerD,SystemB,2024-06-15,1
LN001715,6,245388.69,Current,0,ServicerA,SystemB,2024-06-15,1
LN001984,9,167324.0,60DPD,60,ServicerE,SystemB,2024-06-15,0
LN001860,1,78437.13,Current,0,ServicerA,SystemB,2024-06-15,0
LN001983,21,199970.24,Current,0,ServicerE,SystemB,2024-06-15,0
LN000730,6,92999.3,Current,0,ServicerB,SystemB,2024-06-15,0
LN002305,1,251274.02,Current,0,ServicerA,SystemB,2024-06-15,0
LN000373,1,61794.61,Current,0,ServicerD,SystemB,2024-06-15,0
LN002548,14,151959.32,Prepaid,0,ServicerC,SystemB,2024-06-15,0
LN002820,6,168641.37,Current,0,ServicerC,SystemB,2024-06-15,0
LN000849,4,79523.15,Current,0,ServicerB,SystemB,2024-06-15,0
LN002527,1,223820.21,Current,0,ServicerB,SystemB,2024-06-15,0
LN001949,3,212826.69,Current,0,ServicerC,SystemB,2024-06-15,0
LN000957,4,255930.09,Prepaid,0,ServicerE,SystemB,2024-06-15,0
LN001806,10,315999.56,Current,0,ServicerD,SystemB,2024-06-15,0
LN000004,6,219850.33,Current,0,ServicerE,SystemB,2024-06-15,0
LN001993,14,69624.03,30DPD,30,ServicerE,SystemB,2024-06-15,0
LN000284,9,303564.93,30DPD,30,ServicerC,SystemB,2024-06-15,0
LN000496,5,267490.2,Current,0,ServicerD,SystemB,2024-06-15,0
LN001710,33,362294.3999388225,Current,0,ServicerC,SystemB,2024-06-15,1
LN002773,14,206079.07,Current,0,ServicerD,SystemB,2024-06-15,0
LN002001,11,,Current,0,ServicerC,SystemB,2024-06-15,0
LN002546,17,334331.44,Current,0,ServicerC,SystemB,2024-06-15,0
LN002853,7,202981.03,30DPD,30,ServicerA,SystemB,2024-06-15,0
LN000176,4,251699.78,Current,0,ServicerB,SystemB,2024-06-15,0
LN002017,8,157269.87,Current,0,ServicerA,SystemB,2024-06-15,0
LN002823,8,237270.82,Current,0,ServicerB,SystemB,2024-06-15,0
LN000837,8,178945.4,Current,0,ServicerA,SystemB,2024-06-15,1
LN001655,13,119358.96,Current,0,ServicerD,SystemB,2024-06-15,0
LN000816,2,328270.1,30DPD,30,ServicerE,SystemB,2024-06-15,0
LN000967,9,165741.09,Current,0,ServicerC,SystemB,2024-06-15,0
LN001256,3,173230.14,Current,0,ServicerA,SystemB,2024-06-15,0
LN001235,4,77414.94,30DPD,0,ServicerC,SystemB,2024-06-15,1
LN002080,4,91456.04,Current,0,ServicerD,SystemB,2024-06-15,0
LN002358,2,303918.32,Current,0,ServicerB,SystemB,2024-06-15,0
LN000187,30,362927.64,Current,0,ServicerB,SystemB,2024-06-15,0
LN000885,9,117438.7,Current,0,ServicerB,SystemB,2024-06-15,0
LN001731,9,404922.93,90DPD,90,ServicerC,SystemB,2024-06-15,0
LN002263,3,278036.61,Current,0,ServicerE,SystemB,2024-06-15,0
LN001726,10,161413.96,Current,0,ServicerC,SystemB,2024-06-15,0
LN002969,8,307479.3,Current,0,ServicerA,SystemB,2024-06-15,1
LN000733,1,227881.45,Current,0,ServicerC,SystemB,2024-06-15,0
LN000862,11,180636.35,Prepaid,0,ServicerE,SystemB,2024-06-15,0
LN000107,2,267487.07,Current,0,ServicerD,SystemB,2024-06-15,0
LN002779,7,113572.6,Prepaid,0,ServicerA,SystemB,2024-06-15,0
LN002615,9,111884.35435973,Current,0,ServicerD,SystemB,2024-06-15,1
LN000501,22,92495.2,Current,0,ServicerA,SystemB,2024-06-15,0
LN001402,9,183980.37,Current,0,ServicerC,SystemB,2024-06-15,0
LN002686,11,196457.16,Current,0,ServicerA,SystemB,2024-06-15,0
LN000788,4,100553.42,Current,0,ServicerE,SystemB,2024-06-15,0
LN000376,10,93789.85038760841,Current,0,ServicerE,SystemB,2024-06-15,1
LN002883,4,219648.12,Current,0,ServicerD,SystemB,2024-06-15,0
LN000014,9,181420.79,Current,0,ServicerA,SystemB,2024-06-15,0
LN000435,8,220704.6,Current,0,ServicerE,SystemB,2024-06-15,0
LN002911,5,,Current,0,ServicerE,SystemB,2024-06-15,0
LN001810,6,257833.12,Current,0,ServicerE,SystemB,2024-06-15,0
LN000567,8,261835.86,Prepaid,0,ServicerB,SystemB,2024-06-15,0
LN001718,5,,Current,0,ServicerC,SystemB,2024-06-15,1
LN001827,12,547613.59,Current,0,ServicerB,SystemB,2024-06-15,0
LN001129,17,212687.74,Current,0,ServicerE,SystemB,2024-06-15,0
LN000132,7,311902.92,60DPD,30,ServicerC,SystemB,2024-06-15,1
LN001438,14,107759.1,Current,0,ServicerC,SystemB,2024-06-15,0
LN001622,2,212790.48548621242,Current,0,ServicerB,SystemB,2024-06-15,1
LN002060,5,491414.51,30DPD,30,ServicerA,SystemB,2024-06-15,0
LN001990,7,233803.36,30DPD,30,ServicerE,SystemB,2024-06-15,0
LN000023,2,127872.74,Current,0,ServicerD,SystemB,2024-06-15,0
LN000252,3,189430.41,Current,90,ServicerC,SystemB,2024-06-15,1
LN001343,14,318133.89,Current,0,ServicerC,SystemB,2024-06-15,0
LN000504,7,,30DPD,30,ServicerC,SystemB,2024-06-15,0
LN001475,2,247055.44,Current,0,ServicerD,SystemB,2024-06-15,0
LN000462,16,143193.98,30DPD,0,ServicerC,SystemB,2024-06-15,1
LN001768,11,281297.32,Current,0,ServicerC,SystemB,2024-06-15,0
LN000676,15,174422.36,Current,0,ServicerC,SystemB,2024-06-15,0
LN001678,8,357833.32,Current,0,ServicerE,SystemB,2024-06-15,0
LN002697,7,155265.42,Prepaid,0,ServicerD,SystemB,2024-06-15,0
LN000126,7,202671.73,90DPD,30,ServicerC,SystemB,2024-06-15,1
LN001327,3,329291.85,Current,0,ServicerB,SystemB,2024-06-15,0
LN002763,5,337068.3,Current,0,ServicerE,SystemB,2024-06-15,0
LN001148,2,302006.09,Current,0,ServicerE,SystemB,2024-06-15,0
LN001687,10,168935.28,90DPD,60,ServicerE,SystemB,2024-06-15,1
LN001565,20,283050.56,Current,30,ServicerA,SystemB,2024-06-15,1
LN001314,6,733256.95,Current,0,ServicerE,SystemB,2024-06-15,0
LN001748,6,95521.53,Current,0,ServicerA,SystemB,2024-06-15,0
LN000269,9,155920.32,Prepaid,0,ServicerC,SystemB,2024-06-15,0
LN001963,5,177323.48,Current,60,ServicerA,SystemB,2024-06-15,1
LN000659,15,141345.09,Current,0,ServicerB,SystemB,2024-06-15,0
LN001559,9,172301.15,60DPD,60,ServicerC,SystemB,2024-06-15,0
LN002692,3,124197.64,Current,0,ServicerC,SystemB,2024-06-15,0
LN000776,2,93767.88829466162,30DPD,30,ServicerD,SystemB,2024-06-15,1
LN000274,2,86204.24,Current,0,ServicerC,SystemB,2024-06-15,0
LN002384,5,122656.86,Current,0,ServicerE,SystemB,2024-06-15,0
LN001574,7,436927.06,Current,0,ServicerC,SystemB,2024-06-15,0
LN001501,3,460039.78,Current,0,ServicerA,SystemB,2024-06-15,0
LN000516,8,287743.97,Current,0,ServicerB,SystemB,2024-06-15,0
LN002366,4,241462.76,Current,90,ServicerC,SystemB,2024-06-15,1
LN001832,3,190746.37,Current,0,ServicerA,SystemB,2024-06-15,0
LN002550,4,144771.5,Default,120,ServicerA,SystemB,2024-06-15,0
LN002154,2,254308.23,Current,0,ServicerA,SystemB,2024-06-15,0
LN002508,6,138320.08,Current,0,ServicerD,SystemB,2024-06-15,0
LN001493,16,293294.62,90DPD,90,ServicerC,SystemB,2024-06-15,0
LN000659,21,140315.13,Current,0,ServicerB,SystemB,2024-06-15,0
LN001545,4,414500.85,Current,90,ServicerC,SystemB,2024-06-15,1
LN002610,2,611625.9,Current,0,ServicerA,SystemB,2024-06-15,0
LN001418,9,265126.6628868148,Current,0,ServicerC,SystemB,2024-06-15,1
LN002677,2,242216.18,Current,0,ServicerC,SystemB,2024-06-15,0
LN001669,22,94280.13,90DPD,0,ServicerC,SystemB,2024-06-15,1
LN002309,14,221006.08,90DPD,90,ServicerA,SystemB,2024-06-15,0
LN000359,2,126954.63,Current,0,ServicerD,SystemB,2024-06-15,0
LN001937,10,224436.77,Current,0,ServicerB,SystemB,2024-06-15,0
LN000297,3,218812.5,Current,0,ServicerE,SystemB,2024-06-15,0
LN002570,16,67286.19,Current,0,ServicerC,SystemB,2024-06-15,0
LN001173,7,284231.28,Current,0,ServicerA,SystemB,2024-06-15,0
LN002179,9,293510.28,Current,0,ServicerB,SystemB,2024-06-15,0
LN000462,15,143407.86,Current,0,ServicerC,SystemB,2024-06-15,0
LN000324,6,94668.16,Current,0,ServicerB,SystemB,2024-06-15,0
LN002162,9,140614.22,Current,0,ServicerD,SystemB,2024-06-15,0
LN002573,18,158077.75,Current,0,ServicerE,SystemB,2024-06-15,0
LN000858,4,343068.12,Current,0,ServicerC,SystemB,2024-06-15,0
LN000542,18,147019.89,Prepaid,0,ServicerD,SystemB,2024-06-15,0
LN002046,8,140157.39,Current,0,ServicerC,SystemB,2024-06-15,0
LN001713,6,207821.65,Current,0,ServicerC,SystemB,2024-06-15,0
LN000604,4,310678.19,Current,0,ServicerC,SystemB,2024-06-15,0
LN000353,6,221921.87,Current,0,ServicerE,SystemB,2024-06-15,0
LN000121,14,79052.46,Current,0,ServicerB,SystemB,2024-06-15,0
LN000160,5,175655.11,Current,0,ServicerA,SystemB,2024-06-15,0
LN001464,4,182043.4,Current,0,ServicerB,SystemB,2024-06-15,0
LN002660,2,212739.91,Current,0,ServicerB,SystemB,2024-06-15,0
LN001983,4,204614.28,Current,0,ServicerE,SystemB,2024-06-15,0
LN001503,17,217041.47,Current,0,ServicerA,SystemB,2024-06-15,0
LN001387,1,133404.6,Current,0,ServicerB,SystemB,2024-06-15,0
LN002007,3,173176.56,Current,60,ServicerE,SystemB,2024-06-15,1
LN002271,7,177767.27,Current,0,ServicerA,SystemB,2024-06-15,0
LN001603,7,185149.01,Current,0,ServicerC,SystemB,2024-06-15,0
LN001641,1,148481.24,Current,90,ServicerE,SystemB,2024-06-15,0
LN002597,7,96292.71,60DPD,60,ServicerA,SystemB,2024-06-15,0
LN002999,3,122950.0,Current,0,ServicerB,SystemB,2024-06-15,0
LN002307,2,252933.99,Prepaid,0,ServicerE,SystemB,2024-06-15,0
LN002250,20,,Current,0,ServicerE,SystemB,2024-06-15,0
LN002215,6,255765.17,Current,0,ServicerA,SystemB,2024-06-15,0
LN002370,7,219419.94,Prepaid,0,ServicerB,SystemB,2024-06-15,0
LN002377,10,220687.93,Current,0,ServicerC,SystemB,2024-06-15,0
LN000148,4,224214.6861700383,Current,0,ServicerD,SystemB,2024-06-15,1
LN001570,10,111986.15,Current,0,ServicerC,SystemB,2024-06-15,0
LN002998,27,239421.14,Current,0,ServicerE,SystemB,2024-06-15,0
LN000314,11,110057.04,Current,0,ServicerB,SystemB,2024-06-15,0
LN000654,29,267676.32,Current,0,ServicerD,SystemB,2024-06-15,0
LN002250,17,104484.67702848783,Current,0,ServicerE,SystemB,2024-06-15,1
LN001218,6,148492.9712072546,Current,0,ServicerA,SystemB,2024-06-15,1
LN002194,7,190202.67,Current,0,ServicerC,SystemB,2024-06-15,0
LN001696,1,145866.33159542593,Current,0,ServicerE,SystemB,2024-06-15,1
LN000592,2,193832.74,Current,60,ServicerB,SystemB,2024-06-15,1
LN001261,7,231812.78,30DPD,0,ServicerE,SystemB,2024-06-15,1
LN001011,17,141540.34,Current,0,ServicerA,SystemB,2024-06-15,0
LN002648,1,388267.98,Current,0,ServicerB,SystemB,2024-06-15,0
LN000310,5,178372.11,Current,0,ServicerA,SystemB,2024-06-15,0
LN002649,2,208553.13,Current,0,ServicerB,SystemB,2024-06-15,0
LN001268,18,174873.73,Current,0,ServicerC,SystemB,2024-06-15,0
LN000308,18,300040.54,Current,0,ServicerB,SystemB,2024-06-15,0
LN000301,9,332904.89,Current,0,ServicerA,SystemB,2024-06-15,0
LN001469,5,87910.93,90DPD,90,ServicerA,SystemB,2024-06-15,0
LN000186,30,338245.06,Current,0,ServicerA,SystemB,2024-06-15,0
LN002632,14,421641.3341240967,30DPD,30,ServicerE,SystemB,2024-06-15,1
LN001218,20,137468.96,Current,0,ServicerA,SystemB,2024-06-15,0
LN000676,12,175145.69,Current,0,ServicerC,SystemB,2024-06-15,0
LN002650,5,173701.04,Current,0,ServicerD,SystemB,2024-06-15,0
LN000023,15,125563.58,Current,0,ServicerD,SystemB,2024-06-15,0
LN001724,7,277997.12,Current,0,ServicerA,SystemB,2024-06-15,0
LN001183,3,104644.39,Current,0,ServicerE,SystemB,2024-06-15,0
LN002237,14,110414.46,Current,0,ServicerD,SystemB,2024-06-15,0
LN000555,2,199945.92,Current,0,ServicerD,SystemB,2024-06-15,0
LN001846,4,138050.12,30DPD,0,ServicerD,SystemB,2024-06-15,1
LN002656,8,285974.26,Current,0,ServicerB,SystemB,2024-06-15,0
LN000210,4,149639.33417020066,Current,0,ServicerC,SystemB,2024-06-15,1
LN000778,12,610483.431298831,Default,120,ServicerA,SystemB,2024-06-15,0
LN002642,1,110832.48,Current,30,ServicerC,SystemB,2024-06-15,1
LN001708,8,101738.88,Current,0,ServicerA,SystemB,2024-06-15,0
LN000794,2,222657.49,Current,0,ServicerB,SystemB,2024-06-15,0
LN000072,2,,60DPD,60,ServicerC,SystemB,2024-06-15,0
LN000712,16,161877.34,30DPD,30,ServicerC,SystemB,2024-06-15,0
LN002242,3,128168.97,60DPD,60,ServicerB,SystemB,2024-06-15,0
LN001559,24,170576.39122087866,Current,0,ServicerC,SystemB,2024-06-15,1
LN000916,3,,Current,0,ServicerC,SystemB,2024-06-15,0
LN000061,5,390557.87,Current,0,ServicerB,SystemB,2024-06-15,0
LN000864,8,72463.22,Current,0,ServicerD,SystemB,2024-06-15,0
LN001170,28,198853.81,Current,0,ServicerC,SystemB,2024-06-15,1
LN000754,4,191809.06,Current,0,ServicerA,SystemB,2024-06-15,1
LN001520,3,270774.33,Current,0,ServicerA,SystemB,2024-06-15,0
LN001784,6,,Current,0,ServicerA,SystemB,2024-06-15,0
LN001405,22,114106.77,30DPD,0,ServicerB,SystemB,2024-06-15,1
LN002916,10,286347.94,90DPD,0,ServicerA,SystemB,2024-06-15,1
LN001313,2,195872.54,Current,0,ServicerB,SystemB,2024-06-15,0
LN000464,1,283819.03,Current,0,ServicerD,SystemB,2024-06-15,0
LN000745,6,178104.17,Current,0,ServicerA,SystemB,2024-06-15,0
LN000473,4,167418.95,Current,0,ServicerA,SystemB,2024-06-15,0
LN002557,16,235838.76,Prepaid,0,ServicerB,SystemB,2024-06-15,0
LN002035,10,72183.53,30DPD,30,ServicerD,SystemB,2024-06-15,0
LN000010,2,620446.4503185942,Current,0,ServicerC,SystemB,2024-06-15,0
LN000364,7,175333.34,30DPD,0,ServicerE,SystemB,2024-06-15,1
LN000705,1,160919.09,Current,0,ServicerA,SystemB,2024-06-15,0
LN002944,3,170216.71,30DPD,30,ServicerA,SystemB,2024-06-15,0
LN002889,10,70306.73,Current,0,ServicerD,SystemB,2024-06-15,0
LN002367,7,240807.76,60DPD,60,ServicerE,SystemB,2024-06-15,0
LN000090,1,244184.63,Current,0,ServicerA,SystemB,2024-06-15,0
LN002624,1,504101.98,Current,0,ServicerD,SystemB,2024-06-15,0
LN000958,6,298225.08,Current,0,ServicerC,SystemB,2024-06-15,0
LN001176,8,165865.15,Current,0,ServicerE,SystemB,2024-06-15,0
LN002798,27,194933.19,Current,90,ServicerA,SystemB,2024-06-15,0
LN001974,21,297799.36,Current,0,ServicerD,SystemB,2024-06-15,0
LN001317,29,231280.84,Current,0,ServicerE,SystemB,2024-06-15,0
LN001797,4,127795.53030988845,Current,0,ServicerC,SystemB,2024-06-15,1
LN002454,11,742126.8,Current,0,ServicerB,SystemB,2024-06-15,1
LN001551,7,115667.24,Current,0,ServicerE,SystemB,2024-06-15,0
LN000601,12,180018.77,Current,0,ServicerE,SystemB,2024-06-15,0
LN000073,9,197666.39,Current,0,ServicerE,SystemB,2024-06-15,0
LN000956,2,262706.63,Current,0,ServicerD,SystemB,2024-06-15,0
LN000620,8,109375.92,Current,0,ServicerA,SystemB,2024-06-15,0
LN002898,2,56734.81,Current,0,ServicerE,SystemB,2024-06-15,0
LN000920,13,254421.0,Current,0,ServicerA,SystemB,2024-06-15,0
LN000837,20,175605.49,Current,0,ServicerA,SystemB,2024-06-15,0
LN000071,5,112815.32,Current,0,ServicerD,SystemB,2024-06-15,0
LN000681,11,211180.73,Current,0,ServicerC,SystemB,2024-06-15,0
LN000345,2,243644.16,Prepaid,0,ServicerE,SystemB,2024-06-15,0
LN002837,19,322437.38,Current,0,ServicerC,SystemB,2024-06-15,0
LN001475,10,244021.21,Current,0,ServicerD,SystemB,2024-06-15,1
LN002794,3,219747.05,90DPD,90,ServicerD,SystemB,2024-06-15,0
LN002832,16,275386.47,Current,0,ServicerC,SystemB,2024-06-15,0
LN001689,21,244493.62,30DPD,30,ServicerB,SystemB,2024-06-15,0
LN001165,12,133908.63,Current,0,ServicerB,SystemB,2024-06-15,0
LN001423,12,253419.97,Current,0,ServicerE,SystemB,2024-06-15,0
LN000197,2,326142.39,Current,0,ServicerD,SystemB,2024-06-15,0
LN002017,9,157046.35,Current,0,ServicerA,SystemB,2024-06-15,0
LN002843,4,233675.38,Current,0,ServicerD,SystemB,2024-06-15,0
LN001147,18,108265.35,Current,0,ServicerA,SystemB,2024-06-15,0
LN002628,17,187512.01,Current,0,ServicerD,SystemB,2024-06-15,0
LN002120,12,353574.28,Current,0,ServicerA,SystemB,2024-06-15,0
LN002646,3,313352.01,30DPD,30,ServicerD,SystemB,2024-06-15,0
LN000296,7,123293.9,Current,0,ServicerD,SystemB,2024-06-15,0
LN002793,10,215503.84,Current,0,ServicerE,SystemB,2024-06-15,0
LN001836,3,221396.71,Current,0,ServicerC,SystemB,2024-06-15,0
LN001552,5,188092.49,90DPD,0,ServicerC,SystemB,2024-06-15,1
LN002812,2,743261.57,Current,0,ServicerC,SystemB,2024-06-15,0
LN001772,8,111871.3,Current,0,ServicerB,SystemB,2024-06-15,0
LN001434,7,314320.9,Current,0,ServicerD,SystemB,2024-06-15,0
LN001409,1,250372.11,Current,0,ServicerA,SystemB,2024-06-15,0
LN000161,12,355208.89,Current,0,ServicerA,SystemB,2024-06-15,0
LN001679,9,133072.27,Current,0,ServicerE,SystemB,2024-06-15,0
LN002861,3,173211.63,Current,0,ServicerD,SystemB,2024-06-15,0
LN002844,11,191701.85,90DPD,60,ServicerE,SystemB,2024-06-15,1
LN002256,13,332271.29,Current,0,ServicerD,SystemB,2024-06-15,0
LN001571,4,127104.28,Current,30,ServicerD,SystemB,2024-06-15,1
LN001633,15,325722.39,Current,0,ServicerB,SystemB,2024-06-15,1
LN001365,11,235789.52,Current,0,ServicerA,SystemB,2024-06-15,0
LN002308,6,147624.2878439514,Current,0,ServicerA,SystemB,2024-06-15,1
LN001454,19,130752.14,90DPD,90,ServicerC,SystemB,2024-06-15,0
LN000875,9,215228.2,Current,0,ServicerA,SystemB,2024-06-15,0
LN000388,3,224649.42,Current,0,ServicerB,SystemB,2024-06-15,0
LN001131,9,134618.48,Current,0,ServicerA,SystemB,2024-06-15,0
LN001404,17,186017.04,Current,0,ServicerC,SystemB,2024-06-15,1
LN002710,10,152086.25,Current,0,ServicerA,SystemB,2024-06-15,0
LN002462,8,387221.5,Current,0,ServicerB,SystemB,2024-06-15,0
LN001837,1,228171.44,Current,0,ServicerD,SystemB,2024-06-15,0
LN000892,1,565170.302338811,Current,0,ServicerE,SystemB,2024-06-15,1
LN002271,12,176553.17,Current,60,ServicerA,SystemB,2024-06-15,1
LN001089,31,566125.12,Current,0,ServicerA,SystemB,2024-06-15,0
LN002016,3,188802.53,Current,0,ServicerB,SystemB,2024-06-15,0
LN002688,6,476717.28,Current,0,ServicerD,SystemB,2024-06-15,0
LN002280,1,96498.66,Current,0,ServicerC,SystemB,2024-06-15,0
LN000824,8,203607.77254437134,Current,0,ServicerC,SystemB,2024-06-15,1
LN000284,6,304733.95,90DPD,0,ServicerC,SystemB,2024-06-15,1
LN001798,14,190646.92,Current,0,ServicerE,SystemB,2024-06-15,0
LN000086,3,228964.32,Current,0,ServicerE,SystemB,2024-06-15,0
LN001031,4,183167.34,90DPD,0,ServicerA,SystemB,2024-06-15,1
LN000060,8,222023.68,30DPD,30,ServicerC,SystemB,2024-06-15,0
LN002919,9,80645.32,Current,0,ServicerC,SystemB,2024-06-15,0
LN001378,4,438547.47,Default,120,ServicerE,SystemB,2024-06-15,0
LN001423,4,255769.99,Current,0,ServicerE,SystemB,2024-06-15,0
LN000016,32,138142.42,30DPD,0,ServicerE,SystemB,2024-06-15,1
LN001168,11,434878.64,90DPD,90,ServicerE,SystemB,2024-06-15,1
LN002252,9,239412.5,Current,0,ServicerD,SystemB,2024-06-15,0
LN000574,2,212311.65,30DPD,30,ServicerE,SystemB,2024-06-15,0
LN002701,3,219601.95,Prepaid,0,ServicerC,SystemB,2024-06-15,0
LN002204,2,117169.87,Current,0,ServicerB,SystemB,2024-06-15,0
LN000664,3,188109.36,Prepaid,0,ServicerC,SystemB,2024-06-15,0
LN000896,10,180890.32,Current,0,ServicerD,SystemB,2024-06-15,0
LN002465,2,74758.13,Current,0,ServicerA,SystemB,2024-06-15,0
LN001464,2,182539.7,Current,0,ServicerB,SystemB,2024-06-15,0
LN002207,28,172657.08,Current,0,ServicerA,SystemB,2024-06-15,0
LN001857,4,136948.1,Current,0,ServicerA,SystemB,2024-06-15,0
LN002615,20,118884.66,Current,0,ServicerD,SystemB,2024-06-15,0
LN000572,5,245392.03,Current,0,ServicerE,SystemB,2024-06-15,0
LN001837,13,224864.67,Current,0,ServicerD,SystemB,2024-06-15,0
LN001032,2,119755.23,Current,0,ServicerB,SystemB,2024-06-15,0
LN002090,4,58559.52,90DPD,0,ServicerE,SystemB,2024-06-15,1
LN000829,3,416519.25,Current,0,ServicerC,SystemB,2024-06-15,0
LN002055,1,484994.85,Current,0,ServicerE,SystemB,2024-06-15,0
LN001556,7,227412.42,60DPD,0,ServicerD,SystemB,2024-06-15,1
LN000148,3,269719.03,60DPD,0,ServicerD,SystemB,2024-06-15,1
LN000131,10,260146.34,Current,90,ServicerE,SystemB,2024-06-15,1
LN002712,4,209636.58,Prepaid,0,ServicerC,SystemB,2024-06-15,0
LN000471,4,310271.69,Current,0,ServicerA,SystemB,2024-06-15,0
LN002810,2,164071.56,Current,0,ServicerA,SystemB,2024-06-15,0
LN001061,15,203566.14,30DPD,30,ServicerD,SystemB,2024-06-15,0
LN001560,6,302859.89,Current,0,ServicerB,SystemB,2024-06-15,0
LN000017,13,375743.97,Current,0,ServicerD,SystemB,2024-06-15,0
LN001288,18,109267.1,30DPD,30,ServicerB,SystemB,2024-06-15,0
LN000417,5,173245.96,Current,0,ServicerD,SystemB,2024-06-15,0
LN002351,9,107979.62,30DPD,30,ServicerB,SystemB,2024-06-15,0
LN002182,18,236447.9,Current,0,ServicerE,SystemB,2024-06-15,0
LN001524,15,65948.87,Current,0,ServicerB,SystemB,2024-06-15,0
LN000754,2,192366.03,Current,0,ServicerA,SystemB,2024-06-15,0
LN000675,3,,30DPD,0,ServicerB,SystemB,2024-06-15,1
LN002871,4,119972.53632236389,60DPD,60,ServicerB,SystemB,2024-06-15,1
LN002740,2,200846.19,Current,0,ServicerA,SystemB,2024-06-15,0
LN002817,8,236731.55,Current,0,ServicerE,SystemB,2024-06-15,1
LN000169,18,145840.74,Current,90,ServicerD,SystemB,2024-06-15,1
LN002063,5,549927.39,Current,60,ServicerC,SystemB,2024-06-15,1
LN000050,3,,Current,0,ServicerE,SystemB,2024-06-15,0
LN001654,16,133387.36,Current,0,ServicerB,SystemB,2024-06-15,1
LN001846,1,138569.78,Current,0,ServicerD,SystemB,2024-06-15,0
LN001710,22,307646.17,Current,0,ServicerC,SystemB,2024-06-15,0
LN002994,2,143900.64,30DPD,30,ServicerA,SystemB,2024-06-15,0
LN001510,16,184351.45,Current,0,ServicerB,SystemB,2024-06-15,0
LN000196,9,53458.86,Current,0,ServicerB,SystemB,2024-06-15,0
LN001498,2,531743.7,Current,0,ServicerC,SystemB,2024-06-15,0
LN001525,1,216989.39,Current,0,ServicerB,SystemB,2024-06-15,0
LN000978,7,176761.38,Current,0,ServicerE,SystemB,2024-06-15,0
LN002988,30,177745.08,Current,0,ServicerA,SystemB,2024-06-15,0
LN002187,9,300102.2437737156,Default,120,ServicerB,SystemB,2024-06-15,1
LN001164,13,225414.22,Current,0,ServicerD,SystemB,2024-06-15,0
LN001757,19,154309.93,30DPD,0,ServicerB,SystemB,2024-06-15,1
LN000022,4,95316.41,Prepaid,0,ServicerB,SystemB,2024-06-15,0
LN001687,8,169477.42,Current,0,ServicerE,SystemB,2024-06-15,0
LN002245,18,83154.69375850246,Current,0,ServicerB,SystemB,2024-06-15,1
LN000186,13,344669.32,Current,0,ServicerA,SystemB,2024-06-15,0
LN000532,2,238368.62128902087,60DPD,60,ServicerE,SystemB,2024-06-15,1
LN002108,1,166353.64,Current,0,ServicerB,SystemB,2024-06-15,0
LN001783,5,135025.48,Current,0,ServicerC,SystemB,2024-06-15,0
LN001011,19,141172.97,Current,0,ServicerA,SystemB,2024-06-15,0
LN002460,7,299868.72,Current,0,ServicerB,SystemB,2024-06-15,0
LN000490,4,317920.8836332717,Current,0,ServicerE,SystemB,2024-06-15,1
LN000211,14,564486.11,Current,0,ServicerD,SystemB,2024-06-15,0
LN002554,14,122312.63,Current,0,ServicerA,SystemB,2024-06-15,0
LN002817,10,236084.18,Current,0,ServicerE,SystemB,2024-06-15,0
LN000516,10,287043.47,Current,0,ServicerB,SystemB,2024-06-15,0
LN001734,4,507959.44,Current,0,ServicerA,SystemB,2024-06-15,0
LN000488,3,53349.49,Current,0,ServicerA,SystemB,2024-06-15,0
LN002723,9,460557.3152875063,30DPD,30,ServicerD,SystemB,2024-06-15,1
LN001141,9,170979.43542914983,30DPD,30,ServicerC,SystemB,2024-06-15,1
LN002495,21,183674.63,Current,0,ServicerC,SystemB,2024-06-15,0
LN000322,1,292955.5,Current,0,ServicerA,SystemB,2024-06-15,1
LN001607,11,269412.39,Current,0,ServicerE,SystemB,2024-06-15,0
LN002259,21,265738.17,Current,90,ServicerC,SystemB,2024-06-15,1
LN001129,8,215066.53,Current,0,ServicerE,SystemB,2024-06-15,0
LN002297,1,196634.22,Current,0,ServicerD,SystemB,2024-06-15,0
LN000500,3,189962.68,Current,90,ServicerD,SystemB,2024-06-15,1
LN000385,8,144370.61,Current,0,ServicerC,SystemB,2024-06-15,0
LN000098,3,239105.97,Current,0,ServicerE,SystemB,2024-06-15,0
LN002725,18,193704.98,Current,0,ServicerE,SystemB,2024-06-15,0
LN001330,3,,Current,0,ServicerB,SystemB,2024-06-15,0
LN001009,9,,Current,0,ServicerE,SystemB,2024-06-15,0
LN000267,3,272574.15,Current,0,ServicerB,SystemB,2024-06-15,0
LN000621,9,195029.63,Current,0,ServicerB,SystemB,2024-06-15,0
LN001397,18,134492.4,Current,0,ServicerB,SystemB,2024-06-15,0
LN000310,25,174688.53,Current,90,ServicerA,SystemB,2024-06-15,1
LN001049,1,150275.84,Current,0,ServicerB,SystemB,2024-06-15,0
LN000991,2,182553.25,Current,0,ServicerC,SystemB,2024-06-15,0
LN000004,1,221440.05,Current,0,ServicerE,SystemB,2024-06-15,0
LN001993,11,69910.96,Current,0,ServicerE,SystemB,2024-06-15,0
LN002901,12,143462.44,Current,0,ServicerB,SystemB,2024-06-15,1
LN001468,8,367968.42,Current,0,ServicerB,SystemB,2024-06-15,0
LN001239,14,163528.2,Current,0,ServicerD,SystemB,2024-06-15,0
LN002927,12,189648.01,Current,0,ServicerB,SystemB,2024-06-15,0
LN001084,6,135820.28,Current,0,ServicerA,SystemB,2024-06-15,0
LN002251,3,332131.05,Current,90,ServicerE,SystemB,2024-06-15,1
LN002558,15,296780.37,Current,0,ServicerC,SystemB,2024-06-15,0
LN000700,1,161249.58,Current,0,ServicerE,SystemB,2024-06-15,0
LN002596,2,192965.77,Current,0,ServicerB,SystemB,2024-06-15,0
LN000390,14,234074.53,Current,0,ServicerC,SystemB,2024-06-15,0
LN002734,9,206963.07,Current,0,ServicerC,SystemB,2024-06-15,0
LN001254,6,142054.51,30DPD,30,ServicerD,SystemB,2024-06-15,1
LN002680,6,127721.64,Current,0,ServicerA,SystemB,2024-06-15,0
LN000096,6,169470.15,Current,0,ServicerD,SystemB,2024-06-15,0
LN001303,13,203044.93,Current,0,ServicerD,SystemB,2024-06-15,0
LN001156,21,68905.97,Current,0,ServicerC,SystemB,2024-06-15,0
LN000753,27,146951.79,Current,0,ServicerD,SystemB,2024-06-15,0
LN000691,5,165085.25,Current,0,ServicerA,SystemB,2024-06-15,0
LN001177,21,207790.98,Current,0,ServicerA,SystemB,2024-06-15,0
LN000737,12,207089.71,Current,0,ServicerB,SystemB,2024-06-15,0
LN002186,7,346539.3,Default,120,ServicerA,SystemB,2024-06-15,0
LN000875,13,214275.6,Prepaid,0,ServicerA,SystemB,2024-06-15,0
LN001219,4,142111.92,60DPD,60,ServicerD,SystemB,2024-06-15,1
LN000982,4,164623.98,Current,0,ServicerD,SystemB,2024-06-15,0
LN001854,24,179333.7,Prepaid,0,ServicerB,SystemB,2024-06-15,0
LN001580,2,84527.15,Current,0,ServicerB,SystemB,2024-06-15,0
LN002219,8,106453.75,Current,0,ServicerC,SystemB,2024-06-15,0
LN002509,6,166701.45,Current,0,ServicerC,SystemB,2024-06-15,0
LN002114,5,145186.08208002493,Current,0,ServicerB,SystemB,2024-06-15,1
LN002163,17,455940.39,Current,0,ServicerB,SystemB,2024-06-15,0
LN000277,1,127261.92,Current,30,ServicerC,SystemB,2024-06-15,1
LN001225,4,165623.81,Current,0,ServicerE,SystemB,2024-06-15,0
LN001407,7,123686.14,Current,0,ServicerD,SystemB,2024-06-15,0
LN001502,3,379530.22,Current,0,ServicerD,SystemB,2024-06-15,0
LN001139,2,381103.98,Current,0,ServicerE,SystemB,2024-06-15,0
LN000821,5,151375.49,30DPD,30,ServicerD,SystemB,2024-06-15,0
LN000804,14,178647.21,Current,0,ServicerB,SystemB,2024-06-15,0
LN002163,4,464330.44,Current,0,ServicerB,SystemB,2024-06-15,0
LN000694,9,157375.51,Current,0,ServicerC,SystemB,2024-06-15,0
LN002419,4,262605.49,Current,90,ServicerA,SystemB,2024-06-15,1
LN000338,13,282278.94,Current,0,ServicerB,SystemB,2024-06-15,0
LN001325,1,165508.1,Current,0,ServicerE,SystemB,2024-06-15,0
LN000027,23,244911.31,Current,0,ServicerA,SystemB,2024-06-15,0
LN000239,6,156417.37,Current,0,ServicerA,SystemB,2024-06-15,0
LN002509,19,164067.75,30DPD,30,ServicerC,SystemB,2024-06-15,0
LN001863,6,127545.58,Current,0,ServicerD,SystemB,2024-06-15,0
LN000430,10,256105.54,Current,0,ServicerE,SystemB,2024-06-15,0
LN001885,3,324374.82,Current,0,ServicerD,SystemB,2024-06-15,0
LN001508,3,328481.06,Current,0,ServicerC,SystemB,2024-06-15,0
LN001557,9,336271.7,60DPD,60,ServicerA,SystemB,2024-06-15,0
LN001929,4,82342.09,Prepaid,0,ServicerA,SystemB,2024-06-15,0
LN001951,2,259443.33,Current,0,ServicerC,SystemB,2024-06-15,0
LN001630,12,170016.35,Current,0,ServicerB,SystemB,2024-06-15,0
LN000060,5,222884.05,Current,0,ServicerC,SystemB,2024-06-15,0
LN001508,5,327408.43,Current,0,ServicerC,SystemB,2024-06-15,0
LN000184,2,267868.24,Current,0,ServicerC,SystemB,2024-06-15,0
LN001487,19,108256.31,Current,0,ServicerB,SystemB,2024-06-15,0
LN002871,5,147832.83,Prepaid,0,ServicerB,SystemB,2024-06-15,0
LN002030,3,340556.8,Current,60,ServicerD,SystemB,2024-06-15,1
LN002211,10,98797.58,Current,0,ServicerA,SystemB,2024-06-15,0
LN002006,9,193622.52,90DPD,90,ServicerE,SystemB,2024-06-15,0
LN000219,32,243438.43,60DPD,30,ServicerB,SystemB,2024-06-15,1
LN001020,4,90311.08,Current,0,ServicerC,SystemB,2024-06-15,0
LN001460,11,161006.87,Current,0,ServicerA,SystemB,2024-06-15,1
LN002468,1,373424.01,Current,0,ServicerD,SystemB,2024-06-15,0
LN001061,7,205581.53,Current,0,ServicerD,SystemB,2024-06-15,0
LN001736,16,314725.85,Current,0,ServicerE,SystemB,2024-06-15,0
LN001409,21,243354.38,90DPD,90,ServicerA,SystemB,2024-06-15,0
LN002250,18,101814.32,Current,0,ServicerE,SystemB,2024-06-15,0
LN000860,7,396353.81,Current,0,ServicerD,SystemB,2024-06-15,0
LN001418,23,268263.67,Current,0,ServicerC,SystemB,2024-06-15,0
LN001949,5,212335.81,Current,0,ServicerC,SystemB,2024-06-15,0
LN002889,26,69082.3,Current,0,ServicerD,SystemB,2024-06-15,0
LN002148,1,115732.45,Current,0,ServicerD,SystemB,2024-06-15,0
LN001529,5,151644.34,Current,0,ServicerE,SystemB,2024-06-15,0
LN000941,12,315000.44,30DPD,30,ServicerC,SystemB,2024-06-15,0
LN001558,20,84503.35,Current,0,ServicerC,SystemB,2024-06-15,0
LN001131,5,213393.11545923626,Current,0,ServicerA,SystemB,2024-06-15,0
LN001481,11,260667.48,Current,0,ServicerC,SystemB,2024-06-15,0
LN002345,3,98401.93,Current,0,ServicerA,SystemB,2024-06-15,0
LN001123,20,214352.13,30DPD,30,ServicerA,SystemB,2024-06-15,0
LN001012,2,330382.96,Current,0,ServicerC,SystemB,2024-06-15,0
LN002103,10,126545.1836169808,Current,0,ServicerD,SystemB,2024-06-15,1
LN001281,18,349796.07,Current,0,ServicerD,SystemB,2024-06-15,0
LN002662,3,100353.96,Current,0,ServicerA,SystemB,2024-06-15,0
LN001371,18,343383.03,Current,0,ServicerD,SystemB,2024-06-15,0
LN001215,9,88414.61,90DPD,0,ServicerE,SystemB,2024-06-15,1
LN001304,7,463138.31,Current,0,ServicerB,SystemB,2024-06-15,0
LN002148,21,112581.4,Current,30,ServicerD,SystemB,2024-06-15,1
LN000049,7,150104.56,Current,0,ServicerE,SystemB,2024-06-15,0
LN002354,2,182650.8,30DPD,0,ServicerB,SystemB,2024-06-15,1
LN001381,14,166263.48,30DPD,0,ServicerA,SystemB,2024-06-15,1
LN002907,4,245843.49,Current,0,ServicerE,SystemB,2024-06-15,0
LN000893,9,,90DPD,90,ServicerB,SystemB,2024-06-15,0
LN000483,30,313061.76,Current,0,ServicerE,SystemB,2024-06-15,0
LN000763,7,117172.36,Current,0,ServicerC,SystemB,2024-06-15,0
LN002321,18,146357.18,60DPD,60,ServicerB,SystemB,2024-06-15,0
LN002538,2,125695.67,Current,0,ServicerD,SystemB,2024-06-15,0
LN002981,12,106913.81,Current,0,ServicerA,SystemB,2024-06-15,0
LN000362,2,164310.86,Current,0,ServicerC,SystemB,2024-06-15,0
LN000132,5,312592.37,Current,0,ServicerC,SystemB,2024-06-15,0
LN001308,6,210578.08,90DPD,0,ServicerB,SystemB,2024-06-15,1
LN002793,11,215213.03,Current,0,ServicerE,SystemB,2024-06-15,0
LN001662,7,188301.53,Current,0,ServicerA,SystemB,2024-06-15,0
LN002958,15,238132.43,Current,0,ServicerB,SystemB,2024-06-15,0
LN001342,2,242666.13,Current,0,ServicerE,SystemB,2024-06-15,0
LN001373,3,424130.55,Current,0,ServicerB,SystemB,2024-06-15,1
LN001176,24,163112.95,Prepaid,0,ServicerE,SystemB,2024-06-15,0
LN001522,9,507659.71,Current,0,ServicerD,SystemB,2024-06-15,0
LN000537,10,234236.74,Current,0,ServicerE,SystemB,2024-06-15,0
LN002633,2,228082.81,Current,0,ServicerC,SystemB,2024-06-15,0
LN002397,7,336842.04,Current,0,ServicerA,SystemB,2024-06-15,0
LN000898,11,136487.03,90DPD,90,ServicerE,SystemB,2024-06-15,0
LN002727,14,107454.69,Prepaid,0,ServicerD,SystemB,2024-06-15,0
LN001129,4,216123.76,Current,0,ServicerE,SystemB,2024-06-15,0
LN000948,1,358559.85,Current,0,ServicerB,SystemB,2024-06-15,0
LN001635,2,224253.21,Current,90,ServicerE,SystemB,2024-06-15,0
LN000632,14,147145.95,30DPD,30,ServicerD,SystemB,2024-06-15,0
LN000434,11,,90DPD,0,ServicerE,SystemB,2024-06-15,1
LN001992,3,115152.56,Current,0,ServicerB,SystemB,2024-06-15,0
LN001152,6,248159.63,Current,0,ServicerB,SystemB,2024-06-15,0
LN002543,11,718673.35,Current,0,ServicerB,SystemB,2024-06-15,0
LN001271,5,266193.69,60DPD,60,ServicerD,SystemB,2024-06-15,0
LN002859,12,91885.48,30DPD,30,ServicerB,SystemB,2024-06-15,0
LN000339,13,322249.78,Current,30,ServicerA,SystemB,2024-06-15,1
LN000788,8,100010.84,Current,0,ServicerE,SystemB,2024-06-15,0
LN002674,7,144185.88,30DPD,90,ServicerA,SystemB,2024-06-15,1
LN000808,4,259371.75,Current,0,ServicerE,SystemB,2024-06-15,0
LN002309,9,222178.55,Current,0,ServicerA,SystemB,2024-06-15,0
LN000687,8,264447.87,Current,60,ServicerA,SystemB,2024-06-15,1
LN000254,18,215923.64,Default,120,ServicerB,SystemB,2024-06-15,0
LN000895,18,128693.75,Current,0,ServicerD,SystemB,2024-06-15,0
LN000552,3,165950.32,Current,0,ServicerE,SystemB,2024-06-15,0
LN000717,6,340683.09,60DPD,60,ServicerD,SystemB,2024-06-15,0
LN001301,11,72369.75,Current,0,ServicerD,SystemB,2024-06-15,0
LN001037,3,95581.66,Current,0,ServicerC,SystemB,2024-06-15,0
LN000344,6,333156.54,90DPD,0,ServicerB,SystemB,2024-06-15,1
LN000129,15,76120.11,Current,0,ServicerA,SystemB,2024-06-15,0
LN002094,2,326654.33,Current,0,ServicerD,SystemB,2024-06-15,0
LN001941,11,291665.89,Current,0,ServicerA,SystemB,2024-06-15,0
LN001427,6,300427.65,Current,0,ServicerE,SystemB,2024-06-15,0
LN001800,11,117608.69,Current,0,ServicerC,SystemB,2024-06-15,0
LN001699,4,277929.7,Current,0,ServicerB,SystemB,2024-06-15,0
LN000213,1,181731.27,Current,0,ServicerB,SystemB,2024-06-15,0
LN001943,2,288895.92,Current,0,ServicerE,SystemB,2024-06-15,0
LN001281,10,353023.15,30DPD,30,ServicerD,SystemB,2024-06-15,0
LN002029,8,264190.77,Current,0,ServicerD,SystemB,2024-06-15,0
LN001452,2,124616.66,Current,0,ServicerE,SystemB,2024-06-15,0
LN002436,2,213841.94,Current,0,ServicerC,SystemB,2024-06-15,0
LN000965,5,163216.22,Current,60,ServicerB,SystemB,2024-06-15,1
LN002281,8,104789.44,Current,0,ServicerD,SystemB,2024-06-15,0
LN002038,4,82814.81,Current,30,ServicerC,SystemB,2024-06-15,1
LN002351,3,108823.87,Current,0,ServicerB,SystemB,2024-06-15,0
LN001063,15,433541.27,Current,0,ServicerE,SystemB,2024-06-15,0
LN002062,2,260611.7,Default,120,ServicerC,SystemB,2024-06-15,0
LN001499,24,144348.73,30DPD,30,ServicerD,SystemB,2024-06-15,0
LN000569,13,377991.68,90DPD,90,ServicerD,SystemB,2024-06-15,0
LN002869,20,147924.53,60DPD,0,ServicerE,SystemB,2024-06-15,1
LN000600,16,199063.19,90DPD,0,ServicerC,SystemB,2024-06-15,1
LN000967,19,163551.19,Current,0,ServicerC,SystemB,2024-06-15,0
LN000255,8,197052.55,Current,0,ServicerE,SystemB,2024-06-15,1
LN001797,5,144682.27,Current,90,ServicerC,SystemB,2024-06-15,0
LN001546,6,222911.15,Current,0,ServicerD,SystemB,2024-06-15,0
LN001359,12,173028.84,Current,0,ServicerA,SystemB,2024-06-15,1
LN001333,15,116477.11,Current,0,ServicerA,SystemB,2024-06-15,0
LN002339,3,143689.82,Current,0,ServicerB,SystemB,2024-06-15,0
LN002888,3,184086.03,Current,0,ServicerD,SystemB,2024-06-15,0
LN002462,3,390222.44,Current,0,ServicerB,SystemB,2024-06-15,0
LN001197,7,223184.85,Current,0,ServicerB,SystemB,2024-06-15,0
LN000612,5,175451.46,Current,0,ServicerE,SystemB,2024-06-15,0
LN000868,7,350483.92,30DPD,30,ServicerB,SystemB,2024-06-15,0
LN002384,2,100277.28103299843,Current,0,ServicerE,SystemB,2024-06-15,1
LN002886,1,299622.75,Current,0,ServicerE,SystemB,2024-06-15,0
LN001228,18,109573.25,Current,0,ServicerA,SystemB,2024-06-15,0
LN001438,2,109364.44,Current,0,ServicerC,SystemB,2024-06-15,0
LN000609,1,239260.23,Current,0,ServicerA,SystemB,2024-06-15,0
LN000444,1,451333.18,Current,0,ServicerB,SystemB,2024-06-15,0
LN000718,5,199229.44,Current,0,ServicerE,SystemB,2024-06-15,0
LN001152,4,248911.75,Current,0,ServicerB,SystemB,2024-06-15,0
LN001198,11,248088.9,Current,0,ServicerC,SystemB,2024-06-15,0
LN002718,12,,Current,90,ServicerD,SystemB,2024-06-15,1
LN001792,12,382049.05,30DPD,0,ServicerE,SystemB,2024-06-15,1
LN002177,19,191094.28,Current,0,ServicerC,SystemB,2024-06-15,0
LN001796,13,269836.47,Current,0,ServicerC,SystemB,2024-06-15,0
LN002385,4,77619.33,Current,0,ServicerA,SystemB,2024-06-15,0
LN001421,2,251324.83,Current,0,ServicerA,SystemB,2024-06-15,0
LN001219,6,141695.37,60DPD,60,ServicerD,SystemB,2024-06-15,0
LN000804,3,,Current,0,ServicerB,SystemB,2024-06-15,0
LN001288,17,,30DPD,30,ServicerB,SystemB,2024-06-15,0
LN001388,15,,Current,0,ServicerB,SystemB,2024-06-15,0
LN002893,21,130694.76,30DPD,30,ServicerD,SystemB,2024-06-15,0
LN002827,13,221411.04,Current,0,ServicerA,SystemB,2024-06-15,0
LN000239,22,152562.36,Current,0,ServicerA,SystemB,2024-06-15,0
LN000526,2,108369.34,Prepaid,0,ServicerB,SystemB,2024-06-15,0
LN002528,4,248642.28,30DPD,30,ServicerE,SystemB,2024-06-15,0
LN001058,5,281310.28,Current,0,ServicerA,SystemB,2024-06-15,0
LN000868,3,352314.25,Current,0,ServicerB,SystemB,2024-06-15,0
LN002651,5,180739.76,60DPD,60,ServicerA,SystemB,2024-06-15,0
LN001549,9,147078.3514273662,Current,0,ServicerD,SystemB,2024-06-15,1
LN002334,15,245839.01,Current,0,ServicerA,SystemB,2024-06-15,0
LN001902,9,-129319.86,Current,0,ServicerC,SystemB,2024-06-15,0
LN000078,20,,Current,0,ServicerD,SystemB,2024-06-15,0
LN002571,16,263412.25,90DPD,90,ServicerD,SystemB,2024-06-15,0
LN000060,18,219155.77,Current,0,ServicerC,SystemB,2024-06-15,0
LN000094,2,201775.9,Current,0,ServicerA,SystemB,2024-06-15,0
LN000435,18,217901.6,Current,0,ServicerE,SystemB,2024-06-15,0
LN001630,11,170212.07,Current,0,ServicerB,SystemB,2024-06-15,0
LN002390,5,178906.74,Current,0,ServicerE,SystemB,2024-06-15,0
LN002596,5,180949.65719560353,Current,0,ServicerB,SystemB,2024-06-15,1
LN000764,10,193824.7,Current,0,ServicerA,SystemB,2024-06-15,0
LN002460,11,298564.46,Prepaid,0,ServicerB,SystemB,2024-06-15,0
LN002448,2,149559.02133570102,90DPD,90,ServicerB,SystemB,2024-06-15,1
LN001975,6,232793.88,Current,0,ServicerA,SystemB,2024-06-15,0
LN001394,1,191123.19,Current,0,ServicerC,SystemB,2024-06-15,0
LN002404,3,122645.13,Current,0,ServicerB,SystemB,2024-06-15,0
LN001810,4,258429.08,90DPD,0,ServicerE,SystemB,2024-06-15,1
LN001780,2,165906.52,Current,0,ServicerD,SystemB,2024-06-15,0
LN000514,5,410544.53,Current,0,ServicerA,SystemB,2024-06-15,0
LN001975,3,233588.44,Current,0,ServicerA,SystemB,2024-06-15,0
LN002877,3,159186.83,Current,0,ServicerE,SystemB,2024-06-15,0
LN001089,18,575119.39,Current,0,ServicerA,SystemB,2024-06-15,0
LN000547,22,232101.74,Current,0,ServicerD,SystemB,2024-06-15,0
LN000131,3,262369.3,Current,0,ServicerE,SystemB,2024-06-15,0
LN001941,13,290904.96,Current,0,ServicerA,SystemB,2024-06-15,0
LN002877,6,158662.66,Current,0,ServicerE,SystemB,2024-06-15,0
LN002366,30,233667.73,Current,0,ServicerC,SystemB,2024-06-15,0
LN001560,11,300868.14,Current,0,ServicerB,SystemB,2024-06-15,0
LN001104,2,129157.67,Current,0,ServicerE,SystemB,2024-06-15,0
LN002596,10,190980.85,30DPD,30,ServicerB,SystemB,2024-06-15,0
LN001089,28,568200.72,Current,0,ServicerA,SystemB,2024-06-15,1
LN001299,13,332031.35,Default,120,ServicerB,SystemB,2024-06-15,0
LN000967,29,,30DPD,30,ServicerC,SystemB,2024-06-15,0
LN002682,1,49945.04,Current,0,ServicerD,SystemB,2024-06-15,1
LN001720,16,116748.75,Current,0,ServicerE,SystemB,2024-06-15,0
LN000165,3,223139.9,Current,0,ServicerC,SystemB,2024-06-15,0
LN000498,10,122922.96,Current,0,ServicerB,SystemB,2024-06-15,0
LN001524,2,67102.52,Current,0,ServicerB,SystemB,2024-06-15,0
LN001604,4,221639.32424539153,Current,0,ServicerB,SystemB,2024-06-15,1
LN000913,9,546254.99,Current,0,ServicerB,SystemB,2024-06-15,0
LN002530,3,188692.68,Prepaid,0,ServicerD,SystemB,2024-06-15,0
LN000243,6,146097.69,30DPD,0,ServicerA,SystemB,2024-06-15,1
LN001194,3,462169.93,Current,0,ServicerE,SystemB,2024-06-15,0
LN001848,8,228841.78,Current,0,ServicerA,SystemB,2024-06-15,0
LN001080,1,102681.69,Current,0,ServicerC,SystemB,2024-06-15,0
LN002543,21,706536.39,Current,0,ServicerB,SystemB,2024-06-15,0
LN000051,5,409235.82,Current,0,ServicerD,SystemB,2024-06-15,0
LN001849,12,470530.2564711948,60DPD,60,ServicerE,SystemB,2024-06-15,1
LN000034,2,297720.78,90DPD,30,ServicerD,SystemB,2024-06-15,1
LN000829,6,414893.5,Current,0,ServicerC,SystemB,2024-06-15,1
LN002399,8,228939.19,Current,60,ServicerA,SystemB,2024-06-15,1
LN001984,7,167685.56,30DPD,30,ServicerE,SystemB,2024-06-15,0
LN000057,5,130101.07,Current,0,ServicerD,SystemB,2024-06-15,0
LN000422,17,238880.47,Current,90,ServicerD,SystemB,2024-06-15,1
LN000484,18,539740.5564291731,Current,0,ServicerC,SystemB,2024-06-15,1
LN001841,1,142199.33,Current,0,ServicerE,SystemB,2024-06-15,0
LN002859,4,92776.49,Current,0,ServicerB,SystemB,2024-06-15,0
LN000050,19,270536.01,60DPD,0,ServicerE,SystemB,2024-06-15,1
LN002821,3,128116.4,Current,0,ServicerA,SystemB,2024-06-15,1
LN000740,2,130993.22,Prepaid,0,ServicerA,SystemB,2024-06-15,0
LN000909,13,302503.23,30DPD,90,ServicerA,SystemB,2024-06-15,1
LN002761,4,221655.82,Current,0,ServicerB,SystemB,2024-06-15,0
LN002756,21,318792.23,Current,0,ServicerE,SystemB,2024-06-15,0
LN001607,13,268783.0,Current,0,ServicerE,SystemB,2024-06-15,0
LN000271,1,174533.09,Current,30,ServicerB,SystemB,2024-06-15,1
LN000555,16,,Current,0,ServicerD,SystemB,2024-06-15,0
LN002036,5,138751.98,90DPD,90,ServicerC,SystemB,2024-06-15,0
LN002699,21,393170.99,Current,0,ServicerA,SystemB,2024-06-15,0
LN000604,6,309818.79,Current,0,ServicerC,SystemB,2024-06-15,0
LN001999,3,207892.76,30DPD,30,ServicerD,SystemB,2024-06-15,0
LN000975,7,,Current,30,ServicerE,SystemB,2024-06-15,0
LN001366,7,201859.63,Current,0,ServicerA,SystemB,2024-06-15,0
LN002999,7,122282.01,Current,0,ServicerB,SystemB,2024-06-15,1
LN001892,4,133209.8,Current,0,ServicerE,SystemB,2024-06-15,0
LN001167,3,304311.71,30DPD,0,ServicerE,SystemB,2024-06-15,1
LN002248,4,171487.94,Current,0,ServicerA,SystemB,2024-06-15,0
LN000628,5,205159.68,30DPD,30,ServicerC,SystemB,2024-06-15,0
LN002943,2,209168.82,Current,0,ServicerE,SystemB,2024-06-15,0
LN002282,9,205788.33,Prepaid,0,ServicerE,SystemB,2024-06-15,0
LN000374,2,111640.89,Current,0,ServicerB,SystemB,2024-06-15,0
LN002966,5,79834.16,Current,0,ServicerE,SystemB,2024-06-15,0
LN002639,7,107658.83,Current,0,ServicerE,SystemB,2024-06-15,0
LN002860,6,121307.42,90DPD,90,ServicerC,SystemB,2024-06-15,0
LN002950,8,216207.29,30DPD,30,ServicerA,SystemB,2024-06-15,1
LN001033,5,231720.31,Default,120,ServicerB,SystemB,2024-06-15,0
LN001943,3,288895.92,Prepaid,0,ServicerE,SystemB,2024-06-15,0
LN001392,17,389536.81,Prepaid,30,ServicerE,SystemB,2024-06-15,1
LN001660,4,305108.34,Current,0,ServicerC,SystemB,2024-06-15,0
LN002916,31,276885.23,Current,0,ServicerA,SystemB,2024-06-15,0
LN002591,2,191330.12,Current,0,ServicerA,SystemB,2024-06-15,0
LN001611,11,138359.0043006443,Current,0,ServicerD,SystemB,2024-06-15,1
LN000627,6,233099.26,Current,0,ServicerA,SystemB,2024-06-15,0
LN000182,5,402527.93,Prepaid,0,ServicerC,SystemB,2024-06-15,0
LN000699,2,259210.85,Current,60,ServicerB,SystemB,2024-06-15,1
LN001166,5,185614.17,30DPD,30,ServicerD,SystemB,2024-06-15,0
LN002170,3,206391.48,Current,90,ServicerC,SystemB,2024-06-15,1
LN000044,1,215079.51,Current,0,ServicerC,SystemB,2024-06-15,0
LN001710,30,-304955.68,Current,0,ServicerC,SystemB,2024-06-15,0
LN002805,5,141221.58,Default,30,ServicerE,SystemB,2024-06-15,1
LN001806,4,318716.02,Current,0,ServicerD,SystemB,2024-06-15,0
LN002876,21,234463.92,90DPD,0,ServicerB,SystemB,2024-06-15,1
LN000779,5,329613.64327827026,30DPD,30,ServicerB,SystemB,2024-06-15,1
LN002359,20,127220.08,Default,120,ServicerE,SystemB,2024-06-15,0
LN002470,16,130522.32,30DPD,30,ServicerB,SystemB,2024-06-15,0
LN002172,4,97511.46,Current,0,ServicerE,SystemB,2024-06-15,0
LN001139,5,379246.94,90DPD,90,ServicerE,SystemB,2024-06-15,0
LN002842,1,151647.67,Current,0,ServicerA,SystemB,2024-06-15,0
LN001527,17,226819.39,90DPD,0,ServicerE,SystemB,2024-06-15,1
LN001338,6,68908.37,30DPD,30,ServicerC,SystemB,2024-06-15,0
LN001221,27,173191.51,Prepaid,0,ServicerB,SystemB,2024-06-15,0
LN000621,4,184152.3660657567,Current,0,ServicerB,SystemB,2024-06-15,1
LN001602,10,78794.15195556103,30DPD,30,ServicerC,SystemB,2024-06-15,1
LN002971,4,214134.44,Current,0,ServicerD,SystemB,2024-06-15,0
LN001798,4,192934.83,Current,0,ServicerE,SystemB,2024-06-15,0
LN001501,1,885472.2675155349,Current,0,ServicerA,SystemB,2024-06-15,0
LN001848,1,230703.1,Current,0,ServicerA,SystemB,2024-06-15,0
LN002957,15,158671.32,Current,0,ServicerD,SystemB,2024-06-15,0
LN001031,9,181880.26,Current,90,ServicerA,SystemB,2024-06-15,1
LN001761,1,476902.19,Current,0,ServicerE,SystemB,2024-06-15,0
LN000527,7,618270.15,Prepaid,0,ServicerA,SystemB,2024-06-15,0
LN002999,12,121447.02,Current,0,ServicerB,SystemB,2024-06-15,0
LN001659,19,155789.5,Current,0,ServicerA,SystemB,2024-06-15,0
LN000425,8,101737.14,Prepaid,0,ServicerE,SystemB,2024-06-15,0
LN002639,17,105830.02,Current,0,ServicerE,SystemB,2024-06-15,0
LN002231,1,198357.56,Current,0,ServicerE,SystemB,2024-06-15,0
LN000381,2,236625.2073389286,Current,0,ServicerA,SystemB,2024-06-15,0
LN000588,1,344237.28,Current,0,ServicerC,SystemB,2024-06-15,0
LN001591,10,282629.4,Current,0,ServicerA,SystemB,2024-06-15,0
LN001944,5,211921.59,Current,30,ServicerC,SystemB,2024-06-15,1
LN000188,7,163310.39,Current,60,ServicerB,SystemB,2024-06-15,1
LN001654,8,134682.19,Current,0,ServicerB,SystemB,2024-06-15,0
LN002922,3,196797.6,Current,0,ServicerB,SystemB,2024-06-15,0
LN002231,9,196354.0,30DPD,30,ServicerE,SystemB,2024-06-15,0
LN002773,26,203385.12,60DPD,60,ServicerD,SystemB,2024-06-15,0
LN000219,30,243999.03,Current,0,ServicerB,SystemB,2024-06-15,0
LN001728,19,99127.05,Current,0,ServicerC,SystemB,2024-06-15,0
LN002548,5,153409.59,Current,0,ServicerC,SystemB,2024-06-15,0
LN001489,15,106612.85,Current,0,ServicerA,SystemB,2024-06-15,0
LN000869,2,181160.32,Current,0,ServicerD,SystemB,2024-06-15,0
LN000692,24,147270.42,Current,0,ServicerC,SystemB,2024-06-15,0
LN001628,14,103055.71,Current,0,ServicerE,SystemB,2024-06-15,0
LN001196,2,238153.0,Current,0,ServicerD,SystemB,2024-06-15,1
LN002443,8,242638.56,Current,0,ServicerE,SystemB,2024-06-15,0
LN002246,12,125654.1,30DPD,0,ServicerD,SystemB,2024-06-15,1
LN001652,6,210491.19,Prepaid,0,ServicerB,SystemB,2024-06-15,0
LN000659,24,139800.15,Current,0,ServicerB,SystemB,2024-06-15,0
LN002294,6,283655.51,Prepaid,0,ServicerA,SystemB,2024-06-15,0
LN000397,1,135426.86,Current,0,ServicerC,SystemB,2024-06-15,0
LN002769,6,156275.59,Current,0,ServicerD,SystemB,2024-06-15,0
LN002432,2,186532.72,Current,30,ServicerE,SystemB,2024-06-15,1
LN000298,1,90517.65,Current,0,ServicerB,SystemB,2024-06-15,0
LN001876,24,232330.35,Prepaid,0,ServicerA,SystemB,2024-06-15,0
LN000661,26,131391.01,Current,0,ServicerE,SystemB,2024-06-15,0
LN002881,4,420893.84,30DPD,30,ServicerE,SystemB,2024-06-15,0
LN001041,28,108845.17,Current,0,ServicerB,SystemB,2024-06-15,0
LN000131,22,256335.54,Current,60,ServicerE,SystemB,2024-06-15,1
LN001157,12,224375.08,Current,0,ServicerD,SystemB,2024-06-15,0
LN000643,3,114854.28,Current,0,ServicerB,SystemB,2024-06-15,0
LN001613,6,309302.69,Current,0,ServicerD,SystemB,2024-06-15,0
LN000330,16,277875.68,90DPD,0,ServicerD,SystemB,2024-06-15,1
LN001771,5,215515.66491712673,Current,0,ServicerC,SystemB,2024-06-15,1
LN002109,30,214289.74,60DPD,60,ServicerE,SystemB,2024-06-15,0
LN001050,25,189965.79,Current,0,ServicerD,SystemB,2024-06-15,0
LN002450,13,333056.26,60DPD,60,ServicerA,SystemB,2024-06-15,0
LN000769,6,165283.36,Current,60,ServicerD,SystemB,2024-06-15,1
LN001145,11,193023.49,Current,0,ServicerB,SystemB,2024-06-15,0
LN000640,21,234052.78,60DPD,60,ServicerC,SystemB,2024-06-15,0
LN002767,5,141744.11,30DPD,0,ServicerD,SystemB,2024-06-15,1
LN000820,14,332635.92,60DPD,0,ServicerB,SystemB,2024-06-15,1
LN001559,5,173029.08,Current,0,ServicerC,SystemB,2024-06-15,0
LN000107,12,264347.45,Current,0,ServicerD,SystemB,2024-06-15,0
LN000474,10,,Current,0,ServicerD,SystemB,2024-06-15,0
LN001049,12,147887.06,Current,0,ServicerB,SystemB,2024-06-15,0
LN000966,11,132054.9,Current,0,ServicerB,SystemB,2024-06-15,0
LN000596,19,448482.88,Current,0,ServicerA,SystemB,2024-06-15,0
LN002976,15,198675.14,Current,0,ServicerE,SystemB,2024-06-15,0
LN002650,9,172743.48,Current,0,ServicerD,SystemB,2024-06-15,0
LN002977,3,116468.82,Current,0,ServicerD,SystemB,2024-06-15,0
LN002125,6,,Current,0,ServicerC,SystemB,2024-06-15,0
LN002485,4,255227.5,Current,0,ServicerD,SystemB,2024-06-15,0
LN002025,6,198852.35139354062,60DPD,60,ServicerE,SystemB,2024-06-15,1
LN000727,9,175416.98693909895,Prepaid,0,ServicerB,SystemB,2024-06-15,1
LN000668,1,210909.03,Current,0,ServicerB,SystemB,2024-06-15,0
LN002600,16,81547.03,Current,0,ServicerB,SystemB,2024-06-15,0
LN001875,18,-117625.98,Current,0,ServicerB,SystemB,2024-06-15,0
LN001328,12,421284.91,Current,0,ServicerA,SystemB,2024-06-15,0
LN002534,1,160521.14,Current,0,ServicerC,SystemB,2024-06-15,0
LN001189,21,293245.95,Current,0,ServicerC,SystemB,2024-06-15,0
LN000421,4,156181.55,Current,0,ServicerE,SystemB,2024-06-15,0
LN002316,15,183538.66,Prepaid,0,ServicerD,SystemB,2024-06-15,0
LN000719,29,166700.94,Current,0,ServicerE,SystemB,2024-06-15,0
LN000427,7,192246.82,Prepaid,30,ServicerB,SystemB,2024-06-15,1
LN001011,10,142826.14,Current,0,ServicerA,SystemB,2024-06-15,0
LN001131,2,112905.07500129868,Current,0,ServicerA,SystemB,2024-06-15,1
LN002977,13,168215.3722148695,Current,0,ServicerD,SystemB,2024-06-15,0
LN001936,11,689983.98,Current,0,ServicerE,SystemB,2024-06-15,0
LN000412,10,193299.34,Current,0,ServicerE,SystemB,2024-06-15,0
LN000896,1,182832.23,Current,0,ServicerD,SystemB,2024-06-15,0
LN001301,18,71626.95,Current,0,ServicerD,SystemB,2024-06-15,0
LN002876,12,,30DPD,30,ServicerB,SystemB,2024-06-15,0
LN002872,4,265837.07318753534,Current,0,ServicerA,SystemB,2024-06-15,1
LN001610,6,284997.61,Default,120,ServicerC,SystemB,2024-06-15,0
LN001758,4,198455.21,Current,0,ServicerA,SystemB,2024-06-15,0
LN002483,3,403367.59,Current,0,ServicerB,SystemB,2024-06-15,0
LN000921,11,276525.5,Current,0,ServicerA,SystemB,2024-06-15,0
LN002543,9,721100.74,Current,0,ServicerB,SystemB,2024-06-15,0
LN002576,1,193658.47,30DPD,0,ServicerB,SystemB,2024-06-15,1
LN002798,19,197032.98,Current,0,ServicerA,SystemB,2024-06-15,0
LN002593,4,250338.01,Default,120,ServicerC,SystemB,2024-06-15,0
LN000571,12,306196.59,30DPD,30,ServicerA,SystemB,2024-06-15,0
LN001724,9,277127.16,Current,0,ServicerA,SystemB,2024-06-15,0
LN000606,6,151411.53,Current,0,ServicerA,SystemB,2024-06-15,0
LN000434,22,300456.11,Current,0,ServicerE,SystemB,2024-06-15,0
LN001038,4,209470.48,Current,0,ServicerD,SystemB,2024-06-15,0
LN000730,26,90453.63,Current,0,ServicerB,SystemB,2024-06-15,0
LN000884,11,126679.82,Prepaid,90,ServicerE,SystemB,2024-06-15,1
LN000560,21,225075.07,Current,0,ServicerD,SystemB,2024-06-15,0
LN001740,2,181841.86419849683,Current,0,ServicerC,SystemB,2024-06-15,0
LN001281,15,351006.22,Current,0,ServicerD,SystemB,2024-06-15,0
LN002435,2,177241.063003461,Prepaid,0,ServicerC,SystemB,2024-06-15,1
LN002323,3,188650.61,Prepaid,0,ServicerD,SystemB,2024-06-15,0
LN000229,2,294057.58,Current,0,ServicerA,SystemB,2024-06-15,0
LN000744,7,184449.31,Prepaid,0,ServicerD,SystemB,2024-06-15,0
LN001510,28,181962.01,Prepaid,0,ServicerB,SystemB,2024-06-15,0
LN001858,4,173858.46,30DPD,30,ServicerD,SystemB,2024-06-15,0
LN000830,2,118286.26,Prepaid,0,ServicerD,SystemB,2024-06-15,0
LN001347,5,111285.36,Current,0,ServicerA,SystemB,2024-06-15,0
LN002989,8,145645.32,Current,0,ServicerC,SystemB,2024-06-15,0
LN000503,1,192628.59,Current,0,ServicerE,SystemB,2024-06-15,0
LN002684,15,253144.98,Prepaid,0,ServicerD,SystemB,2024-06-15,0
LN001064,1,176146.98,Current,0,ServicerB,SystemB,2024-06-15,0
LN002706,2,133242.89,Current,0,ServicerD,SystemB,2024-06-15,0
LN000880,16,330336.93,60DPD,60,ServicerE,SystemB,2024-06-15,0
LN000490,3,311017.87,Current,0,ServicerE,SystemB,2024-06-15,0
LN002452,6,73932.84208994165,Current,0,ServicerA,SystemB,2024-06-15,1
LN001457,17,118449.01,30DPD,30,ServicerB,SystemB,2024-06-15,0
LN000953,3,102184.62,Current,0,ServicerA,SystemB,2024-06-15,0
LN000977,5,287214.35,90DPD,0,ServicerA,SystemB,2024-06-15,1
LN000775,22,186511.88,30DPD,30,ServicerC,SystemB,2024-06-15,0
LN002587,7,289316.38,Current,30,ServicerB,SystemB,2024-06-15,0
LN000414,8,155088.65,60DPD,60,ServicerC,SystemB,2024-06-15,0
LN002474,3,271491.57,Current,0,ServicerB,SystemB,2024-06-15,0
LN001729,3,141714.15,Current,60,ServicerC,SystemB,2024-06-15,1
LN000420,3,250491.19,Current,0,ServicerA,SystemB,2024-06-15,1
LN001990,15,231090.63,Current,0,ServicerE,SystemB,2024-06-15,0
LN000559,1,166860.17,30DPD,0,ServicerA,SystemB,2024-06-15,1
LN000196,28,104373.61108729933,Current,0,ServicerB,SystemB,2024-06-15,0
LN000606,5,151586.45,Current,0,ServicerA,SystemB,2024-06-15,0
LN002353,13,470770.5,90DPD,90,ServicerB,SystemB,2024-06-15,1
LN000938,10,133411.4,30DPD,30,ServicerB,SystemB,2024-06-15,0
LN000660,4,239666.43,60DPD,0,ServicerB,SystemB,2024-06-15,1
LN002807,7,262133.89,Current,0,ServicerB,SystemB,2024-06-15,0
LN001413,2,213845.11,Current,0,ServicerA,SystemB,2024-06-15,0
LN002532,2,218052.19,Current,0,ServicerD,SystemB,2024-06-15,0
LN002225,3,157832.85,Current,0,ServicerA,SystemB,2024-06-15,0
LN002939,5,207988.77,30DPD,30,ServicerB,SystemB,2024-06-15,0
LN001706,1,192428.16536335406,Current,0,ServicerD,SystemB,2024-06-15,1
LN002652,2,430567.9,Current,0,ServicerA,SystemB,2024-06-15,0
LN002281,6,105142.83,30DPD,30,ServicerD,SystemB,2024-06-15,0
LN000511,3,244574.13886502184,Current,0,ServicerC,SystemB,2024-06-15,1
LN001055,18,174211.6,Current,0,ServicerA,SystemB,2024-06-15,0
LN000711,3,112643.73,Current,0,ServicerE,SystemB,2024-06-15,0
LN002067,3,300881.82,30DPD,0,ServicerA,SystemB,2024-06-15,1
LN001079,10,167980.47,Current,0,ServicerB,SystemB,2024-06-15,0
LN002628,15,187968.48,Current,0,ServicerD,SystemB,2024-06-15,0
LN001573,15,150279.39,Current,0,ServicerB,SystemB,2024-06-15,0
LN002418,1,198857.98,Current,0,ServicerA,SystemB,2024-06-15,0
LN000240,10,126078.36,Current,0,ServicerE,SystemB,2024-06-15,0
LN000016,31,138303.19,Current,0,ServicerE,SystemB,2024-06-15,0
LN002452,1,76880.96,Current,0,ServicerA,SystemB,2024-06-15,0
LN000982,6,164192.98,Current,0,ServicerD,SystemB,2024-06-15,0
LN002527,5,222745.03,Current,90,ServicerB,SystemB,2024-06-15,1
LN000146,14,525453.5175907639,Prepaid,0,ServicerD,SystemB,2024-06-15,1
LN000629,1,83229.2,Current,0,ServicerB,SystemB,2024-06-15,0
LN002615,17,119365.01,Current,0,ServicerD,SystemB,2024-06-15,0
LN001105,9,210681.64,Current,0,ServicerE,SystemB,2024-06-15,0
LN001126,6,97776.4,Prepaid,0,ServicerC,SystemB,2024-06-15,0
LN002118,8,332728.27,Current,0,ServicerC,SystemB,2024-06-15,0
LN001664,5,640644.07,Current,0,ServicerD,SystemB,2024-06-15,0
LN002293,2,171175.32,Current,0,ServicerB,SystemB,2024-06-15,0
LN002540,19,139156.36,30DPD,30,ServicerC,SystemB,2024-06-15,0
LN002860,4,121733.28,30DPD,30,ServicerC,SystemB,2024-06-15,0
LN000600,12,199908.39,Current,0,ServicerC,SystemB,2024-06-15,0
LN000732,6,121287.62,Current,0,ServicerA,SystemB,2024-06-15,0
LN002320,3,232029.06,Current,0,ServicerD,SystemB,2024-06-15,0
LN002337,3,118215.55,30DPD,30,ServicerC,SystemB,2024-06-15,0
LN002122,3,312777.32,Prepaid,0,ServicerE,SystemB,2024-06-15,0
LN001571,8,126418.56,Current,0,ServicerD,SystemB,2024-06-15,0
LN001072,17,221902.64,Current,0,ServicerE,SystemB,2024-06-15,0
LN001352,2,123676.07,30DPD,30,ServicerC,SystemB,2024-06-15,0
LN002308,5,140475.52,Current,30,ServicerA,SystemB,2024-06-15,0
LN001816,13,161326.22,Current,0,ServicerB,SystemB,2024-06-15,0
LN000506,3,172955.8509106285,Current,0,ServicerD,SystemB,2024-06-15,1
LN001860,5,78017.63,Current,0,ServicerA,SystemB,2024-06-15,0
LN000615,2,407084.75,Current,0,ServicerA,SystemB,2024-06-15,0
LN000682,7,163905.45385137686,30DPD,30,ServicerD,SystemB,2024-06-15,1
LN002721,26,106079.1,Current,0,ServicerE,SystemB,2024-06-15,1
LN000752,14,138430.91,Prepaid,0,ServicerC,SystemB,2024-06-15,0
LN002709,2,182958.86,Current,0,ServicerA,SystemB,2024-06-15,1
LN002572,12,207268.06,Current,0,ServicerA,SystemB,2024-06-15,0
LN000926,5,86683.0,Current,0,ServicerA,SystemB,2024-06-15,0
LN001669,6,102110.95432237208,Current,0,ServicerC,SystemB,2024-06-15,1
LN001826,6,233625.38,Current,60,ServicerA,SystemB,2024-06-15,1
LN000255,7,197335.73,Current,0,ServicerE,SystemB,2024-06-15,0
LN002938,1,176538.01,Current,0,ServicerD,SystemB,2024-06-15,0
LN001534,6,141540.23,Current,0,ServicerD,SystemB,2024-06-15,0
LN001689,12,247748.78,Current,0,ServicerB,SystemB,2024-06-15,0
LN001522,6,509613.14,Current,0,ServicerD,SystemB,2024-06-15,0
LN001072,5,226024.54,30DPD,30,ServicerE,SystemB,2024-06-15,0
LN000676,7,176351.23,30DPD,30,ServicerC,SystemB,2024-06-15,0
LN000254,16,216219.78,30DPD,30,ServicerB,SystemB,2024-06-15,0
LN000730,3,93381.15,Current,60,ServicerB,SystemB,2024-06-15,1
LN002524,3,360286.06,Current,0,ServicerE,SystemB,2024-06-15,0
LN000806,6,81909.41385817685,60DPD,60,ServicerB,SystemB,2024-06-15,1
LN001215,5,88872.12,Current,0,ServicerE,SystemB,2024-06-15,0
LN002554,12,122617.97,90DPD,0,ServicerA,SystemB,2024-06-15,1
LN000379,6,116657.63,Current,0,ServicerD,SystemB,2024-06-15,0
LN002685,2,210118.7,Current,0,ServicerE,SystemB,2024-06-15,0
LN002606,10,204460.44,Current,0,ServicerA,SystemB,2024-06-15,0
LN001710,23,,Current,0,ServicerC,SystemB,2024-06-15,0
LN000348,14,119543.98956959676,Current,0,ServicerE,SystemB,2024-06-15,1
LN002124,8,659585.7387955236,Current,0,ServicerD,SystemB,2024-06-15,0
LN001451,13,174804.79,Current,0,ServicerC,SystemB,2024-06-15,0
LN002311,4,,Current,0,ServicerC,SystemB,2024-06-15,0
LN002226,17,289956.19,Prepaid,0,ServicerE,SystemB,2024-06-15,0
LN002789,7,189500.9,Current,0,ServicerC,SystemB,2024-06-15,0
LN001175,3,199041.21,Current,0,ServicerB,SystemB,2024-06-15,0
LN001030,16,,30DPD,30,ServicerC,SystemB,2024-06-15,0
LN000399,16,256414.58,Current,0,ServicerD,SystemB,2024-06-15,0
LN000806,14,96997.55,Current,0,ServicerB,SystemB,2024-06-15,0
LN001634,7,366229.46,Current,0,ServicerA,SystemB,2024-06-15,0
LN001350,21,204639.0609217944,Current,0,ServicerE,SystemB,2024-06-15,1
LN001121,15,101092.32,Current,0,ServicerA,SystemB,2024-06-15,0
LN002667,14,786302.4,30DPD,30,ServicerA,SystemB,2024-06-15,0
LN000232,1,324097.89,Current,0,ServicerE,SystemB,2024-06-15,0
LN002387,22,245136.98,60DPD,0,ServicerB,SystemB,2024-06-15,1
LN000554,28,529756.8564257799,Prepaid,0,ServicerE,SystemB,2024-06-15,0
LN000575,10,307007.96,Current,0,ServicerA,SystemB,2024-06-15,1
LN001534,11,140797.09,Current,0,ServicerD,SystemB,2024-06-15,0
LN000656,10,156114.15,Current,0,ServicerE,SystemB,2024-06-15,0
LN002858,14,103502.94,Current,0,ServicerC,SystemB,2024-06-15,0
LN000590,4,551755.52,Current,0,ServicerE,SystemB,2024-06-15,0
LN001575,5,,Current,0,ServicerB,SystemB,2024-06-15,0
LN002851,11,419150.35,Current,0,ServicerE,SystemB,2024-06-15,0
LN000667,3,96311.65,Current,0,ServicerE,SystemB,2024-06-15,0
LN000746,6,253306.59,30DPD,30,ServicerC,SystemB,2024-06-15,0
LN000535,27,141436.22,Current,0,ServicerC,SystemB,2024-06-15,0
LN000804,8,179952.12,Current,0,ServicerB,SystemB,2024-06-15,0
LN002785,3,266860.1,Current,0,ServicerC,SystemB,2024-06-15,0
LN000541,1,184644.29015112662,Current,0,ServicerC,SystemB,2024-06-15,1
LN001303,21,201322.43,Current,0,ServicerD,SystemB,2024-06-15,0
LN001034,8,514332.6,Current,0,ServicerA,SystemB,2024-06-15,0
LN002213,5,120489.32,Current,0,ServicerA,SystemB,2024-06-15,0
LN000434,1,309295.1,Current,0,ServicerE,SystemB,2024-06-15,0
LN002971,23,209999.31,Current,0,ServicerD,SystemB,2024-06-15,0
LN000127,30,162485.85,Current,0,ServicerA,SystemB,2024-06-15,0
LN000000,6,108302.83388298505,30DPD,30,ServicerE,SystemB,2024-06-15,1
LN000998,4,214110.95,Current,0,ServicerB,SystemB,2024-06-15,0
LN000875,6,216180.8,Current,0,ServicerA,SystemB,2024-06-15,0
LN001397,13,135275.07,Current,0,ServicerB,SystemB,2024-06-15,0
LN001980,8,395376.65,Current,0,ServicerE,SystemB,2024-06-15,0
LN002053,4,77785.5,Current,0,ServicerA,SystemB,2024-06-15,0
LN000608,6,148791.81,30DPD,30,ServicerE,SystemB,2024-06-15,0
LN000658,5,185930.49225709852,Current,0,ServicerE,SystemB,2024-06-15,1
LN002831,6,299472.21,Current,0,ServicerE,SystemB,2024-06-15,0
LN001212,4,574104.67,Current,0,ServicerD,SystemB,2024-06-15,0
LN002141,1,106860.2,Current,0,ServicerC,SystemB,2024-06-15,0
LN000532,5,199165.24,Prepaid,0,ServicerE,SystemB,2024-06-15,0
LN002254,5,230106.53,Current,0,ServicerC,SystemB,2024-06-15,0
LN002467,36,139401.94,Current,90,ServicerD,SystemB,2024-06-15,1
LN001306,11,198112.62,Current,0,ServicerB,SystemB,2024-06-15,0
LN002643,1,415613.16,Current,60,ServicerC,SystemB,2024-06-15,1
LN000166,9,209206.8,Current,0,ServicerB,SystemB,2024-06-15,0
LN000144,6,99282.11,Current,0,ServicerB,SystemB,2024-06-15,0
LN002775,9,105247.11,Current,0,ServicerE,SystemB,2024-06-15,0
LN002286,3,290744.97,Current,0,ServicerA,SystemB,2024-06-15,0
LN000033,2,205523.51,Current,0,ServicerD,SystemB,2024-06-15,0
LN000846,1,93844.09,Current,90,ServicerC,SystemB,2024-06-15,1
LN002837,12,284240.5012229389,Current,0,ServicerC,SystemB,2024-06-15,1
LN000920,8,256226.39,Current,0,ServicerA,SystemB,2024-06-15,0
LN002077,16,81321.67,Current,0,ServicerC,SystemB,2024-06-15,0
LN001383,10,166684.61,Current,0,ServicerD,SystemB,2024-06-15,0
LN000294,1,188892.38,Current,0,ServicerC,SystemB,2024-06-15,0
LN000673,8,97349.4,30DPD,30,ServicerB,SystemB,2024-06-15,0
LN000437,2,139595.24,Current,0,ServicerE,SystemB,2024-06-15,0
LN001764,2,89299.82,Current,0,ServicerD,SystemB,2024-06-15,0
LN002029,2,266203.94,Current,0,ServicerD,SystemB,2024-06-15,0
LN000200,4,257825.85,Current,0,ServicerD,SystemB,2024-06-15,0
LN002954,7,271041.15,Current,90,ServicerC,SystemB,2024-06-15,1
LN002939,3,249950.75447836381,Current,0,ServicerB,SystemB,2024-06-15,1
LN001691,5,518258.81,30DPD,30,ServicerA,SystemB,2024-06-15,0
LN000583,8,241772.29,30DPD,30,ServicerA,SystemB,2024-06-15,0
LN002630,14,239037.92,Prepaid,0,ServicerB,SystemB,2024-06-15,0
LN001673,12,209652.94,Current,0,ServicerB,SystemB,2024-06-15,0
LN002901,7,144481.42,Current,0,ServicerB,SystemB,2024-06-15,0
LN000810,11,87902.74,Current,0,ServicerB,SystemB,2024-06-15,0
LN001818,16,200835.04,Current,0,ServicerA,SystemB,2024-06-15,0
LN002676,22,184366.84359431823,30DPD,30,ServicerC,SystemB,2024-06-15,1
LN001887,2,335339.05,Prepaid,0,ServicerE,SystemB,2024-06-15,0
LN001571,5,126932.85,Current,0,ServicerD,SystemB,2024-06-15,0
LN002614,16,195667.07631781304,Current,0,ServicerA,SystemB,2024-06-15,1
LN000942,7,138591.96,Current,0,ServicerB,SystemB,2024-06-15,0
LN002252,2,,Current,0,ServicerD,SystemB,2024-06-15,0
LN001726,33,156943.46,30DPD,0,ServicerC,SystemB,2024-06-15,1
LN001451,8,175879.49,Current,0,ServicerC,SystemB,2024-06-15,0
LN001147,14,108951.05,Current,0,ServicerA,SystemB,2024-06-15,0
LN000668,21,204889.54,Current,0,ServicerB,SystemB,2024-06-15,0
LN000758,18,235143.44,Current,0,ServicerB,SystemB,2024-06-15,0
LN000219,10,249605.01,Current,0,ServicerB,SystemB,2024-06-15,0
LN000502,5,159118.45,Current,0,ServicerE,SystemB,2024-06-15,0
LN002989,9,,Current,0,ServicerC,SystemB,2024-06-15,0
LN001956,5,154603.4,Current,0,ServicerB,SystemB,2024-06-15,1
LN000229,1,294487.79,Current,30,ServicerA,SystemB,2024-06-15,0
LN000088,6,150999.67235705664,Prepaid,0,ServicerD,SystemB,2024-06-15,1
LN001630,16,164121.9818476481,Current,0,ServicerB,SystemB,2024-06-15,1
LN000049,17,148131.08,Current,30,ServicerE,SystemB,2024-06-15,1
LN001016,3,352601.23,Current,0,ServicerC,SystemB,2024-06-15,0
LN001581,7,86548.45,Current,0,ServicerB,SystemB,2024-06-15,0
LN000781,1,344164.11,Current,0,ServicerA,SystemB,2024-06-15,1
LN002548,12,152140.61,60DPD,60,ServicerC,SystemB,2024-06-15,0
LN001045,13,233039.33,Current,0,ServicerE,SystemB,2024-06-15,0
LN000754,28,311357.7428007379,60DPD,60,ServicerA,SystemB,2024-06-15,0
LN001407,10,123166.34,Current,0,ServicerD,SystemB,2024-06-15,0
LN000418,16,555996.21,Prepaid,0,ServicerD,SystemB,2024-06-15,0
LN001776,4,194747.31,Current,0,ServicerB,SystemB,2024-06-15,0
LN001656,12,183224.64,Current,0,ServicerE,SystemB,2024-06-15,0
LN002866,2,129390.10203648903,Current,0,ServicerB,SystemB,2024-06-15,1
LN002076,13,160770.21,Current,0,ServicerA,SystemB,2024-06-15,0
LN000043,9,134171.376072684,Current,0,ServicerC,SystemB,2024-06-15,1
LN000081,2,112805.42,Current,0,ServicerE,SystemB,2024-06-15,0
LN001652,3,211046.32,Current,0,ServicerB,SystemB,2024-06-15,0
LN000429,2,290640.05,Current,0,ServicerD,SystemB,2024-06-15,0
LN000803,9,779696.81,Prepaid,0,ServicerD,SystemB,2024-06-15,0
LN000721,21,247275.33,Current,0,ServicerC,SystemB,2024-06-15,0
LN001610,4,285369.09,Current,0,ServicerC,SystemB,2024-06-15,0
LN000367,4,388795.97,Current,0,ServicerA,SystemB,2024-06-15,0
LN001228,17,109733.07,Current,0,ServicerA,SystemB,2024-06-15,0
LN000087,13,330249.18,Current,0,ServicerC,SystemB,2024-06-15,0
LN002931,6,231924.98,Current,0,ServicerB,SystemB,2024-06-15,0
LN002500,19,369925.28,Current,0,ServicerD,SystemB,2024-06-15,0
LN000677,3,110379.16,Current,0,ServicerC,SystemB,2024-06-15,0
LN002860,7,121307.42,Default,120,ServicerC,SystemB,2024-06-15,0
LN002862,4,439141.21,Current,0,ServicerE,SystemB,2024-06-15,1
LN002470,11,131293.16,Current,0,ServicerB,SystemB,2024-06-15,0
LN002412,1,176336.76,Current,0,ServicerC,SystemB,2024-06-15,0
LN001177,19,208326.98,Current,0,ServicerA,SystemB,2024-06-15,0
LN000560,8,229967.98,90DPD,0,ServicerD,SystemB,2024-06-15,1
LN002957,4,161029.48,Current,0,ServicerD,SystemB,2024-06-15,0
LN002957,2,161458.24,Current,0,ServicerD,SystemB,2024-06-15,0
LN002450,3,337562.98,Current,0,ServicerA,SystemB,2024-06-15,0
LN000560,13,228086.09,Current,0,ServicerD,SystemB,2024-06-15,0
LN001534,3,141986.12,60DPD,60,ServicerD,SystemB,2024-06-15,0
LN000467,7,156025.95,30DPD,30,ServicerB,SystemB,2024-06-15,1
LN001729,2,141912.1,60DPD,0,ServicerC,SystemB,2024-06-15,1
LN002690,23,390625.13124046085,Current,0,ServicerC,SystemB,2024-06-15,1
LN002123,2,183300.02,Current,0,ServicerC,SystemB,2024-06-15,0
LN000789,13,300740.25,Current,0,ServicerC,SystemB,2024-06-15,0
LN001532,1,56177.58,Current,0,ServicerB,SystemB,2024-06-15,0
LN001202,7,138075.2,Current,0,ServicerE,SystemB,2024-06-15,0
LN001596,9,104805.73,Current,0,ServicerD,SystemB,2024-06-15,0
LN002369,6,181193.11,90DPD,0,ServicerA,SystemB,2024-06-15,1
LN002538,12,124362.17,30DPD,120,ServicerD,SystemB,2024-06-15,1
LN002427,16,205058.94,Current,0,ServicerD,SystemB,2024-06-15,0
LN001436,4,321414.72,Current,0,ServicerC,SystemB,2024-06-15,0
LN000934,4,503705.99,60DPD,60,ServicerA,SystemB,2024-06-15,0
LN002145,15,161860.78,Current,0,ServicerE,SystemB,2024-06-15,0
LN002855,9,81303.15,Current,0,ServicerE,SystemB,2024-06-15,0
LN001374,1,211343.7,Current,0,ServicerA,SystemB,2024-06-15,0
LN001297,8,,Current,0,ServicerA,SystemB,2024-06-15,0
LN000373,6,61382.66,Current,0,ServicerD,SystemB,2024-06-15,0
LN002557,15,235838.76,Current,0,ServicerB,SystemB,2024-06-15,0
LN001281,19,349392.68,Current,0,ServicerD,SystemB,2024-06-15,0
LN002745,3,251540.07,Prepaid,0,ServicerD,SystemB,2024-06-15,0
LN000776,11,84369.33253736157,Current,0,ServicerD,SystemB,2024-06-15,1
LN001463,3,208225.18,Current,0,ServicerB,SystemB,2024-06-15,0
LN002605,11,600025.96,90DPD,90,ServicerA,SystemB,2024-06-15,0
LN002118,30,323211.26,Current,0,ServicerC,SystemB,2024-06-15,0
LN002820,23,165137.6,Current,0,ServicerC,SystemB,2024-06-15,0
LN001974,1,305666.64,Current,0,ServicerD,SystemB,2024-06-15,0
LN001321,7,259275.07,Current,0,ServicerC,SystemB,2024-06-15,0
LN002796,17,245730.67,Current,0,ServicerC,SystemB,2024-06-15,0
LN000981,15,180954.48,Current,0,ServicerC,SystemB,2024-06-15,1
LN002513,5,280244.48,60DPD,0,ServicerA,SystemB,2024-06-15,1
LN002362,6,207450.01696531882,Current,0,ServicerA,SystemB,2024-06-15,1
LN001687,4,170561.71,Current,0,ServicerE,SystemB,2024-06-15,0
LN000972,4,179308.77,Current,0,ServicerD,SystemB,2024-06-15,0
LN002739,2,288372.02,Current,0,ServicerA,SystemB,2024-06-15,0
LN000387,7,124992.78,Current,30,ServicerC,SystemB,2024-06-15,1
LN001431,15,429952.16599274066,Current,0,ServicerE,SystemB,2024-06-15,1
LN001807,10,389822.92,90DPD,90,ServicerE,SystemB,2024-06-15,0
LN000375,2,244359.12,Current,0,ServicerA,SystemB,2024-06-15,0
LN002569,14,135479.88,Default,120,ServicerB,SystemB,2024-06-15,0
LN002957,22,157385.04,Prepaid,60,ServicerD,SystemB,2024-06-15,1
LN001156,17,,Current,0,ServicerC,SystemB,2024-06-15,0
LN001689,13,247387.1,Current,90,ServicerB,SystemB,2024-06-15,1
LN002989,28,141436.13,Current,0,ServicerC,SystemB,2024-06-15,0
LN002069,2,164584.71,Current,0,ServicerD,SystemB,2024-06-15,0
LN001713,10,206727.41,Current,0,ServicerC,SystemB,2024-06-15,0
LN001503,19,216484.82,Current,0,ServicerA,SystemB,2024-06-15,0
LN000844,4,100019.43,Current,0,ServicerB,SystemB,2024-06-15,0
LN002155,2,109065.0,Prepaid,0,ServicerB,SystemB,2024-06-15,0
LN002775,7,105482.42,Current,0,ServicerE,SystemB,2024-06-15,0
LN002249,4,184417.16,60DPD,60,ServicerA,SystemB,2024-06-15,0
LN002174,14,366749.45,Current,0,ServicerB,SystemB,2024-06-15,0
LN002571,11,265120.3,Current,0,ServicerD,SystemB,2024-06-15,0
LN002793,9,215794.66,Current,0,ServicerE,SystemB,2024-06-15,0
LN001338,12,68324.74,Current,0,ServicerC,SystemB,2024-06-15,1
LN000186,28,339000.85,Current,0,ServicerA,SystemB,2024-06-15,0
LN000409,2,395251.95,Current,0,ServicerE,SystemB,2024-06-15,0
LN000357,3,144216.21,Current,0,ServicerD,SystemB,2024-06-15,0
LN002204,4,116876.74,Current,0,ServicerB,SystemB,2024-06-15,0
LN001400,14,208143.71,Current,0,ServicerE,SystemB,2024-06-15,0
LN002539,4,437918.56,Current,0,ServicerC,SystemB,2024-06-15,0
LN002286,19,283107.46,Current,0,ServicerA,SystemB,2024-06-15,1
LN001268,19,174626.99,Current,0,ServicerC,SystemB,2024-06-15,0
LN002973,3,223525.22,Current,0,ServicerA,SystemB,2024-06-15,0
LN001481,1,263225.23,Current,0,ServicerC,SystemB,2024-06-15,0
LN001372,3,178793.8,Current,0,ServicerC,SystemB,2024-06-15,0
LN002868,17,222264.55,90DPD,90,ServicerE,SystemB,2024-06-15,0
LN000933,2,99192.0,Current,0,ServicerC,SystemB,2024-06-15,0
LN000594,6,535651.32,Prepaid,0,ServicerA,SystemB,2024-06-15,0
LN000266,24,158762.05281461356,Current,0,ServicerC,SystemB,2024-06-15,1
LN002602,8,84715.96,30DPD,120,ServicerA,SystemB,2024-06-15,1
LN000330,11,279621.1,Current,0,ServicerD,SystemB,2024-06-15,0
LN000410,3,241479.28,Current,0,ServicerE,SystemB,2024-06-15,0
LN000111,11,173003.36127668998,Current,0,ServicerA,SystemB,2024-06-15,1
LN002605,10,600872.32,60DPD,60,ServicerA,SystemB,2024-06-15,0
LN001510,14,184785.89,Current,60,ServicerB,SystemB,2024-06-15,0
LN002204,1,117316.44,Current,0,ServicerB,SystemB,2024-06-15,0
LN001846,13,136491.13,90DPD,90,ServicerD,SystemB,2024-06-15,0
LN002273,7,211388.26,Current,0,ServicerD,SystemB,2024-06-15,0
LN000756,3,157782.31,Current,0,ServicerE,SystemB,2024-06-15,0
LN001799,4,179244.13,Current,0,ServicerE,SystemB,2024-06-15,0
LN001809,21,,30DPD,0,ServicerE,SystemB,2024-06-15,1
LN000187,24,366253.12,Current,90,ServicerB,SystemB,2024-06-15,1
LN002222,5,95678.05,Current,0,ServicerC,SystemB,2024-06-15,0
LN002180,1,103043.06,Current,0,ServicerB,SystemB,2024-06-15,0
LN000741,5,319520.09,Current,0,ServicerB,SystemB,2024-06-15,0
LN000418,7,561175.83,Current,0,ServicerD,SystemB,2024-06-15,0
LN002450,1,338464.33,Current,30,ServicerA,SystemB,2024-06-15,1
LN000504,19,249719.58,Current,0,ServicerC,SystemB,2024-06-15,0
LN000750,18,113153.75,Current,0,ServicerE,SystemB,2024-06-15,0
LN001329,2,202020.32,90DPD,90,ServicerB,SystemB,2024-06-15,0
LN001041,30,108524.25,Current,0,ServicerB,SystemB,2024-06-15,0
LN001420,5,170116.34,Current,0,ServicerE,SystemB,2024-06-15,0
LN000026,6,187817.69,Current,0,ServicerB,SystemB,2024-06-15,0
LN001383,15,165708.41,Current,0,ServicerD,SystemB,2024-06-15,0
LN000658,6,188257.24,90DPD,0,ServicerE,SystemB,2024-06-15,1
LN002573,16,158501.67,30DPD,30,ServicerE,SystemB,2024-06-15,0
LN002639,12,106744.42,Current,0,ServicerE,SystemB,2024-06-15,0
LN002509,7,166498.86,Current,0,ServicerC,SystemB,2024-06-15,0
LN001538,4,281724.53,Current,0,ServicerB,SystemB,2024-06-15,0
LN002855,22,80170.93,30DPD,30,ServicerE,SystemB,2024-06-15,0
LN002632,6,405693.47,30DPD,30,ServicerE,SystemB,2024-06-15,0
LN000016,13,141197.02,30DPD,30,ServicerE,SystemB,2024-06-15,0
LN000755,11,233241.66,Current,0,ServicerC,SystemB,2024-06-15,0
LN002118,27,324509.04,Current,0,ServicerC,SystemB,2024-06-15,0
LN001156,32,67957.34,Current,0,ServicerC,SystemB,2024-06-15,0
LN002392,8,126700.55,60DPD,90,ServicerA,SystemB,2024-06-15,1
LN002037,7,276331.99,Current,0,ServicerB,SystemB,2024-06-15,0
LN002046,7,162467.6130683261,Current,0,ServicerC,SystemB,2024-06-15,1
LN001372,7,177753.52,30DPD,30,ServicerC,SystemB,2024-06-15,1
LN002841,27,282003.8,Current,30,ServicerB,SystemB,2024-06-15,1
LN000353,8,221283.82,Current,0,ServicerE,SystemB,2024-06-15,0
LN000704,10,186990.0,Current,30,ServicerC,SystemB,2024-06-15,1
LN001218,13,138824.18,Current,0,ServicerA,SystemB,2024-06-15,0
LN002475,10,516441.36,Current,30,ServicerB,SystemB,2024-06-15,1
LN000424,3,286019.89,90DPD,90,ServicerE,SystemB,2024-06-15,0
LN001865,4,375891.05,Current,0,ServicerC,SystemB,2024-06-15,0
LN000230,1,173082.41,Current,0,ServicerE,SystemB,2024-06-15,0
LN001719,7,234914.8,Current,0,ServicerE,SystemB,2024-06-15,0
LN002796,27,243032.24,30DPD,30,ServicerC,SystemB,2024-06-15,1
LN002159,2,578841.38,Current,0,ServicerA,SystemB,2024-06-15,0
LN000843,9,162933.78,Current,30,ServicerB,SystemB,2024-06-15,1
LN000697,5,233741.53,60DPD,60,ServicerC,SystemB,2024-06-15,0
LN001315,2,234674.98,Current,0,ServicerB,SystemB,2024-06-15,0
LN001689,22,244131.94,30DPD,30,ServicerB,SystemB,2024-06-15,0
LN001450,6,168352.25,Current,0,ServicerD,SystemB,2024-06-15,0
LN000169,2,148622.3,Current,0,ServicerD,SystemB,2024-06-15,0
LN000554,13,237941.79,Current,0,ServicerE,SystemB,2024-06-15,0
LN001170,16,218678.56951152696,Current,0,ServicerC,SystemB,2024-06-15,1
LN000520,9,190575.7,Current,0,ServicerD,SystemB,2024-06-15,0
LN002250,22,101321.94,Current,0,ServicerE,SystemB,2024-06-15,0
LN000145,2,111574.53,Current,0,ServicerE,SystemB,2024-06-15,0
LN000233,7,150643.07,Current,0,ServicerA,SystemB,2024-06-15,0
LN001435,17,159415.37,Current,0,ServicerC,SystemB,2024-06-15,0
LN001617,1,90293.5,Current,0,ServicerB,SystemB,2024-06-15,0
LN002443,4,244299.78,Current,0,ServicerE,SystemB,2024-06-15,0
LN002179,3,295778.09,Current,0,ServicerB,SystemB,2024-06-15,0
LN002969,7,307927.39,Current,0,ServicerA,SystemB,2024-06-15,1
LN001041,29,108684.71,Current,0,ServicerB,SystemB,2024-06-15,0
LN000585,11,65086.12,Current,0,ServicerD,SystemB,2024-06-15,0
LN002010,5,148245.91,Current,0,ServicerB,SystemB,2024-06-15,0
LN001108,21,125936.22,Current,0,ServicerA,SystemB,2024-06-15,0
LN001161,10,164734.87,Default,120,ServicerD,SystemB,2024-06-15,0
LN001252,9,178883.55,Current,0,ServicerE,SystemB,2024-06-15,0
LN001782,1,105164.68,Current,0,ServicerB,SystemB,2024-06-15,0
LN001656,11,183425.92,Current,0,ServicerE,SystemB,2024-06-15,0
LN002877,9,158313.21,Prepaid,0,ServicerE,SystemB,2024-06-15,0
LN000632,21,145569.93,Current,0,ServicerD,SystemB,2024-06-15,0
LN002750,3,252454.27,Current,0,ServicerC,SystemB,2024-06-15,0
LN001335,13,362981.33,Current,0,ServicerC,SystemB,2024-06-15,0
LN001477,6,75805.74,Current,0,ServicerA,SystemB,2024-06-15,0
LN002116,9,56397.65,Current,0,ServicerA,SystemB,2024-06-15,0
LN002523,5,136545.63,Prepaid,0,ServicerC,SystemB,2024-06-15,0
LN001237,12,372692.21,60DPD,60,ServicerE,SystemB,2024-06-15,0
LN001858,6,173671.32,Default,120,ServicerD,SystemB,2024-06-15,0
LN000390,2,237618.36,30DPD,30,ServicerC,SystemB,2024-06-15,0
LN001932,2,797932.4,Current,0,ServicerE,SystemB,2024-06-15,0
LN002148,16,113369.16,Current,0,ServicerD,SystemB,2024-06-15,0
LN001026,12,156024.43,Current,0,ServicerC,SystemB,2024-06-15,0
LN001593,15,84338.10496215451,90DPD,90,ServicerD,SystemB,2024-06-15,1
LN000735,6,272407.44,Current,0,ServicerB,SystemB,2024-06-15,0
LN002859,14,91662.72,Current,0,ServicerB,SystemB,2024-06-15,0
LN000467,13,154513.05,Current,0,ServicerB,SystemB,2024-06-15,0
LN001842,5,559222.11,Current,60,ServicerE,SystemB,2024-06-15,1
LN002007,5,172634.93,30DPD,30,ServicerE,SystemB,2024-06-15,0
LN002820,9,168023.06,Current,0,ServicerC,SystemB,2024-06-15,0
LN001412,2,517717.83,Current,0,ServicerD,SystemB,2024-06-15,0
LN000261,4,398222.33,Current,0,ServicerD,SystemB,2024-06-15,0
LN001012,9,385738.290906464,Current,0,ServicerC,SystemB,2024-06-15,1
LN002237,13,110571.5,Current,0,ServicerD,SystemB,2024-06-15,0
LN002833,5,161039.92,Prepaid,0,ServicerD,SystemB,2024-06-15,0
LN002842,5,150742.35,Current,0,ServicerA,SystemB,2024-06-15,0
LN001167,1,305203.9,Current,0,ServicerE,SystemB,2024-06-15,0
LN002366,14,238464.68,Current,0,ServicerC,SystemB,2024-06-15,0
LN000735,19,-269350.31,Prepaid,0,ServicerB,SystemB,2024-06-15,0
LN000254,3,220069.58,Current,0,ServicerB,SystemB,2024-06-15,0
LN000395,4,182715.75,Current,0,ServicerC,SystemB,2024-06-15,0
LN002422,13,154491.6,Current,0,ServicerB,SystemB,2024-06-15,0
LN001417,19,514668.36,Current,0,ServicerC,SystemB,2024-06-15,0
LN001719,3,236387.48,Current,0,ServicerE,SystemB,2024-06-15,1
LN001534,22,139162.19,Current,0,ServicerD,SystemB,2024-06-15,0
LN002874,23,199677.84,Current,0,ServicerA,SystemB,2024-06-15,0
LN002485,18,250948.76,Current,0,ServicerD,SystemB,2024-06-15,0
LN002094,7,419125.14510040096,60DPD,60,ServicerD,SystemB,2024-06-15,0
LN001690,4,165018.39,Current,0,ServicerE,SystemB,2024-06-15,0
LN001733,3,201627.53,Current,0,ServicerD,SystemB,2024-06-15,0
LN000657,19,494619.69,Current,0,ServicerB,SystemB,2024-06-15,0
LN002419,5,262605.49,Prepaid,0,ServicerA,SystemB,2024-06-15,0
LN001861,1,578905.3620003869,Current,0,ServicerC,SystemB,2024-06-15,1
LN001933,18,330235.47,Current,0,ServicerE,SystemB,2024-06-15,0
LN001245,4,292704.14,Current,0,ServicerB,SystemB,2024-06-15,0
LN002442,19,136053.5617738628,Current,0,ServicerE,SystemB,2024-06-15,1
LN000442,3,482363.57,Current,0,ServicerD,SystemB,2024-06-15,0
LN001747,25,,Prepaid,0,ServicerC,SystemB,2024-06-15,0
LN000518,1,310052.76,Current,0,ServicerC,SystemB,2024-06-15,0
LN000513,10,227332.48,Current,30,ServicerD,SystemB,2024-06-15,0
LN000805,4,226975.58546102775,Prepaid,0,ServicerE,SystemB,2024-06-15,1
LN001580,5,77100.27808394072,Prepaid,0,ServicerB,SystemB,2024-06-15,1
LN000453,7,164409.56,Current,0,ServicerD,SystemB,2024-06-15,0
LN001462,14,182404.05,Current,0,ServicerA,SystemB,2024-06-15,0
LN002682,2,42601.44099986027,Current,0,ServicerD,SystemB,2024-06-15,1
LN002542,5,129551.63,Current,0,ServicerA,SystemB,2024-06-15,0
LN001243,6,131338.84,Current,0,ServicerA,SystemB,2024-06-15,1
LN001431,14,451457.64,Current,0,ServicerE,SystemB,2024-06-15,0
LN002017,11,156599.32,Current,0,ServicerA,SystemB,2024-06-15,0
LN001236,3,94118.48,Current,0,ServicerC,SystemB,2024-06-15,0
LN000273,14,288593.04,Current,0,ServicerB,SystemB,2024-06-15,0
LN000658,21,184937.85,Current,0,ServicerE,SystemB,2024-06-15,0
LN002691,6,141230.86059104855,Current,0,ServicerB,SystemB,2024-06-15,1
LN000791,8,-262301.3311303109,Prepaid,0,ServicerE,SystemB,2024-06-15,1
LN000264,11,124505.51,Current,0,ServicerC,SystemB,2024-06-15,0
LN001847,19,90127.91,Current,0,ServicerE,SystemB,2024-06-15,1
LN000620,12,108720.88,Current,0,ServicerA,SystemB,2024-06-15,0
LN001878,8,263070.76,Current,0,ServicerA,SystemB,2024-06-15,0
LN000250,8,319721.04,Prepaid,0,ServicerB,SystemB,2024-06-15,0
LN002023,27,,Current,0,ServicerC,SystemB,2024-06-15,0
LN000219,31,243718.73,Current,0,ServicerB,SystemB,2024-06-15,0
LN001978,1,105951.78,Current,0,ServicerD,SystemB,2024-06-15,0
LN000940,2,71343.61,Current,0,ServicerC,SystemB,2024-06-15,0
LN002407,2,88405.35,Current,0,ServicerD,SystemB,2024-06-15,0
LN002792,1,235188.66,Current,0,ServicerA,SystemB,2024-06-15,1
LN000961,2,96228.03,Prepaid,0,ServicerA,SystemB,2024-06-15,0
LN002412,6,175105.53,30DPD,0,ServicerC,SystemB,2024-06-15,1
LN002349,8,156858.38,Current,0,ServicerB,SystemB,2024-06-15,0
LN001933,5,336970.57,Current,0,ServicerE,SystemB,2024-06-15,0
LN000255,22,193088.02,30DPD,30,ServicerE,SystemB,2024-06-15,0
LN000169,29,125686.29318976871,Current,0,ServicerD,SystemB,2024-06-15,1
LN001322,17,160436.42,90DPD,0,ServicerD,SystemB,2024-06-15,1
LN000888,2,209611.87,Current,0,ServicerC,SystemB,2024-06-15,0
LN002186,1,349399.88,Current,0,ServicerA,SystemB,2024-06-15,0
LN002578,3,135452.01,Current,0,ServicerB,SystemB,2024-06-15,0
LN002066,5,292681.77,Prepaid,0,ServicerC,SystemB,2024-06-15,0
LN000947,17,325882.55,Current,0,ServicerB,SystemB,2024-06-15,0
LN000121,12,,Current,0,ServicerB,SystemB,2024-06-15,0
LN002488,2,131560.34,Current,0,ServicerB,SystemB,2024-06-15,0
LN002601,11,157702.61,Current,0,ServicerC,SystemB,2024-06-15,1
LN002890,8,268368.07,Current,0,ServicerA,SystemB,2024-06-15,0
LN000659,8,142546.72,Current,0,ServicerB,SystemB,2024-06-15,0
LN001103,3,109297.87,Prepaid,0,ServicerE,SystemB,2024-06-15,0
LN002123,3,183038.54,Current,0,ServicerC,SystemB,2024-06-15,0
LN002591,7,189920.42,30DPD,30,ServicerA,SystemB,2024-06-15,0
LN000479,7,,90DPD,60,ServicerC,SystemB,2024-06-15,1
LN002028,4,264556.38,Current,0,ServicerE,SystemB,2024-06-15,0
LN002421,13,221350.57,Current,0,ServicerB,SystemB,2024-06-15,0
LN000246,9,268952.56,Current,0,ServicerC,SystemB,2024-06-15,0
LN000994,9,352221.25,Current,0,ServicerD,SystemB,2024-06-15,0
LN002758,4,164837.18,90DPD,0,ServicerA,SystemB,2024-06-15,1
LN001210,5,156379.65,30DPD,60,ServicerD,SystemB,2024-06-15,1
LN002634,3,289739.53,Current,0,ServicerC,SystemB,2024-06-15,0
LN000715,6,365845.71,Current,0,ServicerA,SystemB,2024-06-15,0
LN001776,5,194747.31,Prepaid,0,ServicerB,SystemB,2024-06-15,0
LN001504,1,291831.39,Current,0,ServicerC,SystemB,2024-06-15,0
LN000143,7,561724.3,Current,0,ServicerE,SystemB,2024-06-15,0
LN001137,20,200639.24,Current,0,ServicerE,SystemB,2024-06-15,0
LN000846,16,91970.47,Current,0,ServicerC,SystemB,2024-06-15,0
LN001149,8,170491.56,Current,0,ServicerD,SystemB,2024-06-15,0
LN000622,5,180549.86,Current,0,ServicerB,SystemB,2024-06-15,0
LN000098,1,239865.99,Current,0,ServicerE,SystemB,2024-06-15,0
LN001445,2,135653.68,Current,0,ServicerB,SystemB,2024-06-15,0
LN002847,1,143565.18,Current,0,ServicerE,SystemB,2024-06-15,0
LN000096,18,166660.45,Current,0,ServicerD,SystemB,2024-06-15,0
LN000411,18,213555.57,30DPD,30,ServicerA,SystemB,2024-06-15,1
LN002508,15,137030.19,30DPD,30,ServicerD,SystemB,2024-06-15,0
LN000009,1,120589.01,Current,0,ServicerE,SystemB,2024-06-15,0
LN001814,6,528552.97,60DPD,60,ServicerB,SystemB,2024-06-15,0
LN000316,7,207705.71,Current,0,ServicerD,SystemB,2024-06-15,0
LN001708,19,100142.33,90DPD,90,ServicerA,SystemB,2024-06-15,0
LN000668,13,207297.33,Current,0,ServicerB,SystemB,2024-06-15,0
LN001170,20,200662.72,Current,0,ServicerC,SystemB,2024-06-15,0
LN000189,3,220601.96,Current,0,ServicerE,SystemB,2024-06-15,1
LN000498,13,122463.35,30DPD,0,ServicerB,SystemB,2024-06-15,1
LN001637,16,430563.81,Current,0,ServicerC,SystemB,2024-06-15,0
LN000753,11,149721.69,Current,0,ServicerD,SystemB,2024-06-15,0
LN001972,4,121286.03,Prepaid,0,ServicerE,SystemB,2024-06-15,0
LN002286,16,284539.49,Current,0,ServicerA,SystemB,2024-06-15,0
LN001298,3,207749.61,Current,0,ServicerE,SystemB,2024-06-15,0
LN000467,20,153000.15,Prepaid,0,ServicerB,SystemB,2024-06-15,0
LN001417,13,518977.82,Current,0,ServicerC,SystemB,2024-06-15,0
LN000274,7,85482.35,Current,0,ServicerC,SystemB,2024-06-15,0
LN000296,10,122733.28,Current,0,ServicerD,SystemB,2024-06-15,0
LN001252,17,176838.71,Current,0,ServicerE,SystemB,2024-06-15,0
LN002781,3,136205.18,Current,0,ServicerB,SystemB,2024-06-15,0
LN002795,12,260144.5659609565,Current,0,ServicerA,SystemB,2024-06-15,1
LN002041,13,294459.16,30DPD,30,ServicerB,SystemB,2024-06-15,0
LN001190,3,182505.73,30DPD,120,ServicerB,SystemB,2024-06-15,1
LN002894,4,283367.13,Current,0,ServicerD,SystemB,2024-06-15,0
LN002152,4,475320.6606471831,Current,0,ServicerC,SystemB,2024-06-15,1
LN001734,2,509417.22,Current,0,ServicerA,SystemB,2024-06-15,0
LN001930,12,163560.14,60DPD,0,ServicerA,SystemB,2024-06-15,1
LN002894,9,,Current,0,ServicerD,SystemB,2024-06-15,0
LN002587,1,291555.77,Current,0,ServicerB,SystemB,2024-06-15,0
LN000327,9,195506.02,Current,0,ServicerA,SystemB,2024-06-15,0
LN001859,3,296979.03714177746,Current,0,ServicerE,SystemB,2024-06-15,1
LN001426,2,224683.07,Prepaid,0,ServicerD,SystemB,2024-06-15,0
LN002370,6,219419.94,Current,0,ServicerB,SystemB,2024-06-15,0
LN002543,34,690758.34,Current,0,ServicerB,SystemB,2024-06-15,0
LN002926,18,180985.2,Current,0,ServicerD,SystemB,2024-06-15,0
LN000958,15,248551.79519914315,Current,0,ServicerC,SystemB,2024-06-15,1
LN001187,3,325148.27,Current,0,ServicerE,SystemB,2024-06-15,0
LN002518,2,151061.04,Current,0,ServicerB,SystemB,2024-06-15,0
LN001800,23,115397.38,Default,120,ServicerC,SystemB,2024-06-15,0
LN001206,25,124933.52,Current,0,ServicerE,SystemB,2024-06-15,0
LN002082,1,160366.29,60DPD,0,ServicerB,SystemB,2024-06-15,1
LN001088,16,114826.38,Current,0,ServicerE,SystemB,2024-06-15,0
LN002977,18,114242.92,Current,0,ServicerD,SystemB,2024-06-15,0
LN001771,12,208794.12,Current,0,ServicerC,SystemB,2024-06-15,0
LN001189,17,294517.01,Current,0,ServicerC,SystemB,2024-06-15,0
LN001809,20,384891.1,Current,0,ServicerE,SystemB,2024-06-15,0
LN000361,7,313780.95,Current,0,ServicerC,SystemB,2024-06-15,0
LN002139,8,348482.1,Current,0,ServicerE,SystemB,2024-06-15,0
LN002428,3,356010.76,Current,0,ServicerA,SystemB,2024-06-15,1
LN000657,7,502390.83,Current,0,ServicerB,SystemB,2024-06-15,0
LN000631,16,72552.96,Current,0,ServicerB,SystemB,2024-06-15,0
LN001576,3,204767.2,Current,0,ServicerB,SystemB,2024-06-15,0
LN002217,3,,30DPD,30,ServicerC,SystemB,2024-06-15,0
LN002566,3,196339.16,Current,0,ServicerB,SystemB,2024-06-15,0
LN001535,2,229267.82,Current,0,ServicerC,SystemB,2024-06-15,0
LN002002,3,200434.07,30DPD,30,ServicerB,SystemB,2024-06-15,0
LN000398,6,707232.0278182012,30DPD,30,ServicerA,SystemB,2024-06-15,0
LN001608,6,159501.6,Current,0,ServicerD,SystemB,2024-06-15,0
LN001483,15,180449.92,Prepaid,0,ServicerC,SystemB,2024-06-15,0
LN000938,8,133720.52,60DPD,30,ServicerB,SystemB,2024-06-15,1
LN001328,15,419504.89,Current,0,ServicerA,SystemB,2024-06-15,0
LN001041,6,112375.25,Current,0,ServicerB,SystemB,2024-06-15,0
LN002387,32,242442.42,Current,0,ServicerB,SystemB,2024-06-15,0
LN000990,9,148653.93,Current,0,ServicerE,SystemB,2024-06-15,0
LN000479,8,276875.62,60DPD,60,ServicerC,SystemB,2024-06-15,0
LN002836,12,111691.37,Current,0,ServicerD,SystemB,2024-06-15,0
LN002185,2,694645.91,Current,0,ServicerD,SystemB,2024-06-15,0
LN002645,3,202347.17,Current,0,ServicerD,SystemB,2024-06-15,0
LN002310,5,208463.12,Current,60,ServicerD,SystemB,2024-06-15,1
LN000183,7,133152.52,30DPD,30,ServicerD,SystemB,2024-06-15,0
LN002126,7,360114.47,Current,0,ServicerB,SystemB,2024-06-15,0
LN001108,1,130016.01,Current,0,ServicerA,SystemB,2024-06-15,0
LN002113,2,221192.2,Current,0,ServicerC,SystemB,2024-06-15,0
LN002293,11,169426.27,Current,0,ServicerB,SystemB,2024-06-15,0
LN001810,7,257535.14,Current,0,ServicerE,SystemB,2024-06-15,0
LN000545,14,185883.97,90DPD,90,ServicerD,SystemB,2024-06-15,0
LN001493,3,298384.43,Current,0,ServicerC,SystemB,2024-06-15,0
LN002817,1,238997.32,Current,30,ServicerE,SystemB,2024-06-15,1
LN000310,2,178056.27967848463,Current,0,ServicerA,SystemB,2024-06-15,1
LN002540,20,138962.74,60DPD,60,ServicerC,SystemB,2024-06-15,1
LN000422,18,238598.85,Current,0,ServicerD,SystemB,2024-06-15,0
LN000575,19,303319.72,Current,0,ServicerA,SystemB,2024-06-15,0
LN002453,1,183010.54,Current,0,ServicerE,SystemB,2024-06-15,0
LN001328,1,427811.66,Current,0,ServicerA,SystemB,2024-06-15,0
LN001371,9,348047.01,Current,0,ServicerD,SystemB,2024-06-15,0
LN002372,1,,Current,0,ServicerE,SystemB,2024-06-15,0
LN000695,2,189529.03,Current,0,ServicerE,SystemB,2024-06-15,0
LN002500,18,370436.95,Current,0,ServicerD,SystemB,2024-06-15,0
LN001764,7,,Current,0,ServicerD,SystemB,2024-06-15,0
LN002640,7,145030.65,Current,0,ServicerE,SystemB,2024-06-15,0
LN001552,4,193812.21700892737,Current,0,ServicerC,SystemB,2024-06-15,1
LN001247,1,215252.27,Current,0,ServicerD,SystemB,2024-06-15,0
LN001989,10,379257.17,Current,0,ServicerC,SystemB,2024-06-15,0
LN000918,9,95704.17,Current,0,ServicerA,SystemB,2024-06-15,0
LN001869,1,502831.76,Current,0,ServicerB,SystemB,2024-06-15,0
LN000251,8,579536.71,Current,0,ServicerC,SystemB,2024-06-15,0
LN000315,2,217581.97,Current,0,ServicerE,SystemB,2024-06-15,0
LN000327,8,195779.46,Current,0,ServicerA,SystemB,2024-06-15,0
LN000651,4,444199.87,90DPD,0,ServicerB,SystemB,2024-06-15,1
LN000010,5,300629.88,Current,0,ServicerC,SystemB,2024-06-15,0
LN002317,1,260335.27,Current,0,ServicerC,SystemB,2024-06-15,0
LN002163,12,459167.33,Current,0,ServicerB,SystemB,2024-06-15,0
LN001255,6,103117.43,Current,0,ServicerA,SystemB,2024-06-15,0
LN000033,4,204968.03,30DPD,30,ServicerD,SystemB,2024-06-15,0
LN001297,13,174181.87,Prepaid,0,ServicerA,SystemB,2024-06-15,0
LN000239,17,153767.05,Current,0,ServicerA,SystemB,2024-06-15,0
LN001949,2,,Current,0,ServicerC,SystemB,2024-06-15,0
LN002553,5,136283.71,90DPD,90,ServicerE,SystemB,2024-06-15,0
LN001076,26,159403.22,Current,0,ServicerE,SystemB,2024-06-15,0
LN001565,17,284255.43,Current,0,ServicerA,SystemB,2024-06-15,0
LN002696,4,395145.26681692485,Prepaid,0,ServicerE,SystemB,2024-06-15,1
LN001036,13,316918.19,Current,0,ServicerE,SystemB,2024-06-15,0
LN002957,20,157599.42,Current,0,ServicerD,SystemB,2024-06-15,0
LN001258,13,227735.73,30DPD,0,ServicerB,SystemB,2024-06-15,1
LN002934,15,218980.6,Current,0,ServicerC,SystemB,2024-06-15,0
LN002685,8,,Current,0,ServicerE,SystemB,2024-06-15,0
LN000127,13,165089.77,Current,0,ServicerA,SystemB,2024-06-15,0
LN001358,27,221617.48,Current,0,ServicerB,SystemB,2024-06-15,0
LN002691,1,175031.2293078352,Current,0,ServicerB,SystemB,2024-06-15,1
LN001516,3,95097.27,Current,0,ServicerE,SystemB,2024-06-15,1
LN002114,8,152027.51,Prepaid,0,ServicerB,SystemB,2024-06-15,0
LN000023,6,127162.23,Current,0,ServicerD,SystemB,2024-06-15,0
LN000658,3,206180.69034532222,Current,0,ServicerE,SystemB,2024-06-15,1
LN002335,7,132864.35,Current,0,ServicerC,SystemB,2024-06-15,0
LN002170,5,205799.81,Current,0,ServicerC,SystemB,2024-06-15,0
LN000204,23,,Current,0,ServicerC,SystemB,2024-06-15,0
LN002958,5,241615.48,Current,0,ServicerB,SystemB,2024-06-15,0
LN000057,16,128609.64,Current,0,ServicerD,SystemB,2024-06-15,0
LN002935,3,,Current,0,ServicerC,SystemB,2024-06-15,0
LN000310,30,173767.64,Current,0,ServicerA,SystemB,2024-06-15,0
LN001567,7,131881.72,Prepaid,0,ServicerC,SystemB,2024-06-15,0
LN001681,3,227725.16,Current,0,ServicerA,SystemB,2024-06-15,1
LN000712,17,187093.827488394,Current,0,ServicerC,SystemB,2024-06-15,1
LN000761,6,198328.21,Current,0,ServicerE,SystemB,2024-06-15,0
LN000933,10,98124.01,Current,0,ServicerC,SystemB,2024-06-15,0
LN000575,12,306188.35,Current,0,ServicerA,SystemB,2024-06-15,0
LN002494,8,376423.9,Current,0,ServicerE,SystemB,2024-06-15,0
LN002951,7,170260.45,30DPD,60,ServicerC,SystemB,2024-06-15,1
LN000406,9,165862.6043271046,30DPD,30,ServicerE,SystemB,2024-06-15,1
LN000997,3,393526.31,Current,0,ServicerE,SystemB,2024-06-15,0
LN001487,24,107618.24,Current,0,ServicerB,SystemB,2024-06-15,0
LN001552,18,184887.98,30DPD,30,ServicerC,SystemB,2024-06-15,0
LN002220,12,213164.98,Current,0,ServicerA,SystemB,2024-06-15,0
LN000434,6,307190.58,Current,0,ServicerE,SystemB,2024-06-15,0
LN002413,6,310539.55213828647,30DPD,30,ServicerA,SystemB,2024-06-15,1
LN000430,26,251544.81,30DPD,30,ServicerE,SystemB,2024-06-15,0
LN001304,5,464355.65,Current,0,ServicerB,SystemB,2024-06-15,1
LN001116,5,130968.97,Current,0,ServicerD,SystemB,2024-06-15,0
LN001440,3,151658.29,Current,0,ServicerC,SystemB,2024-06-15,0
LN000417,6,173008.95,Current,0,ServicerD,SystemB,2024-06-15,0
LN002718,22,277390.76,Current,0,ServicerD,SystemB,2024-06-15,0
LN000208,5,284823.55,Current,0,ServicerB,SystemB,2024-06-15,1
LN002198,12,169590.43,Current,0,ServicerE,SystemB,2024-06-15,0
LN000204,9,218632.84,60DPD,60,ServicerC,SystemB,2024-06-15,0
LN001305,6,236488.14,Current,0,ServicerD,SystemB,2024-06-15,0
LN001270,7,172237.39,60DPD,60,ServicerA,SystemB,2024-06-15,0
LN000674,4,71954.77,Current,0,ServicerB,SystemB,2024-06-15,0
LN002190,15,252162.07,Prepaid,0,ServicerE,SystemB,2024-06-15,0
LN002496,7,164520.26,30DPD,30,ServicerC,SystemB,2024-06-15,0
LN000515,6,485969.58,90DPD,0,ServicerD,SystemB,2024-06-15,1
LN002171,8,242690.25,Current,0,ServicerC,SystemB,2024-06-15,0
LN002787,6,344992.95,Current,0,ServicerD,SystemB,2024-06-15,0
LN001891,1,209603.53,Current,0,ServicerE,SystemB,2024-06-15,0
LN000416,23,135266.68,Prepaid,0,ServicerB,SystemB,2024-06-15,0
LN001031,14,216974.47213120214,Prepaid,0,ServicerA,SystemB,2024-06-15,1
LN001177,7,211542.99,Current,0,ServicerA,SystemB,2024-06-15,0
LN000864,27,70513.86,Current,0,ServicerD,SystemB,2024-06-15,0
LN001560,13,300071.43,Current,0,ServicerB,SystemB,2024-06-15,0
LN001212,14,565326.35,30DPD,30,ServicerD,SystemB,2024-06-15,0
LN001667,5,221394.54,Current,0,ServicerA,SystemB,2024-06-15,0
LN000925,11,184710.6,30DPD,0,ServicerA,SystemB,2024-06-15,1
LN002470,7,131909.83,Current,0,ServicerB,SystemB,2024-06-15,0
LN002933,3,269522.06,Current,0,ServicerC,SystemB,2024-06-15,0
LN001199,7,238778.15,90DPD,90,ServicerA,SystemB,2024-06-15,0
LN001628,2,104938.24,Current,0,ServicerE,SystemB,2024-06-15,0
LN002646,2,313853.34,Current,0,ServicerD,SystemB,2024-06-15,0
LN000867,13,383585.48,Current,0,ServicerB,SystemB,2024-06-15,0
LN000784,3,269645.51,Current,0,ServicerC,SystemB,2024-06-15,0
LN002120,7,355872.92,Current,0,ServicerA,SystemB,2024-06-15,0
LN000801,1,182686.45,Current,0,ServicerA,SystemB,2024-06-15,0
LN000156,6,205240.38,Current,0,ServicerC,SystemB,2024-06-15,0
LN001257,21,158721.16431654608,Default,120,ServicerB,SystemB,2024-06-15,1
LN002901,22,141424.47,Current,0,ServicerB,SystemB,2024-06-15,0
LN002983,5,517485.35,Current,0,ServicerD,SystemB,2024-06-15,0
LN002240,9,433977.34,Current,0,ServicerD,SystemB,2024-06-15,0
LN002965,17,749445.91,Current,60,ServicerD,SystemB,2024-06-15,1
LN000586,6,1262626.2871641873,Current,0,ServicerA,SystemB,2024-06-15,0
LN002676,17,440964.0081113799,30DPD,0,ServicerC,SystemB,2024-06-15,1
LN002420,12,247887.7174706206,Current,0,ServicerE,SystemB,2024-06-15,1
LN001843,2,175723.47,Current,0,ServicerA,SystemB,2024-06-15,0
LN001874,11,317662.15,Current,0,ServicerC,SystemB,2024-06-15,1
LN000964,3,293858.35,Prepaid,0,ServicerD,SystemB,2024-06-15,0
LN001447,18,401063.98,30DPD,0,ServicerA,SystemB,2024-06-15,1
LN002329,7,235414.34,Current,0,ServicerD,SystemB,2024-06-15,0
LN000839,9,171452.38,Current,90,ServicerE,SystemB,2024-06-15,1
LN001429,4,82331.26,Current,0,ServicerD,SystemB,2024-06-15,0
LN000196,29,51978.54,Current,0,ServicerB,SystemB,2024-06-15,0
LN002251,12,328363.19,Current,0,ServicerE,SystemB,2024-06-15,0
LN000199,3,80122.42,30DPD,30,ServicerD,SystemB,2024-06-15,0
LN000416,15,136485.74,Current,0,ServicerB,SystemB,2024-06-15,0
LN000866,12,169110.73,Current,0,ServicerA,SystemB,2024-06-15,0
LN001667,8,220488.26,Current,0,ServicerA,SystemB,2024-06-15,0
LN002725,15,194583.82,Current,0,ServicerE,SystemB,2024-06-15,1
LN002756,6,326032.78,Current,0,ServicerE,SystemB,2024-06-15,0
LN002623,22,133220.57,Current,0,ServicerE,SystemB,2024-06-15,0
LN001478,4,668325.17,Current,0,ServicerD,SystemB,2024-06-15,0
LN001402,18,182395.81,Prepaid,0,ServicerC,SystemB,2024-06-15,0
LN001938,17,72103.76,Prepaid,0,ServicerD,SystemB,2024-06-15,0
LN001926,17,74046.82827647042,Current,0,ServicerB,SystemB,2024-06-15,1
LN001149,14,169123.98,Current,0,ServicerD,SystemB,2024-06-15,0
LN000940,12,70306.66,Current,0,ServicerC,SystemB,2024-06-15,0
LN002459,23,244367.29,Current,0,ServicerC,SystemB,2024-06-15,0
LN002172,8,96996.92,Current,0,ServicerE,SystemB,2024-06-15,0
LN001997,8,89597.27298737182,Current,60,ServicerE,SystemB,2024-06-15,1
LN002239,1,215946.1,Current,0,ServicerB,SystemB,2024-06-15,0
LN001829,3,220373.86,Current,0,ServicerA,SystemB,2024-06-15,0
LN001474,2,-194016.19,Prepaid,0,ServicerC,SystemB,2024-06-15,0
LN000238,24,102901.62,Current,0,ServicerE,SystemB,2024-06-15,0
LN001249,1,242802.75,90DPD,0,ServicerA,SystemB,2024-06-15,1
LN000265,4,123376.55,Current,0,ServicerD,SystemB,2024-06-15,1
LN000330,18,277177.52,Current,0,ServicerD,SystemB,2024-06-15,0
LN002259,24,264271.77,Current,0,ServicerC,SystemB,2024-06-15,0
LN001121,13,101334.41,Current,0,ServicerA,SystemB,2024-06-15,0
LN002242,2,128348.65,30DPD,30,ServicerB,SystemB,2024-06-15,0
LN002119,20,412684.86,Current,0,ServicerD,SystemB,2024-06-15,0
LN000913,1,550713.67,Current,0,ServicerB,SystemB,2024-06-15,0
LN000150,1,90672.9,Current,0,ServicerA,SystemB,2024-06-15,0
LN001707,10,224198.11,Current,0,ServicerE,SystemB,2024-06-15,0
LN001767,20,160025.3,Current,0,ServicerA,SystemB,2024-06-15,0
LN001024,9,166772.1,Current,0,ServicerD,SystemB,2024-06-15,0
LN002397,4,-338021.02,Current,0,ServicerA,SystemB,2024-06-15,0
LN002222,3,95928.83,Current,0,ServicerC,SystemB,2024-06-15,0
LN000709,6,149628.09,Current,0,ServicerB,SystemB,2024-06-15,0
LN000054,11,105233.84,30DPD,30,ServicerA,SystemB,2024-06-15,0
LN002233,2,114593.67,Current,0,ServicerB,SystemB,2024-06-15,0
LN001644,13,-393673.74,Prepaid,0,ServicerA,SystemB,2024-06-15,0
LN000754,17,188188.77,Current,0,ServicerA,SystemB,2024-06-15,0
LN002012,11,351018.14,60DPD,0,ServicerE,SystemB,2024-06-15,1
LN001476,3,222082.75,Prepaid,0,ServicerC,SystemB,2024-06-15,0
LN001812,1,128129.06,Current,0,ServicerE,SystemB,2024-06-15,0
LN002450,8,335309.62,Current,0,ServicerA,SystemB,2024-06-15,0
LN002957,3,161243.86,Current,0,ServicerD,SystemB,2024-06-15,0
LN001108,18,126548.19,Current,0,ServicerA,SystemB,2024-06-15,0
LN001722,1,133086.03,Current,0,ServicerD,SystemB,2024-06-15,0
LN001301,5,62631.50482922148,Current,0,ServicerD,SystemB,2024-06-15,1
LN000484,23,499996.92,Current,0,ServicerC,SystemB,2024-06-15,0
LN002132,5,151717.19,30DPD,30,ServicerE,SystemB,2024-06-15,0
LN001961,9,,Default,120,ServicerD,SystemB,2024-06-15,0
LN001637,17,366723.54887673404,Current,0,ServicerC,SystemB,2024-06-15,1
LN001364,5,139531.93,Current,0,ServicerD,SystemB,2024-06-15,0
LN001016,2,353084.15,Current,60,ServicerC,SystemB,2024-06-15,1
LN002211,2,100110.72,Current,90,ServicerA,SystemB,2024-06-15,1
LN002793,12,214922.21,Current,30,ServicerE,SystemB,2024-06-15,1
LN000298,4,90207.59,Current,0,ServicerB,SystemB,2024-06-15,0
LN000319,14,223854.21,Current,0,ServicerC,SystemB,2024-06-15,0
LN002942,11,180113.04,Current,0,ServicerB,SystemB,2024-06-15,0
LN002815,10,289399.29,Default,120,ServicerC,SystemB,2024-06-15,0
LN001418,1,276953.99,Current,0,ServicerC,SystemB,2024-06-15,0
LN002788,15,123128.93,30DPD,0,ServicerC,SystemB,2024-06-15,1
LN000228,3,434133.87,Current,0,ServicerA,SystemB,2024-06-15,0
LN002969,14,304790.77,Current,0,ServicerA,SystemB,2024-06-15,0
LN001026,19,154678.94,Current,0,ServicerC,SystemB,2024-06-15,0
LN000131,15,305099.7219157235,Current,0,ServicerE,SystemB,2024-06-15,1
LN002910,10,84767.84,90DPD,0,ServicerA,SystemB,2024-06-15,1
LN001088,7,116526.04,90DPD,90,ServicerE,SystemB,2024-06-15,0
LN001540,1,227591.27,Current,0,ServicerE,SystemB,2024-06-15,0
LN001757,15,155053.52,Current,0,ServicerB,SystemB,2024-06-15,0
LN001959,5,392168.14,Current,0,ServicerA,SystemB,2024-06-15,0
LN002120,6,356332.64,Current,0,ServicerA,SystemB,2024-06-15,0
LN002651,7,180470.92,Default,120,ServicerA,SystemB,2024-06-15,0
LN001381,3,168320.89,Current,0,ServicerA,SystemB,2024-06-15,0
LN002074,13,89086.3,Current,0,ServicerE,SystemB,2024-06-15,0
LN002470,23,129443.15,Current,0,ServicerB,SystemB,2024-06-15,0
LN000435,15,218742.5,Current,90,ServicerE,SystemB,2024-06-15,0
LN002858,17,111140.95819918765,Current,0,ServicerC,SystemB,2024-06-15,1
LN002721,23,106445.21,30DPD,30,ServicerE,SystemB,2024-06-15,0
LN002427,15,173262.33983682044,Current,0,ServicerD,SystemB,2024-06-15,1
LN001078,1,130855.83,Current,0,ServicerA,SystemB,2024-06-15,0
LN002725,19,182535.5945644961,Prepaid,0,ServicerE,SystemB,2024-06-15,1
LN000468,24,59342.81,Current,0,ServicerB,SystemB,2024-06-15,0
LN002056,10,399265.63,30DPD,30,ServicerE,SystemB,2024-06-15,0
LN001170,6,203828.32,Current,0,ServicerC,SystemB,2024-06-15,1
LN000681,6,-212677.22,Current,0,ServicerC,SystemB,2024-06-15,0
LN000983,11,188115.18,Default,120,ServicerA,SystemB,2024-06-15,0
LN000501,5,-94302.46,Current,0,ServicerA,SystemB,2024-06-15,0
LN001800,6,118613.83,Current,0,ServicerC,SystemB,2024-06-15,0
LN002527,7,222476.23,Prepaid,0,ServicerB,SystemB,2024-06-15,0
LN001127,15,204979.09,Current,0,ServicerC,SystemB,2024-06-15,0
LN001374,6,210062.5,Prepaid,0,ServicerA,SystemB,2024-06-15,0
LN000719,22,168321.82,Current,0,ServicerE,SystemB,2024-06-15,0
LN002611,10,296458.46,Default,120,ServicerB,SystemB,2024-06-15,0
LN000266,2,156694.4,90DPD,0,ServicerC,SystemB,2024-06-15,1
LN001708,20,99997.19,90DPD,90,ServicerA,SystemB,2024-06-15,0
LN000933,15,97456.52,Current,0,ServicerC,SystemB,2024-06-15,0
LN001065,12,355084.11,60DPD,60,ServicerD,SystemB,2024-06-15,0
LN001055,9,176342.3,Current,0,ServicerA,SystemB,2024-06-15,0
LN002938,9,174570.05,Current,0,ServicerD,SystemB,2024-06-15,1
LN001724,6,278432.1,Current,0,ServicerA,SystemB,2024-06-15,0
LN001339,1,136354.8,Current,0,ServicerD,SystemB,2024-06-15,1
LN002214,13,-208610.54,Current,0,ServicerC,SystemB,2024-06-15,1
LN001582,4,222116.58,Current,0,ServicerD,SystemB,2024-06-15,0
LN000909,28,295851.58,90DPD,90,ServicerA,SystemB,2024-06-15,0
LN000909,15,301616.35,90DPD,0,ServicerA,SystemB,2024-06-15,1
LN000775,11,-189299.94,Current,0,ServicerC,SystemB,2024-06-15,0
LN000823,13,205547.03,Current,30,ServicerA,SystemB,2024-06-15,1
LN000937,3,61592.7,Current,0,ServicerD,SystemB,2024-06-15,0
LN001249,7,240515.24,60DPD,0,ServicerA,SystemB,2024-06-15,1
LN002701,2,219601.95,Current,0,ServicerC,SystemB,2024-06-15,0
LN000793,2,161356.55,30DPD,30,ServicerC,SystemB,2024-06-15,1
LN000555,26,193764.9,Current,0,ServicerD,SystemB,2024-06-15,0
LN001613,22,302787.2,Current,0,ServicerD,SystemB,2024-06-15,0
LN002387,19,245945.35,Current,0,ServicerB,SystemB,2024-06-15,0
LN001669,21,94397.85,Current,0,ServicerC,SystemB,2024-06-15,0
LN002601,16,156551.52,Current,0,ServicerC,SystemB,2024-06-15,0
LN002362,4,136396.02,Current,0,ServicerA,SystemB,2024-06-15,0
LN001030,10,123613.87,Current,0,ServicerC,SystemB,2024-06-15,0
LN001283,13,300579.27,Current,0,ServicerE,SystemB,2024-06-15,0
LN001630,28,166884.83,90DPD,90,ServicerB,SystemB,2024-06-15,0
LN002970,3,314877.34,Prepaid,0,ServicerB,SystemB,2024-06-15,0
LN000485,1,141472.92,Current,0,ServicerE,SystemB,2024-06-15,0
LN000615,17,398247.9,Current,0,ServicerA,SystemB,2024-06-15,0
LN002254,9,228816.55,30DPD,30,ServicerC,SystemB,2024-06-15,0
LN001317,18,234281.63,Current,0,ServicerE,SystemB,2024-06-15,0
LN001156,5,70285.8,30DPD,0,ServicerC,SystemB,2024-06-15,1
LN000045,3,157656.64,Prepaid,60,ServicerC,SystemB,2024-06-15,1
LN001335,8,365552.36,Current,0,ServicerC,SystemB,2024-06-15,0
LN001340,3,756386.74,Current,0,ServicerA,SystemB,2024-06-15,0
LN002514,14,165660.9,Current,0,ServicerC,SystemB,2024-06-15,0
LN002361,4,154740.39,Current,0,ServicerE,SystemB,2024-06-15,1
LN000525,4,114881.38,Current,0,ServicerC,SystemB,2024-06-15,0
LN002717,4,135374.93,90DPD,0,ServicerA,SystemB,2024-06-15,1
LN000093,3,197529.59,Current,60,ServicerD,SystemB,2024-06-15,1
LN001621,1,439538.83,Current,90,ServicerC,SystemB,2024-06-15,1
LN002757,2,193987.62,Current,0,ServicerB,SystemB,2024-06-15,0
LN002387,18,246214.8,Current,0,ServicerB,SystemB,2024-06-15,0
LN000265,9,122635.99,Current,0,ServicerD,SystemB,2024-06-15,1
LN000690,9,262266.8,60DPD,30,ServicerA,SystemB,2024-06-15,1
LN001633,2,332216.85,Current,0,ServicerB,SystemB,2024-06-15,1
LN002600,8,82390.02,Current,0,ServicerB,SystemB,2024-06-15,1
LN001038,15,206075.55,90DPD,90,ServicerD,SystemB,2024-06-15,0
LN002639,26,104366.97,Prepaid,0,ServicerE,SystemB,2024-06-15,0
LN002422,18,153622.21,Current,0,ServicerB,SystemB,2024-06-15,0
LN001379,22,292577.17,Default,120,ServicerC,SystemB,2024-06-15,0
LN000481,4,130685.4,Current,0,ServicerC,SystemB,2024-06-15,1
LN002666,3,247080.93,Current,0,ServicerD,SystemB,2024-06-15,0
LN001032,19,117317.05,60DPD,120,ServicerB,SystemB,2024-06-15,1
LN000236,5,184999.11,Current,0,ServicerD,SystemB,2024-06-15,0
LN000219,6,250726.21,Current,0,ServicerB,SystemB,2024-06-15,0
LN002572,18,205533.59,60DPD,60,ServicerA,SystemB,2024-06-15,0
LN000581,1,217289.97,Current,0,ServicerB,SystemB,2024-06-15,0
LN001847,10,91252.01,Current,0,ServicerE,SystemB,2024-06-15,0
LN002296,2,306743.47,Current,0,ServicerA,SystemB,2024-06-15,0
LN000765,7,202806.88,Current,90,ServicerB,SystemB,2024-06-15,1
LN002040,18,113329.13,Current,0,ServicerA,SystemB,2024-06-15,0
LN001843,9,174153.6,30DPD,30,ServicerA,SystemB,2024-06-15,0
LN000132,10,310868.74,60DPD,60,ServicerC,SystemB,2024-06-15,0
LN002927,1,192742.67,Current,0,ServicerB,SystemB,2024-06-15,0
LN000382,4,414692.62,Current,0,ServicerA,SystemB,2024-06-15,0
LN000849,24,77828.87,Current,0,ServicerB,SystemB,2024-06-15,0
LN002587,9,288569.92,Current,0,ServicerB,SystemB,2024-06-15,0
LN000162,9,87767.96,Current,0,ServicerE,SystemB,2024-06-15,1
LN000873,2,208723.29,Current,0,ServicerA,SystemB,2024-06-15,0
LN001557,7,337008.43,60DPD,60,ServicerA,SystemB,2024-06-15,0
LN002686,10,196704.69,Current,0,ServicerA,SystemB,2024-06-15,0
LN000951,1,240939.76,Current,0,ServicerE,SystemB,2024-06-15,0
LN002400,8,207288.76,Current,0,ServicerC,SystemB,2024-06-15,0
LN000029,7,91254.75,Current,0,ServicerB,SystemB,2024-06-15,0
LN001549,17,176128.4,Current,0,ServicerD,SystemB,2024-06-15,0
LN000111,3,,Current,0,ServicerA,SystemB,2024-06-15,0
LN002476,1,,Current,0,ServicerB,SystemB,2024-06-15,0
LN000978,5,177156.41,Current,0,ServicerE,SystemB,2024-06-15,0
LN000454,5,158155.54,Current,60,ServicerE,SystemB,2024-06-15,1
LN000808,1,260532.19,Current,0,ServicerE,SystemB,2024-06-15,0
LN002627,4,214358.49,Current,0,ServicerB,SystemB,2024-06-15,0
LN002086,8,116990.56,Prepaid,0,ServicerB,SystemB,2024-06-15,0
LN002486,5,142873.8,Prepaid,0,ServicerB,SystemB,2024-06-15,0
LN002690,10,385825.28,Current,0,ServicerC,SystemB,2024-06-15,1
LN001605,7,190529.44,Prepaid,0,ServicerA,SystemB,2024-06-15,0
LN001170,22,200210.49,60DPD,0,ServicerC,SystemB,2024-06-15,1
LN002402,5,176805.17,Current,0,ServicerB,SystemB,2024-06-15,0
LN002931,1,233236.66,Current,0,ServicerB,SystemB,2024-06-15,0
LN002557,14,236174.91,30DPD,0,ServicerB,SystemB,2024-06-15,1
LN002811,10,97896.99286136053,Current,0,ServicerD,SystemB,2024-06-15,1
LN001028,3,229995.95,Current,0,ServicerA,SystemB,2024-06-15,1
LN000659,25,139628.49,Current,0,ServicerB,SystemB,2024-06-15,0
LN001125,4,325177.39,60DPD,0,ServicerB,SystemB,2024-06-15,1
LN001007,4,100264.1,Current,0,ServicerB,SystemB,2024-06-15,0
LN002283,18,188748.4,Prepaid,0,ServicerB,SystemB,2024-06-15,0
LN001046,4,108117.7,Current,0,ServicerB,SystemB,2024-06-15,0
LN001464,7,206392.76489476717,60DPD,60,ServicerB,SystemB,2024-06-15,1
LN000034,13,292852.09,Current,0,ServicerD,SystemB,2024-06-15,0
LN001997,1,98287.23,Current,0,ServicerE,SystemB,2024-06-15,0
LN001583,6,125175.79,Current,0,ServicerD,SystemB,2024-06-15,0
LN001036,12,317290.8,Current,0,ServicerE,SystemB,2024-06-15,0
LN001286,6,151117.18,Current,0,ServicerB,SystemB,2024-06-15,0
LN000319,2,229257.57270313727,Current,0,ServicerC,SystemB,2024-06-15,1
LN001173,15,282010.56,Prepaid,0,ServicerA,SystemB,2024-06-15,0
LN001361,3,290491.62,Default,120,ServicerD,SystemB,2024-06-15,0
LN000093,8,196105.05,Prepaid,0,ServicerD,SystemB,2024-06-15,0
LN001032,15,117774.21,Current,0,ServicerB,SystemB,2024-06-15,1
LN001448,10,470377.83,Current,0,ServicerD,SystemB,2024-06-15,0
LN002329,16,232866.48,30DPD,30,ServicerD,SystemB,2024-06-15,0
LN002483,2,403892.39,90DPD,0,ServicerB,SystemB,2024-06-15,1
LN002021,15,279078.07,Current,0,ServicerD,SystemB,2024-06-15,0
LN000916,5,379555.98,Current,0,ServicerC,SystemB,2024-06-15,0
LN000659,9,142375.05,Current,0,ServicerB,SystemB,2024-06-15,0
LN001168,3,438641.08,Current,0,ServicerE,SystemB,2024-06-15,0
LN002493,2,193318.19,60DPD,0,ServicerB,SystemB,2024-06-15,1
LN000214,5,375988.57,90DPD,0,ServicerD,SystemB,2024-06-15,1
LN000407,4,374651.71,Current,0,ServicerE,SystemB,2024-06-15,1
LN000444,7,448304.29,Current,0,ServicerB,SystemB,2024-06-15,1
LN001483,12,180950.65,Current,0,ServicerC,SystemB,2024-06-15,0
LN001135,2,347866.81,Current,0,ServicerA,SystemB,2024-06-15,0
LN001085,8,187237.37,Current,0,ServicerD,SystemB,2024-06-15,0
LN002273,1,212749.18,Current,0,ServicerD,SystemB,2024-06-15,0
LN002609,7,241062.41,Current,0,ServicerA,SystemB,2024-06-15,0
LN002684,1,213926.20372874386,Current,0,ServicerD,SystemB,2024-06-15,1
LN001807,1,395100.59,Current,0,ServicerE,SystemB,2024-06-15,0
LN001689,9,-248833.84,Current,0,ServicerB,SystemB,2024-06-15,0
LN001630,7,170994.96,Current,0,ServicerB,SystemB,2024-06-15,0
LN001165,1,135912.8,Current,0,ServicerB,SystemB,2024-06-15,0
LN001383,8,,30DPD,30,ServicerD,SystemB,2024-06-15,0
LN001506,11,302905.05,60DPD,60,ServicerE,SystemB,2024-06-15,1
LN000233,3,151462.46,30DPD,90,ServicerA,SystemB,2024-06-15,1
LN000516,4,289144.99,Current,0,ServicerB,SystemB,2024-06-15,0
LN002890,2,270393.77,Current,0,ServicerA,SystemB,2024-06-15,0
LN002485,8,254005.01,Current,0,ServicerD,SystemB,2024-06-15,0
LN000735,16,269859.83,Current,0,ServicerB,SystemB,2024-06-15,0
LN002341,10,174561.7,Current,0,ServicerA,SystemB,2024-06-15,0
LN000441,13,259365.06,Prepaid,0,ServicerA,SystemB,2024-06-15,0
LN000209,5,123200.69,Current,0,ServicerE,SystemB,2024-06-15,0
LN001362,5,155802.4,Current,0,ServicerD,SystemB,2024-06-15,0
LN002471,7,100600.86,Current,90,ServicerC,SystemB,2024-06-15,1
LN001333,16,116307.72,60DPD,30,ServicerA,SystemB,2024-06-15,1
LN002768,19,59138.55,Current,0,ServicerE,SystemB,2024-06-15,0
LN000756,8,156912.82,Current,0,ServicerE,SystemB,2024-06-15,0
LN002039,1,252324.52,Current,0,ServicerD,SystemB,2024-06-15,0
LN002799,1,137913.88,Current,0,ServicerC,SystemB,2024-06-15,0
LN000082,1,189394.74,Current,0,ServicerC,SystemB,2024-06-15,0
LN001145,6,194416.45,Current,0,ServicerB,SystemB,2024-06-15,0
LN002626,14,,30DPD,30,ServicerD,SystemB,2024-06-15,0
LN000947,8,329669.67,Current,0,ServicerB,SystemB,2024-06-15,0
LN001239,12,163985.02,Current,60,ServicerD,SystemB,2024-06-15,1
LN000044,11,-212214.6,30DPD,30,ServicerC,SystemB,2024-06-15,0
LN001991,1,111436.87,Current,0,ServicerD,SystemB,2024-06-15,0
LN001845,8,75730.8,Current,0,ServicerC,SystemB,2024-06-15,0
LN001908,1,424889.09,Current,30,ServicerD,SystemB,2024-06-15,1
LN001146,3,276615.13,Prepaid,0,ServicerB,SystemB,2024-06-15,0
LN001249,18,236702.72,Current,0,ServicerA,SystemB,2024-06-15,1
LN000603,20,142197.37,90DPD,0,ServicerD,SystemB,2024-06-15,1
LN002888,17,187396.80241240762,Current,0,ServicerD,SystemB,2024-06-15,1
LN002721,15,107421.48,Current,0,ServicerE,SystemB,2024-06-15,0
LN001492,2,315269.39,Current,0,ServicerC,SystemB,2024-06-15,1
LN000905,26,207728.67,Current,0,ServicerA,SystemB,2024-06-15,0
LN001763,5,259414.08,Current,0,ServicerB,SystemB,2024-06-15,0
LN001976,12,164390.13,Current,0,ServicerA,SystemB,2024-06-15,0
LN002934,3,221952.92,Current,0,ServicerC,SystemB,2024-06-15,0
LN001019,6,171780.26,60DPD,0,ServicerD,SystemB,2024-06-15,1
LN001767,18,160409.57,Current,0,ServicerA,SystemB,2024-06-15,0
LN002366,5,241162.96,Current,0,ServicerC,SystemB,2024-06-15,0
LN002703,3,110459.12,Current,0,ServicerC,SystemB,2024-06-15,0
LN002599,4,262695.88,Current,0,ServicerB,SystemB,2024-06-15,0
LN002874,22,199970.36,Current,0,ServicerA,SystemB,2024-06-15,0
LN001084,12,134906.55,Current,0,ServicerA,SystemB,2024-06-15,0
LN001839,4,355085.38,Current,0,ServicerC,SystemB,2024-06-15,0
LN000789,12,359416.40291092295,Current,0,ServicerC,SystemB,2024-06-15,1
LN002727,9,107964.02,Current,0,ServicerD,SystemB,2024-06-15,0
LN001564,10,122832.74,60DPD,60,ServicerE,SystemB,2024-06-15,0
LN002879,5,264620.61,Current,0,ServicerA,SystemB,2024-06-15,0
LN002736,2,282533.65,Current,0,ServicerD,SystemB,2024-06-15,0
LN002463,14,203855.42,Current,0,ServicerE,SystemB,2024-06-15,0
LN001538,22,275251.43,Current,0,ServicerB,SystemB,2024-06-15,0
LN000677,15,108607.78,Current,0,ServicerC,SystemB,2024-06-15,0
LN000220,5,49591.38,Current,0,ServicerC,SystemB,2024-06-15,0
LN001590,11,146028.39,Prepaid,0,ServicerA,SystemB,2024-06-15,0
LN000444,20,441741.68,Current,0,ServicerB,SystemB,2024-06-15,0
LN002099,14,186272.4859254552,Current,0,ServicerC,SystemB,2024-06-15,1
LN002796,1,250048.16,Current,0,ServicerC,SystemB,2024-06-15,0
LN002685,21,205280.37,30DPD,30,ServicerE,SystemB,2024-06-15,0
LN001293,11,213454.18,Current,0,ServicerE,SystemB,2024-06-15,0
LN002484,8,338494.99,30DPD,30,ServicerC,SystemB,2024-06-15,0
LN000353,5,222240.89,Current,0,ServicerE,SystemB,2024-06-15,0
LN000921,6,278632.09,Current,0,ServicerA,SystemB,2024-06-15,0
LN002925,4,226743.45,Current,0,ServicerE,SystemB,2024-06-15,0
LN000218,8,330807.02,Current,0,ServicerB,SystemB,2024-06-15,0
LN000465,4,90789.42,Current,0,ServicerC,SystemB,2024-06-15,0
LN002888,11,181939.45,Current,0,ServicerD,SystemB,2024-06-15,0
LN001306,7,199030.94,Current,0,ServicerB,SystemB,2024-06-15,0
LN001559,19,170481.31,60DPD,0,ServicerC,SystemB,2024-06-15,1
LN000448,4,159303.85,Current,0,ServicerA,SystemB,2024-06-15,0
LN001097,1,,Current,0,ServicerA,SystemB,2024-06-15,0
LN001067,19,439258.59,Default,120,ServicerC,SystemB,2024-06-15,0
LN000393,13,237588.79,Current,0,ServicerD,SystemB,2024-06-15,0
LN000693,4,243823.14,90DPD,0,ServicerC,SystemB,2024-06-15,1
LN001051,6,124571.8,Prepaid,0,ServicerC,SystemB,2024-06-15,0
LN001241,4,164691.04,Current,0,ServicerB,SystemB,2024-06-15,0
LN001650,4,133488.84,Current,0,ServicerC,SystemB,2024-06-15,0
LN001848,14,227246.36,Current,0,ServicerA,SystemB,2024-06-15,0
LN000247,8,252170.53,Current,0,ServicerB,SystemB,2024-06-15,0
LN002988,16,181147.04,Current,30,ServicerA,SystemB,2024-06-15,0
LN001950,6,125136.24,Current,0,ServicerC,SystemB,2024-06-15,0
LN000274,14,84471.7,Current,0,ServicerC,SystemB,2024-06-15,0
LN001637,2,438017.23,Current,0,ServicerC,SystemB,2024-06-15,0
LN002688,1,396265.6046448195,Current,0,ServicerD,SystemB,2024-06-15,1
LN002690,19,380407.53,Current,0,ServicerC,SystemB,2024-06-15,0
LN000505,1,156323.96,Current,0,ServicerE,SystemB,2024-06-15,0
LN000633,10,110762.23,Current,0,ServicerB,SystemB,2024-06-15,0
LN001462,6,184544.02,Current,0,ServicerA,SystemB,2024-06-15,0
LN000375,10,242119.58,30DPD,60,ServicerA,SystemB,2024-06-15,1
LN002882,4,194370.74,Current,0,ServicerD,SystemB,2024-06-15,0
LN002468,5,371480.05,Current,0,ServicerD,SystemB,2024-06-15,0
LN000669,5,324127.42,60DPD,60,ServicerD,SystemB,2024-06-15,0
LN000775,14,188539.56,Current,0,ServicerC,SystemB,2024-06-15,0
LN000730,4,93253.87,Current,0,ServicerB,SystemB,2024-06-15,0
LN000425,6,101848.83,Current,0,ServicerE,SystemB,2024-06-15,0
LN002126,9,359332.89,Current,0,ServicerB,SystemB,2024-06-15,0
LN000421,19,153022.99,Prepaid,0,ServicerE,SystemB,2024-06-15,0
LN002118,2,335323.82,Current,0,ServicerC,SystemB,2024-06-15,0
LN001175,8,197806.56,Current,0,ServicerB,SystemB,2024-06-15,0
LN002480,4,208423.95,Current,0,ServicerC,SystemB,2024-06-15,1
LN000949,12,175609.66,Current,0,ServicerA,SystemB,2024-06-15,0
LN002086,1,117751.22,Current,0,ServicerB,SystemB,2024-06-15,0
LN002812,13,734129.2,30DPD,30,ServicerC,SystemB,2024-06-15,0
LN000499,4,331960.0858565508,60DPD,60,ServicerB,SystemB,2024-06-15,0
LN002260,6,280385.1,Current,0,ServicerC,SystemB,2024-06-15,0
LN000208,6,284823.55,Current,0,ServicerB,SystemB,2024-06-15,1
LN002034,2,139859.76,Prepaid,0,ServicerC,SystemB,2024-06-15,0
LN000909,23,298068.8,Current,0,ServicerA,SystemB,2024-06-15,0
LN001122,15,259210.91,Current,0,ServicerB,SystemB,2024-06-15,0
LN002013,14,107232.31,Current,0,ServicerA,SystemB,2024-06-15,0
LN002286,17,284062.15,Current,0,ServicerA,SystemB,2024-06-15,0
LN000000,10,102442.06,Current,0,ServicerE,SystemB,2024-06-15,0
LN002468,12,368078.13,Current,0,ServicerD,SystemB,2024-06-15,0
LN000719,25,167627.16,Current,0,ServicerE,SystemB,2024-06-15,0
LN002321,5,148422.61,Current,0,ServicerB,SystemB,2024-06-15,0
LN000477,15,185923.54,Current,0,ServicerE,SystemB,2024-06-15,1
LN002690,7,387631.2,Current,0,ServicerC,SystemB,2024-06-15,0
LN002458,2,259742.53,Current,0,ServicerE,SystemB,2024-06-15,0
LN001710,29,305291.99,60DPD,0,ServicerC,SystemB,2024-06-15,1
LN002658,14,702540.69,Current,0,ServicerD,SystemB,2024-06-15,1
LN001238,4,178014.5,Current,0,ServicerB,SystemB,2024-06-15,0
LN000242,3,278055.8663960513,Current,0,ServicerE,SystemB,2024-06-15,1
LN000128,2,135443.04,Current,0,ServicerA,SystemB,2024-06-15,0
LN001063,10,436138.51,Current,0,ServicerE,SystemB,2024-06-15,0
LN002006,10,193315.02,90DPD,90,ServicerE,SystemB,2024-06-15,0
LN000026,14,185774.6,Current,0,ServicerB,SystemB,2024-06-15,0
LN002836,5,112585.99,Current,0,ServicerD,SystemB,2024-06-15,0
LN000064,15,164723.98,Current,0,ServicerE,SystemB,2024-06-15,0
LN002149,1,168943.91,Current,0,ServicerD,SystemB,2024-06-15,1
LN002449,7,191235.99034172017,Current,0,ServicerD,SystemB,2024-06-15,1
LN000828,12,205656.28,Current,0,ServicerE,SystemB,2024-06-15,0
LN000800,2,413876.56,Current,0,ServicerB,SystemB,2024-06-15,0
LN002575,2,331107.39,Current,0,ServicerD,SystemB,2024-06-15,1
LN000245,6,150139.95,30DPD,30,ServicerC,SystemB,2024-06-15,0
LN001522,17,503101.71,Prepaid,0,ServicerD,SystemB,2024-06-15,0
LN000625,5,178328.95,Current,0,ServicerA,SystemB,2024-06-15,0
LN002460,5,300738.23,Current,0,ServicerB,SystemB,2024-06-15,0
LN000806,16,96730.91,30DPD,0,ServicerB,SystemB,2024-06-15,1
LN002271,8,152979.0833623363,30DPD,30,ServicerA,SystemB,2024-06-15,1
LN000591,8,486075.87,Current,0,ServicerC,SystemB,2024-06-15,0
LN000006,18,162819.67,Current,0,ServicerE,SystemB,2024-06-15,0
LN001611,1,122654.6,Current,0,ServicerD,SystemB,2024-06-15,0
LN001517,1,184745.38,Current,0,ServicerE,SystemB,2024-06-15,0
LN002904,8,82447.01,Current,0,ServicerD,SystemB,2024-06-15,0
LN002509,12,305137.9356888619,30DPD,30,ServicerC,SystemB,2024-06-15,0
LN002347,18,278379.76,Current,0,ServicerB,SystemB,2024-06-15,0
LN001109,5,233756.59,Current,0,ServicerD,SystemB,2024-06-15,0
LN002092,2,124553.65535928139,Current,0,ServicerD,SystemB,2024-06-15,1
LN001756,1,179465.81,Current,0,ServicerB,SystemB,2024-06-15,0
LN001486,30,164518.53,Current,0,ServicerA,SystemB,2024-06-15,0
LN000513,9,227677.04,Current,0,ServicerD,SystemB,2024-06-15,0
LN001333,8,117662.86,Current,0,ServicerA,SystemB,2024-06-15,0
LN002046,12,139541.41,Prepaid,0,ServicerC,SystemB,2024-06-15,0
LN002366,10,239663.91,Current,0,ServicerC,SystemB,2024-06-15,0
LN002573,4,161045.17,Current,0,ServicerE,SystemB,2024-06-15,0
LN001302,5,238069.42,Current,0,ServicerD,SystemB,2024-06-15,0
LN000704,1,188780.1,Current,0,ServicerC,SystemB,2024-06-15,0
LN002992,10,67405.30029532146,Prepaid,0,ServicerB,SystemB,2024-06-15,1
LN002838,4,80751.33,Current,0,ServicerA,SystemB,2024-06-15,0
LN002475,15,512080.53,60DPD,60,ServicerB,SystemB,2024-06-15,0
LN002207,17,175261.3,Current,0,ServicerA,SystemB,2024-06-15,0
LN001113,10,457006.89,Current,0,ServicerB,SystemB,2024-06-15,0
LN000937,1,61777.57,Current,0,ServicerD,SystemB,2024-06-15,0
LN002894,7,282187.48,Current,0,ServicerD,SystemB,2024-06-15,0
LN002301,20,201986.58,Current,0,ServicerD,SystemB,2024-06-15,0
LN001487,6,109915.31,Current,0,ServicerB,SystemB,2024-06-15,0
LN002049,4,174135.49,Current,0,ServicerA,SystemB,2024-06-15,0
LN001156,33,67871.1,Current,0,ServicerC,SystemB,2024-06-15,0
LN002382,8,181406.46,Default,120,ServicerB,SystemB,2024-06-15,0
LN000184,12,263554.43,Current,0,ServicerC,SystemB,2024-06-15,0
LN001759,6,194200.95,Current,90,ServicerB,SystemB,2024-06-15,1
LN001329,1,202265.66,Current,0,ServicerB,SystemB,2024-06-15,0
LN002463,18,202828.96,Current,0,ServicerE,SystemB,2024-06-15,0
LN001634,8,365819.67,Current,0,ServicerA,SystemB,2024-06-15,0
LN000687,1,266603.98,Current,0,ServicerA,SystemB,2024-06-15,0
LN002251,8,308716.9455765168,Current,0,ServicerE,SystemB,2024-06-15,1
LN000057,24,127524.96,Current,0,ServicerD,SystemB,2024-06-15,0
LN000029,3,76444.63127378355,Current,0,ServicerB,SystemB,2024-06-15,1
LN002401,1,566040.27,Current,0,ServicerD,SystemB,2024-06-15,0
LN002928,14,166692.53,Current,0,ServicerB,SystemB,2024-06-15,0
LN002862,3,439832.91,Current,0,ServicerE,SystemB,2024-06-15,0
LN002428,8,353550.35,Current,0,ServicerA,SystemB,2024-06-15,1
LN001369,17,65910.13,30DPD,0,ServicerD,SystemB,2024-06-15,1
LN002279,4,247924.28,Current,0,ServicerE,SystemB,2024-06-15,0
LN002587,3,290809.31,Current,0,ServicerB,SystemB,2024-06-15,0
LN000849,16,78506.58,Current,0,ServicerB,SystemB,2024-06-15,0
LN002904,1,83273.0,Current,0,ServicerD,SystemB,2024-06-15,0
LN002660,8,211368.62,Current,0,ServicerB,SystemB,2024-06-15,0
LN002476,7,84195.59,Current,0,ServicerB,SystemB,2024-06-15,0
LN001563,1,379579.8,Current,0,ServicerC,SystemB,2024-06-15,0
LN001962,4,284169.33836785017,Prepaid,0,ServicerB,SystemB,2024-06-15,1
LN000280,5,243643.69,Current,0,ServicerA,SystemB,2024-06-15,0
LN000446,1,303508.66,Current,0,ServicerA,SystemB,2024-06-15,0
LN000950,22,64718.83798584536,Current,0,ServicerA,SystemB,2024-06-15,1
LN000855,7,257331.85,Prepaid,60,ServicerD,SystemB,2024-06-15,1
LN001306,16,196964.72,Current,0,ServicerB,SystemB,2024-06-15,0
LN001171,1,348299.5,Current,0,ServicerB,SystemB,2024-06-15,0
LN000776,14,100611.17,Current,0,ServicerD,SystemB,2024-06-15,0
LN000095,3,247346.05,Current,0,ServicerE,SystemB,2024-06-15,0
LN001901,7,305930.14,Current,0,ServicerE,SystemB,2024-06-15,0
LN001164,6,227326.72,Current,0,ServicerD,SystemB,2024-06-15,0
LN002410,3,165168.67,60DPD,0,ServicerC,SystemB,2024-06-15,1
LN001974,14,300552.91,60DPD,0,ServicerD,SystemB,2024-06-15,1
LN002847,13,141647.31,30DPD,60,ServicerE,SystemB,2024-06-15,1
LN001623,4,283817.63,60DPD,60,ServicerE,SystemB,2024-06-15,0
LN000494,6,96320.63,Current,0,ServicerC,SystemB,2024-06-15,0
LN001820,3,544448.95,30DPD,30,ServicerB,SystemB,2024-06-15,0
LN002431,10,135979.8538776578,Current,0,ServicerC,SystemB,2024-06-15,1
LN000073,22,179512.77439729354,Current,0,ServicerE,SystemB,2024-06-15,1
LN002443,7,243053.86,Current,0,ServicerE,SystemB,2024-06-15,0
LN002888,14,181134.48,Current,30,ServicerD,SystemB,2024-06-15,1
LN001372,17,175152.84,60DPD,60,ServicerC,SystemB,2024-06-15,0
LN001001,8,368260.21,Prepaid,0,ServicerC,SystemB,2024-06-15,0
LN001773,1,233501.31,Current,0,ServicerA,SystemB,2024-06-15,0
LN001507,2,98971.12,Current,30,ServicerC,SystemB,2024-06-15,1
LN001145,13,187564.01141112222,Current,0,ServicerB,SystemB,2024-06-15,1
LN000949,13,175338.55,Current,0,ServicerA,SystemB,2024-06-15,0
LN001848,22,225119.13,Current,0,ServicerA,SystemB,2024-06-15,0
LN001309,4,179340.14,Current,0,ServicerA,SystemB,2024-06-15,0
LN002999,4,122783.01,90DPD,0,ServicerB,SystemB,2024-06-15,1
LN002420,11,244696.02,Current,0,ServicerE,SystemB,2024-06-15,0
LN002145,14,162094.06,Current,0,ServicerE,SystemB,2024-06-15,0
LN002996,9,653210.53,Current,0,ServicerC,SystemB,2024-06-15,0
LN001464,1,182787.85,Current,60,ServicerB,SystemB,2024-06-15,1
LN001217,16,238023.23,Current,0,ServicerB,SystemB,2024-06-15,0
LN000750,2,115324.64,Current,0,ServicerE,SystemB,2024-06-15,0
LN000020,12,100703.09,Current,0,ServicerA,SystemB,2024-06-15,0
LN000011,7,439004.51,Current,0,ServicerD,SystemB,2024-06-15,0
LN001041,9,111893.88,Current,0,ServicerB,SystemB,2024-06-15,0
LN001356,3,199086.5,Prepaid,0,ServicerD,SystemB,2024-06-15,0
LN001244,4,240586.09,Current,0,ServicerE,SystemB,2024-06-15,0
LN000327,7,196052.91,Current,0,ServicerA,SystemB,2024-06-15,1
LN001817,5,133863.57,Current,0,ServicerE,SystemB,2024-06-15,0
LN002464,6,189454.36,Prepaid,0,ServicerE,SystemB,2024-06-15,0
LN000590,6,550360.29,Current,0,ServicerE,SystemB,2024-06-15,0
LN002800,1,332840.33,Current,0,ServicerD,SystemB,2024-06-15,0
LN001180,9,288987.83,Current,0,ServicerC,SystemB,2024-06-15,0
LN000846,15,92095.38,Current,0,ServicerC,SystemB,2024-06-15,0
LN000531,2,156099.22,Current,0,ServicerC,SystemB,2024-06-15,0
LN002048,11,264083.84,Current,0,ServicerA,SystemB,2024-06-15,0
LN000622,7,-180142.6,Current,0,ServicerB,SystemB,2024-06-15,0
LN000159,1,274581.72,Current,0,ServicerB,SystemB,2024-06-15,0
LN001419,7,327539.04,Current,0,ServicerD,SystemB,2024-06-15,0
LN001042,10,101999.62,Current,0,ServicerA,SystemB,2024-06-15,0
LN002118,3,334891.23,30DPD,0,ServicerC,SystemB,2024-06-15,1
LN002926,16,181418.29,Current,0,ServicerD,SystemB,2024-06-15,0
LN000236,7,184477.56,Current,0,ServicerD,SystemB,2024-06-15,0
LN001960,15,159178.75,Current,0,ServicerA,SystemB,2024-06-15,0
LN002279,3,248275.71,60DPD,0,ServicerE,SystemB,2024-06-15,1
LN000525,8,114221.75,Current,0,ServicerC,SystemB,2024-06-15,0
LN001950,5,,Current,0,ServicerC,SystemB,2024-06-15,0
LN000273,16,287879.47,Current,0,ServicerB,SystemB,2024-06-15,0
LN001839,7,353614.17,Current,0,ServicerC,SystemB,2024-06-15,0
LN001540,15,223815.04,Current,0,ServicerE,SystemB,2024-06-15,0
LN000411,20,212820.19,Current,0,ServicerA,SystemB,2024-06-15,0
LN000837,1,180893.67,Current,0,ServicerA,SystemB,2024-06-15,0
LN001088,10,115959.49,60DPD,60,ServicerE,SystemB,2024-06-15,0
LN001890,5,203158.28,90DPD,0,ServicerC,SystemB,2024-06-15,1
LN002192,6,115012.97,Current,0,ServicerE,SystemB,2024-06-15,0
LN001764,1,89438.91,Current,0,ServicerD,SystemB,2024-06-15,0
LN001848,6,229373.58,60DPD,0,ServicerA,SystemB,2024-06-15,1
LN002886,15,293627.28,Current,30,ServicerE,SystemB,2024-06-15,0
LN001595,14,137101.0946283335,Current,0,ServicerA,SystemB,2024-06-15,1
LN000895,23,127746.74,Current,0,ServicerD,SystemB,2024-06-15,0
LN001409,17,244757.92,30DPD,30,ServicerA,SystemB,2024-06-15,0
LN000141,7,186000.43,Current,0,ServicerE,SystemB,2024-06-15,0
LN002283,17,188748.4,30DPD,30,ServicerB,SystemB,2024-06-15,0
LN002755,6,173684.98,Current,0,ServicerA,SystemB,2024-06-15,0
LN000727,3,178093.51,Current,0,ServicerB,SystemB,2024-06-15,0
LN002022,1,134418.48,60DPD,0,ServicerC,SystemB,2024-06-15,1
LN000560,20,225451.45,Current,0,ServicerD,SystemB,2024-06-15,0
LN001352,5,123284.14,Prepaid,0,ServicerC,SystemB,2024-06-15,0
LN000605,5,141859.45,Current,0,ServicerA,SystemB,2024-06-15,0
LN002023,4,,Current,0,ServicerC,SystemB,2024-06-15,0
LN000041,15,93139.99,Current,0,ServicerA,SystemB,2024-06-15,0
LN002674,16,142312.44,Current,0,ServicerA,SystemB,2024-06-15,0
LN002402,10,175749.35,Current,0,ServicerB,SystemB,2024-06-15,0
LN000858,10,340123.8,30DPD,0,ServicerC,SystemB,2024-06-15,1
LN000560,10,229215.22,Current,0,ServicerD,SystemB,2024-06-15,0
LN000169,7,147753.06,60DPD,60,ServicerD,SystemB,2024-06-15,0
LN001783,24,131576.89,Current,0,ServicerC,SystemB,2024-06-15,0
LN002725,11,195755.6,Current,0,ServicerE,SystemB,2024-06-15,0
LN002717,3,135554.2,30DPD,30,ServicerA,SystemB,2024-06-15,0
LN001235,2,77615.47,Current,0,ServicerC,SystemB,2024-06-15,0
LN000430,5,257530.77,Current,0,ServicerE,SystemB,2024-06-15,0
LN002546,7,339128.83,Current,0,ServicerC,SystemB,2024-06-15,0
LN000096,22,165723.89,Current,0,ServicerD,SystemB,2024-06-15,0
LN000310,27,174320.17,Current,0,ServicerA,SystemB,2024-06-15,0
LN000000,3,103297.42,Current,0,ServicerE,SystemB,2024-06-15,0
LN000169,26,144449.95,Current,0,ServicerD,SystemB,2024-06-15,0
LN000467,18,153252.3,Current,0,ServicerB,SystemB,2024-06-15,0
LN002723,11,563166.12,Current,0,ServicerD,SystemB,2024-06-15,0
LN002705,4,218580.23,Prepaid,0,ServicerA,SystemB,2024-06-15,0
LN002529,1,96957.96,Current,0,ServicerC,SystemB,2024-06-15,0
LN001688,12,,Current,0,ServicerC,SystemB,2024-06-15,0
LN000132,4,312937.1,Current,0,ServicerC,SystemB,2024-06-15,0
LN000819,19,185828.72,30DPD,30,ServicerD,SystemB,2024-06-15,0
LN002989,25,142067.51,Current,0,ServicerC,SystemB,2024-06-15,0
LN001818,17,204206.28455557433,Current,0,ServicerA,SystemB,2024-06-15,1
LN001747,17,211063.87,Current,0,ServicerC,SystemB,2024-06-15,0
LN001647,7,248047.64,Current,0,ServicerD,SystemB,2024-06-15,0
LN001145,16,191630.53,Current,30,ServicerB,SystemB,2024-06-15,1
LN001378,1,439846.49,Current,0,ServicerE,SystemB,2024-06-15,0
LN000985,1,290259.4,Current,0,ServicerC,SystemB,2024-06-15,0
LN001425,6,120269.88,Current,0,ServicerB,SystemB,2024-06-15,0
LN001091,11,155708.96,Prepaid,0,ServicerE,SystemB,2024-06-15,0
LN001698,3,241228.39,Prepaid,0,ServicerA,SystemB,2024-06-15,0
LN000553,3,350941.72,Current,30,ServicerA,SystemB,2024-06-15,1
LN000467,19,153000.15,Current,0,ServicerB,SystemB,2024-06-15,0
LN000275,24,350393.16,Prepaid,90,ServicerB,SystemB,2024-06-15,1
LN000021,6,139261.76,90DPD,0,ServicerA,SystemB,2024-06-15,1
LN000281,8,294348.77,Current,0,ServicerB,SystemB,2024-06-15,0
LN001443,2,175722.0,Current,90,ServicerB,SystemB,2024-06-15,1
LN002395,3,115608.68,Current,0,ServicerD,SystemB,2024-06-15,0
LN002674,17,142104.28,Current,0,ServicerA,SystemB,2024-06-15,0
LN000365,4,230125.83,Current,0,ServicerB,SystemB,2024-06-15,0
LN002528,5,248343.85,60DPD,60,ServicerE,SystemB,2024-06-15,0
LN002100,4,560800.79,Current,0,ServicerA,SystemB,2024-06-15,0
LN000940,14,70099.27,Current,0,ServicerC,SystemB,2024-06-15,0
LN000930,2,255804.55,30DPD,0,ServicerD,SystemB,2024-06-15,1
LN002334,11,,Current,0,ServicerA,SystemB,2024-06-15,1
LN001180,19,285363.2,Current,0,ServicerC,SystemB,2024-06-15,0
LN001867,1,209614.07,Current,0,ServicerA,SystemB,2024-06-15,0
LN000553,4,350482.3,Current,0,ServicerA,SystemB,2024-06-15,0
LN000002,14,255417.58,90DPD,90,ServicerE,SystemB,2024-06-15,0
LN002437,4,200664.28,Current,0,ServicerB,SystemB,2024-06-15,0
LN000323,4,162187.55,90DPD,90,ServicerA,SystemB,2024-06-15,0
LN002699,15,395861.28,Current,0,ServicerA,SystemB,2024-06-15,0
LN000463,1,238585.87,Current,0,ServicerE,SystemB,2024-06-15,0
LN000944,7,634158.68,Current,30,ServicerD,SystemB,2024-06-15,1
LN002978,2,147520.37,60DPD,0,ServicerB,SystemB,2024-06-15,1
LN000144,17,97861.47,Current,0,ServicerB,SystemB,2024-06-15,0
LN000338,15,281587.24,30DPD,30,ServicerB,SystemB,2024-06-15,0
LN002041,11,295223.91,Current,0,ServicerB,SystemB,2024-06-15,0
LN002450,14,332605.59,60DPD,60,ServicerA,SystemB,2024-06-15,0
LN002373,8,270139.69,Prepaid,0,ServicerA,SystemB,2024-06-15,0
LN002251,16,326688.59,Current,0,ServicerE,SystemB,2024-06-15,0
LN001406,12,307224.5,Current,0,ServicerA,SystemB,2024-06-15,1
LN001680,4,237847.26261736412,Prepaid,0,ServicerB,SystemB,2024-06-15,1
LN002253,21,118802.73,Current,0,ServicerA,SystemB,2024-06-15,0
LN000096,11,168299.44,Current,0,ServicerD,SystemB,2024-06-15,0
LN002127,15,183971.88,Current,0,ServicerD,SystemB,2024-06-15,0
LN000994,6,353634.16,30DPD,30,ServicerD,SystemB,2024-06-15,0
LN002614,4,185157.63,Current,0,ServicerA,SystemB,2024-06-15,0
LN001843,24,170789.59,30DPD,30,ServicerA,SystemB,2024-06-15,0
LN002038,10,82208.51,Current,0,ServicerC,SystemB,2024-06-15,0
LN001507,19,96753.63,90DPD,90,ServicerC,SystemB,2024-06-15,0
LN000194,2,113892.85,Prepaid,0,ServicerA,SystemB,2024-06-15,1
LN000933,17,97189.52,Current,90,ServicerC,SystemB,2024-06-15,1
LN001957,3,159410.89,Prepaid,0,ServicerB,SystemB,2024-06-15,0
LN002322,19,412061.24,Current,30,ServicerD,SystemB,2024-06-15,1
LN001175,7,-198053.49,Current,0,ServicerB,SystemB,2024-06-15,0
LN002618,1,224052.83,Current,0,ServicerB,SystemB,2024-06-15,0
LN000112,8,208114.34,Current,0,ServicerC,SystemB,2024-06-15,0
LN000834,8,257658.87,Current,0,ServicerA,SystemB,2024-06-15,0
LN000233,17,148594.59,30DPD,30,ServicerA,SystemB,2024-06-15,0
LN000222,5,714804.29,Current,0,ServicerE,SystemB,2024-06-15,0
LN001012,1,330755.48,30DPD,0,ServicerC,SystemB,2024-06-15,1
LN001406,7,309438.04,Current,0,ServicerA,SystemB,2024-06-15,0
LN001413,1,214175.55,Current,60,ServicerA,SystemB,2024-06-15,1
LN002926,17,181201.75,Current,0,ServicerD,SystemB,2024-06-15,0
LN001168,14,433467.72,90DPD,90,ServicerE,SystemB,2024-06-15,0
LN000962,21,84446.47,Current,0,ServicerC,SystemB,2024-06-15,0
LN002083,1,82623.09,Current,0,ServicerC,SystemB,2024-06-15,0
LN002606,23,200868.17,Prepaid,0,ServicerA,SystemB,2024-06-15,0
LN002563,7,347640.63,Current,0,ServicerC,SystemB,2024-06-15,0
LN002048,17,262191.57,Current,0,ServicerA,SystemB,2024-06-15,0
LN001258,12,228034.52,30DPD,30,ServicerB,SystemB,2024-06-15,0
LN001520,18,263906.0,Current,0,ServicerA,SystemB,2024-06-15,0
LN001050,17,192457.06,Current,0,ServicerD,SystemB,2024-06-15,0
LN000657,5,503686.02,Current,0,ServicerB,SystemB,2024-06-15,0
LN000514,8,409141.45,Current,0,ServicerA,SystemB,2024-06-15,1
LN000486,1,223208.26,Current,90,ServicerC,SystemB,2024-06-15,1
LN000234,5,77935.08,Current,0,ServicerD,SystemB,2024-06-15,0
LN000703,1,244958.38,Current,0,ServicerC,SystemB,2024-06-15,0
LN000209,6,123041.23,Current,0,ServicerE,SystemB,2024-06-15,0
LN000813,2,181156.22209819194,Current,0,ServicerA,SystemB,2024-06-15,1
LN002124,15,260738.92,Current,0,ServicerD,SystemB,2024-06-15,0
LN000931,9,-83818.97,Current,0,ServicerB,SystemB,2024-06-15,0
LN001959,15,387716.42,Current,0,ServicerA,SystemB,2024-06-15,0
LN002812,17,730808.34,Current,30,ServicerC,SystemB,2024-06-15,1
LN001417,8,522569.05,Current,0,ServicerC,SystemB,2024-06-15,0
LN000688,18,141808.66,Prepaid,0,ServicerD,SystemB,2024-06-15,0
LN000451,8,420615.06,30DPD,30,ServicerA,SystemB,2024-06-15,0
LN000838,8,135881.59,Default,120,ServicerA,SystemB,2024-06-15,0
LN000074,1,272710.19,Current,0,ServicerD,SystemB,2024-06-15,0
LN001038,13,206692.81,Current,0,ServicerD,SystemB,2024-06-15,0
LN000348,7,132024.65,Current,0,ServicerE,SystemB,2024-06-15,0
LN000685,8,79820.18,Current,0,ServicerD,SystemB,2024-06-15,0
LN000883,11,129671.79,Prepaid,0,ServicerD,SystemB,2024-06-15,0
LN000636,3,49767.28,Current,0,ServicerE,SystemB,2024-06-15,0
LN002926,25,179469.39,30DPD,30,ServicerD,SystemB,2024-06-15,0
LN001833,2,291449.5975138802,Current,0,ServicerD,SystemB,2024-06-15,0
LN000248,7,235476.69,Current,0,ServicerC,SystemB,2024-06-15,0
LN002371,10,183790.42,Current,0,ServicerB,SystemB,2024-06-15,0
LN002971,2,214569.72,Current,0,ServicerD,SystemB,2024-06-15,0
LN000801,8,177273.73802054892,Prepaid,0,ServicerA,SystemB,2024-06-15,1
LN000168,10,98893.44,60DPD,60,ServicerC,SystemB,2024-06-15,1
LN000404,5,230156.83,Current,0,ServicerB,SystemB,2024-06-15,0
LN001818,4,203631.01,Current,0,ServicerA,SystemB,2024-06-15,1
LN000783,7,114278.75,90DPD,0,ServicerE,SystemB,2024-06-15,1
LN002793,3,217539.55,Current,0,ServicerE,SystemB,2024-06-15,1
LN000661,25,131568.78,Current,0,ServicerE,SystemB,2024-06-15,0
LN000196,5,53754.92,90DPD,90,ServicerB,SystemB,2024-06-15,0
LN001041,13,111252.04,Current,0,ServicerB,SystemB,2024-06-15,0
LN002180,2,102907.12,Current,0,ServicerB,SystemB,2024-06-15,0
LN000468,22,59494.25,Current,0,ServicerB,SystemB,2024-06-15,1
LN002427,7,207645.91,Current,60,ServicerD,SystemB,2024-06-15,1
LN000496,13,264244.11,Current,0,ServicerD,SystemB,2024-06-15,0
LN001805,3,154442.75,Current,0,ServicerD,SystemB,2024-06-15,0
LN001388,11,223832.05,Current,0,ServicerB,SystemB,2024-06-15,1
LN000122,4,471899.33,Current,0,ServicerE,SystemB,2024-06-15,0
LN002888,5,183549.38,Current,0,ServicerD,SystemB,2024-06-15,0
LN000549,3,215299.15,Current,0,ServicerE,SystemB,2024-06-15,1
LN000310,12,177082.86,Current,0,ServicerA,SystemB,2024-06-15,1
LN000016,23,139589.34,Current,0,ServicerE,SystemB,2024-06-15,0
LN001157,5,226057.37,Current,0,ServicerD,SystemB,2024-06-15,0
LN001457,3,120712.06,Current,0,ServicerB,SystemB,2024-06-15,0
LN001245,10,290328.35,Current,0,ServicerB,SystemB,2024-06-15,0
LN000555,25,194022.44,Current,0,ServicerD,SystemB,2024-06-15,0
LN002851,3,423311.55,Current,0,ServicerE,SystemB,2024-06-15,0
LN000416,6,138053.1,Current,0,ServicerB,SystemB,2024-06-15,0
LN001294,5,77447.76,Prepaid,0,ServicerA,SystemB,2024-06-15,0
LN002148,29,111320.98,Current,0,ServicerD,SystemB,2024-06-15,0
LN002658,12,816982.2700378523,Current,0,ServicerD,SystemB,2024-06-15,1
LN000812,2,152440.7,60DPD,30,ServicerD,SystemB,2024-06-15,1
LN002457,21,210197.52,Current,0,ServicerA,SystemB,2024-06-15,0
LN001508,10,325263.18,Prepaid,0,ServicerC,SystemB,2024-06-15,0
LN001053,2,191041.76,Current,0,ServicerC,SystemB,2024-06-15,0
LN000671,6,,Current,0,ServicerB,SystemB,2024-06-15,0
LN002540,9,,Current,30,ServicerC,SystemB,2024-06-15,0
LN000441,7,261147.95,Current,0,ServicerA,SystemB,2024-06-15,0
LN001215,15,87728.35,Current,0,ServicerE,SystemB,2024-06-15,0
LN000820,8,335228.38,Current,0,ServicerB,SystemB,2024-06-15,0
LN000545,11,186516.76,Current,0,ServicerD,SystemB,2024-06-15,0
LN000099,1,270667.88,Current,0,ServicerD,SystemB,2024-06-15,0
LN001772,13,111148.45,Prepaid,0,ServicerB,SystemB,2024-06-15,0
LN002944,2,170493.8,Current,0,ServicerA,SystemB,2024-06-15,0
LN000536,10,180738.59,Current,0,ServicerB,SystemB,2024-06-15,0
LN001666,2,160201.16,Current,0,ServicerE,SystemB,2024-06-15,0
LN000480,4,152323.29,Current,0,ServicerE,SystemB,2024-06-15,0
LN001753,5,169444.31,90DPD,0,ServicerB,SystemB,2024-06-15,1
LN002768,2,60439.01,Current,0,ServicerE,SystemB,2024-06-15,0
LN002392,10,126341.18,Current,0,ServicerA,SystemB,2024-06-15,0
LN000226,4,333692.27,60DPD,60,ServicerE,SystemB,2024-06-15,0
LN001077,8,182337.09,Current,0,ServicerB,SystemB,2024-06-15,0
LN001279,1,328874.76,Current,0,ServicerD,SystemB,2024-06-15,0
LN002132,6,151548.23,Current,0,ServicerE,SystemB,2024-06-15,0
LN002832,12,276778.6,Current,0,ServicerC,SystemB,2024-06-15,0
LN000640,10,237569.23,30DPD,0,ServicerC,SystemB,2024-06-15,1
LN000600,15,199274.49,Current,0,ServicerC,SystemB,2024-06-15,0
LN001478,17,658013.48,90DPD,90,ServicerD,SystemB,2024-06-15,0
LN000015,5,109269.34,Current,0,ServicerA,SystemB,2024-06-15,0
LN002676,2,183327.48,Current,0,ServicerC,SystemB,2024-06-15,0
LN002117,4,411849.93,Current,0,ServicerB,SystemB,2024-06-15,0
LN001523,10,309967.39,Current,0,ServicerB,SystemB,2024-06-15,0
LN001202,3,139002.51,Current,0,ServicerE,SystemB,2024-06-15,0
LN000477,21,184704.06,Prepaid,0,ServicerE,SystemB,2024-06-15,0
LN002101,3,454946.41,30DPD,30,ServicerB,SystemB,2024-06-15,0
LN000461,3,180075.11,90DPD,90,ServicerD,SystemB,2024-06-15,0
LN000421,6,155730.33,90DPD,0,ServicerE,SystemB,2024-06-15,1
LN000087,11,331123.62,Current,0,ServicerC,SystemB,2024-06-15,0
LN002153,17,295597.4,Prepaid,0,ServicerC,SystemB,2024-06-15,0
LN000367,13,384385.9,Current,0,ServicerA,SystemB,2024-06-15,1
LN002899,9,227234.3,30DPD,60,ServicerE,SystemB,2024-06-15,1
LN000895,24,127557.34,Current,0,ServicerD,SystemB,2024-06-15,0
LN002684,3,,Current,0,ServicerD,SystemB,2024-06-15,0
LN001664,9,637216.92,Current,0,ServicerD,SystemB,2024-06-15,0
LN000398,12,493800.87,Current,0,ServicerA,SystemB,2024-06-15,0
LN001047,19,283184.05,Current,0,ServicerB,SystemB,2024-06-15,0
LN002076,7,150077.96280809242,Current,0,ServicerA,SystemB,2024-06-15,1
LN001984,4,168227.89,Current,0,ServicerE,SystemB,2024-06-15,0
LN002432,1,186764.36,Current,0,ServicerE,SystemB,2024-06-15,0
LN002865,1,152209.82,Current,0,ServicerD,SystemB,2024-06-15,0
LN002628,8,189566.12,Current,60,ServicerD,SystemB,2024-06-15,1
LN002477,15,278458.72,Default,120,ServicerA,SystemB,2024-06-15,0
LN000151,7,161671.26,90DPD,90,ServicerA,SystemB,2024-06-15,0
LN001799,5,178983.66,Current,0,ServicerE,SystemB,2024-06-15,0
LN002126,2,362068.42,Current,0,ServicerB,SystemB,2024-06-15,0
LN001540,25,-221387.47,Prepaid,0,ServicerE,SystemB,2024-06-15,0
LN001372,16,175412.91,90DPD,90,ServicerC,SystemB,2024-06-15,0
LN002344,3,139475.58,Current,0,ServicerC,SystemB,2024-06-15,0
LN000974,1,371384.66,Current,90,ServicerD,SystemB,2024-06-15,1
LN002085,3,120708.73,90DPD,0,ServicerB,SystemB,2024-06-15,1
LN000867,5,387726.72,30DPD,30,ServicerB,SystemB,2024-06-15,0
LN000118,5,108609.46,90DPD,90,ServicerD,SystemB,2024-06-15,0
LN002864,7,186359.01,Current,0,ServicerE,SystemB,2024-06-15,0
LN000246,8,269353.5,Current,0,ServicerC,SystemB,2024-06-15,0
LN002928,16,166195.89,Current,0,ServicerB,SystemB,2024-06-15,0
LN002346,10,92487.34,60DPD,0,ServicerD,SystemB,2024-06-15,1
LN000654,6,276458.1,Current,0,ServicerD,SystemB,2024-06-15,0
LN001560,7,316301.1032015733,Current,0,ServicerB,SystemB,2024-06-15,1
LN001547,12,124918.79,Current,0,ServicerE,SystemB,2024-06-15,0
LN001945,21,379802.88,30DPD,30,ServicerC,SystemB,2024-06-15,0
LN001870,6,91188.42,Current,0,ServicerC,SystemB,2024-06-15,0
LN001072,22,220185.18,30DPD,0,ServicerE,SystemB,2024-06-15,1
LN001137,3,205189.94,30DPD,30,ServicerE,SystemB,2024-06-15,0
LN001908,8,421547.64,Prepaid,0,ServicerD,SystemB,2024-06-15,0
LN002831,11,352843.75053876353,Current,0,ServicerE,SystemB,2024-06-15,1
LN000190,5,252066.96,Prepaid,0,ServicerD,SystemB,2024-06-15,0
LN002922,10,195305.67,Current,0,ServicerB,SystemB,2024-06-15,0
LN000782,6,393063.23,Prepaid,0,ServicerA,SystemB,2024-06-15,0
LN000728,1,70926.03941844324,Current,0,ServicerA,SystemB,2024-06-15,1
LN000905,3,213971.69,Current,0,ServicerA,SystemB,2024-06-15,0
LN000050,12,273161.38,Current,0,ServicerE,SystemB,2024-06-15,0
LN002554,4,123839.32,Current,0,ServicerA,SystemB,2024-06-15,0
LN000650,3,,Current,0,ServicerD,SystemB,2024-06-15,0
LN000328,2,245393.02,Current,0,ServicerB,SystemB,2024-06-15,0
LN001741,1,265880.38,Current,0,ServicerA,SystemB,2024-06-15,0
LN001668,6,166339.15,Prepaid,0,ServicerA,SystemB,2024-06-15,0
LN001187,7,323782.55,Prepaid,0,ServicerE,SystemB,2024-06-15,0
LN000807,7,134002.9127161938,30DPD,30,ServicerC,SystemB,2024-06-15,1
LN000030,5,472673.28,Current,90,ServicerD,SystemB,2024-06-15,1
LN000371,13,165760.86,Current,0,ServicerC,SystemB,2024-06-15,0
LN001850,8,118100.75791654077,Current,0,ServicerD,SystemB,2024-06-15,1
LN001538,10,279566.83,Current,0,ServicerB,SystemB,2024-06-15,0
LN000365,10,228643.12,Prepaid,60,ServicerB,SystemB,2024-06-15,1
LN002793,20,212595.69,Current,0,ServicerE,SystemB,2024-06-15,0
LN001450,5,168589.05,Current,0,ServicerD,SystemB,2024-06-15,0
LN001527,9,229294.16,90DPD,90,ServicerE,SystemB,2024-06-15,0
LN001672,1,316518.87,Current,0,ServicerD,SystemB,2024-06-15,0
LN000828,2,208456.05,Current,0,ServicerE,SystemB,2024-06-15,0
LN002072,4,252373.42,Current,0,ServicerD,SystemB,2024-06-15,0
LN001961,6,323765.68,Current,0,ServicerD,SystemB,2024-06-15,0
LN002901,20,141832.06,60DPD,0,ServicerB,SystemB,2024-06-15,1
LN000403,3,140459.71,60DPD,60,ServicerA,SystemB,2024-06-15,0
LN001848,7,229107.68,Current,0,ServicerA,SystemB,2024-06-15,0
LN002430,7,102629.50058567463,Current,0,ServicerC,SystemB,2024-06-15,1
LN000096,13,167831.16,Current,0,ServicerD,SystemB,2024-06-15,0
LN000516,17,284591.7,Current,0,ServicerB,SystemB,2024-06-15,0
LN002889,25,69158.83,Current,0,ServicerD,SystemB,2024-06-15,0
LN000317,1,,Current,0,ServicerD,SystemB,2024-06-15,0
LN001630,14,169624.91,Current,0,ServicerB,SystemB,2024-06-15,0
LN001974,8,302913.09,Current,0,ServicerD,SystemB,2024-06-15,0
LN002506,2,135075.76,Current,0,ServicerD,SystemB,2024-06-15,0
LN001023,26,116770.13,Current,0,ServicerA,SystemB,2024-06-15,0
LN000781,13,337745.47,30DPD,30,ServicerA,SystemB,2024-06-15,0
LN001861,2,644014.3,Current,0,ServicerC,SystemB,2024-06-15,0
LN001283,6,303341.97,Current,0,ServicerE,SystemB,2024-06-15,0
LN000586,8,571644.63,Current,0,ServicerA,SystemB,2024-06-15,0
LN002188,4,,Current,0,ServicerD,SystemB,2024-06-15,0
LN000483,7,322950.41,Current,0,ServicerE,SystemB,2024-06-15,0
LN001209,10,125313.17,60DPD,60,ServicerA,SystemB,2024-06-15,0
LN002667,15,1279396.3314224617,Default,120,ServicerA,SystemB,2024-06-15,0
LN000440,1,197801.7,Current,0,ServicerC,SystemB,2024-06-15,0
LN001909,15,175180.73,Prepaid,0,ServicerA,SystemB,2024-06-15,0
LN000926,8,86342.19,30DPD,30,ServicerA,SystemB,2024-06-15,0
LN000682,11,200734.7,Prepaid,0,ServicerD,SystemB,2024-06-15,0
LN001157,14,223894.43,Current,0,ServicerD,SystemB,2024-06-15,0
LN002095,3,319077.3,Current,0,ServicerC,SystemB,2024-06-15,0
LN001547,15,124513.74,Current,60,ServicerE,SystemB,2024-06-15,1
LN000398,4,498882.29,90DPD,90,ServicerA,SystemB,2024-06-15,0
LN000167,6,206715.28,60DPD,60,ServicerE,SystemB,2024-06-15,0
LN002021,1,284549.2,Current,0,ServicerD,SystemB,2024-06-15,0
LN001418,21,269053.7,30DPD,30,ServicerC,SystemB,2024-06-15,0
LN002922,13,194879.4,Prepaid,0,ServicerB,SystemB,2024-06-15,0
LN000609,9,236558.04,Current,0,ServicerA,SystemB,2024-06-15,0
LN001409,15,245459.7,60DPD,60,ServicerA,SystemB,2024-06-15,0
LN001176,4,166599.08,Current,0,ServicerE,SystemB,2024-06-15,0
LN000303,2,224123.43,Prepaid,0,ServicerE,SystemB,2024-06-15,0
LN002820,11,167610.85,Current,0,ServicerC,SystemB,2024-06-15,0
LN000966,10,132271.27,Current,0,ServicerB,SystemB,2024-06-15,0
LN002041,6,297135.77,Current,0,ServicerB,SystemB,2024-06-15,0
LN001976,1,166816.43,Current,0,ServicerA,SystemB,2024-06-15,0
LN002754,3,278569.5,Prepaid,0,ServicerB,SystemB,2024-06-15,0
LN000975,1,188611.38,Current,0,ServicerE,SystemB,2024-06-15,0
LN002170,2,206687.32,Current,0,ServicerC,SystemB,2024-06-15,0
LN001410,17,121958.74,Prepaid,0,ServicerA,SystemB,2024-06-15,0
LN001990,19,230073.36,Default,120,ServicerE,SystemB,2024-06-15,0
LN001305,9,235529.21,Current,30,ServicerD,SystemB,2024-06-15,1
LN001736,8,318541.93,Current,0,ServicerE,SystemB,2024-06-15,0
LN001968,9,123803.48,Current,0,ServicerA,SystemB,2024-06-15,0
LN000238,25,102776.52,Current,0,ServicerE,SystemB,2024-06-15,0
LN000003,10,184944.01,Current,0,ServicerC,SystemB,2024-06-15,0
LN000167,16,203355.76,Current,0,ServicerE,SystemB,2024-06-15,0
LN000394,10,333777.49,Current,0,ServicerD,SystemB,2024-06-15,0
LN001084,17,134145.11,Current,0,ServicerA,SystemB,2024-06-15,0
LN002473,4,366075.84,Prepaid,0,ServicerB,SystemB,2024-06-15,0
LN002286,5,289790.28,60DPD,60,ServicerA,SystemB,2024-06-15,0
LN001906,4,204816.11,Current,30,ServicerE,SystemB,2024-06-15,1
LN002670,11,112601.2,Current,0,ServicerD,SystemB,2024-06-15,0
LN001131,13,133977.36,Current,0,ServicerA,SystemB,2024-06-15,0
LN002348,5,170151.04,Current,0,ServicerA,SystemB,2024-06-15,0
LN001072,13,253018.6391106303,Current,0,ServicerE,SystemB,2024-06-15,1
LN001837,16,224037.97,30DPD,30,ServicerD,SystemB,2024-06-15,0
LN000422,7,241696.66,Current,0,ServicerD,SystemB,2024-06-15,0
LN002864,6,186608.29,Current,0,ServicerE,SystemB,2024-06-15,0
LN001605,1,153832.46643471863,Current,0,ServicerA,SystemB,2024-06-15,1
LN000029,1,92171.25,Current,30,ServicerB,SystemB,2024-06-15,0
LN001718,8,258952.82,Current,0,ServicerC,SystemB,2024-06-15,0
LN001788,17,170955.5,30DPD,0,ServicerB,SystemB,2024-06-15,1
LN002207,27,172893.83,Current,0,ServicerA,SystemB,2024-06-15,0
LN002909,3,239788.11,Prepaid,0,ServicerE,SystemB,2024-06-15,0
LN002990,6,126604.91,Prepaid,0,ServicerD,SystemB,2024-06-15,0
LN000207,16,185264.49,Current,0,ServicerE,SystemB,2024-06-15,0
LN002847,2,143405.36,Current,0,ServicerE,SystemB,2024-06-15,0
LN001284,1,167092.43,Current,0,ServicerE,SystemB,2024-06-15,0
LN002787,7,302536.13363554276,Current,0,ServicerD,SystemB,2024-06-15,1
LN001990,2,235498.82,Current,0,ServicerE,SystemB,2024-06-15,0
LN002799,5,148359.04113500527,Current,0,ServicerC,SystemB,2024-06-15,1
LN002385,5,77514.66,Current,0,ServicerA,SystemB,2024-06-15,0
LN002058,9,229991.44,Current,60,ServicerC,SystemB,2024-06-15,1
LN001983,29,163573.27916515525,Current,0,ServicerE,SystemB,2024-06-15,1
LN000345,1,243644.16,Current,0,ServicerE,SystemB,2024-06-15,0
LN002030,26,330312.57,Current,0,ServicerD,SystemB,2024-06-15,0
LN000169,32,159505.13258765056,60DPD,60,ServicerD,SystemB,2024-06-15,1
LN002956,2,91602.83,30DPD,30,ServicerE,SystemB,2024-06-15,0
LN000349,5,81192.54,Current,0,ServicerA,SystemB,2024-06-15,0
LN001538,32,271655.26,Current,0,ServicerB,SystemB,2024-06-15,0
LN002253,10,120621.54,Current,0,ServicerA,SystemB,2024-06-15,0
LN001593,9,92605.88,Current,0,ServicerD,SystemB,2024-06-15,0
LN002476,20,82621.83,Current,0,ServicerB,SystemB,2024-06-15,0
LN002182,3,241142.15,Current,0,ServicerE,SystemB,2024-06-15,0
LN001263,16,191644.04745141126,Current,0,ServicerE,SystemB,2024-06-15,1
LN002005,2,291433.08,Current,0,ServicerE,SystemB,2024-06-15,0
LN002832,2,280258.93,30DPD,0,ServicerC,SystemB,2024-06-15,1
LN002874,19,200847.95,30DPD,90,ServicerA,SystemB,2024-06-15,1
LN000779,9,310488.44,Current,0,ServicerB,SystemB,2024-06-15,0
LN000026,3,188583.84,Current,0,ServicerB,SystemB,2024-06-15,0
LN001175,10,197312.69,Current,0,ServicerB,SystemB,2024-06-15,0
LN000452,1,326012.59,Current,0,ServicerD,SystemB,2024-06-15,0
LN001633,11,327720.69,Current,0,ServicerB,SystemB,2024-06-15,0
LN002623,21,133448.77,Current,0,ServicerE,SystemB,2024-06-15,0
LN000596,1,458679.52,Current,0,ServicerA,SystemB,2024-06-15,0
LN002689,2,346761.71,Current,0,ServicerA,SystemB,2024-06-15,0
LN002809,1,135435.61,Current,0,ServicerA,SystemB,2024-06-15,0
LN000186,23,340890.34,Current,0,ServicerA,SystemB,2024-06-15,0
LN001208,7,104193.55,30DPD,0,ServicerD,SystemB,2024-06-15,1
LN000944,6,634881.16,Current,0,ServicerD,SystemB,2024-06-15,0
LN002903,4,301227.55,Current,0,ServicerC,SystemB,2024-06-15,0
LN001327,9,326051.56,90DPD,90,ServicerB,SystemB,2024-06-15,0
LN001121,17,100850.23,Current,0,ServicerA,SystemB,2024-06-15,0
LN001303,2,205413.37,Current,0,ServicerD,SystemB,2024-06-15,0
LN001419,1,329925.29,Current,0,ServicerD,SystemB,2024-06-15,0
LN000174,4,183716.54,Current,0,ServicerA,SystemB,2024-06-15,0
LN001628,8,103996.98,Current,0,ServicerE,SystemB,2024-06-15,0
LN002231,8,196604.44,30DPD,30,ServicerE,SystemB,2024-06-15,0
LN000275,11,356216.73,Current,90,ServicerB,SystemB,2024-06-15,1
LN002494,10,375181.12,Current,0,ServicerE,SystemB,2024-06-15,0
LN000325,14,164786.04,Current,0,ServicerE,SystemB,2024-06-15,1
LN001644,1,398523.14,Current,0,ServicerA,SystemB,2024-06-15,0
LN002476,13,83469.24,Current,0,ServicerB,SystemB,2024-06-15,0
LN001665,2,200159.64,Default,120,ServicerD,SystemB,2024-06-15,0
LN002830,15,330898.17,60DPD,0,ServicerE,SystemB,2024-06-15,1
LN001843,8,174377.86,Current,0,ServicerA,SystemB,2024-06-15,0
LN001036,5,319899.0,Current,0,ServicerE,SystemB,2024-06-15,0
LN001539,4,495904.8603020819,Current,0,ServicerE,SystemB,2024-06-15,1
LN000867,12,384103.14,Current,0,ServicerB,SystemB,2024-06-15,0
LN000837,12,196517.70964018645,Current,0,ServicerA,SystemB,2024-06-15,1
LN000803,6,781680.86,30DPD,60,ServicerD,SystemB,2024-06-15,1
LN000756,15,160358.27088032995,Current,0,ServicerE,SystemB,2024-06-15,1
LN001788,9,172745.38,Current,0,ServicerB,SystemB,2024-06-15,0
LN001460,16,179236.45313871195,Current,0,ServicerA,SystemB,2024-06-15,1
LN001105,3,212464.55,Current,0,ServicerE,SystemB,2024-06-15,0
LN001904,2,260371.47934943796,Current,0,ServicerB,SystemB,2024-06-15,1
LN002967,8,115577.45,Current,0,ServicerB,SystemB,2024-06-15,0
LN001366,34,194818.9,30DPD,0,ServicerA,SystemB,2024-06-15,1
LN000444,9,447294.66,Current,0,ServicerB,SystemB,2024-06-15,1
LN002132,1,152393.04,Current,0,ServicerE,SystemB,2024-06-15,0
LN002858,12,103777.52,Current,0,ServicerC,SystemB,2024-06-15,0
LN000895,19,128504.35,Current,0,ServicerD,SystemB,2024-06-15,0
LN001224,21,203486.55,Current,0,ServicerD,SystemB,2024-06-15,0
LN000490,1,311909.96,Current,0,ServicerE,SystemB,2024-06-15,0
LN002198,10,170024.36,Current,0,ServicerE,SystemB,2024-06-15,0
LN001368,17,118267.1,Current,30,ServicerC,SystemB,2024-06-15,1
LN000610,5,715052.28,Current,0,ServicerB,SystemB,2024-06-15,0
LN001837,15,224313.54,30DPD,30,ServicerD,SystemB,2024-06-15,0
LN001012,14,325912.73,90DPD,60,ServicerC,SystemB,2024-06-15,1
LN002935,4,277657.25,Current,0,ServicerC,SystemB,2024-06-15,0
LN000314,8,110524.21,Current,0,ServicerB,SystemB,2024-06-15,0
LN000967,21,163113.21,Current,0,ServicerC,SystemB,2024-06-15,0
LN000384,1,144932.46,Current,0,ServicerA,SystemB,2024-06-15,0
LN002024,3,121574.8,60DPD,60,ServicerB,SystemB,2024-06-15,0
LN001825,3,203933.34,Current,0,ServicerC,SystemB,2024-06-15,0
LN001364,2,140040.77,Current,0,ServicerD,SystemB,2024-06-15,0
LN002680,9,127088.96,Current,30,ServicerA,SystemB,2024-06-15,1
LN001613,12,306859.38,Current,0,ServicerD,SystemB,2024-06-15,0
LN002056,13,397824.62,30DPD,30,ServicerE,SystemB,2024-06-15,0
LN001305,4,237127.43,Current,0,ServicerD,SystemB,2024-06-15,0
LN001480,1,471518.72,Current,0,ServicerA,SystemB,2024-06-15,0
LN002287,8,220045.53,Prepaid,0,ServicerB,SystemB,2024-06-15,0
LN002822,10,340234.27,60DPD,60,ServicerB,SystemB,2024-06-15,0
LN000325,16,156223.0485223971,Current,0,ServicerE,SystemB,2024-06-15,1
LN001703,3,255322.04,Current,0,ServicerB,SystemB,2024-06-15,0
LN000186,2,348826.2,Current,0,ServicerA,SystemB,2024-06-15,0
LN002686,17,194971.97,60DPD,0,ServicerA,SystemB,2024-06-15,1
LN000715,1,368224.28,Current,0,ServicerA,SystemB,2024-06-15,0
LN002131,1,169897.1,Current,0,ServicerD,SystemB,2024-06-15,0
LN000001,17,126808.04,Current,0,ServicerC,SystemB,2024-06-15,0
LN002700,1,258274.49,Current,0,ServicerD,SystemB,2024-06-15,0
LN002881,14,415770.94,Current,0,ServicerE,SystemB,2024-06-15,0
LN002558,8,298980.53,Current,0,ServicerC,SystemB,2024-06-15,0
LN000564,26,167690.04,Current,0,ServicerB,SystemB,2024-06-15,0
LN002577,6,305463.746509981,Current,0,ServicerC,SystemB,2024-06-15,1
LN002568,8,100888.33,Current,0,ServicerD,SystemB,2024-06-15,0
LN001893,3,134849.0,Current,60,ServicerE,SystemB,2024-06-15,1
LN001922,5,137857.77,Current,30,ServicerD,SystemB,2024-06-15,1
LN000909,21,298955.69,Current,0,ServicerA,SystemB,2024-06-15,0
LN002305,16,240831.04846361032,Current,0,ServicerA,SystemB,2024-06-15,1
LN002069,4,164058.42,30DPD,60,ServicerD,SystemB,2024-06-15,1
LN001410,10,122993.46,Current,0,ServicerA,SystemB,2024-06-15,0
LN001221,13,176683.25,Current,0,ServicerB,SystemB,2024-06-15,0
LN000944,2,637771.05,Current,0,ServicerD,SystemB,2024-06-15,0
LN000723,4,369068.18,Current,0,ServicerA,SystemB,2024-06-15,0
LN001288,5,111321.75,60DPD,60,ServicerB,SystemB,2024-06-15,0
LN002986,8,160811.53,Current,0,ServicerC,SystemB,2024-06-15,1
LN001189,4,298647.94,Current,0,ServicerC,SystemB,2024-06-15,0
LN000738,4,197062.88,Current,0,ServicerA,SystemB,2024-06-15,0
LN001410,6,123683.28,60DPD,0,ServicerA,SystemB,2024-06-15,1
LN000828,1,208736.02,Current,0,ServicerE,SystemB,2024-06-15,0
LN002600,1,83127.63,Current,0,ServicerB,SystemB,2024-06-15,0
LN002495,3,187560.38,Current,0,ServicerC,SystemB,2024-06-15,0
LN002598,7,,Current,0,ServicerB,SystemB,2024-06-15,0
LN001785,8,157236.81,Current,0,ServicerE,SystemB,2024-06-15,0
LN002327,5,234681.7,Current,30,ServicerD,SystemB,2024-06-15,1
LN000060,16,219729.35,Current,0,ServicerC,SystemB,2024-06-15,0
LN000962,3,86884.64,Current,0,ServicerC,SystemB,2024-06-15,0
LN000958,16,294655.22,30DPD,0,ServicerC,SystemB,2024-06-15,1
LN002580,2,222665.79,Current,0,ServicerC,SystemB,2024-06-15,0
LN002894,15,279041.74,Current,0,ServicerD,SystemB,2024-06-15,0
LN002614,6,184661.45,Current,0,ServicerA,SystemB,2024-06-15,0
LN002918,2,470573.75946829584,Current,0,ServicerE,SystemB,2024-06-15,1
LN000420,2,250894.79,Current,0,ServicerA,SystemB,2024-06-15,0
LN000846,18,91720.65,Current,0,ServicerC,SystemB,2024-06-15,1
LN002468,15,366620.16,Current,0,ServicerD,SystemB,2024-06-15,0
LN000071,6,101623.61252837704,Current,0,ServicerD,SystemB,2024-06-15,1
LN000798,9,124833.5,Current,0,ServicerC,SystemB,2024-06-15,0
LN000503,4,191865.35,Current,0,ServicerE,SystemB,2024-06-15,0
LN001334,1,106311.3,Current,0,ServicerA,SystemB,2024-06-15,0
LN002237,1,112455.96,Current,0,ServicerD,SystemB,2024-06-15,0
LN000900,2,105152.62,Current,0,ServicerC,SystemB,2024-06-15,0
LN002060,3,492942.3,Current,0,ServicerA,SystemB,2024-06-15,0
LN000435,3,222106.1,Current,0,ServicerE,SystemB,2024-06-15,0
LN001254,3,,30DPD,30,ServicerD,SystemB,2024-06-15,0
LN001303,5,204767.44,Current,0,ServicerD,SystemB,2024-06-15,0
LN000069,11,174682.02,90DPD,90,ServicerC,SystemB,2024-06-15,0
LN000965,27,159371.59,Current,0,ServicerB,SystemB,2024-06-15,0
LN001168,19,431116.19,60DPD,60,ServicerE,SystemB,2024-06-15,0
LN002727,6,108346.01,Current,0,ServicerD,SystemB,2024-06-15,0
LN001579,12,173593.15,Current,0,ServicerC,SystemB,2024-06-15,0
LN002938,14,173340.07,Current,0,ServicerD,SystemB,2024-06-15,0
LN000127,24,163404.88,Current,0,ServicerA,SystemB,2024-06-15,0
LN000837,4,180058.7,Current,0,ServicerA,SystemB,2024-06-15,0
LN000115,1,169528.62,Current,0,ServicerD,SystemB,2024-06-15,0
LN000187,31,362373.4,Current,0,ServicerB,SystemB,2024-06-15,0
LN001669,11,,Current,30,ServicerC,SystemB,2024-06-15,0
LN002415,10,,Current,0,ServicerA,SystemB,2024-06-15,0
LN001766,1,103870.76,Current,0,ServicerA,SystemB,2024-06-15,0
LN002662,7,99931.24,Current,0,ServicerA,SystemB,2024-06-15,0
LN000590,25,537105.53,Current,0,ServicerE,SystemB,2024-06-15,0
LN002470,6,132064.0,Current,0,ServicerB,SystemB,2024-06-15,0
LN001221,21,174534.49,Current,0,ServicerB,SystemB,2024-06-15,0
LN001625,15,319161.44,Current,0,ServicerA,SystemB,2024-06-15,0
LN000200,2,258511.42,Current,0,ServicerD,SystemB,2024-06-15,0
LN001206,21,125555.99,Current,0,ServicerE,SystemB,2024-06-15,0
LN002807,2,263714.68,Current,0,ServicerB,SystemB,2024-06-15,0
LN002382,3,182366.2,Current,0,ServicerB,SystemB,2024-06-15,0
LN001810,5,258131.1,Current,0,ServicerE,SystemB,2024-06-15,0
LN002331,1,123810.55,Current,0,ServicerC,SystemB,2024-06-15,0
LN002085,14,118867.08,Current,0,ServicerB,SystemB,2024-06-15,0
LN002930,6,504755.47,Current,0,ServicerE,SystemB,2024-06-15,0
LN000564,20,,30DPD,30,ServicerB,SystemB,2024-06-15,0
LN002038,9,82309.56,Current,0,ServicerC,SystemB,2024-06-15,0
LN000528,4,196978.14,Current,0,ServicerA,SystemB,2024-06-15,0
LN001239,9,164670.27,Current,0,ServicerD,SystemB,2024-06-15,0
LN002429,11,138731.95,Current,0,ServicerB,SystemB,2024-06-15,0
LN000172,5,100693.11,Current,0,ServicerA,SystemB,2024-06-15,0
LN001602,9,87385.2,Current,0,ServicerC,SystemB,2024-06-15,0
LN002492,2,127782.12,Current,0,ServicerE,SystemB,2024-06-15,0
LN000477,16,185679.64,Current,0,ServicerE,SystemB,2024-06-15,0
LN000073,18,195402.79,Current,0,ServicerE,SystemB,2024-06-15,0
LN000755,25,229202.86,Current,0,ServicerC,SystemB,2024-06-15,1
LN000963,22,161445.49,Current,0,ServicerC,SystemB,2024-06-15,0
LN002081,3,227909.67,Current,0,ServicerD,SystemB,2024-06-15,0
LN000941,4,-318829.48,Current,0,ServicerC,SystemB,2024-06-15,0
LN001600,3,175393.91,30DPD,30,ServicerA,SystemB,2024-06-15,0
LN001397,17,134648.93,Current,0,ServicerB,SystemB,2024-06-15,0
LN001023,9,119247.47,Current,0,ServicerA,SystemB,2024-06-15,0
LN000895,1,131913.6,Current,0,ServicerD,SystemB,2024-06-15,0
LN000819,16,191149.73161651925,Current,0,ServicerD,SystemB,2024-06-15,1
LN000955,2,83992.0,Prepaid,0,ServicerC,SystemB,2024-06-15,0
LN001059,5,346885.59,Current,0,ServicerC,SystemB,2024-06-15,0
LN000424,4,264160.16926987487,Default,120,ServicerE,SystemB,2024-06-15,1
LN001837,3,227620.31,Current,0,ServicerD,SystemB,2024-06-15,0
LN001481,16,216772.27601440347,Current,0,ServicerC,SystemB,2024-06-15,1
LN001656,10,183627.2,Current,30,ServicerE,SystemB,2024-06-15,1
LN002023,10,240739.73,30DPD,30,ServicerC,SystemB,2024-06-15,1
LN001494,4,209499.43,60DPD,0,ServicerC,SystemB,2024-06-15,1
LN000620,17,107902.08,Current,0,ServicerA,SystemB,2024-06-15,0
LN000335,10,407180.47,Current,0,ServicerC,SystemB,2024-06-15,0
LN001268,5,178081.31,Current,0,ServicerC,SystemB,2024-06-15,0
LN001810,16,254853.32,Current,0,ServicerE,SystemB,2024-06-15,0
LN002480,10,206572.88,Current,0,ServicerC,SystemB,2024-06-15,0
LN001004,6,,30DPD,0,ServicerE,SystemB,2024-06-15,1
LN000220,11,49101.03,60DPD,0,ServicerC,SystemB,2024-06-15,1
LN002697,1,156210.07,Current,0,ServicerD,SystemB,2024-06-15,0
LN002644,18,164061.07,Current,0,ServicerD,SystemB,2024-06-15,0
LN002400,1,208904.22,Current,0,ServicerC,SystemB,2024-06-15,0
LN000975,9,186550.44,Current,0,ServicerE,SystemB,2024-06-15,1
LN000156,5,205492.98,Current,0,ServicerC,SystemB,2024-06-15,0
LN001721,4,442523.33,Prepaid,0,ServicerE,SystemB,2024-06-15,0
LN000909,16,301172.9,30DPD,30,ServicerA,SystemB,2024-06-15,0
LN001572,2,183314.92,Current,0,ServicerB,SystemB,2024-06-15,0
LN002110,4,171559.49,Current,0,ServicerA,SystemB,2024-06-15,0
LN000121,22,78323.19,Prepaid,0,ServicerB,SystemB,2024-06-15,0
LN000861,1,226256.02,Current,0,ServicerE,SystemB,2024-06-15,0
LN002310,4,208792.09,Current,0,ServicerD,SystemB,2024-06-15,0
LN002950,11,215227.52,60DPD,60,ServicerA,SystemB,2024-06-15,0
LN002387,4,249987.18,Current,0,ServicerB,SystemB,2024-06-15,0
LN002919,12,81552.24973201522,Prepaid,0,ServicerC,SystemB,2024-06-15,1
LN001306,10,198342.2,Current,0,ServicerB,SystemB,2024-06-15,0
LN001804,18,347910.94,Current,0,ServicerB,SystemB,2024-06-15,0
LN002460,10,298564.46,Current,0,ServicerB,SystemB,2024-06-15,0
LN001436,8,319866.43,30DPD,30,ServicerC,SystemB,2024-06-15,0
LN000688,1,144524.27,Current,0,ServicerD,SystemB,2024-06-15,0
LN001320,3,133670.99,Current,0,ServicerE,SystemB,2024-06-15,0
LN002476,19,82742.88,Current,0,ServicerB,SystemB,2024-06-15,0
LN000178,8,125253.62,30DPD,30,ServicerC,SystemB,2024-06-15,0
LN000327,1,197693.56,Current,60,ServicerA,SystemB,2024-06-15,1
LN001817,7,133444.19,30DPD,0,ServicerE,SystemB,2024-06-15,1
LN002418,3,178905.95351835806,60DPD,60,ServicerA,SystemB,2024-06-15,1
LN001499,1,148936.53,Current,0,ServicerD,SystemB,2024-06-15,0
LN002287,1,221641.93,Current,0,ServicerB,SystemB,2024-06-15,0
LN000728,4,80786.12,Current,0,ServicerA,SystemB,2024-06-15,0
LN002566,4,196025.88,Current,30,ServicerB,SystemB,2024-06-15,0
LN000046,1,337940.28,Current,0,ServicerE,SystemB,2024-06-15,0
LN002903,25,,Current,0,ServicerC,SystemB,2024-06-15,0
LN000555,5,199173.29,Current,60,ServicerD,SystemB,2024-06-15,0
LN001996,9,138851.79,Prepaid,0,ServicerE,SystemB,2024-06-15,0
LN001563,4,378115.21,90DPD,90,ServicerC,SystemB,2024-06-15,0
LN000659,19,140658.45,30DPD,90,ServicerB,SystemB,2024-06-15,1
LN001454,20,130575.72,60DPD,60,ServicerC,SystemB,2024-06-15,0
LN002496,5,187189.4327490109,Current,0,ServicerC,SystemB,2024-06-15,1
LN001898,1,591228.6,Current,0,ServicerE,SystemB,2024-06-15,0
LN002361,7,154088.93,Current,30,ServicerE,SystemB,2024-06-15,1
LN001328,7,424251.61,Current,0,ServicerA,SystemB,2024-06-15,0
LN000462,1,174658.14980984063,Current,0,ServicerC,SystemB,2024-06-15,1
LN000255,18,194220.74,Current,90,ServicerE,SystemB,2024-06-15,0
LN002199,2,98238.63,Current,0,ServicerD,SystemB,2024-06-15,0
LN001983,22,199697.06,Current,0,ServicerE,SystemB,2024-06-15,0
LN002029,1,266539.47,Current,0,ServicerD,SystemB,2024-06-15,0
LN001205,3,216427.76,Current,0,ServicerB,SystemB,2024-06-15,0
LN001079,3,169719.64,Current,0,ServicerB,SystemB,2024-06-15,0
LN000938,7,133875.08,Current,0,ServicerB,SystemB,2024-06-15,0
LN001227,1,174057.07,Current,0,ServicerD,SystemB,2024-06-15,0
LN001027,3,277797.4,Current,0,ServicerA,SystemB,2024-06-15,0
LN001736,9,318064.92,Current,90,ServicerE,SystemB,2024-06-15,1
LN002171,6,243366.19,Current,90,ServicerC,SystemB,2024-06-15,0
LN000727,7,176950.19,Current,0,ServicerB,SystemB,2024-06-15,0
LN001283,1,305315.33,Current,0,ServicerE,SystemB,2024-06-15,0
LN001874,6,319431.69,Current,0,ServicerC,SystemB,2024-06-15,0
LN002301,1,206747.43,Current,0,ServicerD,SystemB,2024-06-15,0
LN000836,7,202890.68,Current,0,ServicerC,SystemB,2024-06-15,1
LN002270,4,369290.32,30DPD,30,ServicerA,SystemB,2024-06-15,0
LN000266,22,151968.39,30DPD,30,ServicerC,SystemB,2024-06-15,0
LN001619,6,225369.89,Current,0,ServicerA,SystemB,2024-06-15,0
LN001650,2,129362.08576845734,Current,0,ServicerC,SystemB,2024-06-15,1
LN000123,2,274462.47,Current,0,ServicerD,SystemB,2024-06-15,0
LN002460,9,298999.21,Current,0,ServicerB,SystemB,2024-06-15,0
LN002046,3,141184.02,Current,0,ServicerC,SystemB,2024-06-15,0
LN001630,13,169820.63,Current,0,ServicerB,SystemB,2024-06-15,0
LN001703,2,255618.03,Current,0,ServicerB,SystemB,2024-06-15,0
LN001055,5,177289.28,Current,0,ServicerA,SystemB,2024-06-15,0
LN000696,9,188650.88,Current,60,ServicerD,SystemB,2024-06-15,0
LN002319,10,143192.0,Current,0,ServicerA,SystemB,2024-06-15,0
LN002351,2,105227.89345068227,Current,0,ServicerB,SystemB,2024-06-15,1
LN000048,1,316845.68,Current,0,ServicerD,SystemB,2024-06-15,0
LN001790,6,189341.95,90DPD,60,ServicerC,SystemB,2024-06-15,1
LN001176,20,163663.39,30DPD,30,ServicerE,SystemB,2024-06-15,0
LN000439,1,206126.3,Current,0,ServicerC,SystemB,2024-06-15,0
LN000766,1,147278.88,Current,0,ServicerD,SystemB,2024-06-15,0
LN001197,1,224701.26,Current,0,ServicerB,SystemB,2024-06-15,0
LN002807,11,210181.03633157437,60DPD,60,ServicerB,SystemB,2024-06-15,1
LN001813,3,112707.53,Current,0,ServicerA,SystemB,2024-06-15,0
LN001539,2,585897.1,Current,0,ServicerE,SystemB,2024-06-15,0
LN000096,8,169001.87,Current,0,ServicerD,SystemB,2024-06-15,0
LN002831,10,297805.02,Current,0,ServicerE,SystemB,2024-06-15,0
LN001952,11,640939.58,30DPD,30,ServicerC,SystemB,2024-06-15,0
LN000035,17,114282.77,90DPD,0,ServicerB,SystemB,2024-06-15,1
LN000078,24,231932.27,90DPD,0,ServicerD,SystemB,2024-06-15,1
LN001081,14,455944.9,Current,0,ServicerC,SystemB,2024-06-15,0
LN000034,9,294622.52,30DPD,30,ServicerD,SystemB,2024-06-15,0
LN002726,9,168397.33,Current,0,ServicerB,SystemB,2024-06-15,0
LN000690,6,263504.2,90DPD,90,ServicerA,SystemB,2024-06-15,0
LN002934,14,219228.29,Current,0,ServicerC,SystemB,2024-06-15,0
LN001079,12,167483.57,Current,0,ServicerB,SystemB,2024-06-15,0
LN002226,7,294097.77,90DPD,0,ServicerE,SystemB,2024-06-15,1
LN000452,12,321509.02,Current,0,ServicerD,SystemB,2024-06-15,0
LN001261,8,231487.75,Current,0,ServicerE,SystemB,2024-06-15,0
LN001789,1,193520.44,Current,0,ServicerD,SystemB,2024-06-15,0
LN001996,3,139831.92,Current,0,ServicerE,SystemB,2024-06-15,0
LN001489,28,104778.33,Prepaid,30,ServicerA,SystemB,2024-06-15,1
LN000719,3,204110.62757806596,Current,0,ServicerE,SystemB,2024-06-15,1
LN002567,19,298344.93,60DPD,60,ServicerD,SystemB,2024-06-15,0
LN002755,8,173125.3,90DPD,90,ServicerA,SystemB,2024-06-15,0
LN001701,5,406220.33,Current,0,ServicerC,SystemB,2024-06-15,0
LN001537,7,371806.54,Current,0,ServicerD,SystemB,2024-06-15,0
LN000346,4,252696.59,Current,0,ServicerC,SystemB,2024-06-15,0
LN002081,9,226337.45,Prepaid,0,ServicerD,SystemB,2024-06-15,0
LN001835,3,128347.05,Current,0,ServicerA,SystemB,2024-06-15,0
LN002020,6,411262.13,Current,0,ServicerE,SystemB,2024-06-15,0
LN002080,6,91185.06,Current,0,ServicerD,SystemB,2024-06-15,0
LN002050,2,226051.24,Current,0,ServicerB,SystemB,2024-06-15,0
LN001243,9,131041.12,Prepaid,0,ServicerA,SystemB,2024-06-15,0
LN000196,21,52570.67,Current,0,ServicerB,SystemB,2024-06-15,0
LN000753,9,150067.93,Current,90,ServicerD,SystemB,2024-06-15,0
LN000361,1,316783.56,Current,0,ServicerC,SystemB,2024-06-15,0
LN000758,9,237592.22,Current,0,ServicerB,SystemB,2024-06-15,0
LN002543,1,730810.3,Current,0,ServicerB,SystemB,2024-06-15,0
LN002184,4,406314.17,Current,0,ServicerC,SystemB,2024-06-15,0
LN002274,4,158517.92,Prepaid,0,ServicerB,SystemB,2024-06-15,0
LN001344,7,170806.42,Current,0,ServicerA,SystemB,2024-06-15,0
LN000014,1,183384.53,Current,0,ServicerA,SystemB,2024-06-15,0
LN000144,23,97086.58,Current,0,ServicerB,SystemB,2024-06-15,0
LN000304,1,113124.39,Current,0,ServicerE,SystemB,2024-06-15,0
LN000241,6,196965.86,30DPD,30,ServicerE,SystemB,2024-06-15,0
LN001011,15,141907.71,Current,0,ServicerA,SystemB,2024-06-15,0
LN000923,6,271473.14,Prepaid,30,ServicerC,SystemB,2024-06-15,1
LN001688,11,103509.88,Current,0,ServicerC,SystemB,2024-06-15,0
LN002644,5,166784.52,Current,0,ServicerD,SystemB,2024-06-15,0
LN002248,12,169505.81,30DPD,30,ServicerA,SystemB,2024-06-15,0
LN002052,12,284686.61,60DPD,60,ServicerA,SystemB,2024-06-15,0
LN000542,16,147190.31,Current,0,ServicerD,SystemB,2024-06-15,0
LN002133,7,187650.71,Current,0,ServicerD,SystemB,2024-06-15,0
LN000370,11,347201.4,Current,0,ServicerD,SystemB,2024-06-15,1
LN002981,13,106784.8,Current,0,ServicerA,SystemB,2024-06-15,0
LN000273,17,287522.69,Current,30,ServicerB,SystemB,2024-06-15,1
LN000978,15,202387.1901457731,Prepaid,0,ServicerE,SystemB,2024-06-15,1
LN000607,7,222281.45,Current,0,ServicerD,SystemB,2024-06-15,1
LN000513,6,228710.69,Current,0,ServicerD,SystemB,2024-06-15,0
LN001168,2,439111.39,Current,0,ServicerE,SystemB,2024-06-15,0
LN001755,16,186848.4,Current,0,ServicerD,SystemB,2024-06-15,0
LN000409,5,393687.38,Current,0,ServicerE,SystemB,2024-06-15,0
LN000692,16,148810.28,Current,0,ServicerC,SystemB,2024-06-15,0
LN001090,6,169230.96,Current,0,ServicerE,SystemB,2024-06-15,0
LN002018,5,317784.13,Current,0,ServicerB,SystemB,2024-06-15,0
LN002262,2,107149.11,Current,0,ServicerE,SystemB,2024-06-15,0
LN000692,35,145153.11,Current,0,ServicerC,SystemB,2024-06-15,0
LN002292,1,308293.3,Current,0,ServicerB,SystemB,2024-06-15,0
LN001118,8,338511.86,Current,0,ServicerC,SystemB,2024-06-15,0
LN000775,8,190060.32,Current,0,ServicerC,SystemB,2024-06-15,0
LN002347,12,280461.51,Current,0,ServicerB,SystemB,2024-06-15,0
LN000815,16,109764.8,Current,90,ServicerD,SystemB,2024-06-15,1
LN001921,3,112388.77,Current,0,ServicerB,SystemB,2024-06-15,0
LN002887,4,172917.58,Current,0,ServicerE,SystemB,2024-06-15,0
LN001334,6,105597.79,Current,0,ServicerA,SystemB,2024-06-15,0
LN001572,8,181733.7,Current,0,ServicerB,SystemB,2024-06-15,0
LN000750,13,113832.15,30DPD,0,ServicerE,SystemB,2024-06-15,1
LN000608,4,149197.21,Current,0,ServicerE,SystemB,2024-06-15,0
LN002818,2,170394.12,Current,30,ServicerE,SystemB,2024-06-15,0
LN001952,13,639557.87,90DPD,90,ServicerC,SystemB,2024-06-15,0
LN000246,4,270957.25,Current,0,ServicerC,SystemB,2024-06-15,0
LN002945,13,166030.64,Current,0,ServicerD,SystemB,2024-06-15,0
LN002874,2,205820.94,Current,0,ServicerA,SystemB,2024-06-15,1
LN002220,5,215032.83,Current,0,ServicerA,SystemB,2024-06-15,0
LN002773,18,205181.09,Current,0,ServicerD,SystemB,2024-06-15,0
LN000944,14,629101.37,Current,0,ServicerD,SystemB,2024-06-15,0
LN000163,8,271209.02,Current,0,ServicerE,SystemB,2024-06-15,0
LN001961,4,324662.45,Current,0,ServicerD,SystemB,2024-06-15,1
LN000819,15,186740.15,Current,0,ServicerD,SystemB,2024-06-15,0
LN002402,11,175538.18,Current,0,ServicerB,SystemB,2024-06-15,1
LN001488,2,98953.81,90DPD,0,ServicerE,SystemB,2024-06-15,1
LN002072,3,252692.06,Current,0,ServicerD,SystemB,2024-06-15,0
LN002977,26,113055.78,30DPD,30,ServicerD,SystemB,2024-06-15,0
LN002254,15,201685.94132449105,Current,0,ServicerC,SystemB,2024-06-15,1
LN002648,2,387711.96,Current,0,ServicerB,SystemB,2024-06-15,1
LN000849,5,77416.81448351109,Current,0,ServicerB,SystemB,2024-06-15,1
LN001475,19,240607.69,Current,0,ServicerD,SystemB,2024-06-15,0
LN001206,5,128045.9,Current,0,ServicerE,SystemB,2024-06-15,0
LN000164,4,105994.6,Prepaid,0,ServicerD,SystemB,2024-06-15,0
LN001625,12,320642.75,Current,0,ServicerA,SystemB,2024-06-15,1
LN000388,4,224649.42,Prepaid,0,ServicerB,SystemB,2024-06-15,0
LN001213,12,307047.7,Current,0,ServicerD,SystemB,2024-06-15,0
LN001738,8,360336.49,Current,0,ServicerA,SystemB,2024-06-15,0
LN002691,8,151842.67,Current,0,ServicerB,SystemB,2024-06-15,0
LN002933,1,270221.35,Current,0,ServicerC,SystemB,2024-06-15,0
LN001546,2,224060.38,Current,0,ServicerD,SystemB,2024-06-15,0
LN001673,18,208188.75,Prepaid,0,ServicerB,SystemB,2024-06-15,0
LN002013,9,107978.98,Current,0,ServicerA,SystemB,2024-06-15,0
LN000519,6,403670.75,60DPD,0,ServicerD,SystemB,2024-06-15,1
LN000498,21,121237.71,Current,0,ServicerB,SystemB,2024-06-15,0
LN002237,10,111042.61,Current,0,ServicerD,SystemB,2024-06-15,0
LN002292,2,307825.61,Current,0,ServicerB,SystemB,2024-06-15,0
LN001844,2,284906.36,Current,0,ServicerC,SystemB,2024-06-15,0
LN001604,11,198285.89,Prepaid,0,ServicerB,SystemB,2024-06-15,0
LN000813,8,155631.51,60DPD,60,ServicerA,SystemB,2024-06-15,1
LN002181,6,128669.1,60DPD,0,ServicerE,SystemB,2024-06-15,1
LN000583,17,239111.99,90DPD,90,ServicerA,SystemB,2024-06-15,0
LN002810,4,163577.12,30DPD,0,ServicerA,SystemB,2024-06-15,1
LN000246,5,270556.31,Current,0,ServicerC,SystemB,2024-06-15,0
LN000632,12,147596.24,Current,0,ServicerD,SystemB,2024-06-15,0
LN000195,4,194811.89,Current,0,ServicerA,SystemB,2024-06-15,0
LN000615,11,401782.64,Current,0,ServicerA,SystemB,2024-06-15,0
LN002980,2,209009.66,Current,0,ServicerA,SystemB,2024-06-15,0
LN001664,10,636360.13,Current,0,ServicerD,SystemB,2024-06-15,0
LN001816,14,161099.31,Current,0,ServicerB,SystemB,2024-06-15,0
LN000948,3,358017.69,Prepaid,0,ServicerB,SystemB,2024-06-15,0
LN000484,1,513533.69,Current,0,ServicerC,SystemB,2024-06-15,0
LN001437,9,143417.35,Current,0,ServicerB,SystemB,2024-06-15,0
LN001404,15,464618.84469456645,Current,0,ServicerC,SystemB,2024-06-15,0
LN000685,13,79435.77,Prepaid,0,ServicerD,SystemB,2024-06-15,0
LN000677,17,108312.55,Current,0,ServicerC,SystemB,2024-06-15,0
LN000982,19,161391.42,90DPD,90,ServicerD,SystemB,2024-06-15,0
LN002248,16,168514.74,30DPD,30,ServicerA,SystemB,2024-06-15,0
LN002571,15,263753.86,60DPD,60,ServicerD,SystemB,2024-06-15,0
LN001177,8,211274.99,Current,0,ServicerA,SystemB,2024-06-15,0
LN000881,9,501907.9,Current,0,ServicerE,SystemB,2024-06-15,0
LN002881,2,491669.33496169467,Current,0,ServicerE,SystemB,2024-06-15,1
LN000973,7,255380.05,30DPD,0,ServicerC,SystemB,2024-06-15,1
LN001221,18,175340.27,Current,0,ServicerB,SystemB,2024-06-15,0
LN002231,11,195853.11,90DPD,90,ServicerE,SystemB,2024-06-15,0
LN000502,10,158062.91,Current,0,ServicerE,SystemB,2024-06-15,0
LN000538,13,451564.08,Current,0,ServicerD,SystemB,2024-06-15,0
LN001366,10,201077.32,Current,0,ServicerA,SystemB,2024-06-15,0
LN002487,3,94934.96,Current,0,ServicerB,SystemB,2024-06-15,0
LN000784,5,268979.18,Current,0,ServicerC,SystemB,2024-06-15,0
LN001875,13,118527.37,Current,0,ServicerB,SystemB,2024-06-15,0
LN001448,1,475910.28,Current,0,ServicerD,SystemB,2024-06-15,0
LN001157,11,218717.72772025733,Current,0,ServicerD,SystemB,2024-06-15,1
LN002930,28,489159.18,Current,0,ServicerE,SystemB,2024-06-15,0
LN000692,4,151120.07,Current,0,ServicerC,SystemB,2024-06-15,0
LN000837,6,179502.05,Current,0,ServicerA,SystemB,2024-06-15,0
LN002971,15,211740.42,60DPD,60,ServicerD,SystemB,2024-06-15,0
LN001727,1,120132.67,90DPD,0,ServicerD,SystemB,2024-06-15,1
LN000006,4,166056.26,Current,0,ServicerE,SystemB,2024-06-15,0
LN001343,29,312009.48,30DPD,30,ServicerC,SystemB,2024-06-15,0
LN002844,1,194288.35,Current,0,ServicerE,SystemB,2024-06-15,0
LN001684,1,185205.68,Current,0,ServicerE,SystemB,2024-06-15,0
LN000654,32,266530.87,Current,0,ServicerD,SystemB,2024-06-15,0
LN000658,9,187593.36,Current,0,ServicerE,SystemB,2024-06-15,0
LN002812,25,724166.61,Current,0,ServicerC,SystemB,2024-06-15,0
LN000967,22,162894.22,Current,0,ServicerC,SystemB,2024-06-15,0
LN001123,6,,Current,0,ServicerA,SystemB,2024-06-15,0
LN002309,15,221006.08,Default,120,ServicerA,SystemB,2024-06-15,0
LN001015,3,153686.62,Current,0,ServicerE,SystemB,2024-06-15,0
LN000603,3,170128.05161531456,Current,0,ServicerD,SystemB,2024-06-15,1
LN002450,10,,Current,0,ServicerA,SystemB,2024-06-15,0
LN001595,11,156901.31,Current,0,ServicerA,SystemB,2024-06-15,0
LN001365,12,235508.66,Current,0,ServicerA,SystemB,2024-06-15,1
LN000204,1,220692.54,Current,0,ServicerC,SystemB,2024-06-15,0
LN002319,7,143690.0,Current,0,ServicerA,SystemB,2024-06-15,0
LN000232,8,321583.2,Prepaid,0,ServicerE,SystemB,2024-06-15,0
LN000073,7,198169.42,Current,0,ServicerE,SystemB,2024-06-15,0
LN001006,5,195902.82,Prepaid,0,ServicerA,SystemB,2024-06-15,0
LN000096,14,167597.02,Current,0,ServicerD,SystemB,2024-06-15,1
LN000730,2,93508.43,Current,0,ServicerB,SystemB,2024-06-15,0
LN002977,9,115578.46,Current,0,ServicerD,SystemB,2024-06-15,0
LN002304,4,124461.53,Current,0,ServicerD,SystemB,2024-06-15,0
LN001122,22,235311.43781943843,Default,120,ServicerB,SystemB,2024-06-15,1
LN000691,9,134330.48365959479,Current,0,ServicerA,SystemB,2024-06-15,1
LN001058,14,,Current,0,ServicerA,SystemB,2024-06-15,0
LN000413,4,322626.65,Current,0,ServicerC,SystemB,2024-06-15,0
LN001088,5,116903.74,Current,0,ServicerE,SystemB,2024-06-15,0
LN002298,2,397891.76,Current,0,ServicerD,SystemB,2024-06-15,0
LN002318,3,278036.67,Current,90,ServicerE,SystemB,2024-06-15,1
LN002245,3,87594.65,Current,0,ServicerB,SystemB,2024-06-15,0
LN000433,1,341786.17,Current,0,ServicerC,SystemB,2024-06-15,0
LN002895,4,-52082.74,Current,0,ServicerB,SystemB,2024-06-15,0
LN002450,18,330802.9,30DPD,30,ServicerA,SystemB,2024-06-15,0
LN001365,13,235227.79,Current,0,ServicerA,SystemB,2024-06-15,0
LN001173,1,286134.75,Current,0,ServicerA,SystemB,2024-06-15,0
LN000195,10,193305.5,Prepaid,0,ServicerA,SystemB,2024-06-15,0
LN000492,1,483178.5227253232,Current,0,ServicerA,SystemB,2024-06-15,0
LN000343,10,313458.71,Current,0,ServicerB,SystemB,2024-06-15,0
LN002740,11,198057.04,Current,0,ServicerA,SystemB,2024-06-15,0
LN000434,3,308453.29,90DPD,60,ServicerE,SystemB,2024-06-15,1
LN002051,7,100658.7,Current,90,ServicerC,SystemB,2024-06-15,1
LN002455,6,302251.91,Current,0,ServicerD,SystemB,2024-06-15,0
LN001901,3,307694.63,Current,0,ServicerE,SystemB,2024-06-15,0
LN000077,3,255737.87,Current,0,ServicerD,SystemB,2024-06-15,0
LN000784,6,268646.02,Current,0,ServicerC,SystemB,2024-06-15,0
LN002775,21,93712.00513904021,Current,0,ServicerE,SystemB,2024-06-15,1
LN002660,9,211140.08,Current,0,ServicerB,SystemB,2024-06-15,0
LN002248,15,168762.51,30DPD,30,ServicerA,SystemB,2024-06-15,0
LN001189,8,297376.89,Current,0,ServicerC,SystemB,2024-06-15,0
LN002623,1,137009.67583227783,Current,0,ServicerE,SystemB,2024-06-15,1
LN000264,9,124858.87,Current,0,ServicerC,SystemB,2024-06-15,0
LN002857,4,283323.93,60DPD,0,ServicerC,SystemB,2024-06-15,1
LN000411,5,,30DPD,30,ServicerA,SystemB,2024-06-15,0
LN001011,2,159423.12397841772,30DPD,30,ServicerA,SystemB,2024-06-15,1
LN000245,11,148922.4,30DPD,30,ServicerC,SystemB,2024-06-15,0
LN002360,2,160240.16,30DPD,0,ServicerC,SystemB,2024-06-15,1
LN002751,11,131713.09,Current,0,ServicerB,SystemB,2024-06-15,0
LN002698,1,127873.12,Current,0,ServicerD,SystemB,2024-06-15,0
LN000531,14,153652.55,Current,0,ServicerC,SystemB,2024-06-15,0
LN000233,10,150028.52,Current,0,ServicerA,SystemB,2024-06-15,0
LN000952,1,93688.26,Current,0,ServicerE,SystemB,2024-06-15,0
LN002624,9,499782.85,Default,30,ServicerD,SystemB,2024-06-15,1
LN001292,7,118036.45,Prepaid,0,ServicerB,SystemB,2024-06-15,0
LN001966,3,172260.38,Current,0,ServicerE,SystemB,2024-06-15,0
LN000192,2,218901.92,Current,0,ServicerA,SystemB,2024-06-15,0
LN001503,6,220103.05,Current,0,ServicerA,SystemB,2024-06-15,0
LN000419,20,627425.6625291709,Current,30,ServicerA,SystemB,2024-06-15,1
LN002614,11,183420.99,Current,0,ServicerA,SystemB,2024-06-15,0
LN000343,9,313879.54,Current,0,ServicerB,SystemB,2024-06-15,0
LN001878,6,263780.07,Current,0,ServicerA,SystemB,2024-06-15,0
LN000003,7,185794.5,Current,0,ServicerC,SystemB,2024-06-15,0
LN002577,9,264801.23,Current,0,ServicerC,SystemB,2024-06-15,1
LN001734,13,502128.31,Prepaid,0,ServicerA,SystemB,2024-06-15,0
LN002485,23,249420.64,30DPD,30,ServicerD,SystemB,2024-06-15,0
LN000127,29,162639.03,Current,90,ServicerA,SystemB,2024-06-15,1
LN000416,17,136137.44,Current,0,ServicerB,SystemB,2024-06-15,0
LN001020,8,89925.17,30DPD,30,ServicerC,SystemB,2024-06-15,0
LN000060,7,222310.47,Current,0,ServicerC,SystemB,2024-06-15,0
LN001214,2,467537.38,Current,0,ServicerE,SystemB,2024-06-15,0
LN001275,9,201603.19,Current,0,ServicerA,SystemB,2024-06-15,0
LN000937,14,60575.93,Current,0,ServicerD,SystemB,2024-06-15,0
LN000895,13,129640.77,Current,0,ServicerD,SystemB,2024-06-15,0
LN001869,7,498138.33,Current,0,ServicerB,SystemB,2024-06-15,0
LN001463,18,204631.08,Current,0,ServicerB,SystemB,2024-06-15,0
LN002780,10,402862.88,90DPD,60,ServicerB,SystemB,2024-06-15,1
LN000539,16,210226.29,30DPD,30,ServicerC,SystemB,2024-06-15,0
LN000402,5,402124.2,Current,0,ServicerC,SystemB,2024-06-15,0
LN001176,9,165681.67,Current,0,ServicerE,SystemB,2024-06-15,0
LN001484,3,60692.56,30DPD,30,ServicerB,SystemB,2024-06-15,0
LN001818,15,201068.04,Current,0,ServicerA,SystemB,2024-06-15,1
LN001748,1,96034.42,Current,0,ServicerA,SystemB,2024-06-15,0
LN000844,10,99286.58,Current,0,ServicerB,SystemB,2024-06-15,0
LN001019,1,172798.38,Current,0,ServicerD,SystemB,2024-06-15,0
LN000370,6,349860.76,Current,0,ServicerD,SystemB,2024-06-15,0
LN001002,1,165994.14,Current,0,ServicerC,SystemB,2024-06-15,0
LN000840,5,164395.43,Current,0,ServicerD,SystemB,2024-06-15,0
LN000747,6,355962.44,Current,0,ServicerD,SystemB,2024-06-15,0
LN000260,9,93467.26,30DPD,0,ServicerE,SystemB,2024-06-15,1
LN000963,14,163286.4,Current,30,ServicerC,SystemB,2024-06-15,1
LN000220,9,49264.48,90DPD,0,ServicerC,SystemB,2024-06-15,1
LN002194,9,189779.43,Current,0,ServicerC,SystemB,2024-06-15,0
LN001659,13,168722.15910192666,30DPD,30,ServicerA,SystemB,2024-06-15,1
LN002393,2,337368.26,Current,0,ServicerD,SystemB,2024-06-15,0
LN002279,12,245112.83,Current,0,ServicerE,SystemB,2024-06-15,0
LN000657,6,503038.43,Current,0,ServicerB,SystemB,2024-06-15,0
LN001983,9,203248.39,Current,0,ServicerE,SystemB,2024-06-15,0
LN001876,20,,Current,0,ServicerA,SystemB,2024-06-15,0
LN002090,12,52728.461623099596,30DPD,30,ServicerE,SystemB,2024-06-15,1
LN002766,7,337009.51,60DPD,0,ServicerB,SystemB,2024-06-15,1
LN001043,5,93232.99,Current,0,ServicerE,SystemB,2024-06-15,0
LN002975,3,294413.87,Current,0,ServicerB,SystemB,2024-06-15,0
LN001123,17,215212.96,30DPD,30,ServicerA,SystemB,2024-06-15,0
LN002548,4,153590.87,Current,30,ServicerC,SystemB,2024-06-15,1
LN002153,15,296000.25,Current,0,ServicerC,SystemB,2024-06-15,0
LN002725,4,197806.22,Current,0,ServicerE,SystemB,2024-06-15,0
LN002641,10,166536.55,Current,60,ServicerE,SystemB,2024-06-15,1
LN001595,5,158010.59,Current,0,ServicerA,SystemB,2024-06-15,0
LN002045,11,199096.84,Current,0,ServicerA,SystemB,2024-06-15,0
LN002641,5,167755.28,Current,0,ServicerE,SystemB,2024-06-15,0
LN001057,2,600786.3,Current,0,ServicerD,SystemB,2024-06-15,0
LN002971,8,197201.487959804,Current,0,ServicerD,SystemB,2024-06-15,1
LN001983,28,198057.99,Current,0,ServicerE,SystemB,2024-06-15,0
LN002934,11,219971.37,90DPD,0,ServicerC,SystemB,2024-06-15,1
LN000435,9,220424.3,Current,0,ServicerE,SystemB,2024-06-15,0
LN000694,16,155974.36,Current,0,ServicerC,SystemB,2024-06-15,0
LN001573,6,151800.16,Current,0,ServicerB,SystemB,2024-06-15,0
LN000578,1,96223.69,Current,0,ServicerB,SystemB,2024-06-15,0
LN000698,4,328415.39,Current,0,ServicerB,SystemB,2024-06-15,0
LN001270,4,172889.51,30DPD,30,ServicerA,SystemB,2024-06-15,0
LN001436,9,319866.43,Default,120,ServicerC,SystemB,2024-06-15,0
LN002403,2,270667.28,Current,0,ServicerA,SystemB,2024-06-15,0
LN001364,3,122813.49278147976,Current,0,ServicerD,SystemB,2024-06-15,1
LN001487,15,108766.77,90DPD,0,ServicerB,SystemB,2024-06-15,1
LN002319,13,142693.99,30DPD,30,ServicerA,SystemB,2024-06-15,0
LN000129,18,75905.46,Prepaid,0,ServicerA,SystemB,2024-06-15,0
LN000380,13,218371.81,Current,0,ServicerC,SystemB,2024-06-15,0
LN001207,4,149006.7,Current,0,ServicerB,SystemB,2024-06-15,0
LN000962,6,86478.28,Current,0,ServicerC,SystemB,2024-06-15,0
LN001244,1,241423.77,Current,0,ServicerE,SystemB,2024-06-15,0
LN000442,5,481708.75,Prepaid,0,ServicerD,SystemB,2024-06-15,0
LN002883,9,231952.07575475294,60DPD,60,ServicerD,SystemB,2024-06-15,1
LN002897,1,68861.75,Current,0,ServicerC,SystemB,2024-06-15,0
LN002717,14,133761.53,Prepaid,0,ServicerA,SystemB,2024-06-15,0
LN000016,11,141518.55,60DPD,60,ServicerE,SystemB,2024-06-15,0
LN002495,5,187128.63,Current,0,ServicerC,SystemB,2024-06-15,0
LN002626,12,352616.92,Current,0,ServicerD,SystemB,2024-06-15,0
LN000274,15,84327.32,Current,0,ServicerC,SystemB,2024-06-15,0
LN002481,11,160055.07,Current,0,ServicerC,SystemB,2024-06-15,0
LN001767,22,159641.02,Current,0,ServicerA,SystemB,2024-06-15,0
LN002347,23,276644.97,Current,0,ServicerB,SystemB,2024-06-15,0
LN002248,5,171240.17,Current,0,ServicerA,SystemB,2024-06-15,0
LN000849,26,77659.45,Current,0,ServicerB,SystemB,2024-06-15,0
LN001023,25,140176.05854244152,Current,0,ServicerA,SystemB,2024-06-15,1
LN001116,3,131342.98,Current,0,ServicerD,SystemB,2024-06-15,0
LN002353,3,477707.04,Current,0,ServicerB,SystemB,2024-06-15,0
LN001369,27,64802.57,Current,0,ServicerD,SystemB,2024-06-15,0
LN000958,10,,Current,0,ServicerC,SystemB,2024-06-15,0
LN001905,2,78209.55,Current,0,ServicerB,SystemB,2024-06-15,0
LN001023,21,117498.76,Current,90,ServicerA,SystemB,2024-06-15,1
LN000569,11,379150.96,30DPD,90,ServicerD,SystemB,2024-06-15,1
LN000734,3,145967.78,Current,0,ServicerC,SystemB,2024-06-15,0
LN002398,9,92794.57,Current,0,ServicerA,SystemB,2024-06-15,0
LN000271,6,173577.43,Prepaid,0,ServicerB,SystemB,2024-06-15,0
LN000161,17,352937.17,Current,0,ServicerA,SystemB,2024-06-15,0
LN002246,9,123998.9662308323,Current,0,ServicerD,SystemB,2024-06-15,1
LN001878,4,264489.38,Current,0,ServicerA,SystemB,2024-06-15,0
LN000514,1,412415.31,Current,0,ServicerA,SystemB,2024-06-15,0
LN000610,6,714212.73,Current,0,ServicerB,SystemB,2024-06-15,0
LN002658,16,576636.7424526886,Current,0,ServicerD,SystemB,2024-06-15,1
LN002556,4,225117.33,Prepaid,0,ServicerC,SystemB,2024-06-15,0
LN000775,15,188286.1,Current,0,ServicerC,SystemB,2024-06-15,0
LN002422,16,153969.97,Current,0,ServicerB,SystemB,2024-06-15,0
LN000893,5,123277.27,Current,0,ServicerB,SystemB,2024-06-15,0
LN002732,8,202005.31,Current,0,ServicerD,SystemB,2024-06-15,0
LN000334,4,343518.62,Current,0,ServicerC,SystemB,2024-06-15,0
LN000970,16,212550.14,Current,0,ServicerC,SystemB,2024-06-15,0
LN002989,23,142488.43,Current,0,ServicerC,SystemB,2024-06-15,0
LN000895,20,128314.95,30DPD,0,ServicerD,SystemB,2024-06-15,1
LN002577,8,265233.76,Current,0,ServicerC,SystemB,2024-06-15,0
LN000343,21,308829.58,Current,0,ServicerB,SystemB,2024-06-15,0
LN000997,1,394398.1,Current,0,ServicerE,SystemB,2024-06-15,0
LN000043,7,165807.59,Current,0,ServicerC,SystemB,2024-06-15,0
LN001583,9,124799.72,Prepaid,0,ServicerD,SystemB,2024-06-15,0
LN002726,33,163536.86,Current,0,ServicerB,SystemB,2024-06-15,0
LN001616,1,,Current,0,ServicerA,SystemB,2024-06-15,0
LN002415,7,83523.11,Current,0,ServicerA,SystemB,2024-06-15,0
LN002193,9,343267.16,Current,0,ServicerD,SystemB,2024-06-15,0
LN001910,6,224186.87,Current,0,ServicerA,SystemB,2024-06-15,0
LN000817,5,290233.92241449386,Prepaid,0,ServicerA,SystemB,2024-06-15,1
LN002488,7,130587.92850081886,Default,120,ServicerB,SystemB,2024-06-15,1
LN002433,9,225436.8,Current,30,ServicerD,SystemB,2024-06-15,0
LN000346,2,253375.29,Current,0,ServicerC,SystemB,2024-06-15,0
LN001603,11,184247.87,Current,0,ServicerC,SystemB,2024-06-15,0
LN001999,5,207436.61,Current,0,ServicerD,SystemB,2024-06-15,0
LN000910,7,308232.24,Current,0,ServicerC,SystemB,2024-06-15,0
LN001429,7,82061.89,Prepaid,0,ServicerD,SystemB,2024-06-15,0
LN000266,18,152913.59,Current,0,ServicerC,SystemB,2024-06-15,0
LN001768,6,282953.54,Current,0,ServicerC,SystemB,2024-06-15,0
LN000240,6,126826.22,30DPD,30,ServicerE,SystemB,2024-06-15,0
LN002669,3,141207.49,Current,0,ServicerD,SystemB,2024-06-15,0
LN000348,6,147293.0032913737,Current,0,ServicerE,SystemB,2024-06-15,1
LN000178,10,124889.78,60DPD,60,ServicerC,SystemB,2024-06-15,0
LN002725,3,215283.438854988,Current,0,ServicerE,SystemB,2024-06-15,1
LN001252,8,179139.16,Current,0,ServicerE,SystemB,2024-06-15,0
LN001387,6,132457.58,Current,0,ServicerB,SystemB,2024-06-15,0
LN002982,1,285136.58,Current,0,ServicerC,SystemB,2024-06-15,0
LN000852,2,214449.52,Current,0,ServicerA,SystemB,2024-06-15,0
LN002510,9,460304.44,Current,0,ServicerC,SystemB,2024-06-15,0
LN001365,1,238598.14,Current,60,ServicerA,SystemB,2024-06-15,1
LN001708,16,100577.75,30DPD,30,ServicerA,SystemB,2024-06-15,0
LN002951,12,169220.06,Current,0,ServicerC,SystemB,2024-06-15,0
LN001397,10,135744.67,Current,0,ServicerB,SystemB,2024-06-15,0
LN002855,28,79648.36,90DPD,90,ServicerE,SystemB,2024-06-15,0
LN000087,12,330686.4,Current,0,ServicerC,SystemB,2024-06-15,0
LN001603,13,183797.3,Current,0,ServicerC,SystemB,2024-06-15,0
LN001045,17,231926.81,60DPD,0,ServicerE,SystemB,2024-06-15,1
LN001507,9,98058.04,Current,0,ServicerC,SystemB,2024-06-15,0
LN000846,5,93344.46,60DPD,60,ServicerC,SystemB,2024-06-15,0
LN000306,1,134669.97,Current,0,ServicerC,SystemB,2024-06-15,0
LN001811,3,153014.82,Current,0,ServicerA,SystemB,2024-06-15,0
LN000537,6,235603.24,Current,0,ServicerE,SystemB,2024-06-15,0
LN002082,9,,Current,0,ServicerB,SystemB,2024-06-15,0
LN001068,2,157764.63,Current,0,ServicerA,SystemB,2024-06-15,0
LN000596,12,452448.24,Current,0,ServicerA,SystemB,2024-06-15,0
LN002153,5,300028.75,Current,0,ServicerC,SystemB,2024-06-15,0
LN000086,4,228724.76,Current,0,ServicerE,SystemB,2024-06-15,1
LN001203,11,204970.84,Current,0,ServicerB,SystemB,2024-06-15,0
LN002384,20,120412.43,Current,0,ServicerE,SystemB,2024-06-15,0
LN000483,12,320800.71,Current,0,ServicerE,SystemB,2024-06-15,0
LN001026,10,156408.86,Current,0,ServicerC,SystemB,2024-06-15,0
LN000465,6,90668.02,Prepaid,0,ServicerC,SystemB,2024-06-15,0
LN000677,16,108460.16,Current,0,ServicerC,SystemB,2024-06-15,0
LN001547,10,125188.83,Current,0,ServicerE,SystemB,2024-06-15,0
LN000300,5,157652.04209249167,Current,0,ServicerD,SystemB,2024-06-15,1
LN000618,4,173436.88,Current,0,ServicerC,SystemB,2024-06-15,0
LN002260,1,282096.68,30DPD,0,ServicerC,SystemB,2024-06-15,1
LN000209,4,123360.15,Current,0,ServicerE,SystemB,2024-06-15,0
LN001736,17,314248.84,Current,0,ServicerE,SystemB,2024-06-15,0
LN002607,1,346759.07,Current,0,ServicerC,SystemB,2024-06-15,0
LN002739,6,301892.86907256144,Current,0,ServicerA,SystemB,2024-06-15,1
LN002109,21,212760.5659028988,Current,0,ServicerE,SystemB,2024-06-15,1
LN000216,10,433242.42,30DPD,30,ServicerD,SystemB,2024-06-15,0
LN000611,6,415457.84,Prepaid,0,ServicerB,SystemB,2024-06-15,0
LN000863,22,301204.65,30DPD,30,ServicerE,SystemB,2024-06-15,0
LN000524,3,81953.26,Current,0,ServicerC,SystemB,2024-06-15,0
LN001206,10,127267.81,Current,0,ServicerE,SystemB,2024-06-15,0
LN002588,3,161120.8,Current,0,ServicerA,SystemB,2024-06-15,0
LN000444,2,450828.37,Current,0,ServicerB,SystemB,2024-06-15,0
LN001659,20,155539.21,Current,0,ServicerA,SystemB,2024-06-15,0
LN001140,5,228568.9,Current,0,ServicerC,SystemB,2024-06-15,0
LN001218,5,140372.99,Current,0,ServicerA,SystemB,2024-06-15,0
LN001016,8,350186.61,Current,0,ServicerC,SystemB,2024-06-15,0
LN001498,1,532443.85,Current,0,ServicerC,SystemB,2024-06-15,0
LN001970,5,81507.73,Prepaid,30,ServicerB,SystemB,2024-06-15,1
LN000224,10,240721.0,Current,0,ServicerC,SystemB,2024-06-15,0
LN001638,3,380457.41,90DPD,0,ServicerC,SystemB,2024-06-15,1
LN001960,8,160577.93,Current,0,ServicerA,SystemB,2024-06-15,0
LN000994,2,355518.05,Current,0,ServicerD,SystemB,2024-06-15,0
LN001721,1,443751.11,Current,0,ServicerE,SystemB,2024-06-15,0
LN002988,23,168877.72148603725,Current,0,ServicerA,SystemB,2024-06-15,1
LN001843,21,171462.39,30DPD,30,ServicerA,SystemB,2024-06-15,0
LN002785,4,266451.13,Current,0,ServicerC,SystemB,2024-06-15,0
LN001524,13,66126.35,Current,0,ServicerB,SystemB,2024-06-15,0
LN002844,14,200259.45956164962,Default,120,ServicerE,SystemB,2024-06-15,1
LN001668,5,166339.15,Current,0,ServicerA,SystemB,2024-06-15,0
LN001933,15,331789.72,Current,0,ServicerE,SystemB,2024-06-15,1
LN002249,7,183806.04,Current,0,ServicerA,SystemB,2024-06-15,0
LN002903,9,299209.49,Current,0,ServicerC,SystemB,2024-06-15,0
LN001538,18,276689.89,Current,0,ServicerB,SystemB,2024-06-15,0
LN001104,6,128413.0,90DPD,90,ServicerE,SystemB,2024-06-15,0
LN001143,6,257075.41,Current,0,ServicerB,SystemB,2024-06-15,0
LN002711,1,306693.1,Current,0,ServicerE,SystemB,2024-06-15,0
LN002175,7,264894.43,Prepaid,0,ServicerC,SystemB,2024-06-15,0
LN000599,1,78819.66,Current,0,ServicerA,SystemB,2024-06-15,0
LN001940,1,238505.76,Current,0,ServicerC,SystemB,2024-06-15,0
LN002803,6,,Current,0,ServicerE,SystemB,2024-06-15,0
LN002583,2,303334.46,Prepaid,0,ServicerC,SystemB,2024-06-15,0
LN001218,18,137856.17,Current,0,ServicerA,SystemB,2024-06-15,0
LN001567,2,132527.91,Current,0,ServicerC,SystemB,2024-06-15,0
LN001218,14,138630.57,Current,0,ServicerA,SystemB,2024-06-15,0
LN002640,9,144702.56,60DPD,0,ServicerE,SystemB,2024-06-15,1
LN001295,1,71360.9,Current,0,ServicerA,SystemB,2024-06-15,0
LN000582,10,98036.37,90DPD,60,ServicerD,SystemB,2024-06-15,1
LN002525,4,,Current,0,ServicerE,SystemB,2024-06-15,1
LN002066,4,307535.2157797406,Current,0,ServicerC,SystemB,2024-06-15,1
LN001725,9,107455.64,Current,0,ServicerE,SystemB,2024-06-15,0
LN002787,18,339880.85,Current,0,ServicerD,SystemB,2024-06-15,0
LN000905,9,212343.08,Current,0,ServicerA,SystemB,2024-06-15,0
LN001327,8,326591.61,60DPD,60,ServicerB,SystemB,2024-06-15,0
LN000979,2,185546.76,Current,0,ServicerB,SystemB,2024-06-15,0
LN002854,3,357589.98,Current,0,ServicerE,SystemB,2024-06-15,1
LN002505,10,74882.09,Default,120,ServicerA,SystemB,2024-06-15,0
LN000196,20,52644.68,Current,0,ServicerB,SystemB,2024-06-15,0
LN000811,1,66621.24,Current,0,ServicerE,SystemB,2024-06-15,0
LN002233,9,113570.53,60DPD,60,ServicerB,SystemB,2024-06-15,0
LN002714,13,119722.31,Current,0,ServicerC,SystemB,2024-06-15,0
LN000589,20,277004.23,Current,0,ServicerA,SystemB,2024-06-15,0
LN001964,5,268874.27,60DPD,0,ServicerA,SystemB,2024-06-15,1
LN002238,4,442087.32,Current,0,ServicerD,SystemB,2024-06-15,0
LN001968,2,-124857.0,Current,0,ServicerA,SystemB,2024-06-15,0
LN001575,12,157841.5,Current,0,ServicerB,SystemB,2024-06-15,0
LN001977,5,256791.09,Current,0,ServicerA,SystemB,2024-06-15,0
LN001034,5,516936.38,Current,0,ServicerA,SystemB,2024-06-15,0
LN001728,12,100118.45,Current,0,ServicerC,SystemB,2024-06-15,0
LN001205,4,216118.68,Current,0,ServicerB,SystemB,2024-06-15,0
LN000599,18,76773.81,Current,0,ServicerA,SystemB,2024-06-15,0
LN000191,7,289413.59,Current,0,ServicerA,SystemB,2024-06-15,0
LN001882,8,378300.47,30DPD,30,ServicerE,SystemB,2024-06-15,0
LN002855,8,81390.25,Current,0,ServicerE,SystemB,2024-06-15,0
LN001232,5,199956.74,Current,0,ServicerD,SystemB,2024-06-15,0
LN002470,21,129751.48,Current,0,ServicerB,SystemB,2024-06-15,0
LN002346,1,93579.63,Current,0,ServicerD,SystemB,2024-06-15,0
LN000659,6,142890.04,Current,0,ServicerB,SystemB,2024-06-15,0
LN000635,5,111656.96,60DPD,60,ServicerA,SystemB,2024-06-15,0
LN002615,7,120966.18,Current,0,ServicerD,SystemB,2024-06-15,0
LN002172,1,97897.37,Current,0,ServicerE,SystemB,2024-06-15,0
LN002030,9,337884.39,Current,0,ServicerD,SystemB,2024-06-15,0
LN000658,10,185473.04124976308,Current,0,ServicerE,SystemB,2024-06-15,1
LN000389,10,234581.47,Current,0,ServicerA,SystemB,2024-06-15,0
LN002570,5,77751.94869215292,Current,0,ServicerC,SystemB,2024-06-15,1
LN000484,13,506150.0,Current,0,ServicerC,SystemB,2024-06-15,0
LN002031,5,81186.18,30DPD,30,ServicerA,SystemB,2024-06-15,0
LN000659,26,139456.82,Current,0,ServicerB,SystemB,2024-06-15,0
LN001056,21,122140.13,Prepaid,0,ServicerC,SystemB,2024-06-15,0
LN002147,1,116630.44,Current,0,ServicerD,SystemB,2024-06-15,0
LN001854,21,179792.07,Current,0,ServicerB,SystemB,2024-06-15,0
LN002936,7,333062.49,30DPD,30,ServicerD,SystemB,2024-06-15,0
LN002135,17,167368.58,Current,0,ServicerD,SystemB,2024-06-15,0
LN001736,20,312817.81,Current,0,ServicerE,SystemB,2024-06-15,0
LN002916,17,283193.71,Current,0,ServicerA,SystemB,2024-06-15,0
LN000477,17,307458.9934423694,Current,90,ServicerE,SystemB,2024-06-15,1
LN001488,16,97384.47,Current,0,ServicerE,SystemB,2024-06-15,0
LN000325,2,166922.86,Current,0,ServicerE,SystemB,2024-06-15,0
LN002721,25,106201.14,Current,0,ServicerE,SystemB,2024-06-15,0
LN002651,3,181277.46,Current,0,ServicerA,SystemB,2024-06-15,0
LN001493,8,296426.81,30DPD,30,ServicerC,SystemB,2024-06-15,0
LN002005,5,290194.19,30DPD,30,ServicerE,SystemB,2024-06-15,0
LN002160,5,75578.51,Default,120,ServicerE,SystemB,2024-06-15,0
LN001397,6,136370.8,Current,0,ServicerB,SystemB,2024-06-15,0
LN001085,1,189367.67,Current,0,ServicerD,SystemB,2024-06-15,0
LN001708,18,100287.47,90DPD,60,ServicerA,SystemB,2024-06-15,1
LN000883,7,144762.65650410377,Current,0,ServicerD,SystemB,2024-06-15,1
LN002034,1,139859.76,Current,0,ServicerC,SystemB,2024-06-15,0
LN001656,8,184029.76,Current,0,ServicerE,SystemB,2024-06-15,0
LN002118,15,329700.13,30DPD,60,ServicerC,SystemB,2024-06-15,1
LN000083,6,200215.19,30DPD,30,ServicerB,SystemB,2024-06-15,0
LN001155,7,207262.15,Prepaid,0,ServicerD,SystemB,2024-06-15,0
LN002521,5,289143.44,Current,0,ServicerA,SystemB,2024-06-15,0
LN002681,1,257322.46,Current,0,ServicerB,SystemB,2024-06-15,0
LN000774,2,146047.57,Current,0,ServicerE,SystemB,2024-06-15,0
LN000759,1,398335.53,Current,0,ServicerA,SystemB,2024-06-15,0
LN000625,1,179363.39,Current,0,ServicerA,SystemB,2024-06-15,0
LN001793,14,127673.43,Current,60,ServicerD,SystemB,2024-06-15,1
LN002859,1,93110.62,Current,0,ServicerB,SystemB,2024-06-15,0
LN002798,3,201232.58,Current,0,ServicerA,SystemB,2024-06-15,0
LN001463,4,207985.57,Current,0,ServicerB,SystemB,2024-06-15,0
LN002554,10,122923.31,Current,0,ServicerA,SystemB,2024-06-15,0
LN002120,17,351275.65,Current,0,ServicerA,SystemB,2024-06-15,0
LN002630,1,242186.61,Current,60,ServicerB,SystemB,2024-06-15,1
LN001735,5,394054.54,Current,0,ServicerD,SystemB,2024-06-15,0
LN000983,1,190457.72,90DPD,0,ServicerA,SystemB,2024-06-15,1
LN001570,22,110187.52,Current,0,ServicerC,SystemB,2024-06-15,0
LN002735,7,88659.71,Default,120,ServicerE,SystemB,2024-06-15,0
LN000809,2,189980.41,Current,0,ServicerA,SystemB,2024-06-15,0
LN002623,12,135502.58,30DPD,30,ServicerE,SystemB,2024-06-15,0
LN002193,20,338526.36,Current,0,ServicerD,SystemB,2024-06-15,0
LN001551,5,116031.46,Current,0,ServicerE,SystemB,2024-06-15,0
LN000758,2,239496.83,Current,0,ServicerB,SystemB,2024-06-15,0
LN001261,11,230512.66,Current,0,ServicerE,SystemB,2024-06-15,0
LN001767,13,161370.24,Current,0,ServicerA,SystemB,2024-06-15,0
LN002402,6,176594.01,Current,0,ServicerB,SystemB,2024-06-15,0
LN001191,17,367427.6,Current,0,ServicerB,SystemB,2024-06-15,0
LN000676,21,,Current,0,ServicerC,SystemB,2024-06-15,0
LN000430,3,258100.86,Current,0,ServicerE,SystemB,2024-06-15,0
LN001766,10,102743.63,Current,0,ServicerA,SystemB,2024-06-15,0
LN002151,7,166244.66,Current,60,ServicerD,SystemB,2024-06-15,0
LN002614,20,181188.17,Current,0,ServicerA,SystemB,2024-06-15,0
LN001038,11,207310.07,60DPD,60,ServicerD,SystemB,2024-06-15,0
LN002444,6,155776.25,Current,0,ServicerC,SystemB,2024-06-15,0
LN002085,7,120039.04,Current,0,ServicerB,SystemB,2024-06-15,0
LN000980,3,,Current,0,ServicerA,SystemB,2024-06-15,0
LN002169,2,352656.29,Current,0,ServicerB,SystemB,2024-06-15,0
LN001119,1,127072.86,Current,0,ServicerD,SystemB,2024-06-15,0
LN000336,7,552197.37,Current,0,ServicerD,SystemB,2024-06-15,0
LN000264,2,126095.64,Current,0,ServicerC,SystemB,2024-06-15,0
LN002766,16,332903.6,Current,0,ServicerB,SystemB,2024-06-15,1
LN000435,20,217621.3,Prepaid,30,ServicerE,SystemB,2024-06-15,1
LN002189,7,-155512.05,60DPD,60,ServicerA,SystemB,2024-06-15,0
LN001080,2,102538.38,Current,30,ServicerC,SystemB,2024-06-15,1
LN000141,9,,Current,0,ServicerE,SystemB,2024-06-15,0
LN002283,10,,60DPD,60,ServicerB,SystemB,2024-06-15,0
LN002740,10,198366.95,Current,0,ServicerA,SystemB,2024-06-15,0
LN002255,11,187687.69,Current,0,ServicerC,SystemB,2024-06-15,0
LN002822,3,,Current,0,ServicerB,SystemB,2024-06-15,0
LN000579,17,206097.34,Current,0,ServicerE,SystemB,2024-06-15,0
LN000064,5,167625.33,Current,0,ServicerE,SystemB,2024-06-15,0
LN000044,9,212787.58,90DPD,0,ServicerC,SystemB,2024-06-15,1
LN000569,14,377412.04,60DPD,60,ServicerD,SystemB,2024-06-15,0
LN002513,2,280965.74,Current,0,ServicerA,SystemB,2024-06-15,0
LN001724,10,276692.17,Current,0,ServicerA,SystemB,2024-06-15,0
LN002797,17,218190.42,Prepaid,0,ServicerC,SystemB,2024-06-15,0
LN000811,2,66621.24,Prepaid,0,ServicerE,SystemB,2024-06-15,0
LN000358,1,190215.4,Current,0,ServicerB,SystemB,2024-06-15,0
LN002078,8,128228.52,Prepaid,0,ServicerB,SystemB,2024-06-15,0
LN002742,7,101546.39,Current,0,ServicerE,SystemB,2024-06-15,0
LN000954,4,157880.39,Current,0,ServicerB,SystemB,2024-06-15,0
LN002659,9,,30DPD,30,ServicerA,SystemB,2024-06-15,0
LN001538,7,280645.68,Current,0,ServicerB,SystemB,2024-06-15,0
LN001383,9,166879.84,Current,0,ServicerD,SystemB,2024-06-15,0
LN002920,1,246569.71,Current,0,ServicerD,SystemB,2024-06-15,0
LN000119,7,260051.41,60DPD,90,ServicerE,SystemB,2024-06-15,1
LN000931,27,82158.92,Current,0,ServicerB,SystemB,2024-06-15,0
LN001140,2,229458.16,Current,0,ServicerC,SystemB,2024-06-15,0
LN000788,5,100417.77,Current,0,ServicerE,SystemB,2024-06-15,0
LN002580,1,222992.4,Current,0,ServicerC,SystemB,2024-06-15,0
LN002246,13,125447.95,Current,0,ServicerD,SystemB,2024-06-15,0
LN000525,14,113232.32,Current,0,ServicerC,SystemB,2024-06-15,0
LN001036,1,299982.43918190233,Current,0,ServicerE,SystemB,2024-06-15,1
LN001042,4,102689.85,60DPD,0,ServicerA,SystemB,2024-06-15,1
LN000849,28,77490.02,Current,0,ServicerB,SystemB,2024-06-15,0
LN001911,1,298737.22176403087,Current,0,ServicerC,SystemB,2024-06-15,1
LN001975,1,234118.15,Current,0,ServicerA,SystemB,2024-06-15,0
LN002806,5,105629.09,Current,0,ServicerE,SystemB,2024-06-15,0
LN002686,8,197199.75,Current,0,ServicerA,SystemB,2024-06-15,0
LN001341,2,151146.2,Current,0,ServicerE,SystemB,2024-06-15,0
LN000597,11,141976.72,Current,30,ServicerD,SystemB,2024-06-15,1
LN001325,8,164326.71,Prepaid,0,ServicerE,SystemB,2024-06-15,0
LN002452,12,82125.59346230119,Current,0,ServicerA,SystemB,2024-06-15,1
LN000037,21,86393.6,60DPD,60,ServicerC,SystemB,2024-06-15,0
LN000925,14,183953.67,Current,0,ServicerA,SystemB,2024-06-15,0
LN000750,10,114239.19,Current,0,ServicerE,SystemB,2024-06-15,0
LN000151,6,161918.65,Current,90,ServicerA,SystemB,2024-06-15,1
LN002182,1,241768.05,Current,0,ServicerE,SystemB,2024-06-15,0
LN001687,12,168393.14,Current,0,ServicerE,SystemB,2024-06-15,0
LN002402,23,173004.19,Current,0,ServicerB,SystemB,2024-06-15,0
LN002320,5,231309.11,Current,0,ServicerD,SystemB,2024-06-15,0
LN001006,3,,Current,0,ServicerA,SystemB,2024-06-15,0
LN001330,14,490797.01,Prepaid,0,ServicerB,SystemB,2024-06-15,0
LN001668,2,156831.24948621288,Current,0,ServicerA,SystemB,2024-06-15,1
LN001258,11,228333.31,Current,90,ServicerB,SystemB,2024-06-15,1
LN002347,13,280114.55,Current,0,ServicerB,SystemB,2024-06-15,0
LN002209,7,227545.09,Current,0,ServicerC,SystemB,2024-06-15,0
LN001783,27,131032.38,Current,0,ServicerC,SystemB,2024-06-15,0
LN002821,11,127009.01,Prepaid,0,ServicerA,SystemB,2024-06-15,0
LN000531,3,155895.33,Current,0,ServicerC,SystemB,2024-06-15,1
LN000446,8,301189.3,90DPD,90,ServicerA,SystemB,2024-06-15,0
LN002623,3,137556.4,Current,0,ServicerE,SystemB,2024-06-15,0
LN000306,10,133238.69,90DPD,0,ServicerC,SystemB,2024-06-15,1
LN002525,7,,30DPD,30,ServicerE,SystemB,2024-06-15,0
LN001134,1,105135.31,Current,0,ServicerE,SystemB,2024-06-15,0
LN000585,10,72683.80057971692,Current,0,ServicerD,SystemB,2024-06-15,1
LN000148,13,266565.78,Current,0,ServicerD,SystemB,2024-06-15,0
LN002178,1,218415.94,Current,0,ServicerD,SystemB,2024-06-15,0
LN000759,2,397793.05,Current,0,ServicerA,SystemB,2024-06-15,0
LN002546,16,384486.9288290372,Current,0,ServicerC,SystemB,2024-06-15,1
LN002935,5,277282.06,Current,0,ServicerC,SystemB,2024-06-15,0
LN000719,6,172026.68,Current,0,ServicerE,SystemB,2024-06-15,0
LN000845,13,149699.24,Current,0,ServicerD,SystemB,2024-06-15,0
LN000027,26,243891.74,Current,0,ServicerA,SystemB,2024-06-15,0
LN000119,8,284762.7249563741,90DPD,90,ServicerE,SystemB,2024-06-15,1
LN000864,11,72155.43,Current,60,ServicerD,SystemB,2024-06-15,1
LN002641,8,167024.04,Current,0,ServicerE,SystemB,2024-06-15,0
LN002267,4,111257.85,Default,120,ServicerB,SystemB,2024-06-15,0
LN001218,16,138243.37,Current,0,ServicerA,SystemB,2024-06-15,0
LN000213,10,179627.66,90DPD,90,ServicerB,SystemB,2024-06-15,0
LN001850,3,101769.54,Current,0,ServicerD,SystemB,2024-06-15,0
LN001619,8,224733.85,Current,0,ServicerA,SystemB,2024-06-15,0
LN000627,7,232840.97,Current,0,ServicerA,SystemB,2024-06-15,0
LN002192,15,-113629.92,Current,0,ServicerE,SystemB,2024-06-15,0
LN000692,29,146308.0,30DPD,0,ServicerC,SystemB,2024-06-15,1
LN000467,5,156530.25,30DPD,30,ServicerB,SystemB,2024-06-15,0
LN001540,11,224893.96,Current,0,ServicerE,SystemB,2024-06-15,0
LN000210,5,128948.49,Current,0,ServicerC,SystemB,2024-06-15,0
LN002966,2,80154.46,Current,0,ServicerE,SystemB,2024-06-15,0
LN001450,11,167168.3,Current,30,ServicerD,SystemB,2024-06-15,1
LN002601,1,160004.78,Current,0,ServicerC,SystemB,2024-06-15,1
LN002425,4,198326.75,Current,0,ServicerD,SystemB,2024-06-15,0
LN000982,2,165054.99,Current,0,ServicerD,SystemB,2024-06-15,0
LN002632,9,403783.71,Current,0,ServicerE,SystemB,2024-06-15,0
LN002504,15,127909.48,Prepaid,0,ServicerE,SystemB,2024-06-15,0
LN002402,9,175960.51,Current,0,ServicerB,SystemB,2024-06-15,0
LN001240,7,339449.7260259244,Current,0,ServicerD,SystemB,2024-06-15,1
LN002829,1,250894.55,Current,0,ServicerC,SystemB,2024-06-15,0
LN001011,5,143744.57,Current,0,ServicerA,SystemB,2024-06-15,0
LN001676,6,182476.33,Current,0,ServicerE,SystemB,2024-06-15,0
LN000447,17,349866.4,Current,0,ServicerB,SystemB,2024-06-15,0
LN002132,8,151210.3,Current,0,ServicerE,SystemB,2024-06-15,0
LN001764,6,88743.45,Current,0,ServicerD,SystemB,2024-06-15,0
LN000610,9,711694.1,Current,0,ServicerB,SystemB,2024-06-15,0
LN000498,1,124301.8,Current,0,ServicerB,SystemB,2024-06-15,0
LN001304,1,466790.33,Current,0,ServicerB,SystemB,2024-06-15,0
LN001031,10,181622.85,Current,0,ServicerA,SystemB,2024-06-15,0
LN001343,10,319767.06,Current,0,ServicerC,SystemB,2024-06-15,0
LN001237,3,376457.05,60DPD,0,ServicerE,SystemB,2024-06-15,1
LN000382,7,413154.84,Current,0,ServicerA,SystemB,2024-06-15,0
LN002781,5,136026.9,30DPD,0,ServicerB,SystemB,2024-06-15,1
LN001105,14,209195.88,30DPD,30,ServicerE,SystemB,2024-06-15,0
LN002551,3,82043.3,Prepaid,0,ServicerA,SystemB,2024-06-15,0
LN000319,11,263500.7444839664,Current,0,ServicerC,SystemB,2024-06-15,1
LN001731,10,404922.93,Default,120,ServicerC,SystemB,2024-06-15,0
LN000029,9,90949.25,Current,0,ServicerB,SystemB,2024-06-15,0
LN000683,15,169457.99418911754,Current,0,ServicerD,SystemB,2024-06-15,1
LN002664,10,85387.04,Current,0,ServicerB,SystemB,2024-06-15,0
LN002126,13,357769.74,Current,0,ServicerB,SystemB,2024-06-15,0
LN000990,5,149559.74,Current,0,ServicerE,SystemB,2024-06-15,0
LN001920,1,528312.72,Current,0,ServicerB,SystemB,2024-06-15,0
LN001319,1,224271.11,Current,0,ServicerE,SystemB,2024-06-15,0
LN002022,3,134117.45,Current,0,ServicerC,SystemB,2024-06-15,0
LN001765,3,221991.79,Current,60,ServicerA,SystemB,2024-06-15,1
LN002888,6,183281.06,Current,0,ServicerD,SystemB,2024-06-15,0
LN000982,1,165270.5,Current,0,ServicerD,SystemB,2024-06-15,0
LN001029,4,321834.07,Current,0,ServicerC,SystemB,2024-06-15,0
LN002826,8,281553.62,90DPD,0,ServicerC,SystemB,2024-06-15,1
LN000278,2,78847.82,Current,0,ServicerD,SystemB,2024-06-15,0
LN002144,3,282515.12959694245,Current,0,ServicerE,SystemB,2024-06-15,1
LN001660,19,299057.09,Current,0,ServicerC,SystemB,2024-06-15,0
LN002519,9,164520.84,Current,0,ServicerA,SystemB,2024-06-15,0
LN002777,6,,Current,0,ServicerB,SystemB,2024-06-15,0
LN002849,10,358802.76,Current,0,ServicerA,SystemB,2024-06-15,0
LN001720,7,118339.08,Current,0,ServicerE,SystemB,2024-06-15,0
LN001595,15,156161.78,Current,0,ServicerA,SystemB,2024-06-15,0
LN001437,4,144444.93,Current,0,ServicerB,SystemB,2024-06-15,0
LN000622,3,180957.11,Current,0,ServicerB,SystemB,2024-06-15,0
LN001669,2,96634.56,Current,0,ServicerC,SystemB,2024-06-15,0
LN000426,1,217454.38,Current,0,ServicerB,SystemB,2024-06-15,0
LN000484,8,509226.54,Current,0,ServicerC,SystemB,2024-06-15,0
LN001029,9,319910.4,Current,0,ServicerC,SystemB,2024-06-15,0
LN001268,2,,Current,0,ServicerC,SystemB,2024-06-15,0
LN002521,6,288678.33,Current,0,ServicerA,SystemB,2024-06-15,0
LN002558,10,298351.91,Current,30,ServicerC,SystemB,2024-06-15,1
LN000697,3,234405.72,Current,0,ServicerC,SystemB,2024-06-15,0
LN002389,3,240093.66,Current,30,ServicerA,SystemB,2024-06-15,0
LN002755,7,173405.14,30DPD,30,ServicerA,SystemB,2024-06-15,0
LN002888,9,182476.09,Current,0,ServicerD,SystemB,2024-06-15,0
LN000402,3,403010.92,Current,60,ServicerC,SystemB,2024-06-15,1
LN002217,8,104170.26,90DPD,90,ServicerC,SystemB,2024-06-15,0
LN001708,6,102029.16,Current,0,ServicerA,SystemB,2024-06-15,0
LN002468,2,372938.02,Current,0,ServicerD,SystemB,2024-06-15,0
LN001334,7,105455.09,Current,0,ServicerA,SystemB,2024-06-15,0
LN000631,8,73343.98,Current,0,ServicerB,SystemB,2024-06-15,0
LN002452,14,75541.4,Current,0,ServicerA,SystemB,2024-06-15,0
LN001017,7,185813.76,Current,0,ServicerA,SystemB,2024-06-15,0
LN000386,1,292444.99,Current,0,ServicerC,SystemB,2024-06-15,0
LN001701,3,407653.0,Current,0,ServicerC,SystemB,2024-06-15,0
LN002288,17,186322.2,Current,0,ServicerD,SystemB,2024-06-15,0
LN001066,4,504490.85,30DPD,30,ServicerA,SystemB,2024-06-15,0
LN001552,25,183162.47,Current,0,ServicerC,SystemB,2024-06-15,0
LN000887,1,267385.64,Current,0,ServicerB,SystemB,2024-06-15,0
LN002679,5,202819.3,Current,90,ServicerE,SystemB,2024-06-15,1
LN002076,15,160325.63,Current,0,ServicerA,SystemB,2024-06-15,0
LN000719,1,173184.45,Current,0,ServicerE,SystemB,2024-06-15,0
LN001298,12,205153.45,Current,0,ServicerE,SystemB,2024-06-15,0
LN000339,14,321782.99,Current,90,ServicerA,SystemB,2024-06-15,1
LN000330,14,278573.85,60DPD,60,ServicerD,SystemB,2024-06-15,0
LN002662,4,100248.28,Current,0,ServicerA,SystemB,2024-06-15,0
LN002595,8,366298.29,Prepaid,0,ServicerC,SystemB,2024-06-15,0
LN000779,18,306824.88,Current,0,ServicerB,SystemB,2024-06-15,0
LN000478,3,167386.32,Prepaid,0,ServicerA,SystemB,2024-06-15,0
LN001604,10,198285.89,Current,0,ServicerB,SystemB,2024-06-15,0
LN002399,9,228647.09,Current,0,ServicerA,SystemB,2024-06-15,0
LN000030,11,469370.02,Current,0,ServicerD,SystemB,2024-06-15,0
LN001225,9,164508.57,Current,0,ServicerE,SystemB,2024-06-15,1
LN001875,14,118347.09,Current,0,ServicerB,SystemB,2024-06-15,0
LN000535,14,143539.23,Current,0,ServicerC,SystemB,2024-06-15,0
LN000583,16,,60DPD,60,ServicerA,SystemB,2024-06-15,1
LN002726,2,169814.96,Current,0,ServicerB,SystemB,2024-06-15,0
LN000328,1,245693.01,Current,0,ServicerB,SystemB,2024-06-15,0
LN002836,4,112713.79,Current,0,ServicerD,SystemB,2024-06-15,0
LN002383,3,186371.56,Current,30,ServicerD,SystemB,2024-06-15,1
LN002747,2,256144.58916563902,Current,0,ServicerA,SystemB,2024-06-15,1
LN001317,5,201218.36982295322,60DPD,60,ServicerE,SystemB,2024-06-15,1
LN002691,7,152033.46,Current,0,ServicerB,SystemB,2024-06-15,0
LN000901,12,138818.55,Current,0,ServicerA,SystemB,2024-06-15,0
LN001552,26,183162.47,Prepaid,0,ServicerC,SystemB,2024-06-15,0
LN000530,5,182148.68,Current,0,ServicerA,SystemB,2024-06-15,0
LN002740,3,200536.28,Current,0,ServicerA,SystemB,2024-06-15,0
LN001242,4,245888.82,Prepaid,0,ServicerA,SystemB,2024-06-15,0
LN002402,20,,30DPD,30,ServicerB,SystemB,2024-06-15,0
LN001983,12,231830.59276160007,Current,0,ServicerE,SystemB,2024-06-15,1
LN002936,8,332591.42,Current,0,ServicerD,SystemB,2024-06-15,0
LN001842,13,554008.67,Prepaid,0,ServicerE,SystemB,2024-06-15,0
LN001404,5,189628.31,Current,0,ServicerC,SystemB,2024-06-15,0
LN000259,3,252311.27,Current,0,ServicerA,SystemB,2024-06-15,0
LN001483,4,182953.55,Current,0,ServicerC,SystemB,2024-06-15,0
LN002262,1,107307.05,Current,0,ServicerE,SystemB,2024-06-15,0
LN001275,5,202683.55,Current,0,ServicerA,SystemB,2024-06-15,0
LN001759,9,193221.43,Current,0,ServicerB,SystemB,2024-06-15,0
LN000673,9,97187.57,30DPD,30,ServicerB,SystemB,2024-06-15,0
LN000331,1,211828.18,Current,60,ServicerE,SystemB,2024-06-15,1
LN000937,5,61407.83,Current,0,ServicerD,SystemB,2024-06-15,0
LN001405,11,115483.55,Current,0,ServicerB,SystemB,2024-06-15,0
LN002822,8,341325.61,30DPD,30,ServicerB,SystemB,2024-06-15,1
LN001092,6,240370.47,Current,0,ServicerA,SystemB,2024-06-15,0
LN002426,10,193954.88,Current,0,ServicerB,SystemB,2024-06-15,0
LN002053,7,77601.26,Prepaid,0,ServicerA,SystemB,2024-06-15,0
LN000484,15,504919.38,Current,0,ServicerC,SystemB,2024-06-15,0
LN000836,9,202416.02,Current,0,ServicerC,SystemB,2024-06-15,0
LN002944,5,169939.61,Prepaid,0,ServicerA,SystemB,2024-06-15,0
LN001489,23,105389.83,Current,0,ServicerA,SystemB,2024-06-15,0
LN000906,1,142642.12,Current,0,ServicerC,SystemB,2024-06-15,0
LN002984,5,368513.13,Current,0,ServicerA,SystemB,2024-06-15,0
LN000725,9,299251.56,Current,0,ServicerD,SystemB,2024-06-15,0
LN000666,2,608347.38,Prepaid,0,ServicerE,SystemB,2024-06-15,0
LN002858,21,95374.16011854261,Current,0,ServicerC,SystemB,2024-06-15,1
LN000394,5,336049.74,Current,60,ServicerD,SystemB,2024-06-15,1
LN002884,3,107618.57,60DPD,0,ServicerC,SystemB,2024-06-15,1
LN002465,16,73289.02,30DPD,30,ServicerA,SystemB,2024-06-15,0
LN001579,11,186913.60987012205,Current,0,ServicerC,SystemB,2024-06-15,1
LN000860,9,395375.76,Current,0,ServicerD,SystemB,2024-06-15,0
LN001915,4,157066.64,Current,0,ServicerE,SystemB,2024-06-15,0
LN000482,5,224335.1,Current,0,ServicerE,SystemB,2024-06-15,0
LN002830,19,329153.94,Current,0,ServicerE,SystemB,2024-06-15,0
LN001664,18,630362.62,Prepaid,0,ServicerD,SystemB,2024-06-15,0
LN000813,5,156192.7,Current,0,ServicerA,SystemB,2024-06-15,0
LN000157,7,353594.54,Current,0,ServicerE,SystemB,2024-06-15,0
LN002270,5,368718.64,30DPD,30,ServicerA,SystemB,2024-06-15,0
LN002373,1,272167.96,Current,0,ServicerA,SystemB,2024-06-15,0
LN000452,17,319461.95,Current,0,ServicerD,SystemB,2024-06-15,0
LN000442,4,481708.75,Current,0,ServicerD,SystemB,2024-06-15,0
LN001221,10,177489.04,30DPD,30,ServicerB,SystemB,2024-06-15,0
LN001990,17,230412.45,Current,0,ServicerE,SystemB,2024-06-15,0
LN000606,3,151936.27,Current,0,ServicerA,SystemB,2024-06-15,0
LN002387,10,248370.44,30DPD,30,ServicerB,SystemB,2024-06-15,0
LN001405,3,123981.1649964234,Current,0,ServicerB,SystemB,2024-06-15,1
LN000910,11,306447.24,Current,0,ServicerC,SystemB,2024-06-15,0
LN002063,10,546644.78,30DPD,30,ServicerC,SystemB,2024-06-15,0
LN001881,1,105269.79,Current,0,ServicerB,SystemB,2024-06-15,0
LN002255,10,207010.5504898159,30DPD,30,ServicerC,SystemB,2024-06-15,1
LN001796,18,267720.5,Current,60,ServicerC,SystemB,2024-06-15,1
LN002549,1,108135.59,Current,0,ServicerB,SystemB,2024-06-15,0
LN000567,4,262893.21,60DPD,0,ServicerB,SystemB,2024-06-15,1
LN002504,8,128892.85,Current,0,ServicerE,SystemB,2024-06-15,0
LN001241,14,162353.64,60DPD,60,ServicerB,SystemB,2024-06-15,0
LN000186,16,343535.63,Current,0,ServicerA,SystemB,2024-06-15,0
LN001175,1,199535.07,Current,0,ServicerB,SystemB,2024-06-15,0
LN001029,7,320679.87,Current,0,ServicerC,SystemB,2024-06-15,0
LN001478,2,669911.59,Current,0,ServicerD,SystemB,2024-06-15,0
LN001273,4,128018.23,Current,0,ServicerA,SystemB,2024-06-15,0
LN000486,5,221905.28,Current,0,ServicerC,SystemB,2024-06-15,0
LN001161,3,166159.62,Current,0,ServicerD,SystemB,2024-06-15,0
LN002504,1,130040.11,Current,0,ServicerE,SystemB,2024-06-15,0
LN001527,11,228587.08,90DPD,90,ServicerE,SystemB,2024-06-15,0
LN000677,20,107869.7,Current,0,ServicerC,SystemB,2024-06-15,0
LN002483,6,401793.17,Current,0,ServicerB,SystemB,2024-06-15,0
LN000607,15,220019.1,Current,0,ServicerD,SystemB,2024-06-15,0
LN001558,7,86204.17,Current,0,ServicerC,SystemB,2024-06-15,0
LN002290,4,185713.56,Prepaid,0,ServicerB,SystemB,2024-06-15,0
LN002058,14,228392.79,30DPD,30,ServicerC,SystemB,2024-06-15,0
LN002982,3,284539.73,Current,0,ServicerC,SystemB,2024-06-15,0
LN000607,22,218039.55,Current,0,ServicerD,SystemB,2024-06-15,0
LN001345,4,150319.73,Current,0,ServicerC,SystemB,2024-06-15,0
LN002980,6,207832.98,Current,60,ServicerA,SystemB,2024-06-15,0
LN000755,3,235549.54,Current,0,ServicerC,SystemB,2024-06-15,0
LN000637,2,158068.65,30DPD,30,ServicerB,SystemB,2024-06-15,0
LN002401,4,563794.09,Current,0,ServicerD,SystemB,2024-06-15,0
LN002262,6,106517.32,Current,0,ServicerE,SystemB,2024-06-15,1
LN002438,1,108236.48,Current,0,ServicerB,SystemB,2024-06-15,0
LN002185,7,690065.7,Current,0,ServicerD,SystemB,2024-06-15,0
LN001182,14,309071.73,Current,0,ServicerD,SystemB,2024-06-15,0
LN001934,1,303372.72,Current,0,ServicerB,SystemB,2024-06-15,0
LN000747,11,353848.64,Current,0,ServicerD,SystemB,2024-06-15,0
LN001255,1,103777.9,Current,0,ServicerA,SystemB,2024-06-15,0
LN002755,4,174244.65,Current,0,ServicerA,SystemB,2024-06-15,0
LN001058,21,274850.38,60DPD,60,ServicerA,SystemB,2024-06-15,0
LN000669,4,324657.54,30DPD,60,ServicerD,SystemB,2024-06-15,1
LN002797,4,221110.61,Current,0,ServicerC,SystemB,2024-06-15,0
LN001941,18,289002.64,Current,0,ServicerA,SystemB,2024-06-15,0
LN000220,20,48365.5,Current,0,ServicerC,SystemB,2024-06-15,0
LN002355,1,177033.29,Current,0,ServicerC,SystemB,2024-06-15,0
LN001766,6,103244.58,30DPD,30,ServicerA,SystemB,2024-06-15,0
LN002351,8,108120.33,Current,0,ServicerB,SystemB,2024-06-15,0
LN002657,10,182179.27,30DPD,30,ServicerD,SystemB,2024-06-15,0
LN001335,5,367094.97,Current,0,ServicerC,SystemB,2024-06-15,0
LN001330,10,492922.16,Current,0,ServicerB,SystemB,2024-06-15,0
LN002325,17,192770.49,Current,0,ServicerC,SystemB,2024-06-15,0
LN001340,9,750922.22,60DPD,60,ServicerA,SystemB,2024-06-15,0
LN001488,11,97944.94,Current,0,ServicerE,SystemB,2024-06-15,0
LN000496,24,259780.74,Current,0,ServicerD,SystemB,2024-06-15,0
LN001449,4,157206.04,Current,0,ServicerC,SystemB,2024-06-15,0
LN000331,17,208095.89,Prepaid,0,ServicerE,SystemB,2024-06-15,0
LN002810,3,163824.34,Current,0,ServicerA,SystemB,2024-06-15,0
LN000895,12,129830.17,Current,0,ServicerD,SystemB,2024-06-15,1
LN000547,20,232679.4,30DPD,30,ServicerD,SystemB,2024-06-15,0
LN002247,8,151279.51,30DPD,30,ServicerE,SystemB,2024-06-15,0
LN002851,10,419670.5,Current,0,ServicerE,SystemB,2024-06-15,0
LN000798,1,126329.94,Current,0,ServicerC,SystemB,2024-06-15,0
LN001132,4,555152.74,Current,0,ServicerB,SystemB,2024-06-15,1
LN000909,4,306494.23,Current,0,ServicerA,SystemB,2024-06-15,0
LN002064,8,157823.44828500447,30DPD,30,ServicerD,SystemB,2024-06-15,1
LN001206,15,126489.71,Current,0,ServicerE,SystemB,2024-06-15,0
LN002472,3,239539.89,Current,0,ServicerD,SystemB,2024-06-15,0
LN001067,9,445622.8,Current,0,ServicerC,SystemB,2024-06-15,0
LN001206,7,127734.66,Current,0,ServicerE,SystemB,2024-06-15,0
LN001708,13,101013.17,Current,0,ServicerA,SystemB,2024-06-15,0
LN000464,9,280619.3,Current,90,ServicerD,SystemB,2024-06-15,1
LN002570,24,66570.97,30DPD,0,ServicerC,SystemB,2024-06-15,1
LN001678,10,357396.11,Prepaid,0,ServicerE,SystemB,2024-06-15,0
LN000248,4,199738.11442716912,Current,0,ServicerC,SystemB,2024-06-15,1
LN001203,10,205240.22,Current,0,ServicerB,SystemB,2024-06-15,0
LN002622,2,208663.94,Current,0,ServicerB,SystemB,2024-06-15,0
LN002127,17,183414.0,Current,0,ServicerD,SystemB,2024-06-15,0
LN002889,22,69388.41,Current,0,ServicerD,SystemB,2024-06-15,0
LN002676,19,179685.07,Current,0,ServicerC,SystemB,2024-06-15,0
LN002949,3,156022.11,Current,0,ServicerE,SystemB,2024-06-15,0
LN001792,4,386079.02,Current,0,ServicerE,SystemB,2024-06-15,0
LN001338,7,68811.1,60DPD,60,ServicerC,SystemB,2024-06-15,0
LN001129,15,213216.36,Current,0,ServicerE,SystemB,2024-06-15,0
LN001516,4,94974.69,Current,0,ServicerE,SystemB,2024-06-15,0
LN001126,5,97776.4,Current,30,ServicerC,SystemB,2024-06-15,0
LN001691,13,513460.11,Current,0,ServicerA,SystemB,2024-06-15,0
LN002883,8,218262.23,90DPD,90,ServicerD,SystemB,2024-06-15,0
LN001712,6,165065.26,30DPD,30,ServicerE,SystemB,2024-06-15,0
LN000633,7,111137.16,Current,0,ServicerB,SystemB,2024-06-15,0
LN001576,10,203295.59,60DPD,0,ServicerB,SystemB,2024-06-15,1
LN002807,15,259604.61,Current,0,ServicerB,SystemB,2024-06-15,0
LN001263,9,228440.83,Current,0,ServicerE,SystemB,2024-06-15,0
LN000710,13,484701.63177640917,60DPD,60,ServicerA,SystemB,2024-06-15,1
LN001496,6,392286.08,30DPD,0,ServicerB,SystemB,2024-06-15,1
LN000037,24,85983.55,90DPD,90,ServicerC,SystemB,2024-06-15,0
LN000733,2,227593.9,Current,0,ServicerC,SystemB,2024-06-15,0
LN002494,14,372695.57,Current,0,ServicerE,SystemB,2024-06-15,0
LN000933,7,98524.51,Current,0,ServicerC,SystemB,2024-06-15,0
LN000600,1,168609.05169370107,Current,0,ServicerC,SystemB,2024-06-15,1
LN001524,18,65682.64,Current,0,ServicerB,SystemB,2024-06-15,0
LN002973,1,224259.07,Current,0,ServicerA,SystemB,2024-06-15,0
LN001047,17,284017.63,Current,0,ServicerB,SystemB,2024-06-15,0
LN000851,2,320483.69,90DPD,0,ServicerD,SystemB,2024-06-15,1
LN000754,11,189859.67,Current,0,ServicerA,SystemB,2024-06-15,0
LN002796,4,249238.63,Current,0,ServicerC,SystemB,2024-06-15,0
LN001997,3,97987.68,Current,0,ServicerE,SystemB,2024-06-15,0
LN001916,4,120576.97,Current,0,ServicerD,SystemB,2024-06-15,0
LN000645,2,,Prepaid,0,ServicerB,SystemB,2024-06-15,0
LN001450,14,166457.93,Current,0,ServicerD,SystemB,2024-06-15,0
LN000845,1,152054.71,Current,0,ServicerD,SystemB,2024-06-15,0
LN001400,19,206671.11,Current,0,ServicerE,SystemB,2024-06-15,0
LN002826,14,279349.08,90DPD,90,ServicerC,SystemB,2024-06-15,0
LN001298,13,242304.6619030237,Current,0,ServicerE,SystemB,2024-06-15,1
LN001322,3,162731.25,Current,0,ServicerD,SystemB,2024-06-15,0
LN001892,2,133661.9,Current,0,ServicerE,SystemB,2024-06-15,0
LN001164,18,224048.15,60DPD,0,ServicerD,SystemB,2024-06-15,1
LN000315,3,217300.45,Current,0,ServicerE,SystemB,2024-06-15,0
LN001993,7,70293.52,30DPD,30,ServicerE,SystemB,2024-06-15,0
LN001334,2,111850.89579333436,Current,90,ServicerA,SystemB,2024-06-15,1
LN002655,4,149472.07,30DPD,0,ServicerB,SystemB,2024-06-15,1
LN001662,15,186478.14,Current,0,ServicerA,SystemB,2024-06-15,0
LN001208,5,104497.1,Current,0,ServicerD,SystemB,2024-06-15,0
LN002543,26,649952.8293592377,30DPD,30,ServicerB,SystemB,2024-06-15,1
LN002229,4,198364.18,Prepaid,0,ServicerB,SystemB,2024-06-15,0
LN001783,17,206366.1891424753,Current,0,ServicerC,SystemB,2024-06-15,0
LN000970,18,211980.78,Current,0,ServicerC,SystemB,2024-06-15,0
LN000545,3,188204.21,Current,90,ServicerD,SystemB,2024-06-15,1
LN000336,3,555459.44,Current,0,ServicerD,SystemB,2024-06-15,0
LN001881,3,104977.36,Current,0,ServicerB,SystemB,2024-06-15,0
LN002654,6,293420.52,Current,0,ServicerA,SystemB,2024-06-15,0
LN000493,2,205306.59,Current,0,ServicerA,SystemB,2024-06-15,0
LN002698,13,125522.54,Current,0,ServicerD,SystemB,2024-06-15,0
LN000565,1,,Current,0,ServicerD,SystemB,2024-06-15,0
LN001339,2,136163.6,30DPD,30,ServicerD,SystemB,2024-06-15,0
LN000562,16,602896.16,Current,90,ServicerD,SystemB,2024-06-15,1
LN000126,5,203101.52,30DPD,30,ServicerC,SystemB,2024-06-15,0
LN002041,12,294841.53,Current,0,ServicerB,SystemB,2024-06-15,0
LN001299,10,333104.13,90DPD,90,ServicerB,SystemB,2024-06-15,0
LN001370,1,131592.74,Current,0,ServicerC,SystemB,2024-06-15,1
LN002467,30,-140581.62,Current,0,ServicerD,SystemB,2024-06-15,0
LN001367,2,560159.84,Current,0,ServicerC,SystemB,2024-06-15,0
LN002186,3,348255.65,Current,0,ServicerA,SystemB,2024-06-15,0
LN000999,2,265438.26,Current,0,ServicerE,SystemB,2024-06-15,0
LN002926,24,179685.94,Current,0,ServicerD,SystemB,2024-06-15,0
LN000903,1,132893.95,Current,0,ServicerE,SystemB,2024-06-15,0
LN000953,16,100059.66,Current,0,ServicerA,SystemB,2024-06-15,0
LN002584,3,224294.03,Default,120,ServicerC,SystemB,2024-06-15,0
LN000027,12,248649.73,Current,0,ServicerA,SystemB,2024-06-15,0
LN002226,11,292257.07,Current,0,ServicerE,SystemB,2024-06-15,0
LN000810,12,87787.17,Current,0,ServicerB,SystemB,2024-06-15,0
LN002272,3,171511.8942234848,Prepaid,0,ServicerA,SystemB,2024-06-15,1
LN002848,11,61085.24,60DPD,30,ServicerE,SystemB,2024-06-15,1
LN001757,1,,Current,60,ServicerB,SystemB,2024-06-15,1
LN000449,1,266680.67,Current,0,ServicerA,SystemB,2024-06-15,0
LN002798,1,201757.53,Current,0,ServicerA,SystemB,2024-06-15,0
LN002478,8,204847.94,30DPD,30,ServicerA,SystemB,2024-06-15,1
LN001878,9,263070.76,Prepaid,0,ServicerA,SystemB,2024-06-15,0
LN002809,5,134578.03,Current,0,ServicerA,SystemB,2024-06-15,0
LN002650,6,173461.65,Current,0,ServicerD,SystemB,2024-06-15,1
LN002811,18,110141.78,Current,0,ServicerD,SystemB,2024-06-15,0
LN001730,1,143008.16,Current,0,ServicerC,SystemB,2024-06-15,0
LN001471,7,198075.28,60DPD,60,ServicerA,SystemB,2024-06-15,0
LN002980,4,208421.32,Current,0,ServicerA,SystemB,2024-06-15,0
LN001350,7,182080.91,Current,0,ServicerE,SystemB,2024-06-15,0
LN001084,2,136429.43,Current,90,ServicerA,SystemB,2024-06-15,1
LN000262,13,169339.76673436788,Current,30,ServicerB,SystemB,2024-06-15,1
LN001660,23,297443.43,Current,0,ServicerC,SystemB,2024-06-15,0
LN000300,9,132747.28,Current,0,ServicerD,SystemB,2024-06-15,0
LN002075,4,240349.74,Current,60,ServicerB,SystemB,2024-06-15,1
LN000950,4,79424.18,90DPD,0,ServicerA,SystemB,2024-06-15,1
LN000756,22,154478.27,30DPD,30,ServicerE,SystemB,2024-06-15,0
LN002254,12,227849.06,Current,0,ServicerC,SystemB,2024-06-15,0
LN002416,7,213664.33,Current,0,ServicerB,SystemB,2024-06-15,0
LN001278,2,139319.56,Current,0,ServicerE,SystemB,2024-06-15,0
LN002540,16,139737.19,60DPD,60,ServicerC,SystemB,2024-06-15,0
LN000380,1,221772.6,Current,0,ServicerC,SystemB,2024-06-15,0
LN000905,10,190043.3074032179,Current,0,ServicerA,SystemB,2024-06-15,1
LN000038,6,206152.13555763874,Current,0,ServicerB,SystemB,2024-06-15,1
LN001901,10,304606.77,Current,0,ServicerE,SystemB,2024-06-15,0
LN000337,3,268789.13,Current,0,ServicerD,SystemB,2024-06-15,0
LN002812,16,731638.55,Current,0,ServicerC,SystemB,2024-06-15,0
LN001771,17,207799.83,Prepaid,0,ServicerC,SystemB,2024-06-15,0
LN002977,15,114688.1,30DPD,0,ServicerD,SystemB,2024-06-15,1
LN002568,15,99966.36,30DPD,30,ServicerD,SystemB,2024-06-15,0
LN002969,5,308823.56,30DPD,90,ServicerA,SystemB,2024-06-15,1
LN001031,2,183682.17,Current,0,ServicerA,SystemB,2024-06-15,0
LN001367,7,557199.46,Current,0,ServicerC,SystemB,2024-06-15,0
LN002827,23,218404.14,Current,0,ServicerA,SystemB,2024-06-15,0
LN001330,7,495047.32,Current,60,ServicerB,SystemB,2024-06-15,0
LN001480,4,469324.88,Current,0,ServicerA,SystemB,2024-06-15,0
LN000772,5,184180.0,Current,0,ServicerB,SystemB,2024-06-15,1
LN000682,2,202541.34,Current,0,ServicerD,SystemB,2024-06-15,0
LN001123,16,215499.9,Current,0,ServicerA,SystemB,2024-06-15,0
LN002510,2,464227.21,30DPD,30,ServicerC,SystemB,2024-06-15,1
LN002040,14,113921.99,Current,0,ServicerA,SystemB,2024-06-15,0
LN000138,2,217073.05,Current,0,ServicerD,SystemB,2024-06-15,0
LN002639,8,107475.95,Current,0,ServicerE,SystemB,2024-06-15,0
LN001956,4,154786.72,Current,0,ServicerB,SystemB,2024-06-15,0
LN002077,10,81952.55,Current,0,ServicerC,SystemB,2024-06-15,0
LN001872,3,266766.3172125281,Prepaid,0,ServicerE,SystemB,2024-06-15,1
LN001792,20,378019.08,90DPD,0,ServicerE,SystemB,2024-06-15,1
LN002304,8,123735.07,Current,0,ServicerD,SystemB,2024-06-15,0
LN002888,16,180597.83,Current,0,ServicerD,SystemB,2024-06-15,0
LN001327,2,329831.9,Current,0,ServicerB,SystemB,2024-06-15,0
LN001529,3,151970.6,Current,0,ServicerE,SystemB,2024-06-15,0
LN000921,15,274840.23,30DPD,30,ServicerA,SystemB,2024-06-15,0
LN002496,11,163806.12,30DPD,0,ServicerC,SystemB,2024-06-15,1
LN001810,13,255747.26,Current,0,ServicerE,SystemB,2024-06-15,0
LN000073,30,192384.64,Current,0,ServicerE,SystemB,2024-06-15,0
LN001225,3,165846.86,Current,0,ServicerE,SystemB,2024-06-15,0
LN000555,7,198658.2,Current,0,ServicerD,SystemB,2024-06-15,0
LN002851,2,423831.7,Current,0,ServicerE,SystemB,2024-06-15,1
LN002145,16,161627.49,Current,0,ServicerE,SystemB,2024-06-15,0
LN002561,3,180000.32,30DPD,30,ServicerC,SystemB,2024-06-15,0
LN001365,15,234666.07,30DPD,30,ServicerA,SystemB,2024-06-15,0
LN001017,5,186281.54,Current,0,ServicerA,SystemB,2024-06-15,0
LN001681,4,227484.55,Current,0,ServicerA,SystemB,2024-06-15,0
LN000013,2,933652.3250365554,Current,0,ServicerE,SystemB,2024-06-15,1
LN002725,14,194876.76,Current,0,ServicerE,SystemB,2024-06-15,0
LN002081,8,226337.45,Current,0,ServicerD,SystemB,2024-06-15,0
LN000220,13,48937.58,Current,0,ServicerC,SystemB,2024-06-15,0
LN000901,20,123356.73987484319,Default,120,ServicerA,SystemB,2024-06-15,1
LN002332,11,251901.71,60DPD,60,ServicerE,SystemB,2024-06-15,0
LN000528,3,197287.61,Current,30,ServicerA,SystemB,2024-06-15,0
LN001176,13,164947.75,Current,30,ServicerE,SystemB,2024-06-15,1
LN000654,26,268821.77,Current,0,ServicerD,SystemB,2024-06-15,0
LN000665,5,373477.92,Prepaid,0,ServicerC,SystemB,2024-06-15,0
LN000557,11,271486.94,Current,0,ServicerB,SystemB,2024-06-15,0
LN000224,3,242601.2,Current,0,ServicerC,SystemB,2024-06-15,0
LN000024,1,235526.62,Current,0,ServicerE,SystemB,2024-06-15,0
LN001560,22,296486.27,Current,0,ServicerB,SystemB,2024-06-15,0
LN001590,10,146028.39,Current,0,ServicerA,SystemB,2024-06-15,0
LN001417,7,559907.4577646082,Current,0,ServicerC,SystemB,2024-06-15,1
LN002327,7,234062.78,Current,0,ServicerD,SystemB,2024-06-15,0
LN000719,19,169016.48,Current,0,ServicerE,SystemB,2024-06-15,0
LN001044,2,206016.62,Current,0,ServicerC,SystemB,2024-06-15,0
LN000756,10,156565.03,Current,0,ServicerE,SystemB,2024-06-15,1
LN001667,1,222602.91,Current,0,ServicerA,SystemB,2024-06-15,0
LN002091,11,369372.69,Default,120,ServicerD,SystemB,2024-06-15,0
LN001582,2,222737.29,Current,30,ServicerD,SystemB,2024-06-15,1
LN000416,4,138401.4,Current,0,ServicerB,SystemB,2024-06-15,0
LN001460,7,161885.1,Current,0,ServicerA,SystemB,2024-06-15,0
LN000538,8,454130.21,60DPD,30,ServicerD,SystemB,2024-06-15,1
LN001725,23,105300.65,30DPD,30,ServicerE,SystemB,2024-06-15,1
LN000169,14,146536.13,Current,0,ServicerD,SystemB,2024-06-15,0
LN002653,9,113982.66,Current,0,ServicerD,SystemB,2024-06-15,1
LN002295,5,196590.98,Current,0,ServicerB,SystemB,2024-06-15,0
LN000239,13,154730.8,Current,0,ServicerA,SystemB,2024-06-15,0
LN000196,4,53828.94,60DPD,60,ServicerB,SystemB,2024-06-15,0
LN002869,9,150063.74,Current,0,ServicerE,SystemB,2024-06-15,0
LN002667,4,796086.4,Current,0,ServicerA,SystemB,2024-06-15,0
LN001546,7,222623.84,Current,0,ServicerD,SystemB,2024-06-15,0
LN002454,6,746620.07,Current,0,ServicerB,SystemB,2024-06-15,0
LN002437,9,199465.89,Current,0,ServicerB,SystemB,2024-06-15,0
LN000860,2,398798.95,Current,0,ServicerD,SystemB,2024-06-15,0
LN002900,4,186654.44,Current,0,ServicerE,SystemB,2024-06-15,0
LN000633,14,110262.32,Current,0,ServicerB,SystemB,2024-06-15,0
LN002604,20,192607.67,Prepaid,60,ServicerD,SystemB,2024-06-15,1
LN000166,1,211492.31,Current,0,ServicerB,SystemB,2024-06-15,0
LN001980,4,397422.32,Current,0,ServicerE,SystemB,2024-06-15,0
LN002546,14,335770.66,Current,0,ServicerC,SystemB,2024-06-15,0
LN002665,1,262255.22,30DPD,0,ServicerA,SystemB,2024-06-15,1
LN002759,1,296228.81,Current,0,ServicerB,SystemB,2024-06-15,0
LN002495,15,184969.88,Current,0,ServicerC,SystemB,2024-06-15,0
LN002829,3,250127.65,Current,0,ServicerC,SystemB,2024-06-15,0
LN001810,1,259323.02,Current,0,ServicerE,SystemB,2024-06-15,0
LN000607,19,218887.93,Current,0,ServicerD,SystemB,2024-06-15,0
LN002085,12,119201.93,Current,0,ServicerB,SystemB,2024-06-15,0
LN001312,1,153328.36,Current,0,ServicerA,SystemB,2024-06-15,0
LN001656,7,184231.04,Current,0,ServicerE,SystemB,2024-06-15,0
LN002859,10,92108.23,Current,0,ServicerB,SystemB,2024-06-15,0
LN000770,2,137348.85,Current,0,ServicerA,SystemB,2024-06-15,0
LN000044,15,211355.13,Default,120,ServicerC,SystemB,2024-06-15,0
LN002133,5,188105.93,Current,0,ServicerD,SystemB,2024-06-15,0
LN001503,3,220938.02,Current,0,ServicerA,SystemB,2024-06-15,0
LN000231,1,74477.43,Current,0,ServicerA,SystemB,2024-06-15,0
LN001500,1,113224.76557356869,Current,0,ServicerE,SystemB,2024-06-15,1
LN001521,3,170923.13,Current,0,ServicerB,SystemB,2024-06-15,0
LN000251,14,575456.5,Current,0,ServicerC,SystemB,2024-06-15,0
LN001651,1,330455.63,Current,0,ServicerD,SystemB,2024-06-15,0
LN000215,1,220651.34270026287,Current,0,ServicerE,SystemB,2024-06-15,1
LN002767,10,140989.22,Current,0,ServicerD,SystemB,2024-06-15,0
LN001837,17,223762.41,Current,0,ServicerD,SystemB,2024-06-15,0
LN000302,10,225633.42,Current,0,ServicerB,SystemB,2024-06-15,0
LN000764,7,194596.69,Current,0,ServicerA,SystemB,2024-06-15,0
LN000004,3,220804.16,30DPD,30,ServicerE,SystemB,2024-06-15,0
LN002387,31,242711.88,Current,0,ServicerB,SystemB,2024-06-15,0
LN000778,8,349830.5,Current,0,ServicerA,SystemB,2024-06-15,0
LN001208,8,104193.55,Default,120,ServicerD,SystemB,2024-06-15,0
LN001660,8,303494.67,Current,30,ServicerC,SystemB,2024-06-15,1
LN000293,6,107092.93,Current,0,ServicerC,SystemB,2024-06-15,0
LN001960,10,160178.17,Current,0,ServicerA,SystemB,2024-06-15,0
LN001691,9,515859.46,Current,0,ServicerA,SystemB,2024-06-15,0
LN000171,2,301941.94,Current,0,ServicerC,SystemB,2024-06-15,0
LN002416,9,176960.70906768634,Current,0,ServicerB,SystemB,2024-06-15,1
LN002798,4,200970.1,Current,0,ServicerA,SystemB,2024-06-15,0
LN000523,1,124652.59,Current,0,ServicerA,SystemB,2024-06-15,0
LN001417,17,527740.6140289617,Current,0,ServicerC,SystemB,2024-06-15,1
LN001221,15,176146.06,Current,0,ServicerB,SystemB,2024-06-15,1
LN000314,2,111458.55,Current,90,ServicerB,SystemB,2024-06-15,1
LN002311,3,241876.86,Current,0,ServicerC,SystemB,2024-06-15,0
LN000438,2,319905.23,Prepaid,0,ServicerC,SystemB,2024-06-15,0
LN000034,11,293737.3,30DPD,30,ServicerD,SystemB,2024-06-15,0
LN002670,2,114005.85,Current,60,ServicerD,SystemB,2024-06-15,1
LN001688,9,103797.36,Current,0,ServicerC,SystemB,2024-06-15,0
LN000652,3,120513.07,Current,0,ServicerD,SystemB,2024-06-15,0
LN000747,18,350889.32,Current,0,ServicerD,SystemB,2024-06-15,0
LN001037,5,95298.11,Current,60,ServicerC,SystemB,2024-06-15,1
LN001582,5,221806.22,Current,0,ServicerD,SystemB,2024-06-15,0
LN001899,6,58125.07248220536,Current,0,ServicerC,SystemB,2024-06-15,1
LN002704,19,202962.89,Default,120,ServicerC,SystemB,2024-06-15,0
LN001129,19,212159.12,Current,0,ServicerE,SystemB,2024-06-15,0
LN000367,16,382915.87,30DPD,0,ServicerA,SystemB,2024-06-15,1
LN000064,7,167045.06,Current,0,ServicerE,SystemB,2024-06-15,0
LN001229,5,214361.65,30DPD,30,ServicerD,SystemB,2024-06-15,0
LN002217,9,104004.79,90DPD,90,ServicerC,SystemB,2024-06-15,0
LN000819,1,189930.14,Current,0,ServicerD,SystemB,2024-06-15,0
LN000686,2,316553.9,Current,0,ServicerE,SystemB,2024-06-15,0
LN000193,3,230637.29,Default,120,ServicerD,SystemB,2024-06-15,0
LN002256,5,336463.73,30DPD,0,ServicerD,SystemB,2024-06-15,1
LN002085,15,118867.08,Current,0,ServicerB,SystemB,2024-06-15,1
LN002721,14,107543.52,Current,0,ServicerE,SystemB,2024-06-15,1
LN002996,16,648608.21,Prepaid,0,ServicerC,SystemB,2024-06-15,1
LN002275,14,216396.85,Current,0,ServicerA,SystemB,2024-06-15,0
LN002662,2,100459.64,Current,60,ServicerA,SystemB,2024-06-15,1
LN002916,29,277786.44,Current,0,ServicerA,SystemB,2024-06-15,0
LN001854,13,181625.57,Current,0,ServicerB,SystemB,2024-06-15,0
LN002182,2,241455.1,Current,30,ServicerE,SystemB,2024-06-15,1
LN002726,18,166574.65,Current,0,ServicerB,SystemB,2024-06-15,0
LN001977,2,257961.63,30DPD,0,ServicerA,SystemB,2024-06-15,1
LN000331,13,229406.37349314094,Current,0,ServicerE,SystemB,2024-06-15,1
LN002863,6,229069.82,Current,0,ServicerE,SystemB,2024-06-15,0
LN001241,11,163054.86,Current,0,ServicerB,SystemB,2024-06-15,0
LN002051,8,100658.7,Prepaid,0,ServicerC,SystemB,2024-06-15,0
LN002740,6,199606.57,Current,0,ServicerA,SystemB,2024-06-15,0
LN000272,2,228022.63,Current,0,ServicerA,SystemB,2024-06-15,0
LN000803,3,784656.93,Current,0,ServicerD,SystemB,2024-06-15,0
LN002017,6,157716.9,Current,0,ServicerA,SystemB,2024-06-15,0
LN001679,3,134160.76,30DPD,30,ServicerE,SystemB,2024-06-15,0
LN002846,2,500924.85,Current,0,ServicerD,SystemB,2024-06-15,0
LN002338,1,151616.6,Current,0,ServicerB,SystemB,2024-06-15,0
LN001012,6,328892.89,Current,0,ServicerC,SystemB,2024-06-15,0
LN002764,17,86603.56,60DPD,60,ServicerA,SystemB,2024-06-15,0
LN000339,18,319915.85,Current,0,ServicerA,SystemB,2024-06-15,0
LN000921,18,273997.59,Default,120,ServicerA,SystemB,2024-06-15,0
LN000616,2,129995.23,Current,0,ServicerE,SystemB,2024-06-15,0
LN001337,3,259809.26,60DPD,60,ServicerE,SystemB,2024-06-15,0
LN001875,17,117806.26,Current,0,ServicerB,SystemB,2024-06-15,0
LN002711,9,303795.77,Prepaid,0,ServicerE,SystemB,2024-06-15,0
LN000167,14,204027.66,Current,0,ServicerE,SystemB,2024-06-15,0
LN000444,19,442246.5,Current,0,ServicerB,SystemB,2024-06-15,0
LN001594,2,289308.19,Current,0,ServicerC,SystemB,2024-06-15,0
LN000514,11,407738.37,Current,0,ServicerA,SystemB,2024-06-15,0
LN002393,6,335832.79,Current,0,ServicerD,SystemB,2024-06-15,0
LN002372,2,140763.63,Current,0,ServicerE,SystemB,2024-06-15,1
LN001345,13,148548.38,Current,0,ServicerC,SystemB,2024-06-15,0
LN000346,7,251678.53,Current,0,ServicerC,SystemB,2024-06-15,0
LN001559,20,170299.33,Current,0,ServicerC,SystemB,2024-06-15,0
LN002603,9,132237.94,Default,120,ServicerC,SystemB,2024-06-15,0
LN002348,10,169058.07,90DPD,60,ServicerA,SystemB,2024-06-15,1
LN002943,5,208469.65,Prepaid,0,ServicerE,SystemB,2024-06-15,0
LN002211,24,96499.58,Current,0,ServicerA,SystemB,2024-06-15,0
LN000043,12,164853.64,Prepaid,0,ServicerC,SystemB,2024-06-15,0
LN000511,13,255057.87,Current,0,ServicerC,SystemB,2024-06-15,0
LN001240,6,411586.58,Current,0,ServicerD,SystemB,2024-06-15,0
LN002793,15,214049.77,Current,0,ServicerE,SystemB,2024-06-15,0
LN000255,13,195636.65,Current,0,ServicerE,SystemB,2024-06-15,0
LN000881,2,506183.42,Current,0,ServicerE,SystemB,2024-06-15,0
LN002756,20,319274.93,Current,0,ServicerE,SystemB,2024-06-15,0
LN002971,9,213046.25,Current,0,ServicerD,SystemB,2024-06-15,0
LN000640,28,231815.04,Current,0,ServicerC,SystemB,2024-06-15,0
LN000755,8,234107.12,Current,0,ServicerC,SystemB,2024-06-15,0
LN001739,1,246185.17,Current,0,ServicerD,SystemB,2024-06-15,1
LN001264,12,133434.8,Current,0,ServicerE,SystemB,2024-06-15,0
LN000483,13,320370.76,60DPD,0,ServicerE,SystemB,2024-06-15,1
LN002571,9,265803.51,Current,0,ServicerD,SystemB,2024-06-15,0
LN002869,5,150841.63,Current,0,ServicerE,SystemB,2024-06-15,0
LN001189,15,295152.54,Current,0,ServicerC,SystemB,2024-06-15,0
LN000931,19,82896.72,60DPD,60,ServicerB,SystemB,2024-06-15,0
LN002787,2,346696.98,Current,0,ServicerD,SystemB,2024-06-15,0
LN000018,1,,Current,0,ServicerA,SystemB,2024-06-15,0
LN001170,8,203376.09,Current,0,ServicerC,SystemB,2024-06-15,0
LN001121,10,101697.54,Current,90,ServicerA,SystemB,2024-06-15,1
LN001690,8,164272.79,30DPD,30,ServicerE,SystemB,2024-06-15,0
LN001314,19,773554.0338401174,Current,0,ServicerE,SystemB,2024-06-15,1
LN000477,12,186655.23,Current,0,ServicerE,SystemB,2024-06-15,0
LN002045,12,198826.01,Current,0,ServicerA,SystemB,2024-06-15,0
LN002011,2,128687.72,30DPD,30,ServicerB,SystemB,2024-06-15,0
LN001666,9,158745.73,Current,0,ServicerE,SystemB,2024-06-15,0
LN000944,11,703380.8048222153,Current,0,ServicerD,SystemB,2024-06-15,1
LN002775,5,87751.27929825403,Current,0,ServicerE,SystemB,2024-06-15,1
LN002988,11,182362.03,30DPD,0,ServicerA,SystemB,2024-06-15,1
LN000450,5,81902.44,Current,0,ServicerB,SystemB,2024-06-15,0
LN001513,25,491703.73,Current,0,ServicerD,SystemB,2024-06-15,0
LN000535,12,143862.77,Current,0,ServicerC,SystemB,2024-06-15,0
LN001767,3,163291.59,Current,0,ServicerA,SystemB,2024-06-15,0
LN001549,4,179265.68,Current,0,ServicerD,SystemB,2024-06-15,0
LN001503,26,214536.55,Current,0,ServicerA,SystemB,2024-06-15,0
LN001067,8,446329.93,Current,0,ServicerC,SystemB,2024-06-15,0
LN001282,1,163786.9,Current,0,ServicerD,SystemB,2024-06-15,0
LN001338,1,69394.73,Current,0,ServicerC,SystemB,2024-06-15,0
LN002236,7,361582.46,Current,0,ServicerB,SystemB,2024-06-15,0
LN000024,3,235244.24,Prepaid,0,ServicerE,SystemB,2024-06-15,0
LN002747,8,216450.74,Current,0,ServicerA,SystemB,2024-06-15,1
LN000556,2,202506.81,Current,0,ServicerA,SystemB,2024-06-15,0
LN000314,12,109901.32,Current,0,ServicerB,SystemB,2024-06-15,0
LN000358,9,188510.22,Prepaid,0,ServicerB,SystemB,2024-06-15,1
LN002538,8,124806.67,60DPD,60,ServicerD,SystemB,2024-06-15,0
LN001552,14,185873.98,Current,0,ServicerC,SystemB,2024-06-15,0
LN000514,4,411012.23,60DPD,0,ServicerA,SystemB,2024-06-15,1
LN002840,4,304249.11,Current,0,ServicerC,SystemB,2024-06-15,0
LN001860,10,77493.27,30DPD,30,ServicerA,SystemB,2024-06-15,0
LN001290,8,188038.33,60DPD,60,ServicerE,SystemB,2024-06-15,0
LN002496,21,162020.78,Current,0,ServicerC,SystemB,2024-06-15,0
LN000589,8,281697.89,Current,0,ServicerA,SystemB,2024-06-15,0
LN000585,3,65820.58,Current,0,ServicerD,SystemB,2024-06-15,0
LN000845,6,151073.26,60DPD,0,ServicerD,SystemB,2024-06-15,1
LN002567,12,693634.3976259006,Current,0,ServicerD,SystemB,2024-06-15,0
LN002611,6,-297907.97,30DPD,30,ServicerB,SystemB,2024-06-15,0
LN001444,5,298522.06,Current,0,ServicerD,SystemB,2024-06-15,0
LN000564,29,166988.62,Current,90,ServicerB,SystemB,2024-06-15,0
LN000801,2,182489.89,60DPD,0,ServicerA,SystemB,2024-06-15,1
LN000275,14,354760.84,Current,0,ServicerB,SystemB,2024-06-15,0
LN002773,19,204956.59,Current,0,ServicerD,SystemB,2024-06-15,0
LN001869,10,495791.62,Current,60,ServicerB,SystemB,2024-06-15,1
LN000305,7,161515.88,30DPD,30,ServicerB,SystemB,2024-06-15,0
LN002190,10,253754.62,Current,0,ServicerE,SystemB,2024-06-15,0
LN001303,15,202614.31,Current,0,ServicerD,SystemB,2024-06-15,1
LN000844,7,99653.0,Current,0,ServicerB,SystemB,2024-06-15,0
LN002578,4,135452.01,Prepaid,0,ServicerB,SystemB,2024-06-15,0
LN002515,6,155624.97,Current,0,ServicerA,SystemB,2024-06-15,0
LN002195,7,217274.67,Prepaid,0,ServicerC,SystemB,2024-06-15,0
LN000721,7,251962.44,30DPD,30,ServicerC,SystemB,2024-06-15,0
LN002858,16,103228.36,Current,0,ServicerC,SystemB,2024-06-15,0
LN000591,12,483167.31,Current,0,ServicerC,SystemB,2024-06-15,0
LN001608,9,158745.39,60DPD,60,ServicerD,SystemB,2024-06-15,0
LN000913,2,550156.33,Current,0,ServicerB,SystemB,2024-06-15,0
LN000030,7,471572.2,Current,0,ServicerD,SystemB,2024-06-15,1
LN001493,13,294469.19,90DPD,90,ServicerC,SystemB,2024-06-15,0
LN001310,2,195752.7,Current,0,ServicerB,SystemB,2024-06-15,0
LN000631,3,73838.37,Current,0,ServicerB,SystemB,2024-06-15,0
LN001804,19,347430.66,Current,0,ServicerB,SystemB,2024-06-15,0
LN002539,1,439711.39,Current,0,ServicerC,SystemB,2024-06-15,0
LN002359,3,130158.96,Current,90,ServicerE,SystemB,2024-06-15,1
LN002522,6,504177.86,Current,0,ServicerC,SystemB,2024-06-15,0
LN002420,5,247051.83,Current,0,ServicerE,SystemB,2024-06-15,1
LN002793,21,212304.87,Current,0,ServicerE,SystemB,2024-06-15,0
LN001696,5,153701.78,Current,0,ServicerE,SystemB,2024-06-15,1
LN000089,5,404766.54,Current,0,ServicerC,SystemB,2024-06-15,0
LN002610,1,612343.95,Current,0,ServicerA,SystemB,2024-06-15,0
LN001088,4,117092.59,Current,0,ServicerE,SystemB,2024-06-15,0
LN000450,11,81235.77,Current,0,ServicerB,SystemB,2024-06-15,0
LN000484,3,512303.08,Current,0,ServicerC,SystemB,2024-06-15,0
LN000936,5,318569.27,30DPD,0,ServicerE,SystemB,2024-06-15,1
LN001706,7,208884.27,30DPD,30,ServicerD,SystemB,2024-06-15,0
LN000344,2,334964.18,Current,0,ServicerB,SystemB,2024-06-15,0
LN001433,6,105064.92,Prepaid,0,ServicerC,SystemB,2024-06-15,0
LN002720,5,354849.7,Prepaid,0,ServicerA,SystemB,2024-06-15,1
LN002601,9,158163.04,Current,0,ServicerC,SystemB,2024-06-15,0
LN000597,15,141361.64,Default,0,ServicerD,SystemB,2024-06-15,1
LN002345,8,97661.82,Current,0,ServicerA,SystemB,2024-06-15,0
LN002851,7,421230.95,Current,0,ServicerE,SystemB,2024-06-15,0
LN000001,4,128758.77,30DPD,30,ServicerC,SystemB,2024-06-15,0
LN002347,20,277685.84,Current,0,ServicerB,SystemB,2024-06-15,0
LN001049,5,149407.19,Current,0,ServicerB,SystemB,2024-06-15,0
LN002763,10,334527.6,Current,0,ServicerE,SystemB,2024-06-15,0
LN000593,7,,Prepaid,0,ServicerE,SystemB,2024-06-15,0
LN002609,9,240781.04,Prepaid,0,ServicerA,SystemB,2024-06-15,0
LN002532,5,217447.39,30DPD,0,ServicerD,SystemB,2024-06-15,1
LN000891,1,145410.04,Current,0,ServicerC,SystemB,2024-06-15,0
LN000731,5,,Prepaid,0,ServicerD,SystemB,2024-06-15,0
LN000196,31,51830.51,Current,0,ServicerB,SystemB,2024-06-15,0
LN002406,5,254371.23,Current,0,ServicerA,SystemB,2024-06-15,0
LN000627,5,233357.55,Current,0,ServicerA,SystemB,2024-06-15,0
LN000355,8,197532.42,Current,0,ServicerE,SystemB,2024-06-15,0
LN000737,10,-207727.09,Current,30,ServicerB,SystemB,2024-06-15,1
LN001026,2,157946.57,Current,0,ServicerC,SystemB,2024-06-15,0
LN000949,10,176151.88,Current,0,ServicerA,SystemB,2024-06-15,0
LN000203,4,80117.98,30DPD,30,ServicerE,SystemB,2024-06-15,0
LN000068,8,124334.0,Current,0,ServicerE,SystemB,2024-06-15,0
LN001215,1,88875.55969342998,Current,0,ServicerE,SystemB,2024-06-15,1
LN002207,14,175971.54,Current,0,ServicerA,SystemB,2024-06-15,0
LN001368,18,118084.87,Current,0,ServicerC,SystemB,2024-06-15,0
LN002748,8,150637.6,Prepaid,0,ServicerE,SystemB,2024-06-15,0
LN001786,3,267101.26,Current,90,ServicerA,SystemB,2024-06-15,1
LN002998,23,240930.01,Current,0,ServicerE,SystemB,2024-06-15,0
LN002989,27,141646.59,Current,0,ServicerC,SystemB,2024-06-15,0
LN001334,9,105169.69,90DPD,90,ServicerA,SystemB,2024-06-15,0
LN002830,14,331334.22,Current,0,ServicerE,SystemB,2024-06-15,0
LN001060,2,271796.3,Current,0,ServicerC,SystemB,2024-06-15,0
LN000493,3,205027.39,Current,30,ServicerA,SystemB,2024-06-15,1
LN000014,11,181175.33,Prepaid,0,ServicerA,SystemB,2024-06-15,0
LN002849,8,359846.41,Current,0,ServicerA,SystemB,2024-06-15,0
LN001584,12,239900.92,Default,120,ServicerE,SystemB,2024-06-15,0
LN002056,14,,Current,0,ServicerE,SystemB,2024-06-15,0
LN001579,2,175955.53,30DPD,0,ServicerC,SystemB,2024-06-15,1
LN000769,7,165050.09,Current,0,ServicerD,SystemB,2024-06-15,0
LN002319,22,141199.99,Current,0,ServicerA,SystemB,2024-06-15,0
LN001595,17,155792.02,30DPD,30,ServicerA,SystemB,2024-06-15,0
LN000983,4,189676.87,Current,0,ServicerA,SystemB,2024-06-15,0
LN001428,3,195909.13,Current,0,ServicerC,SystemB,2024-06-15,0
LN000261,5,397743.17,30DPD,0,ServicerD,SystemB,2024-06-15,1
LN001144,1,412512.9,Current,0,ServicerC,SystemB,2024-06-15,0
LN001920,2,527415.45,Current,0,ServicerB,SystemB,2024-06-15,0
LN002860,2,104659.04609703232,Current,0,ServicerC,SystemB,2024-06-15,1
LN000416,19,135789.14,Current,0,ServicerB,SystemB,2024-06-15,1
LN001958,6,140844.02,Current,0,ServicerA,SystemB,2024-06-15,0
LN000966,15,131189.4,30DPD,30,ServicerB,SystemB,2024-06-15,0
LN001820,14,537269.44,Current,0,ServicerB,SystemB,2024-06-15,0
LN001991,4,111007.48,Current,0,ServicerD,SystemB,2024-06-15,1
LN000570,9,372218.17,Current,0,ServicerD,SystemB,2024-06-15,0
LN002524,15,,Current,0,ServicerE,SystemB,2024-06-15,0
LN000659,16,141173.43,Current,0,ServicerB,SystemB,2024-06-15,0
LN002161,2,321717.0,Current,0,ServicerC,SystemB,2024-06-15,0
LN001121,19,100608.13,Current,0,ServicerA,SystemB,2024-06-15,0
LN001911,2,264922.23,Prepaid,0,ServicerC,SystemB,2024-06-15,0
LN000636,1,49922.43,Current,0,ServicerE,SystemB,2024-06-15,0
LN000931,4,84280.1,30DPD,30,ServicerB,SystemB,2024-06-15,0
LN002698,5,127089.59,Current,0,ServicerD,SystemB,2024-06-15,0
LN002405,1,139190.43,Current,0,ServicerD,SystemB,2024-06-15,0
LN001093,1,300341.64,Current,0,ServicerD,SystemB,2024-06-15,0
LN000954,5,157659.99,Current,0,ServicerB,SystemB,2024-06-15,0
LN000810,4,88711.72,Current,0,ServicerB,SystemB,2024-06-15,1
LN002684,8,501030.8383248355,Current,0,ServicerD,SystemB,2024-06-15,0
LN002329,10,234565.05,Current,0,ServicerD,SystemB,2024-06-15,0
LN000819,25,184461.58,Current,0,ServicerD,SystemB,2024-06-15,0
LN001366,2,203163.46,Current,0,ServicerA,SystemB,2024-06-15,0
LN000967,18,163770.18,Current,0,ServicerC,SystemB,2024-06-15,0
LN001711,8,86412.44,Current,90,ServicerA,SystemB,2024-06-15,1
LN001275,1,203763.91,Current,0,ServicerA,SystemB,2024-06-15,0
LN001194,9,388460.1444717269,Current,30,ServicerE,SystemB,2024-06-15,1
LN001121,23,100123.95,90DPD,0,ServicerA,SystemB,2024-06-15,1
LN001061,5,206085.38,Current,0,ServicerD,SystemB,2024-06-15,0
LN001203,5,206587.11,Current,30,ServicerB,SystemB,2024-06-15,1
LN002056,18,395422.93,Current,0,ServicerE,SystemB,2024-06-15,0
LN002025,17,221964.51,Prepaid,0,ServicerE,SystemB,2024-06-15,0
LN001350,18,179410.91,Current,0,ServicerE,SystemB,2024-06-15,0
LN001250,4,447570.18,Prepaid,0,ServicerD,SystemB,2024-06-15,0
LN001613,2,310931.56,Current,0,ServicerD,SystemB,2024-06-15,0
LN001232,13,197922.73,Current,0,ServicerD,SystemB,2024-06-15,1
LN000735,10,271388.4,Current,90,ServicerB,SystemB,2024-06-15,1
LN002477,12,279124.47,Current,0,ServicerA,SystemB,2024-06-15,0
LN002450,4,337112.31,Current,0,ServicerA,SystemB,2024-06-15,0
LN001343,15,317725.59,Current,0,ServicerC,SystemB,2024-06-15,0
LN002699,14,396309.66,Current,0,ServicerA,SystemB,2024-06-15,0
LN001041,24,109487.0,Current,0,ServicerB,SystemB,2024-06-15,0
LN000578,10,95023.9,Current,0,ServicerB,SystemB,2024-06-15,0
LN000266,4,156221.8,Current,0,ServicerC,SystemB,2024-06-15,0
LN002592,5,247617.4,Prepaid,0,ServicerB,SystemB,2024-06-15,0
LN001029,11,319140.94,Current,0,ServicerC,SystemB,2024-06-15,0
LN000621,3,196873.88,Current,0,ServicerB,SystemB,2024-06-15,0
LN000393,1,242299.45,Current,0,ServicerD,SystemB,2024-06-15,0
LN002174,16,905236.5552783272,Prepaid,0,ServicerB,SystemB,2024-06-15,0
LN002552,1,155156.83859387925,Current,0,ServicerA,SystemB,2024-06-15,1
LN000674,8,71618.55,Current,0,ServicerB,SystemB,2024-06-15,0
LN000926,7,86455.79,Current,0,ServicerA,SystemB,2024-06-15,1
LN000255,2,198751.64,Current,0,ServicerE,SystemB,2024-06-15,0
LN000502,6,158907.34,Current,0,ServicerE,SystemB,2024-06-15,0
LN002901,18,-142239.65,Current,0,ServicerB,SystemB,2024-06-15,0
LN002812,15,732468.77,Current,0,ServicerC,SystemB,2024-06-15,0
LN002674,11,143353.24,Current,0,ServicerA,SystemB,2024-06-15,0
LN002143,25,71553.20405283327,Current,0,ServicerD,SystemB,2024-06-15,1
LN000820,13,333067.99,Current,0,ServicerB,SystemB,2024-06-15,0
LN002934,9,220466.76,Current,0,ServicerC,SystemB,2024-06-15,0
LN000379,16,114885.34,Current,0,ServicerD,SystemB,2024-06-15,0
LN002830,35,322177.06,Current,0,ServicerE,SystemB,2024-06-15,0
LN002030,28,329421.77,Current,0,ServicerD,SystemB,2024-06-15,0
LN000530,13,180143.36,Current,0,ServicerA,SystemB,2024-06-15,0
LN001487,7,109787.69,Current,90,ServicerB,SystemB,2024-06-15,1
LN002347,8,281849.34,Current,0,ServicerB,SystemB,2024-06-15,0
LN002104,10,178784.41,Current,0,ServicerD,SystemB,2024-06-15,0
LN002881,3,421406.13,Current,0,ServicerE,SystemB,2024-06-15,0
LN001775,14,484115.91,Current,0,ServicerD,SystemB,2024-06-15,0
LN000195,6,194209.33,30DPD,0,ServicerA,SystemB,2024-06-15,1
LN000053,12,,Current,0,ServicerC,SystemB,2024-06-15,0
LN001801,2,89341.30435167787,Current,0,ServicerD,SystemB,2024-06-15,1
LN001111,5,133014.8,Prepaid,0,ServicerC,SystemB,2024-06-15,0
LN000662,12,208429.84,30DPD,30,ServicerA,SystemB,2024-06-15,0
LN001560,2,304453.3,Current,0,ServicerB,SystemB,2024-06-15,0
LN000191,3,290961.25,Current,0,ServicerA,SystemB,2024-06-15,0
LN001818,9,202466.02,Current,0,ServicerA,SystemB,2024-06-15,0
LN000365,9,228643.12,Current,0,ServicerB,SystemB,2024-06-15,0
LN001557,13,334798.23,60DPD,60,ServicerA,SystemB,2024-06-15,0
LN002021,2,284158.41,Current,0,ServicerD,SystemB,2024-06-15,0
LN002827,15,220809.66,Current,0,ServicerA,SystemB,2024-06-15,0
LN000169,24,144797.65,Current,0,ServicerD,SystemB,2024-06-15,0
LN001607,4,271615.23,Current,0,ServicerE,SystemB,2024-06-15,0
LN000464,3,283019.1,Current,0,ServicerD,SystemB,2024-06-15,0
LN001786,1,267964.42,Current,0,ServicerA,SystemB,2024-06-15,0
LN001455,3,133895.73,Current,0,ServicerE,SystemB,2024-06-15,0
LN000949,7,176965.22,60DPD,60,ServicerA,SystemB,2024-06-15,0
LN000131,1,263004.43,Current,0,ServicerE,SystemB,2024-06-15,0
LN001751,4,334221.69,Current,0,ServicerC,SystemB,2024-06-15,0
LN001411,1,249075.91,Current,0,ServicerD,SystemB,2024-06-15,0
LN002059,2,116364.63,Current,0,ServicerE,SystemB,2024-06-15,0
LN002511,3,155893.25,Prepaid,0,ServicerE,SystemB,2024-06-15,0
LN002891,9,199483.14,Current,0,ServicerE,SystemB,2024-06-15,0
LN002798,16,197820.41,Current,0,ServicerA,SystemB,2024-06-15,0
LN000142,3,104037.39,Current,0,ServicerB,SystemB,2024-06-15,0
LN001218,11,139211.38,Current,0,ServicerA,SystemB,2024-06-15,0
LN000535,18,142892.15,30DPD,30,ServicerC,SystemB,2024-06-15,0
LN002723,18,558492.19,60DPD,0,ServicerD,SystemB,2024-06-15,1
LN001147,17,118913.8914700408,Current,0,ServicerA,SystemB,2024-06-15,1
LN002988,5,183820.01,Current,0,ServicerA,SystemB,2024-06-15,0
LN000754,23,231514.91554584337,Current,0,ServicerA,SystemB,2024-06-15,0
LN000671,3,,Current,0,ServicerB,SystemB,2024-06-15,0
LN002197,11,499801.64,Current,0,ServicerE,SystemB,2024-06-15,0
LN002452,11,75850.53,Current,0,ServicerA,SystemB,2024-06-15,0
LN002459,19,245949.15,60DPD,60,ServicerC,SystemB,2024-06-15,0
LN001730,2,143008.16,Prepaid,0,ServicerC,SystemB,2024-06-15,0
LN001862,5,49662.81,Current,0,ServicerA,SystemB,2024-06-15,0
LN001893,2,135002.0,Current,0,ServicerE,SystemB,2024-06-15,0
LN000951,7,239312.31,Current,0,ServicerE,SystemB,2024-06-15,0
LN002992,3,,Current,0,ServicerB,SystemB,2024-06-15,0
LN002050,15,222139.77,Current,0,ServicerB,SystemB,2024-06-15,0
LN002918,9,416933.25,Current,0,ServicerE,SystemB,2024-06-15,1
LN002958,8,240570.56,Current,0,ServicerB,SystemB,2024-06-15,0
LN001523,14,308135.15,Current,0,ServicerB,SystemB,2024-06-15,0
LN000560,6,230720.73,Current,0,ServicerD,SystemB,2024-06-15,0
LN000652,15,118237.33,Current,60,ServicerD,SystemB,2024-06-15,1
LN000163,1,273464.75,Current,0,ServicerE,SystemB,2024-06-15,0
LN000849,12,78845.44,Current,0,ServicerB,SystemB,2024-06-15,0
LN002573,2,161469.08,Current,0,ServicerE,SystemB,2024-06-15,0
LN002998,19,242438.88,Current,0,ServicerE,SystemB,2024-06-15,0
LN001140,15,225604.69,Current,0,ServicerC,SystemB,2024-06-15,0
LN001071,9,185474.17,Current,0,ServicerC,SystemB,2024-06-15,0
LN001345,20,147170.66,Current,0,ServicerC,SystemB,2024-06-15,0
LN001431,4,457665.04,Current,0,ServicerE,SystemB,2024-06-15,0
LN002487,1,95233.65,Current,30,ServicerB,SystemB,2024-06-15,1
LN000913,10,596962.4326345625,Prepaid,0,ServicerB,SystemB,2024-06-15,1
LN001902,6,129979.24,Current,0,ServicerC,SystemB,2024-06-15,0
LN002567,8,302580.55,Current,0,ServicerD,SystemB,2024-06-15,0
LN000710,2,447876.83,Current,0,ServicerA,SystemB,2024-06-15,0
LN002976,7,200431.86,Current,0,ServicerE,SystemB,2024-06-15,0
LN000276,11,319261.15,Current,0,ServicerE,SystemB,2024-06-15,0
LN000131,19,,Current,0,ServicerE,SystemB,2024-06-15,0
LN001256,5,172837.57,Current,0,ServicerA,SystemB,2024-06-15,0
LN001718,19,231754.72801341122,Current,0,ServicerC,SystemB,2024-06-15,1
LN000056,14,-364122.54,Current,90,ServicerB,SystemB,2024-06-15,1
LN001429,3,82465.95,Current,0,ServicerD,SystemB,2024-06-15,0
LN000990,2,130101.4262854352,Current,0,ServicerE,SystemB,2024-06-15,1
LN002097,25,328636.73,90DPD,90,ServicerB,SystemB,2024-06-15,0
LN002982,22,645633.6634711869,90DPD,0,ServicerC,SystemB,2024-06-15,1
LN002240,8,434566.86,Current,0,ServicerD,SystemB,2024-06-15,0
LN002819,1,105999.95,Current,0,ServicerD,SystemB,2024-06-15,0
LN000281,2,296958.19,Current,0,ServicerB,SystemB,2024-06-15,0
LN000016,3,142804.7,30DPD,0,ServicerE,SystemB,2024-06-15,1
LN002090,23,57179.72,60DPD,60,ServicerE,SystemB,2024-06-15,0
LN000002,15,255132.62,60DPD,60,ServicerE,SystemB,2024-06-15,0
LN002374,5,168123.34,Current,0,ServicerE,SystemB,2024-06-15,0
LN001327,5,328211.76,Current,0,ServicerB,SystemB,2024-06-15,0
LN001245,1,293892.04,Current,0,ServicerB,SystemB,2024-06-15,0
LN002725,16,194290.87,Current,0,ServicerE,SystemB,2024-06-15,0
LN001002,10,164015.4,Current,0,ServicerC,SystemB,2024-06-15,0
LN001800,9,118010.75,Current,0,ServicerC,SystemB,2024-06-15,0
LN000447,13,351946.54,Current,0,ServicerB,SystemB,2024-06-15,1
LN002339,8,142511.18,30DPD,30,ServicerB,SystemB,2024-06-15,0
LN000585,20,64259.85,30DPD,30,ServicerD,SystemB,2024-06-15,0
LN001321,19,331819.2059023688,Current,0,ServicerC,SystemB,2024-06-15,0
LN000501,12,93558.29,Current,0,ServicerA,SystemB,2024-06-15,0
LN000246,1,293948.6189287062,Current,0,ServicerC,SystemB,2024-06-15,1
LN001150,12,135441.97,90DPD,90,ServicerA,SystemB,2024-06-15,0
LN002718,4,282637.14,Current,0,ServicerD,SystemB,2024-06-15,0
LN000651,3,444199.87,Current,0,ServicerB,SystemB,2024-06-15,0
LN000560,11,,Current,0,ServicerD,SystemB,2024-06-15,0
LN000437,3,139387.36,Current,0,ServicerE,SystemB,2024-06-15,0
LN000599,2,78699.31,Current,0,ServicerA,SystemB,2024-06-15,0
LN001875,27,116003.46,Current,0,ServicerB,SystemB,2024-06-15,0
LN002367,8,240807.76,Prepaid,0,ServicerE,SystemB,2024-06-15,0
LN002797,15,218433.77,Current,0,ServicerC,SystemB,2024-06-15,0
LN000505,2,158729.5995971273,Current,0,ServicerE,SystemB,2024-06-15,1
LN001486,27,165160.98,Current,0,ServicerA,SystemB,2024-06-15,0
LN001966,1,172750.13,Current,0,ServicerE,SystemB,2024-06-15,0
LN000232,4,322840.55,Current,0,ServicerE,SystemB,2024-06-15,0
LN002967,6,115859.59,Current,0,ServicerB,SystemB,2024-06-15,0
LN000199,8,79644.79,Current,0,ServicerD,SystemB,2024-06-15,0
LN002820,8,168229.16,30DPD,0,ServicerC,SystemB,2024-06-15,1
LN002849,3,362455.53,Current,0,ServicerA,SystemB,2024-06-15,0
LN001408,4,159705.68,Default,120,ServicerA,SystemB,2024-06-15,0
LN001705,11,632220.31,30DPD,0,ServicerA,SystemB,2024-06-15,1
LN001081,9,439422.4523940856,Current,0,ServicerC,SystemB,2024-06-15,1
LN000706,13,93914.35,Current,0,ServicerE,SystemB,2024-06-15,0
LN001785,3,158225.05,Current,0,ServicerE,SystemB,2024-06-15,0
LN001880,2,120160.96,Current,0,ServicerB,SystemB,2024-06-15,0
LN002604,7,196137.14,Current,0,ServicerD,SystemB,2024-06-15,0
LN001032,10,118536.14,Current,0,ServicerB,SystemB,2024-06-15,0
LN002410,4,165168.67,Prepaid,0,ServicerC,SystemB,2024-06-15,0
LN002988,7,183334.02,Current,0,ServicerA,SystemB,2024-06-15,0
LN001664,13,633789.77,Current,0,ServicerD,SystemB,2024-06-15,0
LN000001,12,,Current,0,ServicerC,SystemB,2024-06-15,0
LN002033,5,596944.91,Current,0,ServicerC,SystemB,2024-06-15,0
LN002134,5,382841.66,Current,0,ServicerE,SystemB,2024-06-15,0
LN001782,8,100193.68489314325,Prepaid,0,ServicerB,SystemB,2024-06-15,1
LN000678,3,-107550.67,30DPD,60,ServicerA,SystemB,2024-06-15,1
LN002264,2,89496.19,Current,0,ServicerA,SystemB,2024-06-15,0
LN000060,2,223744.42,30DPD,30,ServicerC,SystemB,2024-06-15,0
LN000422,2,243104.76,Current,0,ServicerD,SystemB,2024-06-15,0
LN002329,8,235131.24,Current,0,ServicerD,SystemB,2024-06-15,0
LN000683,1,157738.91,Current,0,ServicerD,SystemB,2024-06-15,0
LN000942,2,139578.42,Current,0,ServicerB,SystemB,2024-06-15,0
LN001150,15,134928.21,90DPD,90,ServicerA,SystemB,2024-06-15,0
LN000157,1,357206.08,Current,90,ServicerE,SystemB,2024-06-15,1
LN000588,7,341118.95,Current,0,ServicerC,SystemB,2024-06-15,0
LN000529,9,178060.07,Current,0,ServicerD,SystemB,2024-06-15,0
LN001415,8,306061.43,Current,0,ServicerC,SystemB,2024-06-15,0
LN001775,8,487271.95,Current,0,ServicerD,SystemB,2024-06-15,0
LN000099,13,266766.39,Current,0,ServicerD,SystemB,2024-06-15,0
LN002214,10,209341.49,90DPD,0,ServicerC,SystemB,2024-06-15,1
LN001247,11,212424.99,90DPD,60,ServicerD,SystemB,2024-06-15,1
LN002528,14,245657.99,Current,0,ServicerE,SystemB,2024-06-15,0
LN000504,2,255973.27,Current,0,ServicerC,SystemB,2024-06-15,1
LN000270,4,148267.56,Prepaid,0,ServicerB,SystemB,2024-06-15,0
LN000677,2,110526.77,Current,0,ServicerC,SystemB,2024-06-15,0
LN001434,3,315919.81,Current,0,ServicerD,SystemB,2024-06-15,0
LN002975,5,293655.78,Current,0,ServicerB,SystemB,2024-06-15,0
LN000936,6,318207.73,Current,0,ServicerE,SystemB,2024-06-15,0
LN002430,1,111966.24,Current,0,ServicerC,SystemB,2024-06-15,0
LN000747,2,357653.48,Current,0,ServicerD,SystemB,2024-06-15,0
LN002791,1,401647.71,Current,0,ServicerC,SystemB,2024-06-15,0
LN001513,23,492944.63,Current,0,ServicerD,SystemB,2024-06-15,0
LN001079,2,169968.09,Current,0,ServicerB,SystemB,2024-06-15,0
LN002313,5,127528.83,Current,0,ServicerA,SystemB,2024-06-15,0
LN001076,11,-162605.59,Current,0,ServicerE,SystemB,2024-06-15,0
LN002587,12,287450.23,Current,0,ServicerB,SystemB,2024-06-15,0
LN002904,9,82329.02,Current,0,ServicerD,SystemB,2024-06-15,0
LN000041,22,92356.46,Current,0,ServicerA,SystemB,2024-06-15,0
LN002841,29,281285.64,Current,0,ServicerB,SystemB,2024-06-15,0
LN001345,8,149532.47,Current,0,ServicerC,SystemB,2024-06-15,0
LN000255,10,196486.19,Current,0,ServicerE,SystemB,2024-06-15,0
LN001486,13,168159.07,Current,90,ServicerA,SystemB,2024-06-15,1
LN002487,4,94934.96,Default,120,ServicerB,SystemB,2024-06-15,0
LN000306,6,133874.82,Current,0,ServicerC,SystemB,2024-06-15,0
LN001212,8,570593.34,Current,0,ServicerD,SystemB,2024-06-15,0
LN002793,7,216376.29,Current,0,ServicerE,SystemB,2024-06-15,0
LN000479,4,278335.31,30DPD,30,ServicerC,SystemB,2024-06-15,0
LN002893,18,122021.72472129953,Current,0,ServicerD,SystemB,2024-06-15,1
LN002398,6,93149.71,Current,0,ServicerA,SystemB,2024-06-15,0
LN000608,7,149781.35914121292,60DPD,60,ServicerE,SystemB,2024-06-15,1
LN001634,27,358033.64,Current,0,ServicerA,SystemB,2024-06-15,0
LN002552,5,184331.71,Current,0,ServicerA,SystemB,2024-06-15,1
LN000341,4,169929.51,Current,0,ServicerB,SystemB,2024-06-15,0
LN002619,1,342248.63,Current,0,ServicerB,SystemB,2024-06-15,0
LN002379,4,151302.84,Current,0,ServicerD,SystemB,2024-06-15,0
LN002232,13,99566.21,Current,0,ServicerD,SystemB,2024-06-15,0
LN002751,16,130851.31,Current,0,ServicerB,SystemB,2024-06-15,0
LN001552,21,184148.48,Current,0,ServicerC,SystemB,2024-06-15,0
LN000815,6,111293.68,Current,60,ServicerD,SystemB,2024-06-15,1
LN001147,23,107408.23,Current,0,ServicerA,SystemB,2024-06-15,0
LN002639,10,107110.19,60DPD,0,ServicerE,SystemB,2024-06-15,1
LN000947,24,322937.02,Current,0,ServicerB,SystemB,2024-06-15,0
LN002990,2,127080.16,Current,0,ServicerD,SystemB,2024-06-15,0
LN000266,5,155985.5,Current,0,ServicerC,SystemB,2024-06-15,0
LN000469,5,142607.9,Current,0,ServicerD,SystemB,2024-06-15,0
LN002684,2,257623.57,Current,0,ServicerD,SystemB,2024-06-15,0
LN002185,8,689149.66,Current,0,ServicerD,SystemB,2024-06-15,0
LN001418,4,275768.94,Current,30,ServicerC,SystemB,2024-06-15,1
LN002413,4,331584.24,Current,0,ServicerA,SystemB,2024-06-15,0
LN000339,9,324116.92,Current,0,ServicerA,SystemB,2024-06-15,0
LN001570,15,111236.72,Current,0,ServicerC,SystemB,2024-06-15,0
LN002647,7,318948.11,Prepaid,0,ServicerC,SystemB,2024-06-15,0
LN001153,7,178107.37,Current,0,ServicerD,SystemB,2024-06-15,0
LN002631,3,83820.91,Current,0,ServicerB,SystemB,2024-06-15,0
LN000615,18,398247.9,Prepaid,0,ServicerA,SystemB,2024-06-15,0
LN001517,3,184274.14,Current,0,ServicerE,SystemB,2024-06-15,0
LN000179,6,274767.3,Default,120,ServicerA,SystemB,2024-06-15,0
LN002514,5,167287.39,30DPD,0,ServicerC,SystemB,2024-06-15,1
LN001215,4,,Current,0,ServicerE,SystemB,2024-06-15,0
LN001421,4,250691.66,Current,0,ServicerA,SystemB,2024-06-15,0
LN002773,27,203160.63,90DPD,90,ServicerD,SystemB,2024-06-15,0
LN001402,7,184376.51,30DPD,30,ServicerC,SystemB,2024-06-15,0
LN002844,2,194029.7,Current,0,ServicerE,SystemB,2024-06-15,0
LN001550,2,269006.56,Current,0,ServicerC,SystemB,2024-06-15,0
LN001263,18,225862.66,60DPD,60,ServicerE,SystemB,2024-06-15,0
LN002916,2,289952.79,Current,0,ServicerA,SystemB,2024-06-15,0
LN000038,4,322420.869845792,Current,0,ServicerB,SystemB,2024-06-15,0
LN001228,19,109413.43,Current,0,ServicerA,SystemB,2024-06-15,0
LN001113,1,462805.69,Current,0,ServicerB,SystemB,2024-06-15,0
LN000660,2,240292.22,Current,0,ServicerB,SystemB,2024-06-15,0
LN001388,5,225493.48,Current,0,ServicerB,SystemB,2024-06-15,0
LN002766,10,335640.88,Current,0,ServicerB,SystemB,2024-06-15,0
LN000760,4,556096.17,Current,0,ServicerB,SystemB,2024-06-15,0
LN001510,21,183265.34,Current,0,ServicerB,SystemB,2024-06-15,0
LN002480,1,209349.49,Current,0,ServicerC,SystemB,2024-06-15,0
LN002981,14,106784.8,30DPD,0,ServicerA,SystemB,2024-06-15,1
LN000758,21,234327.18,Current,0,ServicerB,SystemB,2024-06-15,0
LN002567,20,297959.87,30DPD,30,ServicerD,SystemB,2024-06-15,0
LN001930,8,164393.1,Current,0,ServicerA,SystemB,2024-06-15,0
LN002988,28,178231.08,Current,0,ServicerA,SystemB,2024-06-15,0
LN000743,7,149476.23,Current,0,ServicerA,SystemB,2024-06-15,0
LN002785,6,266042.17,Prepaid,0,ServicerC,SystemB,2024-06-15,0
LN001603,15,183346.73,Current,0,ServicerC,SystemB,2024-06-15,0
LN000675,8,495301.94,90DPD,90,ServicerB,SystemB,2024-06-15,0
LN001817,4,134073.25,Current,0,ServicerE,SystemB,2024-06-15,0
LN000769,10,164350.27,Current,0,ServicerD,SystemB,2024-06-15,0
LN001453,5,333785.18,Current,0,ServicerD,SystemB,2024-06-15,0
LN002279,1,248978.57,Current,0,ServicerE,SystemB,2024-06-15,0
LN002827,18,219907.59,Current,0,ServicerA,SystemB,2024-06-15,0
LN002309,8,,90DPD,0,ServicerA,SystemB,2024-06-15,1
LN002074,3,90292.22,Current,30,ServicerE,SystemB,2024-06-15,1
LN002133,21,184464.12,Current,0,ServicerD,SystemB,2024-06-15,1
LN000435,11,219863.7,30DPD,30,ServicerE,SystemB,2024-06-15,0
LN000425,2,102295.61,Current,0,ServicerE,SystemB,2024-06-15,0
LN001160,11,177731.97,Current,0,ServicerC,SystemB,2024-06-15,0
LN001258,5,230126.05,Current,0,ServicerB,SystemB,2024-06-15,0
LN000834,16,255240.26,Prepaid,0,ServicerA,SystemB,2024-06-15,0
LN002235,2,194306.49,Prepaid,0,ServicerA,SystemB,2024-06-15,0
LN000316,6,207999.32,Current,0,ServicerD,SystemB,2024-06-15,0
LN001503,22,215649.85,Current,0,ServicerA,SystemB,2024-06-15,0
LN001258,9,228930.89,Current,0,ServicerB,SystemB,2024-06-15,0
LN000162,8,84404.81719047028,Current,0,ServicerE,SystemB,2024-06-15,1
LN002575,1,331459.2,Current,0,ServicerD,SystemB,2024-06-15,0
LN001487,3,110298.15,Current,0,ServicerB,SystemB,2024-06-15,0
LN002349,6,157231.54,Current,0,ServicerB,SystemB,2024-06-15,0
LN001456,4,139777.75,Current,0,ServicerD,SystemB,2024-06-15,0
LN000786,3,,Prepaid,0,ServicerA,SystemB,2024-06-15,0
LN001690,7,164459.19,30DPD,30,ServicerE,SystemB,2024-06-15,0
LN000944,22,623321.57,Current,0,ServicerD,SystemB,2024-06-15,0
LN001391,5,281415.59,Current,0,ServicerC,SystemB,2024-06-15,0
LN001963,21,174035.4,Current,0,ServicerA,SystemB,2024-06-15,0
LN000057,6,129965.49,Current,0,ServicerD,SystemB,2024-06-15,0
LN001457,8,119903.83,Current,0,ServicerB,SystemB,2024-06-15,0
LN002380,1,237826.65,Current,0,ServicerE,SystemB,2024-06-15,0
LN000245,4,150626.96,Current,0,ServicerC,SystemB,2024-06-15,0
LN000266,8,155276.6,Current,30,ServicerC,SystemB,2024-06-15,1
LN000059,3,289743.8,Current,0,ServicerA,SystemB,2024-06-15,0
LN001109,8,232990.14,30DPD,0,ServicerD,SystemB,2024-06-15,1
LN000946,3,173815.27,30DPD,30,ServicerD,SystemB,2024-06-15,0
LN001058,7,280502.79,Current,0,ServicerA,SystemB,2024-06-15,0
LN000464,2,283419.07,Current,0,ServicerD,SystemB,2024-06-15,0
LN002241,2,336362.31,Current,0,ServicerA,SystemB,2024-06-15,0
LN000115,2,169338.24,Current,0,ServicerD,SystemB,2024-06-15,0
LN000274,4,90503.62570292385,Current,0,ServicerC,SystemB,2024-06-15,1
LN002567,10,301810.44,Current,0,ServicerD,SystemB,2024-06-15,0
LN000069,2,177351.73,30DPD,30,ServicerC,SystemB,2024-06-15,0
LN000912,2,101991.95,Current,0,ServicerE,SystemB,2024-06-15,0
LN001837,14,224589.1,Current,0,ServicerD,SystemB,2024-06-15,0
LN001123,21,214065.18,60DPD,60,ServicerA,SystemB,2024-06-15,0
LN000760,6,555261.21,Prepaid,0,ServicerB,SystemB,2024-06-15,0
LN000400,5,288762.5143368587,Current,0,ServicerE,SystemB,2024-06-15,1
LN000558,7,127065.51,Current,0,ServicerD,SystemB,2024-06-15,0
LN002329,18,232300.29,60DPD,60,ServicerD,SystemB,2024-06-15,0
LN002495,7,186696.88,Current,0,ServicerC,SystemB,2024-06-15,0
LN002125,9,307526.46,Current,0,ServicerC,SystemB,2024-06-15,0
LN002449,10,228311.03,Prepaid,0,ServicerD,SystemB,2024-06-15,0
LN001207,3,149183.77,Current,0,ServicerB,SystemB,2024-06-15,0
LN002293,6,170397.97,Current,0,ServicerB,SystemB,2024-06-15,0
LN000496,3,268301.72,Current,90,ServicerD,SystemB,2024-06-15,1
LN002922,8,195731.93,Current,0,ServicerB,SystemB,2024-06-15,0
LN002190,1,257337.86,Current,0,ServicerE,SystemB,2024-06-15,0
LN000553,1,351860.57,Current,0,ServicerA,SystemB,2024-06-15,0
LN000285,3,372361.62,Current,0,ServicerD,SystemB,2024-06-15,0
LN000901,11,139005.42,Current,0,ServicerA,SystemB,2024-06-15,1
LN000151,10,160929.08,30DPD,90,ServicerA,SystemB,2024-06-15,1
LN000973,6,255655.75,Current,0,ServicerC,SystemB,2024-06-15,0
LN001580,4,84270.29,Current,60,ServicerB,SystemB,2024-06-15,0
LN002990,4,126763.33,Current,0,ServicerD,SystemB,2024-06-15,0
LN000455,2,231455.77822209266,Prepaid,0,ServicerC,SystemB,2024-06-15,1
LN000947,21,324199.39,Current,30,ServicerB,SystemB,2024-06-15,1
LN001510,23,182830.9,Current,90,ServicerB,SystemB,2024-06-15,1
LN000654,21,270730.85,Current,0,ServicerD,SystemB,2024-06-15,0
LN000410,1,242137.09,Current,0,ServicerE,SystemB,2024-06-15,0
LN001506,16,300914.62,Current,0,ServicerE,SystemB,2024-06-15,0
LN001038,2,210087.74,Current,0,ServicerD,SystemB,2024-06-15,0
LN001157,6,,Current,0,ServicerD,SystemB,2024-06-15,0
LN001778,4,305232.57,Current,0,ServicerA,SystemB,2024-06-15,0
LN002726,7,168802.37,Current,0,ServicerB,SystemB,2024-06-15,0
LN000735,14,270369.35,Current,0,ServicerB,SystemB,2024-06-15,0
LN000254,1,220661.86,Current,0,ServicerB,SystemB,2024-06-15,0
LN000276,14,318013.74,Current,60,ServicerE,SystemB,2024-06-15,1
LN001578,2,108146.61,Current,0,ServicerE,SystemB,2024-06-15,0
LN000474,8,255168.64,Current,0,ServicerD,SystemB,2024-06-15,0
LN002647,1,321416.35,Current,0,ServicerC,SystemB,2024-06-15,0
LN001810,3,258727.06,Current,0,ServicerE,SystemB,2024-06-15,0
LN001018,6,179727.2,Current,0,ServicerE,SystemB,2024-06-15,0
LN000531,16,153244.77,Current,0,ServicerC,SystemB,2024-06-15,0
LN002956,7,91094.5,90DPD,120,ServicerE,SystemB,2024-06-15,1
LN001645,1,218409.0913241938,Current,0,ServicerC,SystemB,2024-06-15,1
LN002836,26,109902.13,30DPD,30,ServicerD,SystemB,2024-06-15,0
LN001960,7,160777.82,Current,0,ServicerA,SystemB,2024-06-15,0
LN000717,2,355631.4309869656,Current,0,ServicerD,SystemB,2024-06-15,1
LN001733,18,197812.65,Default,30,ServicerD,SystemB,2024-06-15,1
LN000713,6,178472.35,Current,0,ServicerB,SystemB,2024-06-15,0
LN002232,1,100987.55,Current,0,ServicerD,SystemB,2024-06-15,0
LN002817,6,237378.91,Current,0,ServicerE,SystemB,2024-06-15,0
LN002797,13,190416.75363353215,Current,0,ServicerC,SystemB,2024-06-15,1
LN000590,29,535012.67,Prepaid,0,ServicerE,SystemB,2024-06-15,0
LN001104,7,128226.83,Current,0,ServicerE,SystemB,2024-06-15,0
LN002177,15,192095.06,Current,0,ServicerC,SystemB,2024-06-15,0
LN000180,3,274645.67,Current,0,ServicerD,SystemB,2024-06-15,0
LN001807,13,388650.1,Default,120,ServicerE,SystemB,2024-06-15,0
LN002874,21,200262.89,Current,0,ServicerA,SystemB,2024-06-15,0
LN001283,14,300184.6,Current,30,ServicerE,SystemB,2024-06-15,1
LN002401,7,561547.9,Current,60,ServicerD,SystemB,2024-06-15,1
LN001487,26,107363.0,Current,0,ServicerB,SystemB,2024-06-15,0
LN000762,1,369986.59,90DPD,0,ServicerC,SystemB,2024-06-15,1
LN000849,17,78421.87,Current,0,ServicerB,SystemB,2024-06-15,0
LN001607,9,270041.77,Current,0,ServicerE,SystemB,2024-06-15,0
LN000000,1,103541.81,Current,0,ServicerE,SystemB,2024-06-15,0
LN001088,13,115392.93,30DPD,30,ServicerE,SystemB,2024-06-15,0
LN002927,21,187116.02,Current,0,ServicerB,SystemB,2024-06-15,0
LN002157,5,312733.4593855274,30DPD,30,ServicerE,SystemB,2024-06-15,1
LN000607,24,217473.97,Current,0,ServicerD,SystemB,2024-06-15,0
LN002335,9,132538.45,Current,0,ServicerC,SystemB,2024-06-15,0
LN000910,10,306893.49,30DPD,30,ServicerC,SystemB,2024-06-15,0
LN000367,7,440769.96413459774,Current,0,ServicerA,SystemB,2024-06-15,1
LN000673,1,98482.17,Current,0,ServicerB,SystemB,2024-06-15,0
LN001833,3,207930.87,Current,0,ServicerD,SystemB,2024-06-15,0
LN000317,3,339872.21,Current,0,ServicerD,SystemB,2024-06-15,0
LN000804,21,177124.81,Current,0,ServicerB,SystemB,2024-06-15,0
LN000068,5,124882.25,30DPD,90,ServicerE,SystemB,2024-06-15,1
LN002218,3,554820.69,30DPD,30,ServicerD,SystemB,2024-06-15,0
LN002543,32,693185.73,60DPD,60,ServicerB,SystemB,2024-06-15,0
LN001029,2,322603.53,Current,0,ServicerC,SystemB,2024-06-15,0
LN001189,20,293563.72,30DPD,30,ServicerC,SystemB,2024-06-15,0
LN002293,13,169037.59,Current,0,ServicerB,SystemB,2024-06-15,0
LN002664,19,84244.08,Current,0,ServicerB,SystemB,2024-06-15,0
LN002596,11,190980.85,Default,120,ServicerB,SystemB,2024-06-15,0
LN001157,15,250049.18402392042,Current,0,ServicerD,SystemB,2024-06-15,1
LN000692,10,149965.17,Current,0,ServicerC,SystemB,2024-06-15,0
LN000633,5,111387.11,Current,0,ServicerB,SystemB,2024-06-15,1
LN001660,10,302687.84,60DPD,60,ServicerC,SystemB,2024-06-15,0
LN002402,33,171103.7,Current,120,ServicerB,SystemB,2024-06-15,1
LN000196,30,51904.52,Current,0,ServicerB,SystemB,2024-06-15,0
LN002315,3,264093.1840027526,Current,0,ServicerB,SystemB,2024-06-15,1
LN001116,8,130407.94,Current,90,ServicerD,SystemB,2024-06-15,0
LN002384,9,122058.34,Current,0,ServicerE,SystemB,2024-06-15,0
LN002144,8,300490.41,Prepaid,0,ServicerE,SystemB,2024-06-15,0
LN000839,8,171711.45,Current,0,ServicerE,SystemB,2024-06-15,0
LN001214,14,460585.68,30DPD,30,ServicerE,SystemB,2024-06-15,0
LN002022,12,132913.33,Default,90,ServicerC,SystemB,2024-06-15,1
LN001528,9,207152.71,Prepaid,0,ServicerA,SystemB,2024-06-15,0
LN001793,12,-127973.8,Current,0,ServicerD,SystemB,2024-06-15,0
LN002989,1,147118.54,Current,60,ServicerC,SystemB,2024-06-15,0
LN001936,9,691904.53,30DPD,0,ServicerE,SystemB,2024-06-15,1
LN001808,8,88445.37,30DPD,30,ServicerC,SystemB,2024-06-15,1
LN002529,5,96309.78,Current,0,ServicerC,SystemB,2024-06-15,0
LN002289,2,579662.76,Current,0,ServicerD,SystemB,2024-06-15,0
LN000864,1,73181.4,Current,0,ServicerD,SystemB,2024-06-15,0
LN002089,2,156113.54,Current,0,ServicerA,SystemB,2024-06-15,0
LN001098,16,89253.34,Current,0,ServicerE,SystemB,2024-06-15,0
LN002625,8,115853.1,Current,0,ServicerC,SystemB,2024-06-15,0
LN002837,20,322062.93,Current,0,ServicerC,SystemB,2024-06-15,1
LN000160,2,176235.84,Current,0,ServicerA,SystemB,2024-06-15,0
LN002026,4,156612.57,Current,60,ServicerE,SystemB,2024-06-15,1
LN001160,6,179138.8,Current,0,ServicerC,SystemB,2024-06-15,0
LN002562,1,156434.81,Current,0,ServicerD,SystemB,2024-06-15,0
LN000418,14,556643.66,Current,0,ServicerD,SystemB,2024-06-15,0
LN000640,25,232774.07,Current,0,ServicerC,SystemB,2024-06-15,0
LN002597,8,96185.53,90DPD,90,ServicerA,SystemB,2024-06-15,0
LN002565,3,130680.36,Current,0,ServicerD,SystemB,2024-06-15,0
LN002715,7,116936.06489057951,Current,0,ServicerD,SystemB,2024-06-15,1
LN001018,17,177060.06,Current,0,ServicerE,SystemB,2024-06-15,0
LN000275,17,353304.95,Current,0,ServicerB,SystemB,2024-06-15,0
LN000805,2,216796.58,Current,0,ServicerE,SystemB,2024-06-15,0
LN002889,17,69771.04,Current,0,ServicerD,SystemB,2024-06-15,0
LN001367,16,551870.76,Current,60,ServicerC,SystemB,2024-06-15,0
LN002531,9,200314.15,60DPD,60,ServicerD,SystemB,2024-06-15,0
LN000564,19,169326.68,Current,0,ServicerB,SystemB,2024-06-15,0
LN000308,7,303720.32,Current,0,ServicerB,SystemB,2024-06-15,0
LN002017,22,154140.64,Current,0,ServicerA,SystemB,2024-06-15,0
LN001581,11,86024.71,Current,0,ServicerB,SystemB,2024-06-15,0
LN000814,3,248231.44086316045,Current,0,ServicerE,SystemB,2024-06-15,1
LN002760,3,869370.764919371,Current,0,ServicerC,SystemB,2024-06-15,1
LN001371,4,350638.12,Current,0,ServicerD,SystemB,2024-06-15,0
LN000198,3,208299.22,Current,0,ServicerC,SystemB,2024-06-15,0
LN002664,22,83863.09,Current,0,ServicerB,SystemB,2024-06-15,0
LN000608,5,148994.51,30DPD,30,ServicerE,SystemB,2024-06-15,0
LN000525,1,115376.09,Current,0,ServicerC,SystemB,2024-06-15,0
LN000483,24,358077.8497559178,Current,0,ServicerE,SystemB,2024-06-15,1
LN000334,9,340931.89,Current,0,ServicerC,SystemB,2024-06-15,0
LN001217,29,232868.92,Current,0,ServicerB,SystemB,2024-06-15,0
LN002518,5,150428.11,Current,0,ServicerB,SystemB,2024-06-15,0
LN000545,12,186305.83,90DPD,90,ServicerD,SystemB,2024-06-15,1
LN000157,10,352390.7,Default,120,ServicerE,SystemB,2024-06-15,0
LN001285,5,264197.28,Prepaid,0,ServicerE,SystemB,2024-06-15,0
LN002038,2,83016.9,Current,0,ServicerC,SystemB,2024-06-15,0
LN000400,9,285526.68,30DPD,30,ServicerE,SystemB,2024-06-15,0
LN002179,11,292754.34,Current,0,ServicerB,SystemB,2024-06-15,0
LN001358,5,230585.51316752864,Current,0,ServicerB,SystemB,2024-06-15,1
LN002366,17,237565.25,Current,90,ServicerC,SystemB,2024-06-15,1
LN002275,15,216130.56,Current,0,ServicerA,SystemB,2024-06-15,0
LN000016,22,139750.1,Current,90,ServicerE,SystemB,2024-06-15,1
LN002918,13,455698.1636191341,Current,0,ServicerE,SystemB,2024-06-15,1
LN002830,22,387867.4867953238,Current,0,ServicerE,SystemB,2024-06-15,1
LN001848,5,229639.48,Current,0,ServicerA,SystemB,2024-06-15,0
LN000799,8,222660.7,Current,0,ServicerD,SystemB,2024-06-15,0
LN002620,11,96827.95963582124,Current,0,ServicerE,SystemB,2024-06-15,1
LN001687,3,170832.78,Current,0,ServicerE,SystemB,2024-06-15,0
LN000708,1,241131.76,Current,0,ServicerB,SystemB,2024-06-15,0
LN001236,8,93407.62,Current,0,ServicerC,SystemB,2024-06-15,0
LN002763,2,338592.72,Current,0,ServicerE,SystemB,2024-06-15,0
LN000613,2,263367.48,Current,0,ServicerA,SystemB,2024-06-15,0
LN000137,14,366587.49,Current,0,ServicerB,SystemB,2024-06-15,0
LN002463,7,205651.71,Current,0,ServicerE,SystemB,2024-06-15,0
LN000244,5,481703.01,Current,0,ServicerB,SystemB,2024-06-15,0
LN001032,14,117926.59,Current,0,ServicerB,SystemB,2024-06-15,0
LN002285,2,419314.84,Current,0,ServicerB,SystemB,2024-06-15,0
LN002623,16,134589.78,30DPD,30,ServicerE,SystemB,2024-06-15,0
LN001286,3,151861.59,Current,0,ServicerB,SystemB,2024-06-15,0
LN001067,2,450572.73,Current,0,ServicerC,SystemB,2024-06-15,0
LN002623,20,133676.97,Current,0,ServicerE,SystemB,2024-06-15,0
LN000562,6,613142.31,Current,90,ServicerD,SystemB,2024-06-15,0
LN000625,3,178846.17,Current,0,ServicerA,SystemB,2024-06-15,0
LN002748,7,150637.6,Current,0,ServicerE,SystemB,2024-06-15,0
LN001818,2,204097.01,Current,0,ServicerA,SystemB,2024-06-15,0
LN002923,1,474148.44,Current,0,ServicerD,SystemB,2024-06-15,0
LN000981,3,183707.7,Current,0,ServicerC,SystemB,2024-06-15,0
LN001407,19,121780.21,Prepaid,0,ServicerD,SystemB,2024-06-15,0
LN002894,1,247893.2352706436,Current,0,ServicerD,SystemB,2024-06-15,1
LN001556,2,229248.55,Current,0,ServicerD,SystemB,2024-06-15,0
LN002712,3,209636.58,Current,0,ServicerC,SystemB,2024-06-15,0
LN002773,20,204732.1,30DPD,30,ServicerD,SystemB,2024-06-15,0
LN001372,9,177233.39,30DPD,30,ServicerC,SystemB,2024-06-15,0
LN000619,2,158134.75,Current,0,ServicerC,SystemB,2024-06-15,0
LN000266,7,162429.3033417097,Current,0,ServicerC,SystemB,2024-06-15,1
LN001388,16,222724.43,Prepaid,0,ServicerB,SystemB,2024-06-15,0
LN000119,11,258803.58,Default,120,ServicerE,SystemB,2024-06-15,0
LN001017,12,184878.19,Prepaid,0,ServicerA,SystemB,2024-06-15,0
LN000491,1,165902.00448692587,Current,0,ServicerD,SystemB,2024-06-15,1
LN000840,13,162839.32,Current,0,ServicerD,SystemB,2024-06-15,0
LN000324,15,93565.9,Current,0,ServicerB,SystemB,2024-06-15,0
LN001488,12,97832.85,Current,0,ServicerE,SystemB,2024-06-15,0
LN002057,3,590539.27,Current,0,ServicerD,SystemB,2024-06-15,0
LN002827,34,215096.56,Current,0,ServicerA,SystemB,2024-06-15,1
LN001434,17,310323.62,Current,0,ServicerD,SystemB,2024-06-15,0
LN001600,1,175823.97,Current,0,ServicerA,SystemB,2024-06-15,0
LN000251,18,572736.36,30DPD,30,ServicerC,SystemB,2024-06-15,0
LN000652,20,117289.11,60DPD,60,ServicerD,SystemB,2024-06-15,0
LN001837,9,225966.92,Current,0,ServicerD,SystemB,2024-06-15,0
LN002322,9,418771.11,Current,0,ServicerD,SystemB,2024-06-15,0
LN001747,14,211785.66,Current,0,ServicerC,SystemB,2024-06-15,0
LN000562,8,611093.08,Current,0,ServicerD,SystemB,2024-06-15,0
LN001145,10,193302.08,Current,0,ServicerB,SystemB,2024-06-15,0
LN001486,20,166660.02,Current,0,ServicerA,SystemB,2024-06-15,0
LN000397,8,121621.47928684457,Current,0,ServicerC,SystemB,2024-06-15,1
LN000662,15,207396.3,Current,0,ServicerA,SystemB,2024-06-15,0
LN000210,2,129524.79,Current,0,ServicerC,SystemB,2024-06-15,0
LN000103,3,409533.98,30DPD,30,ServicerE,SystemB,2024-06-15,0
LN001050,22,190900.02,Current,0,ServicerD,SystemB,2024-06-15,0
LN002421,7,223229.23,30DPD,0,ServicerB,SystemB,2024-06-15,1
LN002731,1,420272.06,60DPD,0,ServicerB,SystemB,2024-06-15,1
LN002761,7,220904.18,Current,0,ServicerB,SystemB,2024-06-15,0
LN001709,3,342328.48,Default,120,ServicerB,SystemB,2024-06-15,0
LN001523,6,311799.64,Current,30,ServicerB,SystemB,2024-06-15,1
LN000111,7,198437.91,Current,0,ServicerA,SystemB,2024-06-15,0
LN002309,2,223820.01,Current,0,ServicerA,SystemB,2024-06-15,0
LN001422,2,479494.07,Prepaid,0,ServicerE,SystemB,2024-06-15,0
LN001854,10,182313.13,Current,0,ServicerB,SystemB,2024-06-15,0
LN002606,19,201766.23,30DPD,30,ServicerA,SystemB,2024-06-15,0
LN001762,2,114555.88,Current,0,ServicerE,SystemB,2024-06-15,0
LN002054,11,311811.88,Current,0,ServicerC,SystemB,2024-06-15,0
LN002189,4,156145.03,Current,0,ServicerA,SystemB,2024-06-15,0
LN001608,1,160761.93,Current,0,ServicerD,SystemB,2024-06-15,1
LN000010,8,299450.21,Current,0,ServicerC,SystemB,2024-06-15,0
LN000898,6,137460.2,30DPD,30,ServicerE,SystemB,2024-06-15,0
LN002308,8,140048.13,Default,120,ServicerA,SystemB,2024-06-15,0
LN001265,2,303702.25,Current,0,ServicerA,SystemB,2024-06-15,0
LN001033,1,,Current,0,ServicerB,SystemB,2024-06-15,0
LN001072,4,226368.03,Current,0,ServicerE,SystemB,2024-06-15,0
LN002329,24,230601.73,90DPD,90,ServicerD,SystemB,2024-06-15,0
LN002901,5,144889.02,Current,0,ServicerB,SystemB,2024-06-15,0
LN000001,1,129208.94,Current,0,ServicerC,SystemB,2024-06-15,0
LN002432,4,186301.08,Prepaid,0,ServicerE,SystemB,2024-06-15,0
LN000508,4,550214.77,Current,0,ServicerE,SystemB,2024-06-15,0
LN000833,2,267477.01,Current,0,ServicerD,SystemB,2024-06-15,0
LN000247,10,251407.42,Current,0,ServicerB,SystemB,2024-06-15,0
LN002515,4,156050.65,30DPD,0,ServicerA,SystemB,2024-06-15,1
LN002431,15,162505.12,30DPD,0,ServicerC,SystemB,2024-06-15,1
LN002531,4,201530.18,Current,0,ServicerD,SystemB,2024-06-15,0
LN002053,5,77693.38,Current,0,ServicerA,SystemB,2024-06-15,0
LN002505,6,75176.73,Current,0,ServicerA,SystemB,2024-06-15,1
